906	"يعني الراجل ينفع يستفيد من إجازة رعاية مولود جديد كام مرة في تاريخ وظيفته؟ (استخدام مصطلح ""إجازة رعاية مولود جديد"" واستبدال ""حياته المهنية"" بـ ""تاريخ وظيفته"")؟"
3696	يعني إيه هي بنود القانون اللي بتحدد مسئولية صاحب العمل عن سلامة العمال وتأمينهم ضد المخاطر في الشغل؟
5410	"ممكن أعرف هل توجد مادة قانونية بتجرم أي نوع من أنواع التنمر أو التحرش اللي بيحصل في محيط الوظيفة؟ (هذه الصياغة تستخدم مصطلحات قانونية أكثر مثل ""مادة قانونية"" و ""محيط العمل"").؟"
4168	ممكن أعرف لو واحد بيشتغل واتعرض لإصابة جسيمة، مين اللي بيتحمل مسؤولية علاجه وتعويضه عن اللي حصله؟
3319	"طيب، يعني لما يقولوا محكمة عمل، معناها بتنظر في قضايا إيه بالظبط؟ ولو حصل معايا مشكلة في شغلي واترفدت، أقدر أشتكي هناك على طول ولا واجب واسطة من الحكومة الأول؟ (تستخدم كلمة ""تشتكي"" بدلاً من ""أروح المحكمة"" وتضيف فكرة ""الواسطة"")؟"
4837	"طيب، علشان الواحد يشتغل شغلانة في مصر، لازم يكون عنده قد إيه سنة على الأقل؟ (تستخدم عبارة ""علشان الواحد يشتغل شغلانة"" للتوضيح و ""على الأقل"" للتأكيد على الحد الأدنى)؟"
3573	لو سمحت، إيه هي الحقوق والميزات اللي التشريع الجديد للشغل بيديها للستات الحوامل بالتحديد؟
874	ممكن أعرف لما واحدة ست بتشتغل تخلف، بتاخد كام شهر فسحة من الشغل عشان البيبي؟
2843	ينفع العامل ياخد مكافأة نهاية الخدمة قبل ما يوصل سن المعاش ولا ده مش من حقه؟
3923	"هو صاحب الشغل ملزوم قانونًا يكشف على صحيفة الحالة الجنائية بتاعة العمال عشان يحافظ على الأمان ولا لأ؟ (تغيير في الكلمات والتعبير عن ""الفحص"" بـ ""يكشف على"")."
536	بصراحة، بعد مرور كام سنة لدى الشركة الإجازة السنوية بتوصل 30 يوم؟
4141	طيب، مين المسؤول عن دفع تكاليف العلاج والتعويضات لو حد حصله إصابة خطيرة وهو بيشتغل؟
2439	"لو سمحت، من الآخر كده، لو أنا وقعت على عقد والخصم اللي فيه مختلف عن اللي القانون قايله، يبقى العقد ده وضعه أي قانونًا؟ معتبر ولا ممكن يبقى فيه مشكلة؟ (تستخدم ""من الآخر كده"" لتقديم السؤال بشكل مباشر ومختصر، وتضيف تساؤلًا حول صلاحية العقد).؟"
5451	لو سمحت، يعني قانون الشغل بيقول إيه؟ هل بيقول إن صاحب الشغل لازم يتصرف ويتخذ خطوات عشان يحمي الموظفين من التحرش ويحافظ على سرية اللي بيقدم بلاغ؟
2950	ممكن أعرف ما هو نماذج التقديم المعتمدة في المعاش؟ وهل بيطلع بعد المعاش بمدة؟
218	بصراحة، هل وقت الفسح، زي أكل العيش أو البريك، جزء من الـ 8 ساعات شغل الرسميين؟
290	بصراحة، كل قد إيه شغل الواحد محتاج يريح شوية؟
2781	لو سمحت، لو واحد اتقاعد وبعدين اشتغل في مكان تاني مش بيدفع تأمينات، إيه النظام بتاعه؟
4719	لو سمحت، لو فيه مشاكل في الأمان اكتشفتها في الشغل، أروح أشتكي لمين عشان الموضوع يتصلح؟ (تركيز على الشكوى والتصليح)؟
3363	لو سمحت، ابتداءً من شهر كام، الشغل اليومي بتاع الحامل المفروض يقل؟
5056	ممكن أعرف القانون بيسمح لحد عنده أقل من 15 سنة يشتغل أو يمارس أي نشاط من غير شهادة تعليمية؟ (تركز على الجانب القانوني وإمكانية ممارسة أنشطة معينة بدون شهادة لمن هم دون الـ 15)؟
4496	بصراحة، لازم يكون فى طبيب عمل أو مسعف بداخل المنشأة؟
3434	بصراحة، في قانون الشغل المصري، إيه هي المدة الزمنية اللي المفروض تشتغلها الست اللي بترضع، و كام مرة تقدر تاخد بريك للرضاعة في اليوم؟
1720	"ممكن أعرف طب قول لي، لو العامل مش قادر يواكب التطورات الجديدة في العقد، من حقه يلجأ لأي نوع من أنواع الاحتجاج؟ (هذه الصيغة تسأل بشكل أعم عن الحق في الاحتجاج بأي طريقة، مع التركيز على عدم القدرة على ""مواكبة التطورات"".)؟"
3525	لو سمحت، هل ينفع الشركة تفضل الحامل وهي في إجازة الوضع أو بعدها مباشرة؟
3568	ممكن أعرف يعني أي الحاجات اللي بتميز حقوق الستات الحوامل في قانون الشغل الجديد؟
373	طيب، فيه إمكانية إني أغيب يوم كامل كل أسبوع و المرتب بتاعي مينقصش؟
1959	لو سمحت، بالظبط كده، لما بيحسبوا مبلغ التأمين، بيستحقوا في الاعتبار الفلوس الزيادة اللي بتيجي من العلاوات والحوافز ولا بيحسبوا على المرتب الأساسي بس؟
4749	لو سمحت، هل في لجنة سلامة في كل منشأة كبيرة؟ النظام طلب دا؟
1808	بصراحة، يعني مفيش أمل آخد المرتب بتاعي كله كاش؟ لازم جزء منه ينزل في حساب بنكي؟
1566	يعني العقد ده إجباري يبقى بالعربي؟ طب لو شركة اللي بتمضي معانا مش مصرية، ينفع يكون مكتوب بلغتهم الأصلية ولا مينفعش؟
5515	طيب، في حالة حقوقك مضاعت في الشغل، ما هو الجهة اللي ممكن الواحد يلجأ ليها؟ وزارة العمل ولا القضاء؟
2135	لو فيه جزء من مرتبي مخدتوش في وقته، كده خلاص خسرت الفلوس دي ولا هتنحسب ليا بعدين؟
4536	يعني مين المسؤول عن تكاليف العلاج والتعويضات لو حصل حادثة شغل أو إصابة أثناء المؤسسة؟
970	ممكن أعرف الست في الحمل تاخد تخفيض في ساعات العمل من امتى؟
3183	لو سمحت، لو أنا قدمت طلب استحددتي وجهة الشغل ما وافقتش عليه، الوضع القانوني ساعتها بيكون ماذا؟ (تركيز على الجانب القانوني)؟
2512	ممكن أعرف بالبلدي كده، صاحب الشغل واجب يشترك للموظف بتاعه في التأمينات من أول يوم في الشغل، ولا الموضوع فيه كلام تاني؟
3544	"ممكن أعرف هل فيه مشكلة لو الشركة أدت أفضلية للموظفة اللي لسة والدة، سواء كانت لسة في إجازة الوضع أو رجعت الوظيفة قريب؟ (هذه الصيغة تستخدم كلمة ""مشكلة"" وتوضح ""أفضلية"" بدلاً من ""تفضل"")؟"
3046	ممكن أعرف يعني بالبلدي كده، مينفعش صاحب العمل يمشي حد من غير ذنب؟ النظام بيسمح بحاجة زي دي ولا بيحمي العامل من الظلم ده؟
3166	ممكن أعرف لو قدمت استذكرتي بس بعد كده الوظيفة أو الجهة الإدارية رفضوا يعتمدوا عليها؟
248	بصراحة، التشريع بيقول ناخد زمن راحة (غداء) كم ساعة في اليوم؟
3156	يعني بصراحة، أنا محتار، لو عايز أتراجع عن الاستقالة، أبلغهم إزاي الأول؟ ويا ترى القانون سامحلي بفترة أد إيه عشان أغير رأيي في موضوع الاستقالة ده؟ (هذا السؤال يعبر عن الحيرة ويسأل عن طريقة التبليغ والفترة المتاحة لتغيير الرأي).؟
4302	يعني لو قررت امشي من الشركة، هل فيه ورق أو تصديق مطلوب اخده من مكتب العمل عشان اضمن حقي بعد كده؟ (تركيز على الحقوق بعد الاستقالة)؟
3143	"طيب، لو قررت ألغي الاستقالة اللي قدمتها، لازم أقدم حاجة زي إنذار الأول؟ والسؤال التاني، ممكن أرجع في الاستقالة دي لحد إمتى بالظبط حسب القانون؟ (هذا السؤال يستخدم كلمة ""إنذار"" ويسأل عن الحد الزمني للرجوع في الاستقالة)."
1918	ممكن أعرف يعني لما يقولوا زيادة سنهوية 3%، قصدهم الزيادة دي بتنزل على الراتب اللي هو صافي بتاعي، ولا الراتب اللي متسجل في التأمينات؟ (تركيز على التفريق بين صافي الراتب والرقم المسجل)؟
5516	بصراحة، في حالة حقوقك مضاعت في الشغل، إيه الجهة اللي ممكن الواحد يلجأ ليها؟ وزارة العمل ولا القضاء؟
1547	يعني العقد لازم يبقى عربي بس، حتى لو الشركة اللي طرف فيه مش مصرية؟ ولا ممكن يكون بلغتهم برضه؟
3094	"ممكن أعرف ليه في ""استقالة"" و""إنهاء خدمة"" وبعضها قانوني وتطوعي؟"
2318	بصراحة، ممكن الضرايب والتأمين ينزلوا عن الـ 75% من المبلغ الأصلي، ولا ده يعتبر الحد الأقصى اللي ممكن نوصل له؟ (يعكس السؤال بالتركيز على النسبة المتبقية بعد الخصم)؟
1248	"يعني ""عايز أعرف، إيه هي الشروط اللي مفروض الواحد يكون محققها عشان يقدر يقدم على إجازة حج وياخدها؟ هل فيه قيود على العمر أو المدة اللي اشتغلها في وظيفته؟""؟"
3461	الأم اللي بترضع في الشغل، ساعات الرضاعة دي بتتحسب لها شغل ولا بتضيع عليها؟
465	لو سمحت، كام عدد أيام الإجازة السنوية للشغال في القطاع الأهلي؟
3858	يعني هو التشريع المصري بيغطي موضوع التحرش الجنسي اللي ممكن الواحد يتعرض له وهو شغال؟
397	طيب، ينفعوا يعوّضوا شغل الأحد بإيجار أسبوعياً؟ يعني القانون سامح بكده ولا إيه النظام بالظبط؟
1951	طيب، هل المكافآت والتشجيعات اللي باخدها في الشغل بتدخل في المبلغ اللي بيتاخد منه فلوس التأمين؟
4125	لو سمحت، التأمين الصحي اللي معايا ده، هل بيغطي أي علاج أنا محتاجه لو تعبت من الشغل؟ (تركيز على التأمين المحدد للشخص)؟
4105	طيب، بالنسبة للتأمين الصحي، هل يشمل علاج أي أمراض الواحد ينفع يصاب بيها بسبب شغله؟ (تركيز على شمولية التأمين)؟
4029	لو سمحت، الفلوس دي بتصرف لو العامل استقال بعد السن دي ولا بس لو اتفصل؟
1120	ممكن أعرف ينفع استبدل الإجازة المرضي بإجازة من رصيدي العمروي؟
3737	في حالة حادث أو إصابة مين بيتحمل المسئولية؟
2498	بصراحة، فيه إلزام على أصحاب الأعمال بتسجيل الموظفين في التأمينات الاجتماعية من بداية شغلهم في الشركة؟
2683	طيب، فيه مشكلة قانونية لو صاحب شغل صرف مكافأة نهاية خدمة لواحد عامل عنده إضافة إلى الستين؟ ولا ده حقه ومفيش كلام؟
690	يعني قانون الشغل بيدي كام يوم إجازة عارضة في العمرة الواحدة، يعني لو حصل ظرف طارئ؟
507	لو سمحت، في أول سنة شغل، الموظف بيأخذ 15 يوم إجازة. طيب، السنة اللي عقبها، كم أيام الإجازة بيكون قد ما هو؟
5478	"يعني القانون الجديد ده بيأكد إن مفيش فرق في المرتب بين الرجالة والستات لو بيعملوا نفس الوظيفة؟ (تأكيد على نفي التفرقة واستخدام كلمة ""وظيفة"" بدل ""عمل"")؟"
1247	"""عايز أعرف، إيه هي الشروط اللي لازم الواحد يكون محققها عشان يقدر يقدم على إجازة حج وياخدها؟ هل فيه قيود على العمر أو المدة اللي اشتغلها في وظيفته؟"""
1402	ممكن أعرف ما هو الفرق بين العقد محدد المدة والعقد غير محدد المدة؟
1622	بصراحة، هو ضروري إن العقد يتختم في مكان زي وزارة القوى العاملة ولا مش شرط؟
2868	يعني العامل ليه الحق إنه يشترط ياخد فلوس المكافأة بتاعته اللي المفروض ياخدها لما يوصل سن المعاش، قبل ما يوصله فعلاً؟
3754	"ممكن أعرف في حالة وقوع حادثة أو أذية لحد، مين اللي يشيل الشيلة؟ (تستخدم ""أذية"" بدل ""إصابة""، و""يشيل الشيلة"" تعبير عن تحمل المسؤولية)؟"
4173	لو سمحت، احنا بندفع اشتراك المعاش في المرتب بتاعتنا؟مين بيستحق المعاش بعد التقاعد؟
5080	ممكن أعرف يا ترى القانون بيحدد زيادة سنوية للمرتبات بنسبة قد ماذا؟
5194	"ممكن أعرف ""طيب، هو القانون بيسمح أو بيوجب إن المرتبات تزيد بنسبة ثابتة كل سنة، زي ما شفنا في قضية الـ 3% دي ولا لأ؟"" (هذا السؤال يسأل عما إذا كان القانون يسمح أو يوجب الزيادة).؟"
1788	يعني المرتب بيتُحسب ويتدفع ازاي؟ دفعة واحدة كل شهر، على دفعات كل أسبوع، ولا حساب يوم بيوم؟
3718	ممكن أعرف هل فيه إلزام بتعيين دكتور خاص بالشغل أو دكتور متخصص جوة المصانع ولا لأ؟
1468	ممكن أعرف أعلى مدة مباحة لعقد تحت الاختبار بتكون كام شهر؟ (بيركز على أعلى مدة ممكنة لعقد تحت الاختبار)؟
5347	طيب، أفهم من كده، لو فيه نزاعات في الشغل أو المرتبات اتأخرت، هل ده سبب كافي إننا نعمل إضراب من وجهة نظر التشريع؟ القانون بينظم الإضرابات دي إزاي؟ (تركيز على النزاعات كسبب للإضراب وكيفية تنظيم القانون للإضرابات)؟
1771	طيب، المرتب بيتدفع على أي أساس؟ بالشهر، بكل أسبوع، ولا باليوم؟
4171	طيب، احنا بندفع اشتراك المعاش في المرتب بتاعتنا؟مين بياخد المعاش بعد التقاعد؟
4308	يعني هل فيه أي واجبة أو ضرورة إني أعدي على مكتب المؤسسة عقب ما أستقيل، ولا الموضوع بيخلص بيني وبين الشركة بس؟ (تركيز على المقارنة بين التعامل مع الشركة ومكتب العمل)؟
5510	بصراحة، لو الواحد اتظلم في شغله، يروح يرفع شكواه لمين؟ لوزارة القوى العاملة ولا المحكمة؟
4229	"إيه هي ""الاستمارة 6"" دي أصلاً؟ وإيه اللي بينص عليه القانون حالياً بخصوصها؟ (تستخدم ""إيه اللي بينص عليه"" لإعطاء انطباع أقوى عن البحث عن التفاصيل القانونية)"
2058	يعني يا ترى مين اللي بيتولى مهمة تجهيز المرتبات ودفعها، وكمان بيخصم الضرائب والتأمين؟
4993	طيب، أيه هي الإرشادات اللي بتنصحوا بيها أي طالب في أي مرحلة تعليمية لو قرر يشتغل شغلانة بارت تايم؟
1037	كام يوم إجازة مرضية بأجر كامل؟
4195	"طيب، هو مرتبنا بيتخصم منه عشان المعاش ولا لأ؟ ولو بيتخصم، مين اللي هياخد المعاش ده بعد ما نتقاعد؟ (صياغة مباشرة باستخدام ""هو"" و ""ولا لأ""، وتركيز على عملية الخصم نفسها)؟"
3272	بصراحة، محكمة القضاء الإداري (استقالة) ولا خدمة؟ خدمة القانون اللى بيتعامل مع الاستقالة؟
4878	يعني لو طفل عنده 14 عمرة، ممكن نعتبره مؤهل للشغل؟ ولا لسه صغير على إنه يشتغل وياخد مرتب؟ يا ترى فيه قوانين خاصة بالسن ده؟
5365	طيب، هل قانون الشغل بينص صبريك على إن الشركات لازم توفر بيئة شغل نضيفة وأمان، زي يعني الإضاءة والتهوية الكويسة؟ (تركيز على النص الصريح للقانون)؟
3417	لو سمحت، الست المرضعة يحق لها قانونًا العمل نص يوم كام قرارات رضاعة في اليوم؟
1688	بصراحة، لو العامل ماقدرش يشتغل بنظام التغيرات اللي اتعملت في العقد، له الحق يعتصم؟
3902	بصراحة، طب لو موظف قدم شكوى ضد مديره بسبب مضايقات أو أذية، هل كده بيضمن إن مفيش أي انتقام هيحصل من صاحب العمل؟ القانون بيأمنه يعني؟
4399	طيب، لو الشركة وافقت على استنصتي، يعني كله تمام بالتراضي، هل ده يغير حاجة في موضوع مكافأة نهاية الخدمة؟ الشرع بيقول إيه في حالة زي دي؟ (تركز على تأثير الموافقة على الاستقالة)؟
584	"بصراحة، الواحد لما يوصل لـ50 سنة شغل، يستحق أي عدد يوم إجازة سنوية؟ (تستخدم كلمة ""الواحد"" للإشارة إلى الموظف بشكل عام، وتركز على الاستحقاق).؟"
1229	"""علشان الواحد ياخد تصريح إجازة حج من الشغل، لازم يكون مستوفي شروط معينة؟ زي إيه الشروط دي بالظبط؟ ليها علاقة بسن الموظف أو مدة خدمته في الشركة؟"""
1355	"دلوقتي، لو اشتغلت في يوم إجازة رسمي، آخد يوم راحة قصاده ولاّ بيحسبوه بضعف المرتب؟ يعني المفروض إيه اللي يحصل؟ (تقديم خيارات ""يوم راحة قصاده"" و""ضعف المرتب"" بشكل مباشر وأكثر وضوحًا)"
3454	ممكن أعرف فترات الرضاعة ضمن محسوبة ضمن ساعات الشغل ولا مش محسوبين؟
3095	إيه الفرق بين الاستقالة وإنهاء الخدمة، وإزاي فيه أنواع منها قانونية والنوع التاني برغبة الموظف؟ (هذا السؤال يركز على الفروق الجوهرية بين المفهومين وكيفية اختلافهما من حيث القانونية والاختيارية.)
5466	يعني القانون الجديد يضمن المساواة في الأجر بين الموظفين نفس الشغل (رجالة وستات)؟
3911	هل الموظف اللي بيتضرر ويبلغ عن اللي حصله بيكون في أمان من أي إجراءات تأديبية أو عقابية من صاحب الشغل؟ القانون بيوفرله الحماية اللازمة؟
4714	ممكن أعرف لو لقيت مخالفات سلامة في المصنع أو الشركة، أقدر أتظلم لمين؟
3869	فيه نصوص قانونية بتتعامل مع حالات التحرش الجنسي اللي بتحصل جوه الشركات والمؤسسات؟
2766	يعني اللي خرج على المعاش بعد اشتغل في جهة بس مش في التأمين، ما هو اللي بيحصل؟
1130	بصراحة، لو سمحت، ممكن الإجازة اللي كنت واخدها علشان تعبان تتحسب إجازة سنهوية عادية؟
3591	لو سمحت، إيه هي أوجه الاختلاف أو التمييز اللي القانون الجديد عملها لصالح الستات الحوامل في الشغل؟
5427	لو سمحت، هل فيه أي مواد في القانون بتنص على تجريم أفعال زي التنمر أو التحرش اللي ممكن تحصل بين الزملاء أو من الرؤساء في الشغل؟ (هذه الصياغة تحدد أكثر من قد يكون المتنمر أو المتحرش - الزملاء أو الرؤساء).؟
1756	ممكن أعرف هل من حق الموظف اللي بيشتغل في فترة تجريبية حسب العقد، إنه يرفض الاستمرار فيها وينهي شغله بدري؟
3340	"ممكن أعرف بالتفصيل كده، محكمة العمل دي بتفصل في إيه؟ ولو الشركة فصلتني تعسفيًا، إزاي أقدر أوصل لحقي عن طريق المحكمة دي من غير ما أدخل الحكومة في الموضوع؟ (تستخدم كلمة ""تفصل في إيه"" بدلاً من ""بتختص بإيه"" وتضيف كلمة ""تعسفيًا"" لوصف الفصل)؟"
3099	لو سمحت، إيه الفرق بين الاستذكرة وإنهاء الخدمة، وإزاي فيه أنواع منها قانونية والنوع التاني برغبة الموظف؟ (هذا السؤال يركز على الفروق الجوهرية بين المفهومين وكيفية اختلافهما من حيث الرسمية والاختيارية.)؟
1640	بصراحة، يعني مطلوب العقد بتاع الشغل ده يتوثق في جهة رسمية زي وزارة الوظيفة عشان يكون رسمي ولا ماذا النظام؟
4514	بصراحة، يعني شرط أساسي يكون في المنشأة يا إما دكتور شغل يا إما واحد بيفهم في الإسعافات الأولية؟
5306	بصراحة، القانون بيقول إن العمال ليهم مطلق الحرية في تشكيل نقابات والانضمام ليها، صح كده؟ (تأكيد أكثر مع طلب الموافقة)؟
561	لو سمحت، أعرف منين المدة اللي لازم أقضيها في الشركة عشان الإجازة العمروية بتاعتي تزيد وتبقى 30 يوم؟
4186	"ممكن أعرف يا ترى، في جزء من مرتبنا بيروح لحساب المعاشات؟ و لو طلعنا على المعاش، الفلوس دي بتروح لمين بالظبط؟ (استخدام ""يا ترى"" لإضفاء طابع الاستفسار، وتركيز على وجهة الأموال)؟"
1153	طيب، لو واحد شغال بيخلط مواد وعنده مرض بيتنقل، المفروض يقعد في الحجر الصحي كم شهر عشان يخف؟
4324	"ممكن أعرف طيب لو فصلوني ظلم، أقدر آخد تعويض قد إيه؟ مفيش حد أقصى للتعويض ده في الشرع ولا إيه؟ (تغيير في ترتيب الكلمات واستخدام ""قد إيه"" بدلاً من ""إزاي"")؟"
5157	"لو سمحت، معنى إن الحد الأدنى بقى أعلى بست آلاف وسبع آلاف جنيه، إن المفروض المرتبات تزيد، فليه الشركات دي لسه مدبسة الدنيا زي ما هي؟ (استخدام ""مدبسة الدنيا"" لوصف عدم التغيير بشكل ساخر)؟"
1031	إيه هي المدة الإضافية اللي بتاخدها الست العاملة اللي بترضع طفلها في شغلها عشان الرضاعة؟
1625	يا ترى لازم نروح مكتب حكومي عشان نمضي العقد ولا ممكن نمضيه في أي مكان؟
176	بصراحة، كام عدد ساعة العمل الشرعية في كل أسبوع؟
295	طيب، بعد شغل مدته قد ما هو لازم نفصل ونريح أعصابنا؟
1505	التعاقد عن بُعد أو بنظام الدوام الجزئي القانون اعترف به؟
247	طيب، القانون بيقول ناخد فترة راحة (غداء) قد ماذا ساعة في اليوم؟
3920	بصراحة، التشريع بيلزم صاحب العمل إنه يفحص السجل الجنائي للموظفين لسبب السلامة؟
3900	يعني طب لو موظف قدم شكوى ضد مديره بسبب مضايقات أو أذية، هل كده بيمن ضمن إن مفيش أي انتقام هيحصل من صاحب الشغل؟ الشرع بيأمنه يعني؟
2760	يعني أنا عندي واحد شغال في شركة خاصة، وقرب على سن الستين. عاوز أعرف، بعد كده هيقبض إيه؟ هل فيه معاش من الشركة نفسها، ولا كل حاجة بتروح للتأمين؟
2724	يعني ياريت تفهمني طريقة حساب مكافأة نهاية الخدمة. يعني أنا عارف إن فيه حاجة اسمها نص شهر للعمرة الأولى وشهرين للسنتين اللي بعديها، بس مش فاهم تعتبر إزاي بالظبط.؟
185	القانون بيقول إننا المفروض نشتغل كام ساعة في الأسبوع كحد أقصى؟
1061	فيه كام يوم مسموحلي أغيب بسبب المرض مع الحفاظ على مرتبي كامل؟ (تركيز على الحق المتاح)
2132	بصراحة، مرتبي اللي فاضل ومخدتوش، بيروح عليا ولا بينزل مع مرتب السنة الجديدة؟
131	طبقا للقانون، اليومية بتاعة الشغل تتحدد على أساس كام ساعة عمل؟
5110	ممكن أعرف زيادة سنهوية %3 ده على المرتب الأساسي ولا الأجر التأميني؟
326	بصراحة، بعد مرور ستة أيام شغل ورا بعض، المفروض آخد راحة قد ما هو في في الأسبوع الواحد؟
2696	بصراحة، كيف بتُعد مكافأة نهاية الخدمة؟ (نصف شهر للعمرة الأولى وشهرين للسنتين اللي عقب كده)؟
1556	بصراحة، العقد ده شرط أساسي يبقى باللغة العربية؟ طب لو شركة أجنبية طرف معانا، ينفع يبقى بلغة تانية غير العربي؟
5217	لو سمحت، لو الإدارة ما زودتش المرتب، ده خرق للقانون ولا قرار إداري؟
694	ممكن أعرف قانون المؤسسة بيدي كم يوم إجازة عارضة في السنة الواحدة، يعني لو حصل ظرف طارئ؟
4223	"""استمارة ستة"" دي عبارة عن إيه؟ والقانون بيقول إيه بخصوصها دلوقتي؟ (تستخدم كلمة ""عبارة عن إيه"" بشكل أكثر بساطة وعامية)"
256	ممكن أعرف بصاستراحة، حسب القانون، وقت الراحة (الغداء) المفروض يكون قد ماذا في اليوم الواحد الواحد؟
2655	لو سمحت، هل فيه تماثل بين العمر اللي بيحقلي أخد فيه معاش وبين العمر اللي ممكن صاحب المؤسسة يقولي مع السلامة؟
971	ابتداءً من أي شهر في الحمل، يحق للست العاملة تحصل على تقليل في عدد ساعات شغلها؟
797	"يعني لو طلبت إجازة عشان أذاكر وأمتحن، الإجازة دي هتبقى على حساب إجازتي السنوية ولا ببلاش كده؟ (تغيير كبير في التركيب: استخدام ""طلبت إجازة عشان أذاكر وأمتحن""، ""على حساب إجازتي السنوية"" بدلاً من ""بتتنقص من الرصيد السنوي"")."
1498	"ممكن أعرف عقب نهاية العقد اللي محدد بمدة، لو استمريت في الوظيفة، هل ده معناه إن العقد اتحول لعقد دائم بشكل تلقائي؟ (استخدام كلمة ""دائم"" بدل ""مفتوح"" وتوضيح كلمة ""بشكل تلقائي"")؟"
1969	طيب، يعني، هل لما بييجوا يحسبوا التأمينات الاجتماعية، بيبصوا على المرتب بتاعي شامل العلاوات والحوافز ولا بيعتبروا المرتب الأساسي بس هو الأساس؟
4784	بصراحة، موظف صحي بيفحص مستشفى الوظيفة؟
1470	يعني لو خلص عقد محدد المدة واستمر الوظيفة، هل يتحول تلقائيًا لعقد مفتوح؟
853	طيب، أي نظام إجازة الأبوة في مصر؟ يعني الأب بيستحق قد إيه يوم لما مراته تجيب طفل؟ (تستفسر عن النظام بشكل عام ثم تحدد المدة)؟
189	لو سمحت، القانون بيقول إننا المفروض نشتغل كام ساعة في أسبوعياً كحد أقصى؟
4091	"لو شخص كان بيشتغل ومات فجأة، أهله ياخدوا مرتب شهر ولا إيه اللي بيحصل بالضبط في الحالات دي؟ (ركزنا على إمكانية الحصول على ""مرتب شهر"" كمثال، مع استخدام عبارة ""إيه اللي بيحصل بالضبط"")."
339	لو سمحت، في حالة الشغل ستة أيام متواصلين، عدد ساعة البريك الأسبوعية المتاحة بيكون كم؟
4848	"يعني مينفعش تشتغل قبل سن كام في مصر؟ ده قانون ولا ايه؟ (تستخدم عبارة ""مينفعش"" للتعبير عن المنع و ""ده قانون ولا ايه؟"" للتأكد من أن الأمر يتعلق بقانون)؟"
4272	يعني أنا ما اديتش لنفسي فرصة العشر أيام اللي المفروض أفكر فيهم قبل الاستذكرة. دلوقتي عايز أعرف، المدة الرسمية اللي بتديني الحق أرجع في كلامي عن الاستقالة هي أد إيه؟ (هذه الصيغة تؤكد على أهمية فترة التفكير وتسأل عن الحق التشريعي في الرجوع عن القرار)؟
3465	لو سمحت، الأم اللي بترضع في الشغل، وقت الرضاعة دي بتتحسب لها شغل ولا بتضيع عليها؟
858	يعني الست العاملة بتاخد كام شهر إجازة وضع (أمومة)؟
557	أعرف منين المدة اللي لازم أقضيها في الشركة عشان الإجازة السنوية بتاعتي تزيد وتبقى 30 يوم؟
5324	بصراحة، لو في خلاف وظيفي أو تأخر مرتب، يجوز نشتغل إضراب؟ القانون قال أي عن الإضراب؟
3972	يعني ماذا الحقوق المادية اللي بتيجي لواحد شغله لما يكمل الستين سنهة؟ (زي مكافأة نهاية الخدمة)؟
4755	لو سمحت، يا ترى كل منشأة كبيرة لازم يكون فيها لجنة مختصة بالسلامة؟ هو فيه قانون بيلزم بكده ولا إيه؟
1522	ممكن أعرف الوضع النظامي إيه بالنسبة للشغل من البيت والوظايف اللي مش باليوم الكامل؟ (هنا استخدام لغة أكثر رسمية نسبياً مع الحفاظ على اللهجة المصرية)؟
197	مسموح لينا نشتغل كام ساعة في الأسبوع بالكتير من غير مخالفة للقانون؟
2706	يعني لو سمحت، ينفع تشرح لي طريقة احتساب مكافأة نهاية الخدمة؟ أنا عارف إن العمرة الأولى ليها نص شهر، والسنتين اللي عقبيها ليهم شهرين، بس عايز أعرف التفاصيل أكتر.؟
3512	بصراحة، لو ست اشتغلت بعد مرور الولادة على طول، يا ترى القانون بيحمي حقوقها في المؤسسة، ولا الواقع حاجة تانية؟
3283	طيب، يعني لما حد يقدم استذكرته، القضاء الإداري بيشوف الموضوع ده ازاي؟ أي التشريع اللي بيستندوا عليه في حالات الاستقالة؟ (يركز على كيفية تعامل القضاء الإداري مع الأمر)؟
340	ممكن أعرف في حالة الشركة ستة أيام متواصلين، عدد وقت الراحة الأسبوعية المتاحة بيكون ما هو عدد؟
2722	ممكن أعرف بفهم منين طريقة حساب مكافأة نهاية الخدمة؟ فيه كلام عن نص شهر للسنة الأولى وشهرين للسنتين اللي بعد مرور كده، بس مش عارف الحسبة دي بتتعمل إزاي.؟
2433	"لو سمحت، يعني إيه الفرق من الناحية الشرعية، لو أنا وافقت في العقد على خصم معين، وبين الحد القانوني للخصومات اللي المفروض ما أتعداهوش؟ (تستخدم ""يعني إيه الفرق"" لتبدأ السؤال بشكل مباشر، وتركز على الفرق من الناحية القانونية).؟"
1950	يعني هل المكافآت والتشجيعات اللي باخدها في الشغل بتدخل في المبلغ اللي بيتاخد منه فلوس التأمين؟
4868	بصراحة، يعني اللي عنده 14 سنة، ممكن يشتغل شغلانة بفلوس ولا لازم يكون أكبر من كده؟ القانون بيقول إيه بالظبط عن الموضوع ده؟
3371	الحامل المفروض تبدأ تاخد بالها وتقلل مجهودها اليومي، وتقليل عدد ساعات الشغل ده بيبدأ من أول شهر كام في الحمل؟
3181	طيب، لو أنا قدمت طلب استقالتي وجهة العمل ما وافقتش عليه، الوضع القانوني ساعتها بيكون أي؟ (تركيز على الجانب القانوني)؟
4884	يعني في سنه 14 سنة، الواحد ممكن يشتغل قانوني؟ ولا واجب يستنى لما يبقى عنده 15 سنة عشان يقدر يشتغل بشكل رسمي؟
281	لازم بعد كام ساعة شغل ناخد استراحة؟
5361	لو سمحت، قانون الوظيفة بيجبر الشركات على الالتزام ببيئة عمل نظيفة وآمنة؟ مثلاً إضاءة وتهوية؟
3931	طيب، يا ترى القانون بيفرض على الشركات إنها تتأكد من خلو موظفينها من أي سوابق إجرامية، وده كله عشان الأمن والسلامة؟ (تغيير في الكلمات والمصطلحات المستخدمة، مع التركيز على الشركات بدلاً من صاحب العمل).؟
3116	"بصراحة، ليه لما حد بيسيب شغل بنسمع عن ""استقالة"" و ""إنهاء خدمة""؟ وإيه المعنى التشريعي لكل واحدة فيهم، وإمتى الواحد يقدر يختار الطريقة اللي يمشي بيها؟ (هذا السؤال يركز على سبب استخدام المصطلحين في حالة ترك الشغل، والمعنى القانوني لكل مصطلح، وحرية اختيار الموظف.)؟"
1189	طيب، مدة إجازة الحج والعمرة قد إيه، ويا ترى مين اللي ليه الحق يأخذها؟ (تغيير في التركيب واستخدام كلمات عامية أكثر)؟
5204	"بصراحة، ""بصفسحة، هل فيه أي سند قانوني يخلينا متأكدين إننا هناخد زيادة في المرتب كل سنة، بنفس الطريقة اللي حكمت بيها المحكمة بنسبة الـ 3%؟"" (هذا السؤال يركز على التأكيد النظامي على الزيادة).؟"
481	طيب، لو واحد شغال في شركة خاصة، إيه عدد أيام الإجازة اللي المفروض ياخدها في السنة؟
3219	لو سمحت، هل لو كسبت تعويض في المحكمة، ممكن المبلغ اللي هيتدفع لي يكون أقل من اللي كنت متوقعه، عشان القانون فيه سقف معين للتعويض؟
4102	ممكن أعرف التأمين الصحي: هل بيغطي علاج الأمراض اللي بتحصل في الشغل؟
741	لو سمحت، هل الإجازات اللي بنحصل عليها دلوقتي محسوبة من الإجازة العمروية اللي بنستحقها كل سنة ولا ليها حسابات مختلفة؟
5375	"طبقا لقانون العمل، هل الشركات مجبرة إنها تلتزم بمعايير معينة للنضافة والأمان في مكان الشغل، زي مثلاً وجود إضاءة كافية وتهوية مناسبة؟ (استخدام مصطلحات أكثر رسمية مثل ""معايير"" و""مكان الشغل"")"
2238	"يعني لو الشركة عملتلي تأهيل أو تدريب، و أنا مضيت على ورق إني هدفع تمن التدريب ده لو سبت الشغل بدري، الكلام ده يمشي قانونًا ولا ماذا؟ (يستخدم كلمة ""تأهيل"" بدلاً من ""تدريب"" ويؤكد على توقيع الأوراق).؟"
3336	"يعني بالتفصيل كده، محكمة العمل دي بتفصل في إيه؟ ولو الشركة فصلتني تعسفيًا، إزاي أقدر أوصل لحقي عن طريق المحكمة دي من غير ما أدخل الحكومة في الموضوع؟ (تستخدم كلمة ""تفصل في إيه"" بدلاً من ""بتختص بإيه"" وتضيف كلمة ""تعسفيًا"" لوصف الفصل)؟"
3395	إيه وضع الحوامل بالنسبة للشغل الإضافي أو الساعات اللي فوق المعدل الطبيعي؟ القانون المصري بيسمح بكده ولا لأ؟ (تغيير في صياغة السؤال بشكل أكثر رسمية)
4558	ممكن أعرف في حالة وقوع حادث أو إصابة أثناء العمل، على مين تقع مسؤولية تغطية العلاج والتعويضات المستحقة؟
3198	يعني لو حصلت على حكم في قضية تعويض لأنه القانون حددش سقف التعويض؟
3546	"يعني الشركة ليها الحق إنها تعامل الموظفة الحامل أو اللي لسة والدة معاملة أحسن وهي في إجازة الوضع أو بعد الولادة بزمن بسيطة؟ (هذه الصيغة تسأل عن ""الحق"" وتستخدم ""معاملة أحسن"" لتوضيح المقصود)؟"
3628	ممكن أعرف يعني لو عدد الموظفات في الشركة زاد عن كام واحدة، بيكون فيه شروط خاصة أو تخفيف في الوظيفة بالنسبة للستات الحوامل؟
696	يعني لو الواحد عنده مناسبة خاصة أو حالة وفاة لا قدر الله، يقدر يأخذ ماذا عدد يوم إجازة في السنة تبع الإجازات العارضة؟
1278	يعني بالبلدي كده، إحنا لينا قد أي يوم إجازة رسمية مدفوعة الأجر في العمرة الواحدة؟
3808	ممكن أعرف القانون بيقول إيه عن أقل مستوى من الحماية ضروري يتوفر للعمال؟ يعني لازم يكون فيه خوذة أو لبس حماية ولا لأ؟
3448	ممكن أعرف إيه اللي بينص عليه قانون العمل بخصوص كمية وقت عمل الأم المرضعة في اليوم، وعدد مرات الرضاعة المسموح بيها خلال الدوام؟
4631	يعني لو واحد اتعرض لإساءة أو تنمر في شغله، القانون بيقف جنبه ويحميه؟ (تركز على حماية القانون للضحية)
2912	بصراحة، هل العامل ممكن يشتغل في المعاش؟ وهل يلاقي صعوبة؟
2002	ممكن أعرف لو عليا فلوس وبسدّدها من مرتبي، أو واخد سُلفة، أقدر أدفع منها كام في الشهر كحد أقصى؟
4682	بصراحة، التشريع فيه بنود بتنص على إيه بالظبط بخصوص أمان الشغل وكشف الصحة المنتظم على الناس اللي شغالة؟
5002	ممكن أعرف هل من 15 ل17 عمرة يُمكنهم الاشتراك في مشروع صغير أو خدمة المجتمع؟
5042	بصراحة، ضروري يكون معاك مؤهل تعليمي قبل ما تكمل 15 سنهة؟ (تركز على فكرة المؤهل التعليمي كشرط ضروري)؟
1626	يعني يا ترى واجب نروح مكتب حكومي عشان نمضي العقد ولا ينفع نمضيه في أي مكان؟
3841	طيب، إحنا عارفين إن فيه تفتيش دوري على السلامة، بس السؤال هنا: القانون بيقول التفتيش ده لازم يتعمل كل قد أي؟ (تقديم معلومة معروفة ثم التركيز على السؤال الرئيسي)؟
543	لو سمحت، يا ترى بعد مرور قد إيه من المؤسسة في الشركة، الواحد بيأخذ إجازة 30 يوم في السنة؟
5107	طيب، زيادة عمروية %3 ده على المرتب الأساسي ولا الأجر التأميني؟
5012	بصراحة، بالنسبة للمرحلة العمرية من 15 لـ 17 سنة، هل مسموح ليهم يشتغلوا في مشاريع صغيرة أو يشاركوا في أعمال لخدمة المجتمع؟ (تركيز على السماح النظامي أو التنظيمي)؟
5226	يعني طب لو الإدارة قررت متنزلش زيادة في المرتبات، ده يعتبر تجاوز للقانون ولا حقهم في اتخاذ القرارات؟
3679	طيب، إيه واجبات صاحب العمل ناحية تأمين العمال في العمل؟ القانون بينص على إيه في الموضوع ده؟
162	يعني الشغل ممكن يوصل لكمية ساعة أكثر من 8 ساعات في اليوم؟ (تركيز على إمكانية وصول عدد الساعات إلى أكثر من 8)؟
3082	"ممكن أعرف لو الاستقالة طلعت مني وأنا متوتر ومجبور، أقدر أرجع في كلامي وأقول مش عايز استقيل؟ ولا القانون بيقول خلاص كده الاستقالة تمت ومينفعش أغير فيها؟ (تستخدم ""متوتر ومجبور"" لتوضيح الضغط وتشدد على الرغبة في التراجع)؟"
781	طيب، فيه نظام معين لإجازات المذاكرة للموظفين اللي بيديروا الامتحانات في الجامعة؟ يعني، كام يوم إجازة بيستحقوا؟ (تركيز على وجود نظام محدد والسؤال عن عدد الأيام كجزء من النظام)؟
5341	طيب، يعني لو فيه مشاكل في الوظيفة، زي مشاكل بين الموظفين والإدارة، أو المرتبات مش بتيجي في ميعادها، هل الإضراب يعتبر حل قانوني؟ القانون المصري بيسمح بالإضراب في ظروف زي دي ولا لأ؟ (تركيز على الإضراب كحل قانوني واستفسار مباشر عن سماح القانون المصري)؟
5313	لو سمحت، مش المفروض النظام بيأكد حق كل عامل في إنه يكون عضو في أي نقابة تعجبه أو حتى يعمل نقابة جديدة بنفسه؟ (تركيز على الحق الفردي ووجود بدائل)؟
4458	يعني صاحب العمل عليه يوفر وسائل حماية وقاية للموظفين؟ التشريع حدد ماذا؟
3195	لو سمحت، لو أنا كتبت استحددتي وقدمتها، بس الشغل مرديش يمضي عليها، أقدر أعمل حاجة تانية؟ (تركيز على الخيارات المتاحة)؟
1203	"لو سمحت، لو واحد هيسافر الحج أو العمرة، يأخذ إجازة مدتها أد إيه شهر؟ ومين الناس اللي جائز ليها بالإجازة دي؟ (تغيير في ترتيب السؤال واستخدام كلمة ""مسموح"" بدلاً من ""يستحق"")؟"
2861	لو واحد شغال في شركة، ممكن ياخد المكافأة اللي المفروض ياخدها بعد التقاعد بدري شوية، ولا ده ميصحش؟
3967	طيب، الراجل اللي سنه أكبر من 60 سنة، الشرع بيقول له ما هو لما يتقاعد؟ (بمعنى مكافأة التقاعد)؟
1190	بصراحة، مدة إجازة الحج والعمرة قد إيه، ويا ترى مين اللي ليه الحق ياخدها؟ (تغيير في التركيب واستخدام كلمات عامية أكثر)؟
3927	"لو سمحت، هو صاحب الشغل ملزوم قانونًا يكشف على صحيفة الحالة الجنائية بتاعة العمال عشان يحافظ على الأمان ولا لأ؟ (تغيير في الكلمات والتعبير عن ""الفحص"" بـ ""يكشف على"").؟"
1257	لو سمحت، أد إيه يوم أجازات رسمية مدفوعة في العمرة؟
570	يعني الموظف لو عدّى سن الـ50، ياخد كام يوم سنوية؟
4041	لو سمحت، طيب، الفلوس دي ليها علاقة بسّن الموظف؟ يعني لو ساب العمل بعد سنه معين، يحصل علىها؟ ولا هي بس للّي بيمشّوا غصب عنهم؟
3442	ممكن أعرف الست اللي بتشتغل وبترضع طفلها، النظام بيقول ماذا عن مقدار ساعات شغلها اليومية وحقوقها في أوقات مخصصة للرضاعة؟
3873	لو سمحت، فيه نصوص قانونية بتتعامل مع حالات التحرش الجنسي اللي بتحصل جوه الشركات والمؤسسات؟
2323	"طيب، هل فيه إمكانية نوصل لتخفيضات أكبر من 25% في الضرايب والتأمين، ولا دي أقصى حاجة مسموحة؟ (يستخدم كلمة ""إمكانية"" للتأكيد على البحث عن فرص)؟"
1740	يعني بخصوص فترة التجربة اللي بتكون مكتوبة في العقد، هل العامل ليه الحق ينهيها قبل معادها ويمشي ولا ملزم بيها؟
2038	ممكن أعرف هل فيه أي مشكلة لو الخصومات زادت عن الربع في المرتب؟
2476	"ممكن أعرف هل بند استقطاع التأمينات ده بيتضاف ضمن تفاصيل المرتب اللي بستلمه، ولا بيتعاملوا معاه بشكل مختلف؟ (تركز على ""بند استقطاع التأمينات"" و ""تفاصيل المرتب"" لتقديم منظور أكثر تفصيلاً.)؟"
3694	ممكن أعرف يا ترى التشريع المصري بيُلزم صاحب العمل بتوفير ماذا من وسائل الحماية والأمان للعمال اللي عنده؟
2144	بصراحة، باقي حساب مرتبي اللي ما قبضتوش، بيضيع ولا هينزل لي تعويض بيه العمرة اللي جاية؟
3936	يعني في إلزام قانوني على أصحاب المصانع والمحلات إنهم يعرفوا تاريخ الموظفين الإجرامي قبل ما يشغلوهم، ولا ده مش ضروري عشان إجراءات السلامة؟ (تغيير في الكلمات والتعبير عن ضرورة معرفة التاريخ الإجرامي للموظف).؟
240	يعني لو باخد بريك غدا أو أي فسحة تانية في الوظيفة، ده بيعتبر من جزء من الـ 8 ساعات بتوع الشغل ولاّ بيتُعتبر وقت إضافي؟
4291	طيب، هل قانوناً لازم أروح مكتب العمل وأخليهم يوافقوا على الاستقالة بتاعتي بعد ما أقدمها؟ (تركيز على الجانب النظامي والإلزام)؟
4038	يعني طيب، الفلوس دي ليها علاقة بسّن الموظف؟ يعني لو ساب الشغل بعد مرور سن معين، يأخذها؟ ولا هي بس للّي بيمشّوا غصب عنهم؟
2151	لو سمحت، الجزء اللي اتبقى لي من مرتبي اللي ما صرفتوش، بيروح كده على الشركة ولا هيرجع لي في مرتب السنة الجديدة؟
333	لو سمحت، لو اشتغلت 6 أيام في الأسبوع من غير فاصل، يبقى ليا كام ساعة راحة أسبوعية؟
4477	طيب، هو صاحب الشغل ملزم بتوفير إجراءات وقاية للعامل اللي عنده ولا لأ؟ ولو ملزم، القانون بينص على إيه بالظبط؟
2343	لو سمحت، طيب لو حصل لخبطة في حساب المرتب من طرف الشركة، ينفع نصلح الغلط ده بعد مرور كده؟ وما هو اللي بيقوله الشرع في الموضوع ده؟
2974	ممكن أعرف ماذا هيا المستندات الرسمية اللي المفروض أجهزها عشان أستحق المعاش؟ وهل فيه زمن انتظار عقب التقاعد لحد ما المعاش يبدأ؟ (تركز على المستندات اللازمة وفترة الانتظار)؟
4859	بالنسبة لواحد عنده 14 سنة، ينفع يشتغل ولا لأ؟ أصل أنا سمعت إن القانون بيسمح بالتدريب من السن ده، بس الشغل الرسمي بعد كده بسنة.
2648	بصراحة، يعني السن القانوني للمعاش هو هو السن اللي يمكن الشركة تمشيني فيه من الوظيفة؟ ولا فيه حاجة تانية؟
1553	العقد ده شرط أساسي يبقى باللغة العربية؟ طب لو شركة أجنبية طرف معانا، ينفع يبقى بلغة تانية غير العربي؟
1002	يعني الست المرضعة لها حق كام فترة راحة إضافية للرضاعة؟
3370	ممكن أعرف في شهور الحمل، من أول شهر كام المفروض الست الحامل متشتغلش نفس كمية الساعات اللي كانت بتشتغلها قبل الحمل؟
582	"يعني الواحد لما يوصل لـ50 سنة شغل، يستحق قد أي يوم إجازة سنوية؟ (تستخدم كلمة ""الواحد"" للإشارة إلى الموظف بشكل عام، وتركز على الاستحقاق).؟"
1397	إيه الفرق بين العقد محدد المدة والعقد غير محدد المدة؟
546	يعني لو اشتغلت في الشركة دي، محتاج اشتغل إيه عدد عمرة عشان استحق إجازة سنوية مدتها شهر كامل؟
5064	يعني لو حد عنده أقل من 15 عمرة، مطلوب يكون معاه ورقة تثبت إنه متعلم أو واخد شهادة عشان يعرف يعمل حاجات معينة؟ (تركز على فكرة وجود ورقة رسمية تثبت التعليم كشرط للقيام بأشياء معينة لمن هم دون الـ 15)؟
538	ممكن أعرف بعد قد إيه سنهة مع الشركة الإجازة السنوية تصير 30 يوم؟
1705	"طيب، يعني لو العامل شايف إن التعديلات اللي في العقد دي مش ماشية معاه، مسموح له يوقف شغله ويعترض؟ (هذه الصيغة تستخدم تعبير ""مش ماشية معاه"" للتعبير عن عدم القدرة على الدوام، وتستخدم مصطلح ""يوقف شغله ويعترض"" بدلا من الاعتصام.)؟"
574	ممكن أعرف الموظف لو وصل سنه الـ50، يأخذ كام يوم سنوية؟
3515	بعد ما الست بتولد، لو رجعت الشغل بدري، إيه حقوقها القانونية في شغلها، وهل ده مضمون في الواقع العملي؟
1373	حسب القانون، عقد العمل في القطاع الخاص ليه كام شكل أو نوع؟
3814	ممكن أعرف القانون ينظم التفتيش والسلامة بشكل دوري؟ كل قد إيه؟
3293	لما موظف يستقيل، محكمة القضاء الإداري بتشتغل بإيه؟ إيه القانون اللي بيطبقوه على موضوع الاستقالة ده تحديدًا؟ (يركز على القانون المحدد الذي يتم تطبيقه)
1267	طيب، قوللي، في السنة كلها، كم يوم إجازة الحكومة بتدفع تمنهم؟
3532	ممكن أعرف ينفع قانونًا الشركة تميّز الحامل بالإيجاب وهي في إجازة ولادة أو عقب ما تخلص إجازتها علطول؟ (هذه الصيغة تركز على الجانب القانوني)؟
4355	طيب، لما الواحد ياخد تعويض، بيحسبوا عدد سنين خدمته من أول كام سنة اشتغلها؟ وإيه هي بقى الضوابط اللي لازم تكون موجودة؟
5133	لو سمحت، بالنسبة للزيادة العمروية اللي هي 3%، دي بتتحط على المرتب الأساسي بتاعي اللي مكتوب في العقد، ولا على المرتب اللي بيحسبوا عليه اشتراكات التأمين؟
1779	لو سمحت، نظام قبض المرتب إيه؟ بتاخدوه كل شهر، كل أسبوع، ولا على قد الشغل اللي اتعمل كل يوم؟
4130	بصراحة، هل فيه أي تغطية من التأمين الصحي للأمراض اللي ممكن الواحد يصاب بيها نتيجة ظروف العمل؟ (تركيز على ظروف العمل)؟
1324	ممكن أعرف لو طلبوا مني أشتغل في يوم إجازة زي عيد الميلاد، ايه المقابل المادي اللي المفروض آخده؟
498	يعني العمرة الأولى بيتاح 15 يوم إجازة، وبعدين في السنة التانية يبقى كام يوم؟
1118	بصراحة، ينفع استبدل الإجازة المرضي بإجازة من رصيدي السنوي؟
4744	ممكن أعرف في حالة وجود أي تقصير أو إهمال في إجراءات السلامة شايفه بيحصل قدامي، مين الشخص أو الجهة اللي أقدر أرفع لها الموضوع ده؟ (تركيز على التقصير والإهمال ورفع الموضوع)؟
3539	"هل فيه مشكلة لو الشركة أدت أفضلية للموظفة اللي لسة والدة، سواء كانت لسة في إجازة الوضع أو رجعت الشغل قريب؟ (هذه الصيغة تستخدم كلمة ""مشكلة"" وتوضح ""أفضلية"" بدلاً من ""تفضل"")"
1960	ممكن أعرف بالظبط كده، لما بيحسبوا مبلغ التأمين، يحصلون على في الاعتبار الفلوس الزيادة اللي بتيجي من العلاوات والحوافز ولا بيحسبوا على المرتب الأساسي بس؟
4919	"بالنسبة للعيال اللي لسه صغيرين ومكملوش 18 سنة، هل فيه قيود على الوقت اللي ممكن يشتغلوه بالنهار؟ (استخدام كلمة ""عيال"" و""الوقت اللي ممكن يشتغلوه"" للتعبير عن ساعات العمل)"
1955	بالظبط كده، لما بيحسبوا مبلغ التأمين، بياخدوا في الاعتبار الفلوس الزيادة اللي بتيجي من العلاوات والحوافز ولا بيحسبوا على المرتب الأساسي بس؟
2715	لو سمحت، عايز أعرف بالتفصيل إزاي بيحسبوا مكافأة نهاية الخدمة؟ سمعت إن فيه نظام معين، نص شهر للسنهة الأولى وشهرين للسنتين اللي بعديها، ممكن توضح لي؟
997	طيب، في أي فترة من شهور الحمل، بيحق للمرأة العاملة إنها تخفف عدد ساعة شغلها بناءً على القانون؟
4584	يعني هل العامل من حقه يقول لأ للشغلانة لو كانت هتعرضه للخطر عشان مفيش إجراءات وقاية أو أدوات سلامة؟
3470	بصراحة، بالنسبة للموظفة اللي بترضع، ساعة الرضاعة دي من ضمن ساعات عملها الأساسية ولا لأ؟
1208	"بصراحة، بالنسبة لإجازة الحج والعمرة، المدة بتاعتها قد إيه؟ ومين بالظبط اللي يقدر ياخد الإجازة دي؟ (تغيير في بداية السؤال واستخدام كلمة ""يقدر"" بدلاً من ""يستحق"")؟"
3578	بصراحة، ماذا اللي اختلف بالنسبة للستات الحوامل في قانون العمل الجديد؟ إيه الجديد ليهم؟
823	طيب، إجازة الوضع للأب (إجازة الوالد عند ولادة الطفل) كم يوم؟
2902	ممكن أعرف لو حد صرف فلوس، ماذا اللي يخليني أقول إن دي مكافأة مش تعويض؟ أو العكس، إيه الفرق اللي بيحدد؟
187	طيب، القانون بيقول إننا المفروض نشتغل كام ساعة في الأسبوع كحد أقصى؟
2316	يعني ممكن الضرايب والتأمين ينزلوا عن الـ 75% من المبلغ الأصلي، ولا ده يعتبر الحد الأقصى اللي ممكن نوصل له؟ (يعكس السؤال بالتركيز على النسبة المتبقية بعد مرور الخصم)؟
5330	بصراحة، طيب، لو حصلت مشكلة في العمل زي عدم اتفاق مع الإدارة أو المرتب اتأخر، ينفع نعمل إضراب؟ أي رأي القانون في موضوع الإضرابات ده؟ (تركيز على المشكلة والحل مع سؤال عن موقف القانون)؟
1415	ممكن تشرح لي الفرق بين نوعين عقود الشغل: عقد بمدة محددة وعقد مفتوح المدة؟
3354	يعني من أنهي شهر في الحمل المفروض الست تبدأ تقلل كم وقت شغلها كل يوم؟
3758	"بصراحة، لو حصلت مشكلة أو حد اتأذى، مين اللي هيتحاسب؟ (تستخدم ""مشكلة"" بدل ""حادث""، و""اتأذى"" بدل ""إصابة""، و""يتحاسب"" للإشارة إلى تحمل العواقب)؟"
2595	لو سمحت، التشريع الجديد بيقول، سن المعاش في شركات الشركات الخاصة بقى كام دلوقتي؟
478	ممكن أعرف قانون العمل بيقول ماذا عن مقدار أيام الإجازة السنوية للناس اللي بتشتغل في شركات خاصة؟
2222	بصراحة، يعني أخر الخصومات اللي مسموح تتخصم من الراتب كام بالظبط؟ إيه الحد الأقصى؟
3349	طيب، الحامل تبدأ تخفف شغلها اليومي من أول شهر كام في الحمل؟
4326	"يعني دلوقتي أنا لو اترفت من الشغل بدون وجه حق، التعويض بيتُعتبر ازاي؟ وهل التشريع حاطط ليميت للتعويض اللي ممكن اخده؟ (استخدام كلمات بديلة مثل ""اترفت"" و ""وجه حق"" و ""ليمت"")؟"
136	ممكن أعرف طبقا للقانون، اليومية بتاعة الوظيفة تتحدد على أساس إيه كم ساعة عمل؟
1150	ممكن أعرف لو عامل خالط مريض معدٍ، ينفع ياخد إجازة حجر صحي كم شهر؟
1485	"لو سمحت، طب فرضنا العقد المؤقت خلص والراجل مِشيِش، العقد بيتقلب عقد دايم لوحده ولا لازم إجراء تاني؟ (استخدام كلمة ""فرضنا"" و ""الراجل مِمشيش"" و""دايم"" بدلا من ""مفتوح"")؟"
3118	"ممكن أعرف ليه لما حد بيسيب شغل بنسمع عن ""استقالة"" و ""إنهاء خدمة""؟ وإيه المعنى النظامي لكل واحدة فيهم، وإمتى الواحد يقدر يختار الطريقة اللي يمشي بيها؟ (هذا السؤال يركز على سبب استخدام المصطلحين في حالة ترك العمل، والمعنى القانوني لكل مصطلح، وحرية اختيار الموظف.)؟"
166	ممكن أعرف الشغل ممكن يوصل لمقدار ساعات فوق من 8 ساعات في اليوم؟ (تركيز على إمكانية وصول عدد الساعات إلى أكثر من 8)؟
3579	لو سمحت، إيه اللي اختلف بالنسبة للستات الحوامل في قانون العمل الجديد؟ إيه الجديد ليهم؟
492	يعني ماذا هو عدد أيام الإجازة اللي من حق أي حد شغال في القطاع الأهلي يستحقها كل سنهة؟
1509	لو سمحت، التعاقد عن بُعد أو بنظام الدوام الجزئي القانون اعترف به؟
1350	يعني بصراحة، أنا عايز أعرف لو اشتغلت في يوم إجازة، ليا حق في يوم بديل ولاّ المفروض آخد فلوس ضعف اليوم؟ أي الصح؟ (التعبير عن الرغبة في معرفة الحق، مع التأكيد على وجود معيار صحيح)؟
2535	لو سمحت، الاشتراكات دي بتتقسم بينهم ازاي؟ يعني العامل بيدفع إيه كم في المية وصاحب الشغل كام في المية؟
3009	لو سمحت، ما هو الحقوق اللي بتدي لصاحب المؤسسة الحق إنه يفصل العامل؟ وهل لازم يستنى حكم المحكمة قبل ما يأخذ القرار ده؟
4321	"طيب لو فصلوني ظلم، أقدر آخد تعويض قد أي؟ مفيش حد أقصى للتعويض ده في القانون ولا إيه؟ (تغيير في ترتيب الكلمات واستخدام ""قد إيه"" بدلاً من ""إزاي"")؟"
1554	يعني العقد ده شرط أساسي يبقى باللغة العربية؟ طب لو شركة أجنبية طرف معانا، ينفع يبقى بلغة تانية غير العربي؟
2334	يعني لو في خطأ من الشركة في صرف المرتب، ممكن يتعدل بعدين؟ القانون إيه؟
930	يعني الست العاملة ترجع وظيفتها عقب إجازة الوضع؟
4205	"إيه يعني ""إستمارة 6"" وإيه وضعها القانوني دلوقتي؟"
2759	أنا عندي واحد شغال في شركة خاصة، وقرب على سن الستين. عاوز أعرف، بعد كده هيقبض إيه؟ هل فيه معاش من الشركة نفسها، ولا كل حاجة بتروح للتأمين؟
1501	طيب، لو العقد اللي مدته معلومة انتهت وأنا مكمل شغل عادي، هل ده بيخليه عقد مفتوح بدون ما نعمل أي حاجة تانية؟ (تغيير في طريقة السؤال عن وجود إجراءات إضافية)؟
2555	إيه هي الطريقة اللي بيتحسب بيها أقل وأعلى مبلغ ممكن يتأمن عليه الواحد؟
4746	يعني هل في لجنة سلامة في كل منشأة كبيرة؟ القانون طلب دا؟
1058	بصراحة، الشركة بتديني كام يوم إجازة مرضية بمرتب كامل لو احتجت؟ (تركيز على سياسة الشركة)؟
1562	بصراحة، هو العقد كده كده لازم يتكتب بالعربي، صح؟ طيب لو الشركة اللي بنتعامل معاها أجنبية، يجوز نكتبه بلغتهم ولا ما هو النظام؟
2644	ممكن أعرف بصفسحة، فيه فرق بين سن الواحد لما يوصل للمعاش وبين السن اللي ممكن فيه عقد شغله ينتهي؟
2751	لو سمحت، طيب، اللي بيشتغل في شركة خاصة، لما يعدي الستين، بياخد معاش منين؟ هل الشركة بتصرف له معاش خاص، ولا التأمين هو اللي بيتولى الموضوع ده؟
4964	بصراحة، لو طالب في المدرسة عايز يشتغل جزئي، الشروط ماذا؟
4155	لو سمحت، في حالة إن حد اتعور عورة كبيرة في الشغل، مين المفروض يدفع له قيمة العلاج والتعويض؟
1018	ممكن أعرف يا ترى الأم اللي بترضع بتاخد كام بريك زيادة في الشغل عشان ترضع البيبي؟
3389	شغل الست الحامل بعد مواعيد العمل الرسمية أو بأجر إضافي، مسموح بيه ولا مخالف للقانون؟ (تغيير في التركيز على نوع العمل)
777	لو سمحت، يا ترى، الموظفين اللي بيشتغلوا في قسم الامتحانات بالجامعة، ليهم قد إيه يوم إجازة للمذاكرة قبل الامتحانات؟ (تركيز على قسم الامتحانات وتحديد الزمن الزمنية)؟
3996	يعني إزاي بيتم حساب مبلغ نهاية الخدمة؟ قصدي، النص شهر عن العمرين الأولى والشهر الكامل عقب كدة بيتحسبوا إزاي بالظبط؟
2515	طيب، الاشتراكات: بتتقسم كام للشغال وكام لصاحب الدوام؟
5385	"لو سمحت، هو القانون بيأمر الشركات بتوفير بيئة عمل كويسة للعاملين، فيها إضاءة كافية وتهوية سليمة، ولا الموضوع ده مش إجباري في القانون؟ (تبسيط اللغة والتركيز على ""إجباري"" أو ""غير إجباري"")؟"
1000	ممكن أعرف في أي زمن من شهور الحمل، بيحق للمرأة العاملة إنها تخفف عدد ساعات شغلها بناءً على القانون؟
2431	"طيب، يعني إيه الفرق من الناحية المشروعة، لو أنا وافقت في العقد على خصم معين، وبين الحد التشريعي للخصومات اللي المفروض ما أتعداهوش؟ (تستخدم ""يعني إيه الفرق"" لتبدأ السؤال بشكل مباشر، وتركز على الفرق من الناحية القانونية).؟"
3038	بصراحة، أفهم من كده إنه لو واحد اتطرد من الشغل فجأة بدون مبرر، يبقى النظام بيقف جنبه؟ مفيش صاحب شغل يقدر يعمل كده بمزاجه؟
4318	ممكن أعرف لو اتفصلت من غير حق، بكسب تعويض إزاي؟ القانون ماحدش سقف التعويض؟
1282	ممكن أعرف بالبلدي كده، إحنا لينا كام يوم إجازة رسمية مدفوعة الأجر في السنهة الواحدة؟
3400	ممكن أعرف إيه وضع الحوامل بالنسبة للشغل الإضافي أو الساعات اللي علاوة على المعدل الطبيعي؟ التشريع المصري بيسمح بكده ولا لأ؟ (تغيير في صياغة السؤال بشكل أكثر رسمية)؟
3495	لو سمحت، لو الست نزلت الشغل على طول بعد مرور ما خلفت، هل الشرع والواقع الوظيفةي بيحموا حقها الوظيفي؟
3520	ممكن أعرف بعد ما الست بتولد، لو رجعت الشغل بدري، إيه حقوقها النظامية في شغلها، وهل ده مضمون في الواقع العملي؟
5207	"""يعني، هل فيه حاجة في القانون تدينا الحق في زيادة المرتب بشكل دوري، وتقريبا تكون بنفس قيمة الـ 3% اللي اتقررت قبل كده؟"" (هذا السؤال يسأل عن الحق القانوني في الزيادة الدورية وبقيمة مماثلة)."
659	بالنسبة للناس اللي شغلهم فيه نسبة خطورة عالية زي شغل الكيماويات أو التعدين، بياخدوا كام يوم إضافي على رصيد إجازاتهم السنوية؟ (توضيح أن الإجازة الإضافية مرتبطة بالرصيد السنوي)
1181	إجازة الحج والعمرة كام شهر ومين يستحقها؟
5287	طيب، الشرع نص على حق العمال في تكوين نقابات والانضمام ليها بحرية؟
3402	يعني لو واحدة حامل شغالة، هل ينفع صاحب الشغل يشغلها وقت زيادة أو إضافي ولا ده ممنوع بالقانون؟ (تغيير في التركيز على مسؤولية صاحب العمل)؟
708	يعني بالظبط كده، الموظف يقدر ياخد كام يوم في السنة إجازة تحت بند الظروف الطارئة، زي مناسبة مفاجئة أو حاجة حصلت فجأة؟
4528	ممكن أعرف فيه إلزام بوجود حد زي طبيب الشركة أو مسعف جوه المنشأة ولا لأ؟
2399	إيه هو الحد المسموح به قانونًا لو الشركة خصمت من مرتبي مقابل الأدوات أو الملابس اللي بستعملها في الشغل؟ (تركيز على الحد القانوني واستخدام المعدات في الشغل)
4595	طب فرضاً العامل مطلوب منه شغل ممكن يضره عشان مفيش أدوات أمان، هل ده يخليه مش ملزم يشتغل الشغل ده؟
174	يعني أد إيه عدد ساعات الوظيفة الرسمية في كل أسبوع؟
5285	القانون نص على حق العمال في تكوين نقابات والانضمام ليها بحرية؟
2108	بصراحة، لو فيه تأخير في قبض المرتب من الوظيفة، التشريع بيحدد مدة سماح قد إيه قبل ما أقدر أشتكي؟
3531	لو سمحت، ينفع قانونًا الشركة تميّز الحامل بالإيجاب وهي في إجازة ولادة أو عقب ما تخلص إجازتها علطول؟ (هذه الصيغة تركز على الجانب التشريعي)؟
2017	طيب، ينفع يتشال أكتر من 25% من الراتب؟
170	بصراحة، فيه احتمال إني أشتغل ورديات أطول من 8 ساعة باليوم الواحد في الشغل ده؟ (تركيز على الوردية و طولها)؟
3151	طيب، هل في إجراءات معينة ضروري أعملها قبل ما أقول إني رجعت في كلامي عن الاستقالة؟ وياترى النظام بيسمحلي أرجع في الاستقالة دي لحد مدة قد إيه؟ (هذا السؤال يركز على الإجراءات المطلوبة ويسأل عن المدة التي يسمح بها القانون).؟
4042	ممكن أعرف طيب، الفلوس دي ليها علاقة بسّن الموظف؟ يعني لو ساب الشغل بعد سن معين، ياخدها؟ ولا هي بس للّي بيمشّوا غصب عنهم؟
3320	"بصراحة، يعني لما يقولوا محكمة عمل، معناها بتنظر في قضايا ما هو بالظبط؟ ولو حصل معايا مشكلة في شغلي واترفدت، أقدر أشتكي هناك على طول ولا لازم واسطة من الحكومة الأول؟ (تستخدم كلمة ""تشتكي"" بدلاً من ""أروح المحكمة"" وتضيف فكرة ""الواسطة"")؟"
2251	طيب، لو الشركة عملتلي كورسات ودفعتلي فلوسها، وفي العقد مكتوب إني لو سبتهم قبل مدة خاصة هرجع الفلوس دي، القانون بيسمح بكده ولا لأ؟ (يركز على أن الشركة هي التي دفعت تكاليف الكورسات).؟
5030	بصراحة، هل فيه أي مانع إن الشباب الصغير اللي أعمارهم بين 15 و 17 عمرة، يشاركوا في مبادرات مجتمعية أو مشاريع ناشئة؟ (تركيز على وجود موانع والمبادرات)؟
3073	"طيب، لو الاستحددة كانت بسبب ظروف صعبة، ينفع الواحد يلغيها عقب ما قدمها؟ ولا الاستقالة كده تعتبر رسمية ومش هينفع يعمل حاجة؟ (تستخدم ""ظروف صعبة"" بدلاً من ""ضغوط"" وتركز على الرسمية)؟"
303	لو سمحت، يعني المفروض نشتغل كام ساعة قبل ما ناخد بريك؟
5379	"لو سمحت، طبقا لقانون الدوام، هل الشركات مجبرة إنها تلتزم بمعايير معينة للنضافة والأمان في مكان المؤسسة، زي مثلاً وجود إضاءة كافية وتهوية مناسبة؟ (استخدام مصطلحات أكثر رسمية مثل ""معايير"" و""مكان الشغل"")؟"
325	طيب، بعد ستة أيام شغل ورا بعض، المفروض آخد راحة قد ماذا في الأسبوع؟
3208	ممكن أعرف يعني لو كسبت قضية وخدت تعويض، ممكن قيمة التعويض دي متزيدش عن حد معين عشان القانون عامل زي سقف كده؟
3564	يعني إيه الحاجات اللي بتميز حقوق الستات الحوامل في قانون الشغل الجديد؟
411	لو سمحت، هل فيه إمكانية إن شغل يوم الأحد يكون بديل للإيجار اللي بيدفعوه كل أسبوع؟ ماذا اللي بيقوله القانون في الموضوع ده بالتحديد؟
3000	يعني تحت أي ظروف يقدر رب العمل يسرح العامل اللي عنده؟ وهل ضروري يبقى فيه حكم من المحكمة عشان التسريح ده يبقى قانوني؟
1176	يعني السؤال: لو فيه واحد بيشتغل في مصنع وبيخلط حاجات، وعنده مرض بينتشر، يقعد في الحجر كم شهر لحد ما يبقى كويس؟
4043	هو لو حد مشي من الشغل بمزاجه بعد العمر ده، ياخد مستحقاته دي ولا لأ؟ المستحقات دي مرتبطة بالاستقالة ولا الفصل؟
4270	ممكن أعرف ليه ما قدرتش أصبر عشر أيام؟ هو فيه قانون بيحدد المدة اللي ممكن الواحد يرجع فيها عن استحددته؟ يا ترى المدة دي كم يوم؟ (هذه الصيغة تتساءل عن سبب عدم الصبر وتسأل بشكل مباشر عن المدة المحددة قانونًا)؟
1957	طيب، بالظبط كده، لما بيحسبوا مبلغ التأمين، بيأخذوا في الاعتبار الفلوس الزيادة اللي بتيجي من العلاوات والحوافز ولا بيحسبوا على المرتب الأساسي بس؟
5500	ممكن أعرف هو القانون الجديد ده هيقضي على التمييز في المرتبات بين الرجالة والستات اللي بيشتغلوا نفس الشغل؟ (التركيز على القضاء على التمييز كهدف للقانون)؟
1841	آخر قرار بخصوص الحد الأدنى للمرتبات في شغل القطاع الخاص كان كام؟
459	لو سمحت، فيه أيام الدولة بتديها لينا إجازة، زي يوم الجمعة. يا ترى، الإجازات دي بتعتبر جزء من أيام العمل الأسبوعية ولاّ لا تدخل في حساب الأسبوع أصلاً؟ (تركيز على البساطة والوضوح)؟
2347	طيب، لو الشركة غلطت وهي بتديني مرتبي، فيه إمكانية أعدل المبلغ ده في وقت لاحق؟ وإيه حقوقي قانونًا في الحالة دي؟
4549	طيب، مين الجهة اللي بتتكفل بمصاريف علاج العامل وبتعوضه لو اتعرض لإصابة أو حادثة في المؤسسة؟
133	طيب، طبقا للقانون، اليومية بتاعة الشغل تتحدد على أساس كام ساعة عمل؟
1232	"بصراحة، ""علشان الواحد يأخذ تصريح إجازة حج من العمل، لازم يكون مستوفي شروط معينة؟ زي إيه الشروط دي بالظبط؟ ليها علاقة بسن الموظف أو مدة خدمته في الشركة؟""؟"
2185	"طيب، إيه هو المعدل اللي بيضربوا فيه الأجر بتاعي لما اشتغل ساعات زيادة، وهل المعدل ده ثابت بالنهار والليل ولا بيختلف؟ (تركيز على مفهوم ""المعدل"" المستخدم في الحساب)؟"
5229	لو سمحت، طب لو الإدارة قررت متنزلش زيادة في المرتبات، ده يعتبر تجاوز للقانون ولا حقهم في اتخاذ القرارات؟
518	بصراحة، لو أول سنة شغلك ليك فيها 15 يوم إجازة، فالسنة اللي وراها هتاخد كم يوم إجازة؟
4860	يعني بالنسبة لواحد عنده 14 سنة، ينفع يشتغل ولا لأ؟ أصل أنا سمعت إن القانون بيسمح بالتدريب من السن ده، بس الشغل الرسمي عقب كده بسنة.؟
1701	"لو سمحت، بص، لو الشغلانة بقت صعبة على العامل بسبب تغييرات العقد، يقدر يعمل وقفة احتجاجية؟ (هذه الصيغة تستخدم كلمات أكثر عامية، وتستبدل ""الاعتصام"" بـ ""وقفة احتجاجية"".)؟"
1170	يعني لو فيه موظف شغلته خلط مواد، واتصاب بمرض معدي، المفروض يعمل حجر صحي لمدة أد إيه شهر؟
109	طيب، الشركةانة المفروض الواحد يشتغلها في اليوم بتاخد كام ساعة حسب التشريع؟
4935	لو سمحت، يا ترى الشرع بينص على أي بخصوص منع شغل القصّر في الليل أو في الشغل اللي فيه خطر؟
4933	طيب، يا ترى الشرع بينص على إيه بخصوص منع شغل القصّر في الليل أو في الشركة اللي فيه خطر؟
2816	بصراحة، طيب، هل فيه إمكانية الواحد يختار معاد التقاعد بتاعه بمزاجه؟ ولو فيه، إيه الخطوات اللي المفروض يعملها؟
1999	طيب، لو عليا فلوس وبسدّدها من مرتبي، أو واخد سُلفة، أقدر أدفع منها أد إيه في الشهر كحد أقصى؟
1162	ممكن أعرف فرضًا إن فيه عامل بيشتغل شغلانة فيها خلط، وجاله مرض بيعدي، يبقى من حقه يستحق قد إيه شهر إجازة مرضية عشان يعزل نفسه؟
4023	لو سمحت، ممكن تفهمني طريقة حساب مكافأة نهاية الخدمة؟ يعني النص شهر عن السنين اللي قضيتها في الأول والشهر الكامل عقب كده، بيتُحسبوا بناءً على ماذا؟
2797	طيب، لو موظف طلع على المعاش واشتغل في شغلانة تانية مش متسجلة في التأمينات، ده يأثر على ما هو؟
1380	يعني كم نوع من عقود الوظيفة مُعترف بيه قانونًا لما تشتغل في شركة خاصة؟
4310	بصراحة، هل فيه أي لازمة أو ضرورة إني أعدي على مكتب الدوام بعد ما أستقيل، ولا الموضوع بيخلص بيني وبين الشركة بس؟ (تركيز على المقارنة بين التعامل مع الشركة ومكتب العمل)؟
3121	"طيب، ماذا السبب في إننا بنستخدم كلمتين مختلفتين زي ""الاستنصة"" و""إنهاء الخدمة"" لما حد بيسيب العمل؟ وإزاي القانون بيتعامل مع كل واحدة فيهم؟ وهل الموظف دايمًا بيكون عنده حرية الاختيار بين الطريقتين؟ (هذا السؤال يركز على سبب استخدام كلمتين مختلفتين، وكيف يتعامل القانون مع كل منهما، وما إذا كان الموظف لديه دائمًا حرية الاختيار.)؟"
2793	لو سمحت، لما واحد يخلص شغله ويحصل على معاشه، وبعدين يلاقي شغل تاني بس مش متأمن عليه، ماذا اللي بيترتب على كده؟
4534	ممكن أعرف في حالة حادث أو إصابة عمل، مين بيتحمل العلاج والتعويض؟
229	طيب، هل وقت الفسحة اللي بناخده في العمل، سواء للغدا أو غيره، بنعتبره من ضمن مدة الشغل اللي هي 8 ساعات؟
1931	معلش، ممكن توضيح بسيط؟ الزيادة السنوية اللي بنسمع عنها، الـ 3% دي، محسوبة على الراتب الأساسي اللي بيطلع بيه الرقم بتاع التأمين، ولا على الراتب التاني اللي بنستلمه في إيدينا؟ (تركيز على التوضيح والتبسيط مع إشارة إلى الاستلام الفعلي)
2574	يعني مين المسؤول عن تحديد أقل وأعلى قيمة للأجور اللي بيتخصم منها اشتراكات التأمين، وبيعملوا كده على أساس ماذا؟
4426	ممكن أعرف محكمة العمل الجديدة بتشتغل إزاي لو فرضًا اتفصلت؟ ليه حالًا حق أروح المحكمة بدون موافقة الحكومة؟
3487	طيب، بعد الولادة لو رجعت شغلها بسرعة الشرع بيدّي الحق الواقع الوظيفي يضمن كده؟
3453	لو سمحت، فترات الرضاعة ضمن محسوبة ضمن ساعات العمل ولا مش محسوبين؟
2530	ممكن أعرف بالنسبة للاشتراكات، العامل بيتحمل جزء أد إيه منها وصاحب الشغل بيتحمل الجزء الباقي؟ عايزين نعرف توزيع المساهمات بالضبط.؟
1648	ممكن أعرف هل الشرع بيشترط إننا نمضي العقد قدام موظف في مكتب الدوام أو أي جهة حكومية تانية ولا ده مش إجباري؟
4820	بصراحة، الحد الأدنى لسنه الوظيفة كام سنة في مصر؟
3822	يعني فيه قانون بينظم مواعيد التفتيش على السلامة؟ يعني التفتيش ده بيتعمل كل وقت زمنية معينة؟ الفترة دي أد إيه؟ (تركيز على وجود قانون ينظم المواعيد)؟
179	الشغل المفروض نشتغله في الأسبوع كام ساعة حسب القانون؟
2481	لو سمحت، لازم صاحب العمل يشترك في التأمين الاجتماعي من أول يوم عمل؟
2012	بصراحة، هل مسموح يخصم أكثر من ربع المرتب؟
2815	طيب، هل فيه إمكانية الواحد يختار معاد التقاعد بتاعه بمزاجه؟ ولو فيه، إيه الخطوات اللي المفروض يعملها؟
432	يعني بالبلدي كدة، لما الحكومة بتدينا إجازة في يوم معين زي يوم الجمعة، الإجازة دي بتدخل ضمن حساب أيام شغل الأسبوع ولا لأ؟ (تركيز على اللهجة العامية)؟
5509	طيب، لو الواحد اتظلم في شغله، يروح يرفع شكواه لمين؟ لوزارة القوى العاملة ولا المحكمة؟
2082	يعني لو صاحب الشغل اتأخر في صرف المرتب كام يوم، القانون ذكر إيه؟
480	يعني لو واحد شغال في شركة خاصة، ماذا عدد أيام الإجازة اللي المفروض يأخذها في السنة؟
4285	طيب، لو سبت الشغل، لازم ختم أو موافقة من مكتب الشغل عشان الاستقالة تبقى تمام؟ (تركيز على الموافقة الرسمية)؟
5179	طيب، هل في فرضية قانونية لضمان زيادات سنوية (زي ما حصل حكم 3%)؟
3419	إيه حقوق الأم العاملة اللي بترضع طفلها في قانون العمل من ناحية عدد ساعات الشغل أو وقت الرضاعة المخصص ليها في اليوم؟
4557	لو سمحت، في حالة وقوع حادث أو إصابة أثناء الوظيفة، على مين تقع مسؤولية تغطية العلاج والتعويضات المستحقة؟
5517	لو سمحت، في حالة حقوقك مضاعت في الشغل، إيه الجهة اللي ممكن الواحد يلجأ ليها؟ وزارة العمل ولا القضاء؟
4688	بصراحة، هو القانون محدد إزاي إجراءات السلامة في الشركة والكشف الدوري على صحة العمال ولا سايبها كده؟
1824	يعني يمكن آخد المرتب بتاعي كله فلوس مباشرة من غير ما يتحط في البنك؟ ولا ده إجباري؟
607	طيب، الأشخاص أصحاب الإعاقة بيستحقوا كام يوم إجازة سنوية؟
5459	هل صاحب الشغل في مصر عليه أي مسؤولية قانونية إنه يواجه التحرش في مكان الشغل، ويضمن إن اللي بيبلغ عن التحرش اسمه ما يظهرش؟
3134	بصراحة، هل لازم أبلغ قبل ما أرجع في استحددتي؟ ويا ترى القانون محددلي مدة معينة عشان أقدر أتراجع عن الاستقالة ولا لأ؟ (هذا السؤال يستخدم كلمات أكثر تفصيلاً ويسأل بشكل مباشر عن وجود فترة محددة).؟
981	لو سمحت، من أنهي مرحلة في الحمل، النظام بيسمح للمرأة العاملة بإنها تشتغل كمية ساعات أقل في اليوم الواحد؟
3355	طيب، من أنهي شهر في الحمل المفروض الست تبدأ تقلل عدد ساعات شغلها في اليوم؟
2657	عامل فوق سن الستين ينفع يتبقاله مكافأة نهاية الخدمة؟
4833	"لو سمحت، الشرع المصري بيسمح للعيال تشتغل من سن كم بالظبط؟ (تستخدم كلمة ""العيال"" و ""بالظبط"" للتعبير عن الاستفسار بطريقة عامية وأكثر مباشرة)؟"
809	"بالظبط كده: لو الواحد واخد إجازة للمذاكرة في فترة الامتحانات، بيتحسب عليه من إجازته العادية ولا بتكون إجازة خاصة مش بتأثر على الرصيد؟ (تقديم توضيح إضافي: ""فترة الامتحانات"" بدل ""أيام الامتحانات"",  ""إجازته العادية"" بدل ""الرصيد السنوي"" واستخدام ""إجازة خاصة مش بتأثر على الرصيد"")"
3323	"إيه القضايا اللي ممكن محكمة العمل الجديدة دي تحكم فيها؟ ولو صاحب الشغل مشيني، هل عندي الحق أرفع قضية هناك بشكل مباشر، ولا فيه إجراءات تانية لازم أعملها قبل ما أروح؟ (تستخدم كلمة ""أرفع قضية"" بدلاً من ""أروح المحكمة"" وتضيف فكرة ""إجراءات تانية"")"
496	ممكن أعرف إيه هو عدد أيام الإجازة اللي من حق أي حد شغال في القطاع الخاص ياخدها كل سنهة؟
4148	بصراحة، لو موظف اتأذى جامد وهو في الشغل، مين اللي بيدي له فلوس العلاج والتعويض اللي يستحقها؟
4869	لو سمحت، يعني اللي عنده 14 سنة، ممكن يشتغل شغلانة بفلوس ولا لازم يكون أكبر من كده؟ القانون بيقول ماذا بالظبط عن الموضوع ده؟
143	ينفع الشركة تطلب مني أشتغل فوق الـ 8 ساعات في اليوم الواحد؟ (تركيز على إمكانية الطلب من الشركة)
4533	لو سمحت، في حالة حادث أو إصابة عمل، مين بيتحمل العلاج والتعويض؟
3190	ممكن أعرف فرضًا أنا سيبت الشركة وقدمت استقالتي، بس الإدارة رفضت تمشيها، كده يعتبروني لسه شغال ولا إيه بالظبط؟ (تركيز على الحالة الوظيفية)؟
5457	لو سمحت، بصراحة، صاحب الشغل ملزوم ولا لأ يعمل كل اللي يقدر عليه عشان يمنع التحرش في الشغل، ولو حد اشتكى ماحدش يعرف عنه حاجة؟
3639	"لو سمحت، ""قانون سنة 2025 اللي بيحارب التمييز بسبب الحمل ده، بيستهدف منع التمييز في إيه بالظبط؟""؟"
1477	طيب، لو العقد اللي ليه مدة معينة انتهى والعمل استمر عادي، كده العقد يبقى مفتوح على طول ولا إيه؟ (تغيير في التعبير عن الاستمرار والتلقائية)؟
1879	طيب، هو المرتبات واجب تزيد كل سنة غصب عن الشركة ولا لأ؟ ولو الكلام ده صح، نسبة الزيادة اللي القانون بيحددها أي عدد؟ (تركيز على إجبارية الزيادة ونسبة القانون)؟
2826	يعني سؤالي هو، هل العامل عنده الحق يختار سنه التقاعد اللي يناسبه؟ ولو ده متاح، أي هي الآلية اللي بتسمحله بكده؟
1163	بالذمة، لو فيه صنايعي بتاع خلطة عيان بمرض ممكن يتنقل للناس، يبقى إجازة العزل بتاعته تبقى قد إيه بالظبط؟ كام شهر يعني؟
1777	طيب، نظام قبض المرتب ماذا؟ بتاخدوه كل شهر، كل أسبوع، ولا على قد الوظيفة اللي اتعمل في اليوم؟
5417	"بصراحة كده، هل قانون العمل المصري فيه بند واضح وصريح بيجرم ويعاقب على التنمر والتحرش في أماكن الشغل؟ (هذه الصياغة أكثر مباشرة وتستخدم تعبيرات مثل ""بصراحة كده"")."
2972	بصراحة، إيه هيا المستندات الرسمية اللي المفروض أجهزها عشان أستحق المعاش؟ وهل فيه فترة انتظار بعد مرور التقاعد لحد ما المعاش يبدأ؟ (تركز على المستندات المطلوبة وفترة الانتظار)؟
3278	بصراحة، بالبلدي كده، لما واحد يستقيل، محكمة القضاء الإداري بتطبق قانون إيه بالظبط؟ إيه القانون اللي بيحكم الاستقالة دي؟ (تعبير بسيط ومباشر)؟
830	بصراحة، يا ترى الأب بيأخذ ماذا عدد يوم إجازة لما مراته تولد؟ (تعبير عامي أكثر، يسأل عن المدة بشكل غير رسمي)؟
3042	يعني بالبلدي كده، مينفعش صاحب العمل يمشي حد من غير ذنب؟ التشريع بيسمح بحاجة زي دي ولا بيحمي العامل من الظلم ده؟
365	ينفع أطلب إجازة يوم في الأسبوع الواحد بفلوسها؟
5103	لو سمحت، يعني القانون بيوجب على الشركات تزود المرتبات كل سنة بحد أدنى كام؟
245	القانون بيقول ناخد فترة راحة (غداء) كام ساعة في اليوم؟
1982	بصراحة، يعني أقصى مبلغ يمكن يتخصم من مرتبي كام، شامل بقى سُلف أو أقساط أو أي حاجة تانية؟
1699	"طيب، بص، لو الشغلانة بقت صعبة على العامل بسبب تغييرات العقد، يقدر يعمل وقفة احتجاجية؟ (هذه الصيغة تستخدم كلمات أكثر عامية، وتستبدل ""الاعتصام"" بـ ""وقفة احتجاجية"".)؟"
2303	هل فيه أمل نسبة الخصم من الضرايب والتأمين تزيد عن الـ 25% دي، ولا كده آخرها؟ (يركز على وجود أمل في زيادة الخصم)
298	ممكن أعرف عقب شغل مدته قد إيه لازم نفصل ونريح أعصابنا؟
4277	لو قدمت استقالتي، لازم أصل مكتب العمل أو الجهات الإدارية يصدقوا عليها؟
731	الإجازة اللي بناخدها في الوقت ده: هل هي جزء من الإجازة السنوية بتاعتنا، ولا دي حاجة تانية غيرها؟
4870	ممكن أعرف يعني اللي عنده 14 سنهة، يجوز يشتغل شغلانة بفلوس ولا مفروض يكون أكبر من كده؟ النظام بيقول إيه بالظبط عن الموضوع ده؟
619	طيب، ماذا وضع الناس اللي عندهم ظروف خاصة من ناحية الإجازات السنوية؟ يعني كام يوم المفروض يحصل علىوا في السنة؟
1594	ممكن أعرف العقد ده مطلوب يتفي حاجات أساسية عشان يبقى معترف بيه، زي المرتب وكل التفاصيل اللي مينفعش ننساها؟ (تركيز على الاعتراف النظامي وأهمية التفاصيل)؟
1012	ممكن أعرف بالنسبة للأم اللي بترضع طفلها، القانون بيديها أد إيه وقت زيادة تستريح فيه عشان الرضاعة؟
2047	طيب، مين بيحسب المرتب ويصرفه، والضرائب والتأمين من عليه؟
4358	بصراحة، طيب، لما الواحد يأخذ تعويض، بيحسبوا كمية سنين خدمته من أول كام سنة اشتغلها؟ وماذا هي بقى الضوابط اللي لازم تكون موجودة؟
1440	يعني أقصى مدة لعقد التجربة بتكون قد أي بالظبط؟ (بيسأل عن الحد الأقصى لعقد التجربة بشكل مباشر ومحدد)؟
816	"يعني سؤال مهم: لما يكون فيه امتحانات وأنا محتاج آخد إجازة عشان أذاكر، هل دي بتعتبر إجازة رسمية بتتخصم من رصيدي العمروي ولا إيه نظامها بالظبط؟ (تقديم مقدمة ""سؤال مهم""، استخدام ""إجازة رسمية"" بدلاً من ""إجازة دراسية""، ""إيه نظامها بالظبط"" لإضافة توضيح.)؟"
740	بصراحة، هل الإجازات اللي بنحصل عليها دلوقتي محسوبة من الإجازة السنوية اللي بنستحقها كل سنة ولا ليها حسابات مختلفة؟
776	بصراحة، يا ترى، الموظفين اللي بيشتغلوا في قسم الامتحانات بالجامعة، ليهم كام يوم إجازة للمذاكرة قبل الامتحانات؟ (تركيز على قسم الامتحانات وتحديد الزمن الزمنية)؟
4954	ممكن أعرف الشرع بيوضح إيه بخصوص منع الأطفال من الشغل بالليل أو في أعمال فيها خطورة عليهم؟ عايزين نعرف التفاصيل.؟
3925	"طيب، هو صاحب الشغل ملزوم قانونًا يكشف على صحيفة الحالة الجنائية بتاعة العمال عشان يحافظ على الأمان ولا لأ؟ (تغيير في الكلمات والتعبير عن ""الفحص"" بـ ""يكشف على"").؟"
5325	لو سمحت، لو في خلاف وظيفي أو تأخر مرتب، ممكن نشتغل إضراب؟ الشرع ذكر إيه عن الإضراب؟
1872	يعني فيه قانون بيفرض زيادة مرتبات كل سنة؟ ولو فيه، الشرع ده بيقول الزيادة لازم تكون كم في المية بالظبط؟ (تغيير كبير في التركيب مع الحفاظ على المعنى)؟
3406	ممكن أعرف لو واحدة حامل شغالة، هل ينفع صاحب الشغل يشغلها وقت زيادة أو إضافي ولا ده ممنوع بالقانون؟ (تغيير في التركيز على مسؤولية صاحب الوظيفة)؟
3441	لو سمحت، الست اللي بتشتغل وبترضع طفلها، النظام بيقول إيه عن عدد ساعات شغلها اليومية وحقوقها في أوقات مخصصة للرضاعة؟
3113	"ليه لما حد بيسيب شغل بنسمع عن ""استقالة"" و ""إنهاء خدمة""؟ وإيه المعنى القانوني لكل واحدة فيهم، وإمتى الواحد يقدر يختار الطريقة اللي يمشي بيها؟ (هذا السؤال يركز على سبب استخدام المصطلحين في حالة ترك العمل، والمعنى القانوني لكل مصطلح، وحرية اختيار الموظف.)"
388	ممكن أعرف، ينفع آخد يوم أجازة بأجر كامل كل أسبوع ولا لأ؟
2342	بصراحة، طيب لو حصل لخبطة في حساب المرتب من طرف الشركة، ينفع نصلح الغلط ده بعد كده؟ وما هو اللي بيقوله الشرع في الموضوع ده؟
372	يعني فيه إمكانية إني أغيب يوم إيه كميةل كل أسبوع و المرتب بتاعي مينقصش؟
3915	لو سمحت، هل الموظف اللي بيتضرر ويبلغ عن اللي حصله بيكون في أمان من أي إجراءات تأديبية أو عقابية من صاحب العمل؟ الشرع بيوفرله الحماية المطلوبة؟
2256	يعني أنا دخلت تدريب تبع الشركة، بس خايف أمشي بعد كده عشان العقد بيقول إني هرجع تمن التدريب لو استقلت. إيه اللي القانون بيقول عليه في حالة زي دي؟ (يعبر عن القلق بشأن الاستقالة المحتملة).؟
5065	طيب، لو حد عنده أقل من 15 سنهة، ضروري يكون معاه ورقة تثبت إنه متعلم أو واخد شهادة عشان يعرف يعمل حاجات معينة؟ (تركز على فكرة وجود ورقة رسمية تثبت التعليم كشرط للقيام بأشياء معينة لمن هم دون الـ 15)؟
5025	لو سمحت، ممكن الأطفال اللي داخلين في مرحلة المراهقة، يعني اللي عمرهم من 15 لـ 17، ياخدوا دور في مشاريع تنموية أو يشتغلوا شغل تطوعي يخدم الناس؟ (توضيح للمرحلة العمرية وأنواع المشاركة)؟
1597	طيب، هل فيه متطلبات قانونية معينة ضروري تتضاف في العقد، زي المرتب وكل البيانات الضرورية عشان العقد يبقى تمام؟ (تركيز على المتطلبات المعتمدة وتمام العقد)؟
573	لو سمحت، الموظف لو عدّى عمر الـ50، ياخد كام يوم سنوية؟
4979	بالنسبة لواحد لسه بيدرس في مدرسة ونفسه يشتغل كام ساعة في اليوم، إيه هي الحدود المسموحة؟
2829	لو سمحت، سؤالي هو، هل العامل عنده الحق يختار سن التقاعد اللي يناسبه؟ ولو ده متاح، إيه هي الآلية اللي بتسمحله بكده؟
1845	لو سمحت، آخر قرار بخصوص الحد الأدنى للمرتبات في شغل القطاع الخاص كان كام؟
2375	لو الشركة قررت تخصم تمن العدة أو لبس الشغل من مرتبي، إيه أقصى مبلغ ممكن يتخصم؟ (تركيز على أقصى مبلغ)
2903	ببساطة كدة، المكافأة دي حاجة والتعويض ده حاجة تانية خالص، صح؟ طيب إيه الفرق اللي بينهم علشان أفهم؟
925	"طيب، في شغله، الراجل ليه الحق في قد ما هو إجازة ولادة؟ يعني يقدر يحصل علىها كام مرة في حياته الوظيفية؟ (تقسيم السؤال إلى جزأين لتوضيح المعنى، واستخدام ""حياته الوظيفية"" كمرادف لـ ""حياته المهنية"")؟"
4716	يعني لو فيه مشاكل في الأمان اكتشفتها في الشغل، أروح أشتكي لمين عشان الموضوع يتصلح؟ (تركيز على الشكوى والتصليح)؟
5292	يعني التشريع بيدي العمال الحق يعملوا نقابات وينضموا لها من غير قيود؟ (تعبير أبسط وأكثر مباشرة)؟
2681	فيه مشكلة قانونية لو صاحب شغل صرف مكافأة نهاية خدمة لواحد عامل عنده فوق الستين؟ ولا ده حقه ومفيش كلام؟
5058	يعني يجوز طفل عنده أقل من 15 سنة يلاقي فرصة كويسة من غير ما يكون معاه شهادة تثبت تعليمه؟ (تركز على فكرة الفرص المتاحة لمن هم دون الـ 15 بغض النظر عن الشهادة)؟
955	طيب، لو واحدة شغالة أخدت إجازة وضع، مطلوب يرجعوها شغلها تاني بعد الإجازة ولا ينفع يغيروا شغلها أو يمشوها؟
2769	لو سمحت، اللي خرج على المعاش عقب اشتغل في جهة بس مش في التأمين، ماذا اللي بيحصل؟
1003	طيب، الست المرضعة لها حق كام فترة بريك إضافية للرضاعة؟
3866	بصراحة، يعني النظام بيحمي الناس من التحرش الجنسي في الشركة ولا الموضوع ده مالوش تغطية قانونية؟
3472	ممكن أعرف بالنسبة للموظفة اللي بترضع، ساعات الرضاعة دي من ضمن ساعات عملها الأساسية ولا لأ؟
367	طيب، ينفع أطلب إجازة يوم في الأسبوع الواحد بفلوسها؟
4671	لو سمحت، هل فيه مسؤولية قانونية على صاحب الشغل إنه يمن ضمن بيئة عمل آمنة وخالية من التحرش لكل العاملين عنده؟ (هذا السؤال يركز على المسؤولية حسب النظام لصاحب العمل وتوفير بيئة عمل آمنة)؟
1998	يعني لو عليا فلوس وبسدّدها من مرتبي، أو واخد سُلفة، أقدر أدفع منها كم في الشهر كحد أقصى؟
967	طيب، الست في الحمل تاخد تخفيض في ساعات العمل من امتى؟
4740	يعني في حالة وجود أي تقصير أو إهمال في إجراءات السلامة شايفه بيحصل قدامي، مين الشخص أو الجهة اللي أقدر أرفع لها الموضوع ده؟ (تركيز على التقصير والإهمال ورفع الموضوع)؟
4221	"لو سمحت، ايه المقصود بـ ""الاستمارة رقم 6""؟ ولوقتي القانون بيتعامل معاها إزاي؟ (تستخدم ""المقصود"" و ""التعامل"" للتعبير عن نفس المعنى بطريقة مختلفة)؟"
4459	طيب، صاحب الشغل عليه يوفر وسائل حماية وقاية للعاملينين؟ القانون حدد إيه؟
2690	بصراحة، يعني لو واحد سنه كبير شوية (فوق الستين) واشتغل فترة وبعدين مشي، المفروض ياخد مكافأة نهاية خدمة ولا عشان سنه كبير مياخدش؟
2393	لو الشركة طلبت مني أدفع تمن العدة أو لبس الشغل عن طريق الخصم من المرتب، إيه الحقوق بتاعتي وإيه المبلغ اللي المفروض أرفض إنه يتخصم؟ (تركيز على الحقوق والمبلغ المرفوض)
1140	يعني ممكن أقدم طلب علشان الإجازة المرضي دي تتحول لإجازة من الرصيد بتاعي العادي بتاع كل سنة؟
4836	"يعني علشان الواحد يشتغل شغلانة في مصر، لازم يكون عنده كام سنة على الأقل؟ (تستخدم عبارة ""علشان الواحد يشتغل شغلانة"" للتوضيح و ""على الأقل"" للتأكيد على الحد الأدنى)؟"
3325	"طيب، إيه القضايا اللي ممكن محكمة الوظيفة الجديدة دي تحكم فيها؟ ولو صاحب الشغل مشيني، هل عندي الحق أرفع قضية هناك بشكل مباشر، ولا فيه إجراءات تانية لازم أعملها قبل ما أروح؟ (تستخدم كلمة ""أرفع قضية"" بدلاً من ""أروح المحكمة"" وتضيف فكرة ""إجراءات تانية"")؟"
4234	"ممكن أعرف أي هي ""الاستمارة 6"" دي أصلاً؟ وإيه اللي بينص عليه النظام حالياً بخصوصها؟ (تستخدم ""إيه اللي بينص عليه"" لإعطاء انطباع أقوى عن البحث عن التفاصيل القانونية)؟"
3903	لو سمحت، طب لو موظف قدم شكوى ضد مديره بسبب مضايقات أو أذية، هل كده بيجزء من إن مفيش أي انتقام هيحصل من صاحب المؤسسة؟ القانون بيأمنه يعني؟
3154	ممكن أعرف هل في إجراءات معينة لازم أعملها قبل ما أقول إني رجعت في كلامي عن الاستذكرة؟ وياترى القانون بيسمحلي أرجع في الاستقالة دي لحد مدة قد إيه؟ (هذا السؤال يركز على الإجراءات المطلوبة ويسأل عن المدة التي يسمح بها القانون).؟
889	"طيب، يعني الست اللي شغالة بتاخد كام شهر ""أمومة"" بعد مرور ما تخلف؟"
2510	بصراحة، بالبلدي كده، صاحب الشغل واجب يشترك للموظف بتاعه في التأمينات من أول يوم في الشغل، ولا الموضوع فيه كلام تاني؟
4856	بصراحة، هل 14 سنة مباح يشتغل؟ الشرع قالت للتدريب من 14 والتوظيف من 15؟
615	لو سمحت، يا ترى القانون بيقول ماذا بخصوص كمية أيام الإجازة السنوية اللي من حق أي حد عنده إعاقة؟
722	بصراحة، هل المدة الحالية بتتحسب ضمن رصيد إجازتي العمروية ولا بتضاف كرصيد إضافي؟
2697	لو سمحت، كيف بتُعد مكافأة نهاية الخدمة؟ (نصف شهر للسنة الأولى وشهرين للسنتين اللي بعد كده)؟
3804	يعني التشريع بيقول إيه عن أقل مستوى من الحماية لازم يتوفر للعمال؟ يعني لازم يكون فيه خوذة أو لبس حماية ولا لأ؟
4359	لو سمحت، طيب، لما الواحد ياخد تعويض، بيحسبوا كم سنين خدمته من أول كم سنة اشتغلها؟ وإيه هي بقى الضوابط اللي لازم تكون موجودة؟
1191	لو سمحت، مدة إجازة الحج والعمرة قد إيه، ويا ترى مين اللي ليه الحق ياخدها؟ (تغيير في التركيب واستخدام كلمات عامية أكثر)؟
4250	بصراحة، يعني أنا ما كانش ينفع أصبر عشر أيام قبل ما أرجع في كلامي؟ طب القانون بيقول إيه، فترة السماح اللي أقدر أستقيل فيها قد إيه يوم بالظبط؟ (هذه الصيغة أكثر انفتاحًا و تسأل عن إمكانية الانتظار قبل الرجوع في القرار)؟
2832	يعني بصاستراحة، هل فيه أي طريقة تخلي الواحد هو اللي يحدد ميعاد خروجه من العمل للمعاش بإرادته؟ ويا ترى الطريقة دي عبارة عن إيه؟
4894	ممكن أعرف تحت سن 18، فيه قيود على ساعات العمل النهارية؟
5141	لو عرف الحد الأدنى يزيد 6000 و7000 من ورا، ليه الشركات دي نفس الكلام؟
4575	لو سمحت، لو العامل شغله خطر عليه ومفيش وسائل أمان، هل القانون بيسمح له إنه ميعملش الشغل ده؟
2962	ممكن أعرف إزاي أقدر أقدم طلب صرف المعاش؟ وهل فيه وقت محدد بين نهاية الخدمة واستلام المعاش؟ (تركز على كيفية التقديم ووجود زمن محددة)؟
1023	لو سمحت، طيب، الست اللي لسه والدة وبترضع البيبي، ليها كم ساعة زيادة في اليوم تاخدها عشان ترضع؟
4593	لو سمحت، لو العامل شايف إن الشغل خطر على صحته أو حياته عشان مش متوفر له الحماية الضرورية، هل ده يعتبر سبب مشروع لرفضه الشغل؟
5271	لو سمحت، إزاي قانون العمل الجديد بيجزء من إن مفيش حد يتظلم أو يتعرض لمضايقات بسبب جنسه أو دينه أو أي سبب تاني في الشغل؟ إيه اللي بيعمله بالتحديد؟
3159	لو سمحت، بصراحة، أنا محتار، لو عايز أتراجع عن الاستنصة، أبلغهم إزاي الأول؟ ويا ترى القانون سامحلي بوقت أد ما هو عشان أغير رأيي في موضوع الاستقالة ده؟ (هذا السؤال يعبر عن الحيرة ويسأل عن طريقة التبليغ والفترة المتاحة لتغيير الرأي).؟
386	بصراحة، مسموح أعرف، ينفع آخد يوم أجازة بأجر كامل كل أسبوع ولا لأ؟
1238	"بصراحة، ""لو واحد عايز يقدم على إجازة حج، إيه اللي المفروض يكون موجود فيه علشان طلبه يتقبل؟ فيه اشتراطات خاصة بالعمر أو المدة اللي قضاها في الشغل؟""؟"
2501	طب بصراحة، صاحب العمل ملزم يدفع تأمينات للموظف بتاعه من أول ما يمسك الشغلانة ولا فيه فترة سماح؟
2705	لو سمحت، ممكن تشرح لي طريقة احتساب مكافأة نهاية الخدمة؟ أنا عارف إن السنة الأولى ليها نص شهر، والسنتين اللي بعديها ليهم شهرين، بس عايز أعرف التفاصيل أكتر.
2170	"ممكن أعرف لو اشتغلت وقت إضافي، باخد كام ضعف أجري الأساسي على الساعة، سواء كان بالنهار أو بالليل؟ (تركيز على مفهوم ""كم ضعف الأجر"")؟"
1379	كم نوع من عقود الشغل مُعترف بيه قانونًا لما تشتغل في شركة خاصة؟
292	ممكن أعرف كل قد ماذا شغل الواحد محتاج يريح شوية؟
3189	لو سمحت، فرضًا أنا سيبت الشركة وقدمت استقالتي، بس الإدارة رفضت تمشيها، كده يعتبروني لسه شغال ولا أي بالظبط؟ (تركيز على الحالة الوظيفية)؟
4813	طيب، حد تبع وزارة الصحة بينزل يعمل تفتيش مفاجئ على المستشفى اللي بنشتغل فيها، ولا لأ؟ (يضيف عنصر المفاجأة في التفتيش)؟
2946	يعني أي نماذج التقديم المعتمدة في المعاش؟ وهل بيطلع بعد المعاش بمدة؟
5198	"بصراحة، ""هل فيه مادة في القانون أو نص قانوني بيأكد حق الموظفين في زيادة سنوية للمرتبات، زي ما حصل في الحكم بتاع الـ 3%؟"" (هذا السؤال يبحث تحديدًا عن مادة أو نص قانوني).؟"
5390	"بصراحة، يعني قانون العمل بيلزم أصحاب الشركات إنهم يوفروا أماكن شغل نضيفة وآمنة للعمال، فيها إضاءة كافية وتهوية مظبوطة، ولا ده مش شرط أساسي في القانون؟ (تغيير في الفاعل من ""الشركات"" إلى ""أصحاب الشركات""، والتركيز على ""شرط أساسي"")؟"
5387	"يعني قانون العمل بيلزم أصحاب الشركات إنهم يوفروا أماكن شغل نضيفة وآمنة للعمال، فيها إضاءة كافية وتهوية مظبوطة، ولا ده مش شرط أساسي في القانون؟ (تغيير في الفاعل من ""الشركات"" إلى ""أصحاب الشركات""، والتركيز على ""شرط أساسي"")"
4508	بصراحة، هل لازم نوفر جوه المنشأة حد متخصص زي دكتور متخصص في طب العمل أو مسعف؟
1339	طيب، يعني لو اشتغلت يوم أجازة، هيعوضوني بيوم استراحة تاني ولاّ هيدفعولي أجر مضاعف؟ ما هو النظام؟ (تركيز على التعويض بدلا من الحق، مع سؤال مباشر عن النظام المتبع)؟
1237	"طيب، ""لو واحد عايز يقدم على إجازة حج، ما هو اللي المفروض يكون موجود فيه علشان طلبه يتقبل؟ فيه اشتراطات خاصة بالعمر أو المدة اللي قضاها في الشغل؟""؟"
4976	بصراحة، لو فيه ولد أو بنت في ثانوي أو إعدادي نفسه يشتغل شغلانة جنب الدراسة، ماذا التعليمات اللي المفروض يلتزم بيها؟
3752	"بصراحة، في حالة وقوع حادثة أو أذية لحد، مين اللي يشيل الشيلة؟ (تستخدم ""أذية"" بدل ""إصابة""، و""يشيل الشيلة"" تعبير عن تحمل المسؤولية)؟"
2165	"لو اشتغلت وقت إضافي، باخد كام ضعف أجري الأساسي على الساعة، سواء كان بالنهار أو بالليل؟ (تركيز على مفهوم ""كم ضعف الأجر"")"
3715	طيب، هل فيه إلزام بتعيين دكتور خاص بالمؤسسة أو دكتور متخصص جوة المصانع ولا لأ؟
2472	"يعني هل بند استقطاع التأمينات ده بيتضاف ضمن تفاصيل المرتب اللي بستلمه، ولا بيتعاملوا معاه بشكل مختلف؟ (تركز على ""بند استقطاع التأمينات"" و ""تفاصيل المرتب"" لتقديم منظور أكثر تفصيلاً.)؟"
3794	بصراحة، هل القانون بيحدد إيه أقل حاجة لازم صاحب العمل يوفرها من ناحية أدوات الحماية زي الخوذة أو اللبس الواقي؟
3682	ممكن أعرف ما هو واجبات صاحب الدوام ناحية تأمين العمال في الشغل؟ القانون بينص على إيه في الموضوع ده؟
2033	هل فيه أي مشكلة لو الخصومات زادت عن الربع في المرتب؟
4875	لو سمحت، واحد عنده أربعتاشر سنة، ممكن يلاقي شغل؟ ولا السن ده صغير قوي؟ سمعت إن فيه حاجة اسمها تدريب بيبدأ من السن ده، بس مش عارف التفاصيل.؟
1315	طيب، بصبريك، لو داومت في يوم إجازة رسمية زي عيد الأضحى، هاخد أد إيه تعويض بدل اليوم ده؟
4754	بصراحة، يا ترى كل منشأة كبيرة مفروض يكون فيها لجنة مختصة بالسلامة؟ هو فيه قانون بيلزم بكده ولا أي؟
5165	"دلوقتي الحد الأدنى زاد ست تلاف وسبع تلاف جنيه، ليه بقى الشركات دي مش راضية تدفع زياده؟ إيه اللي بيحصل بالظبط؟ (تركيز على عدم الرغبة في الدفع واستخدام ""إيه اللي بيحصل بالظبط؟"" للاستفسار بشكل أعمق)"
3664	"ممكن أعرف ""قانون 2025 الخاص بمنع التمييز ضد المرأة الحامل، بيحميها من التمييز في إيه تحديدًا، يعني إيه الحاجات اللي النظام ده بيغطيها؟""؟"
3716	بصراحة، هل فيه إلزام بتعيين دكتور خاص بالمؤسسة أو دكتور متخصص جوة المصانع ولا لأ؟
205	طيب، لو واحد شغال باليومية، كام ساعة عمل في الأسبوع تعتبر قانونية؟
2322	"يعني هل فيه إمكانية نوصل لتخفيضات أكبر من 25% في الضرايب والتأمين، ولا دي أقصى حاجة ينفعة؟ (يستخدم كلمة ""إمكانية"" للتأكيد على البحث عن فرص)؟"
870	يعني لما واحدة ست بتشتغل تخلف، بتاخد كام شهر راحة من العمل عشان البيبي؟
2173	"طيب، يا ترى مكافأة الوظيفة الإضافي (أوفر تايم) بتكون قد إيه بالنسبة للأجر العادي، لو اشتغلت بالليل أو بالنهار؟ (استخدام مصطلح ""مكافأة"" و ""أوفر تايم"")؟"
5484	"يعني هو النظام الجديد بيفي إن الست تاخد زي الراجل بالملي لو بيشتغلوا نفس الشركة؟ ولا فيه لسه لعب؟ (إضافة عنصر الشك والتحقق وكلمة ""بالملي"" للتأكيد)؟"
1733	لو العقد فيه فترة اختبار، العامل يقدر يقول خلاص مش مكمل الفترة دي ويمشي ولا قانونًا مينفعش؟
1340	بصراحة، يعني لو اشتغلت يوم أجازة، هيعوضوني بيوم استراحة تاني ولاّ هيدفعولي أجر مضاعف؟ أي النظام؟ (تركيز على التعويض بدلا من الحق، مع سؤال مباشر عن النظام المتبع)؟
4035	لو سمحت، هل المبالغ دي بتُدفع في حالة استقالة الموظف بعد مرور العمر ده، ولا بتتصرف بس لو الشركة مشّيته؟
3547	"طيب، الشركة ليها الحق إنها تعامل الموظفة الحامل أو اللي لسة والدة معاملة أحعمر وهي في إجازة الوضع أو عقب الولادة بمدة بسيطة؟ (هذه الصيغة تسأل عن ""الحق"" وتستخدم ""معاملة أحسن"" لتوضيح المقصود)؟"
3888	يعني لو حد اتعرض لأذية في شغله وراح اشتكى، مديره مبيقدرش يستحق ضده أي إجراء؟ القانون واقف في صف اللي اتأذى فعلًا؟
3358	ممكن أعرف من أنهي شهر في الحمل المفروض الست تبدأ تقلل كم ساعات شغلها كل يوم؟
2901	لو سمحت، لو حد صرف فلوس، ما هو اللي يخليني أقول إن دي مكافأة مش تعويض؟ أو العكس، إيه الفرق اللي بيحدد؟
3944	"بصراحة، هل فيه نص في القانون بيقول إن صاحب الدوام لازم يعمل زي كشف جنائي على اللي بيشتغلوا عنده، وده بهدف إنه يضمن بيئة عمل آمنة؟ (تغيير في الكلمات والتعبير عن ""الفحص"" بـ ""كشف جنائي"" مع التركيز على ضمان بيئة عمل آمنة).؟"
969	لو سمحت، الست في الحمل تاخد تخفيض في وقت العمل من امتى؟
1616	بصراحة، هل العقد لازم يوقع عليه في مكتب الشغل أو جهة رسمية؟
2111	ايه اللي ممكن يحصل لو صاحب الشغل اخر صرف المرتب؟ وايه الاجراءات اللي القانون بيحمي بيها العامل؟
3875	هل القانون بيجرم التحرش الجنسي في بيئة العمل ولا دي حاجة مش متجرمة؟
3471	لو سمحت، بالنسبة للموظفة اللي بترضع، وقت الرضاعة دي من من ضمن ساعات عملها الأساسية ولا لأ؟
2941	طيب، لو عامل طلع معاش، ممكن يرجع يشتغل تاني عادي؟ ولا فيه حاجة بتمنعه أو بتصعب الموضوع عليه؟ (تركيز على إمكانية العودة للعمل والعقبات المحتملة)؟
4655	مش المفروض صاحب الشغل يعمل اللي عليه ويحمي الموظفين بتوعه من أي مضايقات جنسية ممكن تحصل في الشغل؟ (هذا السؤال يستخدم صيغة أقرب للاستنكار والتأكيد على واجب صاحب العمل)
843	لو سمحت، بعد الولادة، الزوج المفروض يقعد كام يوم إجازة من شغله عشان يساعد مراته؟ (تركز على دور المساعدة بعد الولادة)؟
5442	يعني هل قانونًا صاحب الوظيفة مجبر إنه يعمل حاجات عشان التحرش ما يحصلش، ولو حصل، يضمن إن اللي اشتكى محدش يعرف مين هو؟
1288	ممكن أعرف يعني حقنا في السنة، قد ما هو يوم إجازة رسمية بيكونوا بفلوس؟
393	لو سمحت، هل مسموح لهم يشتغلوا يوم الأحد مثلاً بدل إجارتهم الأسبوعية؟ القانون نص إيه؟
3452	بصراحة، فترات الرضاعة من ضمن محسوبة ضمن ساعات العمل ولا مش محسوبين؟
528	يعني أول سنة ليك في الوظيفة ليك 15 يوم إجازة. السؤال بقى، في السنة التانية هتاخد كام يوم إجازة؟
4187	"بصراحة كده، نسبة من مرتبنا بتروح فين بالظبط عشان المعاش؟ و بعد ما الواحد يوصل سن المعاش، مين اللي بيستفيد من الفلوس دي؟ (استخدام ""بصراحة كده"" لإضفاء طابع الجدية، وتركيز على الجهة المستفيدة)"
4011	لو سمحت، ممكن تشرح لي آلية حساب تعويض نهاية الخدمة؟ بالذات الجزء بتاع نص المرتب عن كل سنة في الأول وشهر المرتب بعدين.؟
2784	يعني إيه وضع اللي بيوصل لسن المعاش وياخد معاشه، وعقب كده بيشتغل في حتة ملهاش علاقة بالتأمين؟
2638	ممكن أعرف هل سن التقاعد هو نفسه السن اللي ممكن فيه عقدك يخلص أو الشركة تستغنى عنك؟ ولاّ فيه فرق؟
2645	يعني السن القانوني للمعاش هو هو السن اللي ممكن الشركة تمشيني فيه من الشغل؟ ولا فيه حاجة تانية؟
2495	فيه إلزام على أصحاب الأعمال بتسجيل الموظفين في التأمينات الاجتماعية من بداية شغلهم في الشركة؟
5144	بصراحة، لو عرف الحد الأدنى يزيد 6000 و7000 من ورا، ليه الشركات دي نفس الكلام؟
1164	يعني بالذمة، لو فيه صنايعي بتاع خلطة عيان بمرض ممكن يتنقل للناس، يبقى إجازة العزل بتاعته تبقى قد ماذا بالظبط؟ قد إيه شهر يعني؟
4686	يعني هو القانون محدد إزاي إجراءات السلامة في الشغل والكشف الدوري على صحة العمال ولا سايبها كده؟
3701	لازم يكون في طبيب عمل أو طبيب متخصص داخل المصانع؟
2900	بصراحة، لو حد صرف فلوس، ما هو اللي يخليني أقول إن دي مكافأة مش تعويض؟ أو العكس، إيه الفرق اللي بيحدد؟
2701	طيب، إزاي طريقة حساب مكافأة نهاية الخدمة؟ يعني لو واحد اشتغل سنة ياخد نص شهر، وبعدها سنتين ياخد شهرين، الحسبة بتمشي إزاي بالظبط؟
4637	صاحب العمل ملزم يعمل إجراءات لمنع التحرش الجنسي في الشغل؟
4914	"يعني لو واحد أو واحدة عمرهم أقل من 18، هل يقدروا يشتغلوا أي وقت في النهار ولا فيه شروط معينة على مواعيد شغلهم؟ (استخدام ""واحد أو واحدة"" و ""شروط معينة"" للتوضيح)؟"
720	يعني هل الفترة الحالية بتتحسب جزء من رصيد إجازتي السنوية ولا بتضاف كرصيد إضافي؟
1335	لو سمحت، لو نزلت شغل في إجازة رسمية، المفروض آخد يوم تاني أجازة بداله ولاّ فلوس زيادة على مرتبي؟ إيه حقي بالظبط؟ (تغيير كبير في التركيب وتقديم خيارات بديلة بشكل أوضح)؟
2454	"يعني التأمينات بتُخصم من الراتب الشهري اللي بقبضه، ولا دي حاجة تانية خالص؟ (تستخدم كلمة ""بقبضه"" لزيادة اللهجة العامية، وتتساءل عما إذا كان الخصم جزءًا من الراتب أم لا)؟"
2197	طيب، أقصى مبلغ ممكن يتخصم من المرتب أد إيه؟ (أد إيه = كم)؟
5333	بص، لو الواحد عنده مشكلة في وظيفته زي خناقة مع مدير أو فلوسه متأخرة، هل مسموح قانونًا إنه يشارك في إضراب؟ إيه اللي بيقوله القانون في الحالة دي؟ (استخدام لغة أكثر عامية وتركيز على حق الفرد في المشاركة)
3786	يعني هل فيه متطلبات قانونية بتحدد مستوى معين من وسائل الوقاية الشخصية لازم تكون متاحة، زي الخوذ أو الملابس الواقية؟
1613	هل العقد لازم يوقع عليه في مكتب العمل أو جهة رسمية؟
237	لو سمحت، البريكات اللي بناخدها في العمل، زي وقت الأكل، بتتضاف على الـ 8 وقت شغل ولا لأ؟
1377	لو سمحت، حسب النظام، عقد الوظيفة في القطاع الخاص ليه كام شكل أو نوع؟
1370	بصراحة، إيه هي أنواع عقود المؤسسة اللي القانون المصري قايل عليها في الشركات الخاصة؟
2958	يعني إزاي أقدر أقدم طلب صرف المعاش؟ وهل فيه وقت محدد بين نهاية الخدمة واستلام المعاش؟ (تركز على كيفية التقديم ووجود فترة محددة)؟
1627	طيب، يا ترى مطلوب نروح مكتب حكومي عشان نمضي العقد ولا يمكن نمضيه في أي مكان؟
4018	ممكن أعرف إيه هي الطريقة اللي الشركة بتحسب بيها مستحقات نهاية الخدمة؟ والنظام بتاع نص شهر وشهر على السنين، ده بيتم إزاي؟
2497	طيب، فيه إلزام على أصحاب الأعمال بتسجيل الموظفين في التأمينات الاجتماعية من بداية شغلهم في الشركة؟
983	إمتى بالضبط الست الحامل تقدر تستفيد من قانون تخفيف ساعات الشغل أثناء فترة الحمل؟
494	بصراحة، إيه هو كم أيام الإجازة اللي من حق أي حد شغال في الشركات الخاصة يستحقها كل سنهة؟
743	لو خدت إجازة في الفترة دي، ده هيقلل من رصيد إجازتي السنوية العادية، ولا ده وضع مختلف ومش هياثر عليها؟
2458	"ممكن أعرف التأمينات بتُخصم من الراتب الشهري اللي بقبضه، ولا دي حاجة تانية خالص؟ (تستخدم كلمة ""بقبضه"" لزيادة اللهجة العامية، وتتساءل عما إذا كان الخصم جزءًا من الراتب أم لا)؟"
3277	طيب، بالبلدي كده، لما واحد يستقيل، محكمة القضاء الإداري بتطبق قانون إيه بالظبط؟ إيه التشريع اللي بيحكم الاستقالة دي؟ (تعبير بسيط ومباشر)؟
5479	"طيب، النظام الجديد ده بيأكد إن مفيش فرق في المرتب بين الرجالة والستات لو بيعملوا نفس الوظيفة؟ (تأكيد على نفي التفرقة واستخدام كلمة ""وظيفة"" بدل ""عمل"")؟"
2867	العامل ليه الحق إنه يطلب ياخد فلوس المكافأة بتاعته اللي المفروض ياخدها لما يوصل سن المعاش، قبل ما يوصله فعلاً؟
3482	بصراحة، لو أم بترضع طفلها في الشغل، وقت الرضاعة ده بيعتبر جزء من الدوام الرسمي بتاعها ولا لازم تعوضه عقبين؟
693	لو سمحت، قانون الشغل بيدي كم يوم إجازة عارضة في السنهة الواحدة، يعني لو حصل ظرف طارئ؟
1516	ممكن أعرف شغل الأونلاين والوظايف النص نص، الدولة معترفة بيهم ولا لأ؟ (هنا التركيز على اللغة العامية أكثر واستخدام مصطلحات شائعة)؟
3645	"لو سمحت، ""إيه المجالات اللي القانون بتاع سنهة 2025، اللي بيحمي الستات الحوامل من التمييز، بيغطيها؟""؟"
4000	ممكن أعرف إزاي بيتم حساب مبلغ نهاية الخدمة؟ قصدي، النص شهر عن السنين الأولى والشهر القد إيهل بعد كدة بيتحسبوا إزاي بالظبط؟
5153	"معنى إن الحد الأدنى بقى أعلى بست آلاف وسبع آلاف جنيه، إن المفروض المرتبات تزيد، فليه الشركات دي لسه مدبسة الدنيا زي ما هي؟ (استخدام ""مدبسة الدنيا"" لوصف عدم التغيير بشكل ساخر)"
4424	بصراحة، محكمة العمل الجديدة بتشتغل إزاي لو فرضًا اتفصلت؟ ليه حالًا حق أروح المحكمة بدون موافقة الحكومة؟
5087	القانون بيقول إيه بخصوص الزيادة السنوية في المرتب؟ نسبة الزيادة كام في المية؟
1011	لو سمحت، بالنسبة للأم اللي بترضع طفلها، القانون بيديها كم وقت زيادة تستريح فيه عشان الرضاعة؟
3385	طيب، الواحدة اللي حامل ينفع تشتغل ساعات زيادة أو تعمل شغل إضافي وهي حامل ولا القانون مانعها؟ (تغيير في الأسلوب والكلمات المستخدمة)؟
2604	يعني يا ترى عمر الخروج على المعاش في القطاع الخاص بقى كام سنة في القانون اللي لسه طالع؟
2252	بصراحة، لو الشركة عملتلي كورسات ودفعتلي فلوسها، وفي العقد مكتوب إني لو سبتهم قبل مدة خاصة هرجع الفلوس دي، الشرع بيسمح بكده ولا لأ؟ (يركز على أن الشركة هي التي دفعت تكاليف الكورسات).؟
5297	هو القانون المصري بيضمن للعامل حرية تأسيس والانتماء لأي نقابة عمالية هو عاوزها؟ (استخدام كلمات أكثر رسمية مع الحفاظ على اللهجة)
1034	بصراحة، إيه هي المدة الإضافية اللي بتاخدها الست العاملة اللي بترضع طفلها في شغلها عشان الرضاعة؟
3207	لو سمحت، يعني لو كسبت قضية وخدت تعويض، ممكن قيمة التعويض دي متزيدش عن حد معين عشان القانون عامل زي سقف كده؟
5171	بعد الزيادة اللي حصلت في الحد الأدنى للأجور، اللي وصلت لستة وسبعة آلاف جنيه، ليه مفيش أي استجابة من الشركات دي؟ ليه مفيش أي تغيير في المرتبات؟ (تركيز على غياب الاستجابة والتغيير في المرتبات)
2250	يعني لو الشركة عملتلي كورسات ودفعتلي فلوسها، وفي العقد مكتوب إني لو سبتهم قبل مدة مُحددة هرجع الفلوس دي، الشرع بيسمح بكده ولا لأ؟ (يركز على أن الشركة هي التي دفعت تكاليف الكورسات).؟
3346	ممكن أعرف الست الحامل ساعات عملها اليومية بتقل ابتداءً من أي شهر في الحمل؟
1250	"بصراحة، ""عايز أعرف، إيه هي الشروط اللي لازم الواحد يكون محققها عشان يقدر يقدم على إجازة حج ويأخذها؟ هل فيه قيود على العمر أو المدة اللي اشتغلها في وظيفته؟""؟"
859	طيب، الست العاملة بتاخد كام شهر إجازة وضع (أمومة)؟
3699	لو سمحت، إيه هي بنود القانون اللي بتحدد مسئولية صاحب العمل عن سلامة العمال وتأمينهم ضد المخاطر في الشغل؟
2916	يعني ينفع العامل يشتغل وهو بيحصل على معاش؟ ويا ترى هيلاقي مشاكل كتير؟ (تركيز على الإمكانية العملية والمشاكل المحتملة)؟
3274	ممكن أعرف محكمة القضاء الإداري (استقالة) ولا خدمة؟ خدمة القانون اللى بيتعامل مع الاستقالة؟
3426	يعني بالتشريع، الأم اللي بتشتغل وبترضع بيبي، المفروض تشتغل كام ساعة في اليوم، وما هو عدد مرات الرضاعة اللي من حقها تاخدها خلال الشركة؟
5243	لو الإدارة فضلت على المرتب القديم ومغيرتش، يبقى كده عملوا حاجة غلط قانونًا ولا هما أحرار في قراراتهم دي؟
4917	"لو سمحت، لو واحد أو واحدة عمرهم أقل من 18، هل يقدروا يشتغلوا أي وقت في النهار ولا فيه شروط معينة على مواعيد شغلهم؟ (استخدام ""واحد أو واحدة"" و ""شروط معينة"" للتوضيح)؟"
503	في أول سنة شغل، الموظف بياخد 15 يوم إجازة. طيب، السنة اللي بعدها، عدد أيام الإجازة بيكون قد إيه؟
2053	طيب، مين المسؤول عن حساب المرتب وصرفه، وكمان استقطاع الضرائب والتأمينات؟
4611	لو سمحت، يا ترى فيه قانون بيحمي الموظفين من البلطجة والمعاملة الوحشة في الشغل؟ (تركز على حماية الموظفين)؟
5016	يعني اللي سنهم بيتراوح بين 15 و 17 سنة، ليهم الحق يساهموا في مشاريع شبابية أو أي عمل خيرى يفيد المجتمع؟ (تركيز على الحق والمساهمة)؟
2975	لو سمحت، عايز أعرف إيه هي النماذج والاستمارات المطلوبة عشان أقدم على المعاش؟ و يا ترى فيه وقت معين عشان المعاش يبتدي ينزل بعد ما اتقاعد؟ (تستخدم كلمات أكثر رسمية وتؤكد على بداية صرف المعاش)
3601	طيب، يا ترى لو الشركة فيها مقدار موظفات يتخطى كم واحدة، بيكون أقصى شغل مسموح بيه للحوامل عندهم؟
4415	إيه اللي بيحصل بالنسبة لمكافأة نهاية الخدمة لما الواحد يستقيل بمزاجه، والشركة توافق؟ القانون بيحكم الموضوع ده إزاي؟ يعني أستحقها ولا مش من حقي؟ (تركز على آلية عمل القانون في حالة الاستقالة)
961	طيب، بعد إجازة الأمومة، الست العاملة ليها ضمان إنها هترجع لنفس منصبها ومسؤولياتها اللي كانت مسؤول عناها قبل كده؟
244	ممكن أعرف لو باخد بريك غدا أو أي راحة تانية في العمل، ده بيعتبر من ضمن الـ 8 ساعات بتوع الشغل ولاّ بيتحسب وقت إضافي؟
605	الأشخاص ذوي الإعاقة بياخدوا كام يوم إجازة سنوية؟
2693	كيف بتحسب مكافأة نهاية الخدمة؟ (نصف شهر للسنة الأولى وشهرين للسنتين اللي بعد كده)
1258	ممكن أعرف قد إيه يوم أجازات رسمية مدفوعة في السنة؟
3265	طيب سؤال، لما أجي أقبض التعويض بتاعي، بيحسبوه على عدد سنين خدمتي كلها ولا فيه عدد سنين معين؟ واشمعنى التشريع ما بينصش على عدد السنين دي بالتفصيل؟ (تركز على عملية قبض التعويض)؟
1096	ممكن أعرف تمام، احنا عارفين إن أول تلات شهور في الإجازة المرضية بناخد قبضنا كامل، طب بالنسبة لباقي المدة، المرتب بيتقسم ولا بيتحسب ازاي؟
5213	لو الإدارة ما زودتش المرتب، ده خرق للقانون ولا قرار إداري؟
4643	يعني القانون بيُلزم أصحاب الشركات والمصانع إنهم ياخدوا خطوات عشان يحموا الموظفين من أي تحرش في مكان الشغل؟ (هذا السؤال يركز على إلزام القانون)
2774	بصراحة، واحد طلع معاش واشتغل شغلانة تانية بره التأمينات، وضعه بيكون إيه؟
5249	قانون العمل الجديد بيمنع التمييز والمضايقات في الشغل، إزاي؟
4866	يعني اللي عنده 14 سنة، مسموح يشتغل شغلانة بفلوس ولا لازم يكون أكبر من كده؟ التشريع بيقول إيه بالظبط عن الموضوع ده؟
2388	يعني بخصوص خصم تمن الخامات أو اللبس الخاص بالوظيفة من المرتب، ما هو النسبة اللي ينفع تتخصم مني بشكل قانوني؟ (تركيز على النسبة القانونية)؟
3147	"لو سمحت، طيب، لو قررت ألغي الاستقالة اللي قدمتها، مفروض أقدم حاجة زي إنذار الأول؟ والسؤال التاني، ممكن أرجع في الاستقالة دي لحد إمتى بالظبط حسب التشريع؟ (هذا السؤال يستخدم كلمة ""إنذار"" ويسأل عن الحد الزمني للرجوع في الاستقالة).؟"
2904	يعني ببساطة كدة، المكافأة دي حاجة والتعويض ده حاجة تانية خالص، صح؟ طيب إيه الفرق اللي بينهم علشان أفهم؟
200	بصراحة، مسموح لينا نشتغل أد ماذا ساعة في الأسبوع بالكتير من غير مخالفة للقانون؟
3981	لو سمحت، لو موظف عمره فوق الستين، المفروض يأخذ كام قرش لما يسيب الشركة؟ (يعني تعويض نهاية الخدمة)؟
1401	لو سمحت، ماذا الفرق بين العقد محدد المدة والعقد غير محدد المدة؟
2596	ممكن أعرف القانون الجديد بيقول، سنه المعاش في شركات القطاع الخاص بقى كام دلوقتي؟
4958	بصراحة، لما القانون بيمنع تشغيل الصغيرين بالليل وفي الشغل الخطر، إيه الكلام القانوني اللي بيحكم الموضوع ده بالتحديد؟
4564	ممكن أعرف مين الطرف اللي بيتحمل قيمة العلاج والتعويضات للعامل لو حصل له أي مكروه أو إصابة وهو بيشتغل؟
2031	لو سمحت، مسموح ياخدوا أكتر من ربع المرتب بتاعي خصومات؟
3796	ممكن أعرف هل القانون بيحدد إيه أقل حاجة لازم صاحب الشغل يوفرها من ناحية أدوات الحماية زي الخوذة أو اللبس الواقي؟
440	بصراحة، لو خدنا يوم إجازة رسمي من الدولة، زي الجمعة، هل اليوم ده بيتُعتبر من من ضمن أيام العمل في الأسبوع الواحدية بتاعتنا ولاّ يعتبر بره الحسبة؟ (تركيز على الرسمية والإيضاح)؟
5239	طيب، لو الإدارة ثبتت المرتبات ومزودتش، ده كده بيخالفوا التشريع ولا ده نظام شغلهم عادي؟
3685	طيب، بموجب القانون المصري، صاحب الوظيفة ملزم بتوفير إيه علشان يحمي العمال في مكان الشغل؟
4088	"بصراحة، طيب الواحد لو مات وهو في وظيفته، أسرته تستحق إيه من الشركة أو الحكومة؟ (هنا حددنا جهات ممكنة للدفع مثل ""الشركة"" أو ""الحكومة"").؟"
3959	واحد عدى الستين واشتغل، ياخد تعويض إيه لما يبطل شغل؟ (نهاية خدمة يعني)
2544	يعني بخصوص الاشتراكات، مسموح توضحلي مين بيدفع كام؟ يعني العامل بيساهم بقد إيه وصاحب العمل بيكمل الباقي؟
1413	لو سمحت، ماذا الفرق الجوهري بين عقد الشغل اللي فيه تاريخ نهاية وعقد العمل المفتوح اللي ملوش تاريخ نهاية؟
1877	هو المرتبات لازم تزيد كل سنة غصب عن الشركة ولا لأ؟ ولو الكلام ده صح، نسبة الزيادة اللي القانون بيحددها كام؟ (تركيز على إجبارية الزيادة ونسبة القانون)
5490	"يعني بالبلدي كده، القانون الجديد هيخلي مرتبات الرجالة والستات تبقى زي بعض بالظبط طالما بيشتغلوا نفس الشغلانة؟ (استخدام تعبير ""بالبلدي كده"" لتوضيح الرغبة في فهم مبسط)؟"
4034	بصراحة، هل المبالغ دي بتُدفع في حالة استقالة الموظف بعد العمر ده، ولا بتتصرف بس لو الشركة مشّيته؟
4331	بفرض إني مشيت من الشغل بطريقة غير قانونية، إيه هي الإجراءات اللي أعملها عشان أخد حقي كتعويض؟ وهل فيه سقف معين للتعويضات دي في مصر؟ (تغيير كبير في الصياغة مع التركيز على الإجراءات)
4726	ممكن أعرف مين الجهة اللي ممكن أقدم فيها تظلم أو شكوى لو شوفت حاجات غلط في إجراءات السلامة في المصنع؟ (استخدام مصطلحات رسمية أكثر قليلاً)؟
3901	طيب، طب لو موظف قدم شكوى ضد مديره بسبب مضايقات أو أذية، هل كده بيجزء من إن مفيش أي انتقام هيحصل من صاحب الشغل؟ النظام بيأمنه يعني؟
3294	يعني لما موظف يستقيل، محكمة القضاء الإداري بتشتغل بإيه؟ إيه النظام اللي بيطبقوه على موضوع الاستقالة ده تحديدًا؟ (يركز على القانون المحدد الذي يتم تطبيقه)؟
1661	لو مدير الشركة قرر يعدل في العقد اللي بينه وبين الموظف بمزاجه، هل ده صح أصلاً؟
3582	يعني ماذا الامتيازات أو الحقوق الإضافية اللي ستات الحوامل أخدوها في قانون الشغل الجديد؟
101	كام عدد ساعات العمل القانونية في اليوم؟
3111	"لو سمحت، أي الحكمة من وجود حاجة اسمها ""استقالة"" وحاجة اسمها ""إنهاء خدمة""، ويا ترى إيه الفرق بينهم من ناحية القانون، وإمتى الموظف بيكون ليه حرية الاختيار؟ (هذا السؤال يستفسر عن الحكمة من وراء وجود المصطلحين، ويسأل عن الفرق القانوني بينهما وحرية اختيار الموظف.)؟"
2266	ممكن أعرف لو أخدت مستحقات زيادة أو قرض وبعدين رجعوني للوراء، يمكتبوها ضرورة؟
137	هل ممكن يطلب مني الشغل أكتر من 8 ساعات في اليوم؟
2162	بصراحة، بالليل والنهار، الساعة الزيادة في المؤسسة بتتضاف بضرب الأجر الأساسي في إيه عدد؟ (تركيز على طريقة حساب الأجر الإضافي)؟
4428	يعني طيب، الواحد لما يتفصل من شغله، إيه الإجراءات اللي المفروض يعملها في محكمة الدوام الجديدة دي؟ وهل لازم يستأذن الحكومة قبل ما يرفع قضية ولاّ إيه النظام؟ (تركز على الإجراءات المطلوبة و توضح أكثر فكرة الاستئذان)؟
2019	لو سمحت، ينفع يتشال فوق من 25% من الراتب؟
1204	"ممكن أعرف لو واحد هيسافر الحج أو العمرة، ياخد إجازة مدتها كام شهر؟ ومين الناس اللي ممكن ليها بالإجازة دي؟ (تغيير في ترتيب السؤال واستخدام كلمة ""مسموح"" بدلاً من ""يستحق"")؟"
4486	ممكن أعرف ما هو اللي لازم صاحب الوظيفة يعمله عشان يحمي العاملين عنده ويأمنهم من المخاطر؟ التشريع بيفرض عليه إيه في الحالة دي؟
5383	"طيب، هو القانون بيأمر الشركات بتوفير بيئة عمل كويسة للعاملين، فيها إضاءة كافية وتهوية سليمة، ولا الموضوع ده مش إجباري في القانون؟ (تبسيط اللغة والتركيز على ""إجباري"" أو ""غير إجباري"")؟"
2509	طيب، بالبلدي كده، صاحب العمل واجب يشترك للموظف بتاعه في التأمينات من أول يوم في الشغل، ولا الموضوع فيه كلام تاني؟
3282	يعني لما حد يقدم استذكرته، القضاء الإداري بيشوف الموضوع ده ازاي؟ أي القانون اللي بيستندوا عليه في حالات الاستقالة؟ (يركز على كيفية تعامل القضاء الإداري مع الأمر)؟
2104	ممكن أعرف لو صاحب الوظيفة معطلش المرتب في الميعاد المتفق عليه، القانون بيقول ماذا حقوقي؟
3827	التفتيش على السلامة ده، القانون بيحدده بيحصل بانتظام؟ لو آه، بيحصل كل قد إيه تحديدا؟ (تأكيد على الانتظام والسؤال عن المدة المحددة)
1112	بصراحة، هل ممكن أحول الإجازة المرضية لإجازة سنوية؟
3428	بصراحة، بالتشريع، الأم اللي بتشتغل وبترضع بيبي، المفروض تشتغل قد ماذا ساعة في اليوم، وإيه عدد مرات الرضاعة اللي من حقها تاخدها خلال الشغل؟
2623	طيب، هل في فرق بين سن المعاش وبين سن إنهاء عقد العمل؟
3706	ممكن أعرف مفروض يكون في طبيب عمل أو طبيب متخصص داخل المصانع؟
571	طيب، الموظف لو عدّى سن الـ50، يحصل على كام يوم سنوية؟
181	طيب، الشغل المفروض نشتغله في الأسبوع كام ساعة حسب القانون؟
3321	"لو سمحت، يعني لما يقولوا محكمة عمل، معناها بتنظر في قضايا إيه بالظبط؟ ولو حصل معايا مشكلة في شغلي واترفدت، أقدر أشتكي هناك على طول ولا لازم واسطة من الحكومة الأول؟ (تستخدم كلمة ""تشتكي"" بدلاً من ""أروح المحكمة"" وتضيف فكرة ""الواسطة"")؟"
5296	ممكن أعرف يعني التشريع بيدي العمال الحق يعملوا نقابات وينضموا لها من غير قيود؟ (تعبير أبسط وأكثر مباشرة)؟
3978	يعني لو موظف سنه إضافة إلى الستين، المفروض ياخد كام قرش لما يسيب الشغل؟ (يعني تعويض نهاية الخدمة)؟
824	بصراحة، إجازة الوضع للأب (إجازة الوالد عند ولادة الطفل) ما هو مقدار يوم؟
1222	ممكن أعرف شرط إيه علشان أقدر أخد إجازة الحج؟ سنه معين أو سنوات خدمة؟
329	لو اشتغلت 6 أيام في الأسبوع من غير فاصل، يبقى ليا كام ساعة راحة أسبوعية؟
2814	يعني طيب، هل فيه إمكانية الواحد يختار معاد التقاعد بتاعه بمزاجه؟ ولو فيه، إيه الخطوات اللي المفروض يعملها؟
3081	"لو سمحت، لو الاستقالة طلعت مني وأنا متوتر ومجبور، أقدر أرجع في كلامي وأقول مش عايز استقيل؟ ولا التشريع بيقول خلاص كده الاستقالة تمت ومينفعش أغير فيها؟ (تستخدم ""متوتر ومجبور"" لتوضيح الضغط وتشدد على الرغبة في التراجع)؟"
385	طيب، ممكن أعرف، ينفع آخد يوم أجازة بأجر كامل كل أسبوع ولا لأ؟
2625	لو سمحت، هل في فرق بين سن المعاش وبين سن إنهاء عقد العمل؟
1681	طيب، هل يحق لصاحب الدوام إنه يبدل في الشروط المكتوبة في العقد من غير ما يستأذن العامل أو ياخد موافقته؟
2897	لو حد صرف فلوس، إيه اللي يخليني أقول إن دي مكافأة مش تعويض؟ أو العكس، إيه الفرق اللي بيحدد؟
1679	هل يحق لصاحب العمل إنه يبدل في الشروط المكتوبة في العقد من غير ما يستأذن العامل أو ياخد موافقته؟
4224	"يعني ""استمارة ستة"" دي عبارة عن إيه؟ والقانون بيقول إيه بخصوصها دلوقتي؟ (تستخدم كلمة ""عبارة عن إيه"" بشكل أكثر بساطة وعامية)؟"
4656	يعني مش المفروض صاحب الشغل يعمل اللي عليه ويحمي الموظفين بتوعه من أي مضايقات جنسية ممكن تحصل في الشغل؟ (هذا السؤال يستخدم صيغة أقرب للاستنكار والتأكيد على واجب صاحب الوظيفة)؟
4901	"اللي عمرهم أقل من 18 سنة، مسموح يشتغلوا أي عدد ساعات في النهار ولا فيه ضوابط؟ (إضافة خيار ""أي عدد ساعات"" وتغيير في الصياغة)"
4530	يعني في حالة حادث أو إصابة عمل، مين بيتحمل العلاج والتعويض؟
3572	بصراحة، ما هو هي الحقوق والميزات اللي النظام الجديد للشغل بيديها للستات الحوامل بالتحديد؟
1360	"ممكن أعرف دلوقتي، لو اشتغلت في يوم إجازة رسمي، آخد يوم راحة قصاده ولاّ بيحسبوه بضعف المرتب؟ يعني المفروض أي اللي يحصل؟ (تقديم خيارات ""يوم راحة قصاده"" و""ضعف المرتب"" بشكل مباشر وأكثر وضوحًا)؟"
1650	يعني لو صاحب الشغل غير شروط العقد دون موافقة العامل، ينفع؟
112	ممكن أعرف الشغلانة المفروض الواحد يشتغلها في اليوم بتاخد كم ساعة حسب القانون؟
156	يعني هل وارد إني أضطر أشتغل زيادة عن الـ 8 ساعات في اليوم في الشغل ده؟ (تركيز على احتمال الاضطرار و الزيادة)؟
5094	يعني إيه النسبة اللي القانون فرضها كزيادة عمروية إجبارية على المرتبات؟
4577	يعني لو الشغل فيه تهديد لسلامة العامل ومعهوش اللي يحميه، ده يدي له الحق إنه يعترض وميشتغلش؟
1325	هل ليا يوم بديل ولا أجر مضاعف؟ لو اشتغلت يوم عطلة رسمية، ليَّ؟
2365	طيب، دلوقتي لو فيه مشكلة في صرف المرتب بسبب خطأ من الشركة، هل أقدر أعدل المبلغ ده وأطالب بحقي بعدين؟ وايه الضمانات القانونية اللي بتحمي الموظف في حالة زي دي؟
4026	يعني الفلوس دي بتصرف لو العامل استذكر بعد السن دي ولا بس لو اتفصل؟
2862	يعني لو واحد شغال في شركة، ممكن ياخد المكافأة اللي المفروض ياخدها عقب التقاعد بدري شوية، ولا ده ميصحش؟
910	"ممكن أعرف الراجل ينفع يستفيد من إجازة رعاية مولود جديد كام مرة في تاريخ وظيفته؟ (استخدام مصطلح ""إجازة رعاية مولود جديد"" واستبدال ""حياته المهنية"" بـ ""تاريخ وظيفته"")؟"
5188	"ممكن أعرف ""هل فيه أساس قانوني يلزم بزيادات المرتبات كل سنهة، زي النسبة اللي اتحددت في الحكم بتاع الـ 3% ده؟"" (هذا السؤال يركز على الإلزام النظامي وعلى أساس تحديد النسبة).؟"
5475	لو سمحت، يعني القانون الجديد بيقول إن الراجل والست اللي بيشتغلوا نفس الوظيفةانة هيحصل علىوا نفس المرتب بالظبط؟ (تغيير كبير في التركيب واستخدام كلمات عامية أكثر)؟
1490	"بصراحة، يعني لو العقد بوقت معين خلص وأنا كملت شغل زي ما أنا، كده العقد بيعتبر عقد مفتوح المدة ولا ليها حسبة تانية؟ (تغيير في بنية السؤال و استخدام كلمة ""حسبة تانية"")؟"
1359	"لو سمحت، دلوقتي، لو اشتغلت في يوم إجازة رسمي، آخد يوم فسحة قصاده ولاّ بيحسبوه بضعف المرتب؟ يعني المفروض إيه اللي يحصل؟ (تقديم خيارات ""يوم راحة قصاده"" و""ضعف المرتب"" بشكل مباشر وأكثر وضوحًا)؟"
5295	لو سمحت، يعني القانون بيدي العمال الحق يعملوا نقابات وينضموا لها من غير قيود؟ (تعبير أبسط وأكثر مباشرة)؟
1419	لو سمحت، يجوز تشرح لي الفرق بين نوعين عقود الشغل: عقد بمدة معينة وعقد مفتوح المدة؟
2420	"بصراحة، طيب، فرضًا إني عملت عقد واتفقنا على خصم معين، هل الاتفاق ده له تأثير قانوني غير اللي القانون محدده كأعلى نسبة خصم ممكنة؟ (تستخدم كلمة ""فرضًا"" وتستبدل ""يفرق"" بـ""له تأثير قانوني غير"").؟"
4314	يعني لو اتفصلت من غير حق، بكسب تعويض إزاي؟ القانون ماحدش سقف التعويض؟
1090	ممكن أعرف أوكي، أول تلات شهور بناخد المرتب كله في الإجازة المرضية، وبعد كده نظام الأجر بيكون إيه؟
4844	"بصراحة، ايه هو أقل عمر مسموح بيه للشغل في مصر حسب النظام؟ (تستخدم كلمة ""مسموح"" و ""حسب القانون"" للتعبير عن الجانب القانوني بشكل أكثر رسمية)؟"
4474	ممكن أعرف يا ترى التشريع بيقول ماذا عن مسؤولية صاحب العمل في إنه يدي للعاملين بتوعه كل أدوات السلامة والوقاية الضرورية؟
5483	"هو القانون الجديد بيضمن إن الست تاخد زي الراجل بالملي لو بيشتغلوا نفس الشغل؟ ولا فيه لسه لعب؟ (إضافة عنصر الشك والتحقق وكلمة ""بالملي"" للتأكيد)"
3774	يعني هل في حد أدنى لتوفير وسائل الحماية بشكل قانوني؟ مثلًا خوذة أو زي حماية؟
5175	لو سمحت، بعد الزيادة اللي حصلت في الحد الأدنى للأجور، اللي وصلت لستة وسبعة آلاف جنيه، ليه مفيش أي استجابة من الشركات دي؟ ليه مفيش أي تغيير في المرتبات؟ (تركيز على غياب الاستجابة والتغيير في المرتبات)؟
3008	بصراحة، أي الحقوق اللي بتدي لصاحب المؤسسة الحق إنه يفصل العامل؟ وهل مفروض يستنى حكم المحكمة قبل ما يستحق القرار ده؟
842	بصراحة، بعد مرور الولادة، الزوج المفروض يقعد كام يوم إجازة من شغله عشان يساعد مراته؟ (تركز على دور المساعدة بعد الولادة)؟
1187	مدة إجازة الحج والعمرة قد إيه، ويا ترى مين اللي ليه الحق ياخدها؟ (تغيير في التركيب واستخدام كلمات عامية أكثر)
638	بصراحة كده، كام يوم إجازة سنوية بتتصرف للناس اللي ربنا ابتلاهم بإعاقة؟ هل ليهم معاملة خاصة في الموضوع ده؟
5511	لو سمحت، لو الواحد اتظلم في شغله، يروح يرفع شكواه لمين؟ لوزارة القوى العاملة ولا المحكمة؟
4629	لو سمحت، في مصر، هل فيه قوانين بتمنع وتجرم أي تصرفات مؤذية أو مهينة بتحصل بين الزملا في المؤسسة؟ (تركز على منع التجريم)؟
2922	يعني طب لو واحد معاشه شغال، ده قانوني؟ وياترى بيواجه صعوبات في الشغل ده؟ (تركيز على الجانب القانوني والصعوبات التي تواجهه)؟
2719	طيب، بفهم منين طريقة حساب مكافأة نهاية الخدمة؟ فيه كلام عن نص شهر للسنة الأولى وشهرين للسنتين اللي بعد كده، بس مش عارف الحسبة دي بتتعمل إزاي.؟
3595	طيب، أقصى العمل للحوامل يوافقوا عليه لو عدد الموظفات عندهم فوق كام؟
3684	يعني بموجب القانون المصري، صاحب الشغل ملزم بتوفير ما هو علشان يحمي العمال في مكان الشغل؟
2613	لو سمحت، الواحد عشان يطلع معاش من شركة خاصة، المفروض يكون عنده كم عمرة حسب القانون الجديد؟
148	ممكن أعرف ينفع الشركة تطلب مني أشتغل فوق الـ 8 ساعات في اليوم الواحد؟ (تركيز على إمكانية الطلب من الشركة)؟
552	يعني بعد مرور خدمة كام سنة في المؤسسة، الواحد بيوصل لمرحلة إن إجازته السنوية تبقى 30 يوم؟
4099	طيب، التأمين الصحي: هل بيغطي علاج الأمراض اللي بتحصل في الشغل؟
886	ممكن أعرف الواحدة اللي بتشتغل بعد ما تولد، مسموح ليها تغيب كام شهر عن الشغل؟
4380	يعني ممكن تفهموني، التعويض ده بيعتمد على كام سنهة الواحد قضاها في شغله؟ وإيه هي الشروط اللي بيحطوها عشان الواحد يستفيد بيه؟
4392	يعني طيب، لو الواحد قدم استحددته ومشي بالاتفاق مع الشركة، هل يستحق مكافأة نهاية الخدمة ولا لأ؟ وماذا حقوقه المشروعة في حالة الاستقالة؟ (تركز على حقوق الموظف)؟
2297	الضرايب واشتراكات التأمين، ممكن تنقص أكتر من 25% ولا لأ؟
1040	بصراحة، كام يوم إجازة مرضية بأجر كامل؟
1476	يعني لو العقد اللي ليه مدة معينة انتهى والشغل استمر عادي، كده العقد يبقى مفتوح على طول ولا إيه؟ (تغيير في التعبير عن الاستمرار والتلقائية)؟
5156	"بصراحة، معنى إن الحد الأدنى بقى أعلى بست آلاف وسبع آلاف جنيه، إن المفروض المرتبات تزيد، فليه الشركات دي لسه مدبسة الدنيا زي ما هي؟ (استخدام ""مدبسة الدنيا"" لوصف عدم التغيير بشكل ساخر)؟"
4598	بصراحة، طب فرضاً العامل مطلوب منه شغل يجوز يضره عشان مفيش أدوات أمان، هل ده يخليه مش ملزم يشتغل الوظيفة ده؟
4339	"طيب، يعني لو الشركة مشيتني من غير سبب مقنع، إيه الخطوات اللي لازم أتبعها علشان آخد تعويض؟ وهل فيه مبلغ محدد هو أقصى قيمة مباح التعويض يوصلها؟ (استخدام ""خطوات لازم أتبعها"" بدلاً من ""بكسب تعويض إزاي"")؟"
4343	"في حالة لو تم إنهاء خدمتي بشكل تعسفي، إزاي ممكن أطالب بتعويض؟ وهل القانون المصري فيه حد أقصى لقيمة التعويض في حالات الفصل التعسفي؟ (استخدام مصطلحات قانونية مثل ""إنهاء خدمتي بشكل تعسفي"" لزيادة الاختلاف)"
2195	أقصى مبلغ ممكن يتخصم من المرتب أد إيه؟ (أد إيه = كم)
5429	صاحب العمل ملزم يأخذ إجراءات لمنع التحرش وضمان سرية الشكوى؟
4003	طيب، عاوز أعرف طريقة احتساب مكافأة نهاية الخدمة. يعني، لو اشتغلت كام سنة، النص شهر ده والشهر اللي عقبه بيتجابوا إزاي؟
4684	ممكن أعرف القانون فيه بنود بتنص على ما هو بالظبط بخصوص أمان الشغل وكشف الصحة المنتظم على الناس اللي شغالة؟
2241	"لو سمحت، يعني لو الشركة عملتلي تأهيل أو تدريب، و أنا مضيت على ورق إني هدفع تمن التدريب ده لو سبت الشغل بدري، الكلام ده يمشي قانونًا ولا ما هو؟ (يستخدم كلمة ""تأهيل"" بدلاً من ""تدريب"" ويؤكد على توقيع الأوراق).؟"
595	طيب، لو الموظف سنه فوق الـ50، الشرع بيقول ياخد أي مقدار يوم إجازة في السنة؟ (تركز على الجانب القانوني للإجازة).؟
1677	لو سمحت، في حالة إن صاحب الشغل عمل تعديلات في عقد العمل من غير ما يرجع للعامل، هل كده هو ماشي صح ولا بيخالف القانون؟
1295	لو نزلت الشغل في يوم إجازة مدفوعة الأجر زي العيد، المفروض آخد كام بدل شغل اليوم ده؟
3543	"لو سمحت، هل فيه مشكلة لو الشركة أدت أفضلية للموظفة اللي لسة والدة، سواء كانت لسة في إجازة الوضع أو رجعت الشغل قريب؟ (هذه الصيغة تستخدم كلمة ""مشكلة"" وتوضح ""أفضلية"" بدلاً من ""تفضل"")؟"
264	يعني القانون بينص على وقت راحة قد ما هو للغداء خلال اليوم؟ عايزين نعرف المدة بالظبط.؟
2136	يعني لو فيه جزء من مرتبي مخدتوش في وقته، كده خلاص خسرت الفلوس دي ولا هتنحسب ليا بعدين؟
844	ممكن أعرف بعد الولادة، الزوج المفروض يقعد كام يوم إجازة من شغله عشان يساعد مراته؟ (تركز على دور المساعدة بعد الولادة)؟
5527	طيب، لو حصلت مشكلة في الشركة ومحقوقك اتاكلت، تروح تشتكي فين؟ وزارة القوى العاملة ولا المحاكم؟
4554	يعني في حالة وقوع حادث أو إصابة أثناء الدوام، على مين تقع مسؤولية تغطية العلاج والتعويضات المستحقة؟
4905	"لو سمحت، اللي عمرهم أقل من 18 سنة، مسموح يشتغلوا أي عدد وقت في النهار ولا فيه ضوابط؟ (إضافة خيار ""أي عدد ساعات"" وتغيير في الصياغة)؟"
2285	"لو اتقبض لي فلوس زيادة سواء كانت فلوس متأخرة ليا أو قرض، وبعد كده رجعوا المرتب زي ما هو، هل ممكن يبرروا الموضوع ده بأي ""ظروف خاصة""؟"
3893	هل القانون بيسمح لصاحب الشغل إنه يعاقب الموظف اللي رفع شكوى بسبب معاملة سيئة؟ ولا في حماية قانونية للضحية في الحالة دي؟
532	ممكن أعرف أول عمرة ليك في الوظيفة ليك 15 يوم إجازة. السؤال بقى، في السنة التانية هتاخد أي عدد يوم إجازة؟
590	بصراحة، إيه عدد أيام الإجازة السنوية المقررة للموظفين اللي فوق الخمسين؟ (أكثر رسمية بعض الشيء من الصيغة الأصلية).؟
1057	طيب، الشركة بتديني كام يوم إجازة مرضية بمرتب كامل لو احتجت؟ (تركيز على سياسة الشركة)؟
4052	بصراحة، بالنسبة للمبالغ دي، هل ليها شروط متعلقة بسبب ترك الشركة؟ يعني لو الموظف استذكر بعد مرور سن معين، هل يستحقها زي اللي اترفد؟
1787	المرتب بيتحسب ويتدفع ازاي؟ دفعة واحدة كل شهر، على دفعات كل أسبوع، ولا حساب يوم بيوم؟
931	طيب، الست العاملة ترجع وظيفتها عقب إجازة الوضع؟
510	يعني أول سنة في الشغل بيكون ليك 15 يوم إجازة. طب لما تدخل السنة التانية، إجازاتك هتبقى كام يوم بالظبط؟
5372	"بصراحة، هو النظام بتاع العمل بيخلي الشركات ملزمة إنها تعمل بيئة شغل صحية وسليمة، من ناحية حاجات زي الإضاءة والتهوية، ولا لأ؟ (تغيير في التركيب اللغوي واستخدام ""ولا لأ"" للتأكيد)؟"
3905	لو واحد أو واحدة اتظلموا في شغلهم وقدموا شكوى، هل صاحب العمل يقدر يعمل لهم حاجة تضرهم بعد كده؟ ولا القانون بيحمي الناس دي من أي تداعيات؟
3161	لو قدمت استقالتي بس بعد كده العمل أو الجهة الإدارية رفضوا يعتمدوا عليها؟
3100	ممكن أعرف إيه الفرق بين الاستنصة وإنهاء الخدمة، وإزاي فيه أنواع منها قانونية والنوع التاني برغبة الموظف؟ (هذا السؤال يركز على الفروق الجوهرية بين المفهومين وكيفية اختلافهما من حيث القانونية والاختيارية.)؟
5304	يعني الشرع بيقول إن العمال ليهم مطلق الحرية في تشكيل نقابات والانضمام ليها، صح كده؟ (تأكيد أكثر مع طلب الموافقة)؟
196	ممكن أعرف عدد ساعة الوظيفة في الأسبوع الواحدية اللي القانون بيحددها أد إيه؟
4365	لو سمحت، يعني عشان الواحد يستحق التعويض، ضروري يكون اشتغل كام سنهة بالظبط؟ وأي هي المحددات اللي بيحطوها في الاعتبار؟
375	لو سمحت، فيه إمكانية إني أغيب يوم كامل كل أسبوع و المرتب بتاعي مينقصش؟
3674	بصراحة، ماذا هي إجراءات السلامة اللي المفروض صاحب المؤسسة يوفرها للعمال حسب القانون؟
3880	ممكن أعرف هل القانون بيجرم التحرش الجنسي في بيئة الدوام ولا دي حاجة مش متجرمة؟
963	لو سمحت، بعد إجازة الأمومة، الست العاملة ليها ضمان إنها هترجع لنفس منصبها ومسؤولياتها اللي كانت ماسكاها قبل كده؟
3516	يعني بعد ما الست بتولد، لو رجعت الشغل بدري، إيه حقوقها المعتمدة في شغلها، وهل ده مضمون في الواقع الشغلي؟
4203	"لو سمحت، يعني، فيه جزء من فلوسنا بيروح للمعاش و لا دي حاجة تانية؟ و لو فيه معاش، مين اللي بيستلمه لما نخلص شغل؟ (استخدام ""يعني"" للتوضيح، وتركيز على طبيعة الخصم ومن يستلم المعاش في النهاية)؟"
1935	لو سمحت، معلش، ممكن توضيح بسيط؟ الزيادة السنوية اللي بنسمع عنها، الـ 3% دي، محسوبة على الراتب الأساسي اللي بيطلع بيه الرقم بتاع التأمين، ولا على الراتب التاني اللي بنستلمه في إيدينا؟ (تركيز على التوضيح والتبسيط مع إشارة إلى الاستلام الفعلي)؟
1588	ممكن أعرف يعني عشان العقد يبقى مظبوط وقانوني، لازم يكون فيه بنود أساسية زي المرتب ومواضيع تانية مهمة، صح كده؟ (تركيز على الشرعية والصحة حسب النظام)؟
1971	لو سمحت، يعني، هل لما بييجوا يحسبوا التأمينات الاجتماعية، بيبصوا على المرتب بتاعي شامل العلاوات والحوافز ولا بيعتبروا المرتب الأساسي بس هو الأساس؟
1956	يعني بالظبط كده، لما بيحسبوا مبلغ التأمين، بياخدوا في الاعتبار الفلوس الزيادة اللي بتيجي من العلاوات والحوافز ولا بيحسبوا على المرتب الأساسي بس؟
2898	يعني لو حد صرف فلوس، ماذا اللي يخليني أقول إن دي مكافأة مش تعويض؟ أو العكس، إيه الفرق اللي بيحدد؟
877	طيب، قانون الشغل بيدي للست اللي جابت بيبي كام شهر إجازة أمومة مدفوعة الأجر؟
198	يعني ممكن لينا نشتغل كم ساعة في أسبوعياً بالكتير من غير مخالفة للقانون؟
2243	"فيه تدريب خدته من الشركة بتاعتي، والعقد فيه شرط جزائي إني لو استقيلت قبل ما أخلص مدة معينة أدفع فلوس التدريب. إيه وضع الشرط ده من ناحية القانون؟ (يستخدم مصطلح ""شرط جزائي"" لإضافة دقة قانونية أكثر)."
3130	ممكن أعرف مفروض أسلم إشعار قبل ما أرجع؟ الشرع ذكر فترة الرجوع للاستقالة كم يوم؟
2560	ممكن أعرف أي هي الطريقة اللي بيتحسب بيها أقل وأعلى مبلغ يجوز يتأمن عليه الواحد؟
421	طيب، هل فيه تصريح أو سماح إنهم يشتغلوا يوم الأحد كنوع من المقاصة لإيجارهم الأسبوعي؟ ما هو الوضع النظامي للحكاية دي؟
2708	بصراحة، لو سمحت، ممكن تشرح لي طريقة احتساب مكافأة نهاية الخدمة؟ أنا عارف إن العمرة الأولى ليها نص شهر، والسنتين اللي بعد مروريها ليهم شهرين، بس عايز أعرف التفاصيل أكتر.؟
1723	طيب، العقد الجزء المتعلق بفترة التجربة، هل من حق العامل يرفض إكمالها؟
2899	طيب، لو حد صرف فلوس، إيه اللي يخليني أقول إن دي مكافأة مش تعويض؟ أو العكس، إيه الفرق اللي بيحدد؟
3388	ممكن أعرف الواحدة اللي حامل ينفع تشتغل ساعات زيادة أو تعمل شغل إضافي وهي حامل ولا القانون مانعها؟ (تغيير في الأسلوب والكلمات المستخدمة)؟
3304	ممكن أعرف في موضوع الاستقالة ده، محكمة القضاء الإداري بتتعامل إزاي؟ إيه الشرع اللي بيحكم حالات الاستقالة عندهم؟ (سؤال عام عن كيفية التعامل مع حالات الاستقالة)؟
3267	لو سمحت، طيب سؤال، لما أجي أقبض التعويض بتاعي، بيحسبوه على عدد سنين خدمتي كلها ولا فيه عدد سنين معين؟ واشمعنى القانون ما بينصش على عدد السنين دي بالتفصيل؟ (تركز على عملية قبض التعويض)؟
203	لو واحد شغال باليومية، كام ساعة عمل في الأسبوع تعتبر قانونية؟
152	بصراحة، ممكن المؤسسة يلزمني إني أداوم فوق من 8 ساعات يومياً؟ (تركيز على الإلزام و المداومة)؟
4624	ممكن أعرف هو القانون المصري بيعتبر التحرش والإهانة في بيئة الوظيفة جريمة ولا لأ؟ (تركز على اعتبار السلوك جريمة)؟
4212	"يعني إيه بالظبط ""نموذج 6""؟ وإيه القانون بيقول فيه حالياً؟ (تركز على المصطلح ""نموذج"" بدلاً من ""استمارة"" واستخدام كلمة ""القانون"" بدلًا من ""الوضع القانوني"")؟"
1758	يعني المرتب بيتصرف إزاي؟ شهريًا ولا أسبوعيًا ولا أجر يومي؟
1933	طيب، معلش، يمكن توضيح بسيط؟ الزيادة السنوية اللي بنسمع عنها، الـ 3% دي، محسوبة على الراتب الأساسي اللي بيطلع بيه الرقم بتاع التأمين، ولا على الراتب التاني اللي بنستلمه في إيدينا؟ (تركيز على التوضيح والتبسيط مع إشارة إلى الاستلام الفعلي)؟
1719	"لو سمحت، طب قول لي، لو العامل مش قادر يواكب التطورات الجديدة في العقد، من حقه يلجأ لأي نوع من أنواع الاحتجاج؟ (هذه الصيغة تسأل بشكل أعم عن الحق في الاحتجاج بأي طريقة، مع التركيز على عدم القدرة على ""مواكبة التطورات"".)؟"
1909	طيب، بالبلدي كده، الزيادة السنهوية الـ 3% تحسب على المرتب الأساسي ولا المرتب اللي بنأمن بيه؟ (تركيز على التعبير العامي والوضوح)؟
1168	ممكن أعرف بالذمة، لو فيه صنايعي بتاع خلطة عيان بمرض ممكن يتنقل للناس، يبقى إجازة العزل بتاعته تبقى قد إيه بالظبط؟ كام شهر يعني؟
1805	يعني مفيش أمل آخد المرتب بتاعي كله كاش؟ لازم جزء منه ينزل في حساب بنكي؟
937	طيب، هو القانون بيسمح للموظفة ترجع شغلها بعد ما تخلص إجازة الولادة ولا ماذا النظام؟
3892	ممكن أعرف يعني لو حد اتعرض لأذية في شغله وراح اشتكى، مديره مبيقدرش يأخذ ضده أي إجراء؟ القانون واقف في صف اللي اتأذى فعلًا؟
3609	لو سمحت، الشركة بتسمح بأقصى مجهود قد إيه للحوامل؟ و ده بيعتمد على عدد الموظفات، يعني لو فيه كام موظفة أو أكتر؟
1961	عايز أعرف، بالنسبة للتأمين، العلاوات والمكافآت دي بيعتبروها جزء من الأجر اللي بيتحسب عليه نسبة الاشتراك ولا ليها حسبة تانية؟
4417	طيب، أي اللي بيحصل بالنسبة لمكافأة نهاية الخدمة لما الواحد يستقيل بمزاجه، والشركة توافق؟ التشريع بيحكم الموضوع ده إزاي؟ يعني أستحقها ولا مش من حقي؟ (تركز على آلية عمل القانون في حالة الاستقالة)؟
4811	حد تبع وزارة الصحة بينزل يعمل تفتيش مفاجئ على المستشفى اللي بنشتغل فيها، ولا لأ؟ (يضيف عنصر المفاجأة في التفتيش)
1789	طيب، المرتب بيتحسب ويتدفع ازاي؟ دفعة واحدة كل شهر، على دفعات كل أسبوع، ولا حساب يوم بيوم؟
606	يعني الأشخاص المعاقين يأخذون كام يوم إجازة سنوية؟
2989	طيب، إمتى بالظبط صاحب الشغل يقدر يمشي الموظف بتاعه؟ صحيح واجب حكم محكمة عشان الفصل يبقى رسمي؟
688	ممكن أعرف يعني الواحد ليه أد أي يوم إجازة طارئة في السنة، زي مثلاً مناسبة مفاجئة أو حاجة ضرورية؟
2914	ممكن أعرف هل العامل يجوز يشتغل في المعاش؟ وهل يلاقي صعوبة؟
4842	"يعني ايه هو أقل عمر ممكن بيه للشغل في مصر حسب القانون؟ (تستخدم كلمة ""مسموح"" و ""حسب القانون"" للتعبير عن الجانب القانوني بشكل أكثر رسمية)؟"
2116	ممكن أعرف ايه اللي يمكن يحصل لو صاحب الشغل اخر صرف المرتب؟ وايه الاجراءات اللي القانون بيحمي بيها العامل؟
1855	طيب، فيه حد يعرف آخر مرة اتحدد فيها أقل مرتب في القطاع الخاص كان قد ماذا جنيه؟
3872	بصراحة، فيه نصوص قانونية بتتعامل مع حالات التحرش الجنسي اللي بتحصل جوه الشركات والمؤسسات؟
4803	"لو سمحت، يا ترى في حد متخصص في الصحة بيراقب أوضاع المستشفى بتاعتنا؟ (كلمة ""يراقب"" تعطي معنى أوسع من الفحص)؟"
4741	طيب، في حالة وجود أي تقصير أو إهمال في إجراءات السلامة شايفه بيحصل قدامي، مين الشخص أو الجهة اللي أقدر أرفع لها الموضوع ده؟ (تركيز على التقصير والإهمال ورفع الموضوع)؟
5352	"يعني سؤال، لو حصلت أي خلافات في الشركة، زي مثلاً تأخير في صرف الرواتب، هل ممكن نلجأ للإضراب كوسيلة احتجاج؟ وإيه موقف التشريع من التصعيد ده؟ (استخدام كلمة ""تصعيد"" للإشارة إلى الإضراب وسؤال عن موقف القانون من هذا التصعيد)؟"
3781	طيب، يعني القانون بيفرض حد أدنى من إجراءات السلامة والأمان؟ زي مثلًا لبس معين أو خوذة مفروض الشركة توفرها؟
4785	لو سمحت، موظف صحي بيفحص مستشفى الوظيفة؟
2234	بصراحة، أنا لو أخدت كورس تبع الشركة و فيه بند في العقد بيقول إني لو مشيت قبل مدة معينة هدفع تمن الكورس، القانون بيقول ما هو في الموضوع ده؟ (يركز على تفاصيل أكثر حول الكورس والبند في العقد).؟
2215	طيب، فيه ليميت للخصومات اللي بتنزل من المرتب ولا ممكن تتخصم أي حاجة؟ لو فيه، الليميت ده كام؟
1592	بصراحة، العقد ده لازم يتفي حاجات أساسية عشان يبقى معترف بيه، زي المرتب وكل التفاصيل اللي مينفعش ننساها؟ (تركيز على الاعتراف القانوني وأهمية التفاصيل)؟
3264	يعني طيب سؤال، لما أجي أقبض التعويض بتاعي، بيحسبوه على مقدار عمرين خدمتي كلها ولا فيه عدد سنين معين؟ واشمعنى القانون ما بينصش على عدد السنين دي بالتفصيل؟ (تركز على عملية قبض التعويض)؟
1467	لو سمحت، أعلى مدة مسموحة لعقد تحت الاختبار بتكون كام شهر؟ (بيركز على أعلى مدة ممكنة لعقد تحت الاختبار)؟
2163	لو سمحت، بالليل والنهار، الساعة الزيادة في الشغل بتعتبر بضرب الأجر الأساسي في كام؟ (تركيز على طريقة حساب الأجر الإضافي)؟
3232	ممكن أعرف لو التعويض اللي المفروض اخده كبير جدًا، هل يجوز القانون يقلله عشان فيه قيمة محددة مينفعش اتعداها؟
2806	ممكن أعرف هو الواحد من حقه يختار يتقاعد إمتى بإرادته؟ إزاي؟
2118	يعني رصيد المرتب اللي ما استلمتش، يترحل للسنة اللي بعدها ولا يُعوض؟
4470	يعني يا ترى القانون بيقول أي عن مسؤولية صاحب الدوام في إنه يدي للعاملين بتوعه كل أدوات السلامة والوقاية اللازمة؟
952	ممكن أعرف ماذا الوضع بالنسبة للمرأة اللي كانت شغالة وخلفت؟ هل ليها الحق ترجع تشتغل نفس الشغلانة تاني عقب الإجازة؟
3477	لو سمحت، هل وقت الرضاعة للموظفات المرضعات بيعتبروه شغل رسمي وبيقبضوا عليه، ولا بيعتبروه حاجة زيادة مش بيتحاسبوا عليها؟
4394	بصراحة، طيب، لو الواحد قدم استقالته ومشي بالاتفاق مع الشركة، هل يستحق مكافأة نهاية الخدمة ولا لأ؟ وما هو حقوقه القانونية في حالة الاستقالة؟ (تركز على حقوق الموظف)؟
3300	يعني في موضوع الاستقالة ده، محكمة القضاء الإداري بتتعامل إزاي؟ إيه القانون اللي بيحكم حالات الاستقالة عندهم؟ (سؤال عام عن كيفية التعامل مع حالات الاستقالة)؟
2642	بصراحة، فيه فرق بين سن الواحد لما يوصل للمعاش وبين السن اللي ممكن فيه عقد شغله ينتهي؟
5119	طيب، لما بيقولوا فيه زيادة 3% في السنة، الزيادة دي بتكون محسوبة على أساس الراتب الفعلي اللي بقبضه، ولا الراتب اللي بيتعمل عليه التأمين؟
3643	"طيب، ""ماذا المجالات اللي القانون بتاع عمرة 2025، اللي بيحمي الستات الحوامل من التمييز، بيغطيها؟""؟"
209	ساعات الراحة (زي الغداء أو فترات راحة) بتتحسب ضمن الـ8 ساعات؟
4153	طيب، في حالة إن حد اتعور عورة كبيرة في المؤسسة، مين المفروض يدفع له قيمة العلاج والتعويض؟
1192	ممكن أعرف مدة إجازة الحج والعمرة قد ما هو، ويا ترى مين اللي ليه الحق ياخدها؟ (تغيير في التركيب واستخدام كلمات عامية أكثر)؟
390	يعني هل مسموح لهم يشتغلوا يوم الأحد مثلاً بدل إجارتهم الأسبوعية؟ القانون قال ماذا؟
5272	ممكن أعرف إزاي قانون الوظيفة الجديد بيضمن إن مفيش حد يتظلم أو يتعرض لمضايقات بسبب جنسه أو دينه أو أي سبب تاني في الشغل؟ أي اللي بيعمله بالتحديد؟
1861	طيب، أعلى قيمة وصل ليها الحد الأدنى للأجور في القطاع الخاص كانت إيه عدد جنيه، وده كان امتى؟
4718	بصراحة، لو فيه مشاكل في الأمان اكتشفتها في المؤسسة، أروح أشتكي لمين عشان الموضوع يتصلح؟ (تركيز على الشكوى والتصليح)؟
3941	"هل فيه نص في القانون بيقول إن صاحب العمل لازم يعمل زي كشف جنائي على اللي بيشتغلوا عنده، وده بهدف إنه يضمن بيئة عمل آمنة؟ (تغيير في الكلمات والتعبير عن ""الفحص"" بـ ""كشف جنائي"" مع التركيز على ضمان بيئة عمل آمنة)."
4675	طيب، هل النظام ذكر أي ضوابط للسلامة المهنيّة أو الفحص الدوري للصحة للعاملين؟
2052	يعني مين المسؤول عن حساب المرتب وصرفه، وكمان استقطاع الضرائب والتأمينات؟
2414	"بصراحة كده، لو أنا و اللي قدامي اتفقنا في العقد على نسبة خصم معينة، ده ليه وضع قانوني مختلف عن الحد الأقصى للخصم اللي النظام بيقول عليه؟ (تستخدم كلمات عامية أكثر مثل ""بصراحة كده"" و ""اللي قدامي"" لإضفاء طابع مصري عفوي).؟"
241	طيب، لو باخد بريك غدا أو أي راحة تانية في الشغل، ده بيعتبر من في الـ 8 ساعة بتوع الشغل ولاّ بيتحسب وقت إضافي؟
2218	ممكن أعرف فيه ليميت للخصومات اللي بتنزل من المرتب ولا يمكن تتخصم أي حاجة؟ لو فيه، الليميت ده قد إيه؟
3174	يعني إيه اللي ممكن يحصل لو أنا استقلت والشركة رفضت الاستذكرة بتاعتي؟ (تركيز على النتائج المحتملة)؟
4996	ممكن أعرف أيه هي الإرشادات اللي بتنصحوا بيها أي طالب في أي مرحلة تعليمية لو قرر يشتغل شغلانة بارت تايم؟
3705	لو سمحت، واجب يكون في طبيب عمل أو طبيب متخصص داخل المصانع؟
1062	يعني فيه كام يوم مباحلي أغيب بسبب المرض مع الحفاظ على مرتبي كامل؟ (تركيز على الحق المتاح)؟
3021	لو سمحت، يعني مينفعش يفصله كده من غير سبب؟ التشريع حظر الفصل التعسفي؟
2113	طيب، ايه اللي مسموح يحصل لو صاحب الشغل اخر صرف المرتب؟ وايه الاجراءات اللي النظام بيحمي بيها العامل؟
1016	بصراحة، يا ترى الأم اللي بترضع بتاخد كام بريك زيادة في المؤسسة عشان ترضع البيبي؟
4222	"ممكن أعرف ايه المقصود بـ ""الاستمارة رقم 6""؟ ولوقتي التشريع بيتعامل معاها إزاي؟ (تستخدم ""المقصود"" و ""التعامل"" للتعبير عن نفس المعنى بطريقة مختلفة)؟"
1141	طيب، ينفع أقدم طلب علشان الإجازة المرضي دي تتحول لإجازة من الرصيد بتاعي العادي بتاع كل سنهة؟
3058	ممكن أعرف لو وقعت استقالة تحت ضغوط ينفع ألغيها ولا القانون بيعتبرها نهائية؟
1799	مينفعش استلم مرتبي كله فلوس في إيدي؟ ضروري يبقى فيه حساب في البنك؟
3995	إزاي بيتم حساب مبلغ نهاية الخدمة؟ قصدي، النص شهر عن السنين الأولى والشهر الكامل بعد كدة بيتحسبوا إزاي بالظبط؟
812	"بصراحة، بالظبط كده: لو الواحد واخد إجازة للمذاكرة في وقت الامتحانات، بيتُعتبر عليه من إجازته العادية ولا بتكون إجازة خاصة مش بتأثر على الرصيد؟ (تقديم توضيح إضافي: ""فترة الامتحانات"" بدل ""أيام الامتحانات"",  ""إجازته العادية"" بدل ""الرصيد السنهوي"" واستخدام ""إجازة خاصة مش بتأثر على الرصيد"")؟"
3051	لو سمحت، لو شركة فصلت موظف من غير أي سبب مقنع، ده يعتبر مخالفة للقانون؟ النظام بيحمي الناس من الفصل اللي بدون حق ده ولا لأ؟
3789	لو سمحت، هل فيه متطلبات قانونية بتحدد مستوى معين من وسائل الوقاية الشخصية مطلوب تكون متاحة، زي الخوذ أو الملابس الواقية؟
3030	يعني طب هو لو اترفد فجأة بدون ما يكون عمل حاجة غلط، يبقى كده الشركة خالفت القانون ولا إيه؟ الفصل ده يبقى تعسفي؟
3092	"بصراحة، ليه في ""استحددة"" و""إنهاء خدمة"" وبعضها قانوني وتطوعي؟"
2557	طيب، إيه هي الطريقة اللي بيتحسب بيها أقل وأعلى مبلغ ينفع يتأمن عليه الواحد؟
1947	لو سمحت، يا ترى العلاوات والتحفيزات تُعد من ضمن الأجر اللي بيتخصم منه التأمين الاجتماعي ولا لأ؟
4332	يعني بفرض إني مشيت من الشغل بطريقة غير قانونية، إيه هي الإجراءات اللي أعملها عشان أخد حقي كتعويض؟ وهل فيه سقف معين للتعويضات دي في مصر؟ (تغيير كبير في الصياغة مع التركيز على الإجراءات)؟
1454	بصراحة، عقد التجربة ممكن يوصل لحد كام شهر؟ (بيستفسر عن الحد الأعلى لمدة عقد التجربة)؟
3751	"طيب، في حالة وقوع حادثة أو أذية لحد، مين اللي يشيل الشيلة؟ (تستخدم ""أذية"" بدل ""إصابة""، و""يشيل الشيلة"" تعبير عن تحمل المسؤولية)؟"
4892	بصراحة، تحت سنه 18، فيه قيود على وقت العمل النهارية؟
2045	مين بيحسب المرتب ويصرفه، والضرائب والتأمين من عليه؟
2345	لو الشركة غلطت وهي بتديني مرتبي، فيه إمكانية أعدل المبلغ ده في وقت لاحق؟ وإيه حقوقي قانونًا في الحالة دي؟
5146	ممكن أعرف لو عرف الحد الأدنى يزيد 6000 و7000 من ورا، ليه الشركات دي نفس الكلام؟
121	طيب، يعني لو الواحد اشتغل باليومية، القانون محدد كام ساعة شغل كل يوم الواحد؟
4639	طيب، صاحب العمل ملزم يعمل إجراءات لمنع التحرش الجنسي في العمل؟
2023	طيب، هل قانوني إن يتخصموا زيادة عن رُبع القبض؟
1142	بصراحة، ينفع أقدم طلب علشان الإجازة المرضي دي تتحول لإجازة من الرصيد بتاعي العادي بتاع كل سنة؟
5528	بصراحة، لو حصلت مشكلة في الشغل ومحقوقك اتاكلت، تروح تشتكي فين؟ وزارة القوى العاملة ولا المحاكم؟
3938	بصراحة، في إلزام قانوني على أصحاب المصانع والمحلات إنهم يعرفوا تاريخ الموظفين الإجرامي قبل ما يشغلوهم، ولا ده مش ضروري عشان إجراءات السلامة؟ (تغيير في الكلمات والتعبير عن ضرورة معرفة التاريخ الإجرامي للموظف).؟
709	طيب، بالظبط كده، الموظف يقدر يستحق أد إيه يوم في السنة إجازة تحت بند الظروف الطارئة، زي مناسبة مفاجئة أو حاجة حصلت فجأة؟
150	يعني يجوز الشغل يلزمني إني أداوم فوق من 8 ساعة يومياً؟ (تركيز على الإلزام و المداومة)؟
739	طيب، هل الإجازات اللي بنحصل عليها دلوقتي محسوبة من الإجازة السنوية اللي بنستحقها كل سنة ولا ليها حسابات مختلفة؟
3939	لو سمحت، في إلزام قانوني على أصحاب المصانع والمحلات إنهم يعرفوا تاريخ الموظفين الإجرامي قبل ما يشغلوهم، ولا ده مش ضروري عشان إجراءات السلامة؟ (تغيير في الكلمات والتعبير عن ضرورة معرفة التاريخ الإجرامي للموظف).؟
3741	لو سمحت، في حالة حادث أو إصابة مين بيتحمل المسئولية؟
2915	ينفع العامل يشتغل وهو بياخد معاش؟ ويا ترى هيلاقي مشاكل كتير؟ (تركيز على الإمكانية العملية والمشاكل المحتملة)
3856	ممكن أعرف يا ترى القانون فيه كلام عن التحرش الجنسي اللي بيحصل في أماكن الشركة؟
2369	خصم قيمة الأدوات أو زي العمل من المرتب مسموح تاخد كام؟
3271	طيب، محكمة القضاء الإداري (استقالة) ولا خدمة؟ خدمة القانون اللى بيتعامل مع الاستقالة؟
5095	طيب، أي النسبة اللي القانون فرضها كزيادة سنهوية إجبارية على المرتبات؟
1749	لو سمحت، لو واحد شغال تحت مدة اختبار متسجلة في العقد، ينفع ببساطة يسيب الشغل ويمشي ولا في التزامات عليه؟
767	الموظف اللي بيشرف على الامتحانات الجامعية، ايه عدد أيام إجازة المذاكرة اللي بياخدها في العادة؟ (تركيز على العادة وعدد الأيام المتعارف عليه)
1750	ممكن أعرف لو واحد شغال تحت فترة اختبار متسجلة في العقد، يجوز ببساطة يسيب الوظيفة ويمشي ولا في التزامات عليه؟
5075	يا ترى القانون بيحدد زيادة سنوية للمرتبات بنسبة قد إيه؟
2562	يعني إزاي بيعرفوا أقل قيمة وأكبر قيمة للأجر اللي بيتخصم منه التأمين؟
5463	لو سمحت، هل صاحب الشغل في مصر عليه أي مسؤولية قانونية إنه يواجه التحرش في مكان الشغل، ويضمن إن اللي بيبلغ عن التحرش اسمه ما يظهرش؟
1217	شرط إيه علشان أقدر أخد إجازة الحج؟ سن معين أو سنوات خدمة؟
1488	"يعني لو العقد بوقت معين خلص وأنا كملت شغل زي ما أنا، كده العقد بيعتبر عقد مفتوح المدة ولا ليها حسبة تانية؟ (تغيير في بنية السؤال و استخدام كلمة ""حسبة تانية"")؟"
123	لو سمحت، يعني لو الواحد اشتغل باليومية، النظام محدد كام ساعة شغل في اليوم الواحد؟
4315	طيب، لو اتفصلت من غير حق، بكسب تعويض إزاي؟ التشريع ماحدش سقف التعويض؟
2119	طيب، رصيد المرتب اللي ما استلمتش، يترحل للسنة اللي عقبها ولا يُعوض؟
2190	يعني الخصومات: الحد الأقصى للخصم من المرتب كم؟
5415	لو سمحت، يا ترى فيه أي قوانين أو تشريعات بتحمي الموظفين من التنمر أو التحرش اللي مباح يتعرضوا له أثناء شغلهم؟ (هذه الصياغة أكثر عمومية وتتحدث عن الحماية بشكل أوسع).؟
2637	لو سمحت، هل سن التقاعد هو نفسه السن اللي يمكن فيه عقدك يخلص أو الشركة تستغنى عنك؟ ولاّ فيه فرق؟
4431	لو سمحت، طيب، الواحد لما يتفصل من شغله، ما هو الإجراءات اللي المفروض يعملها في محكمة العمل الجديدة دي؟ وهل ضروري يستأذن الحكومة قبل ما يرفع قضية ولاّ إيه النظام؟ (تركز على الإجراءات المطلوبة و توضح أكثر فكرة الاستئذان)؟
3605	الشركة بتسمح بأقصى مجهود قد إيه للحوامل؟ و ده بيعتمد على عدد الموظفات، يعني لو فيه كام موظفة أو أكتر؟
3257	بالبلدي كده، لما الواحد ييجي ياخد تعويض، بيحسبوا له التعويض ده على كام سنة اشتغلها؟ وايه اللي خلى القانون ما يحددش المدة دي بشكل واضح؟ (تستخدم كلمات أكثر بساطة وعامية)
932	بصراحة، الست العاملة ترجع وظيفتها بعد مرور إجازة الوضع؟
4636	ممكن أعرف يعني لو واحد اتعرض لإساءة أو تنمر في شغله، القانون بيقف جنبه ويحميه؟ (تركز على حماية القانون للضحية)؟
4083	"لو سمحت، يعني لو الراجل كان شغال ومات، الورثة بتوعه ليهم معاش أو مستحقات معينة ولا خلاص كده؟ (استخدمنا مصطلح ""الورثة"" و""معاش"" لجعله أكثر تحديدًا).؟"
2039	فيه حد أقصى للخصومات من المرتب ولا ممكن يتخصم أكتر من ربع؟
2818	ممكن أعرف طيب، هل فيه إمكانية الواحد يختار معاد التقاعد بتاعه بمزاجه؟ ولو فيه، إيه الخطوات اللي المفروض يعملها؟
4826	"بصراحة، يا ترى أصغر سنه ممكن الواحد يشتغل بيه قانوني في مصر كام؟ (تستخدم كلمة ""يا ترى"" للتقديم و ""قانوني"" للتأكيد على الجانب الرسمي)؟"
3177	لو سمحت، أي اللي ممكن يحصل لو أنا استقلت والشركة رفضت الاستنصة بتاعتي؟ (تركيز على النتائج المحتملة)؟
4863	لو سمحت، بالنسبة لواحد عنده 14 سنة، ينفع يشتغل ولا لأ؟ أصل أنا سمعت إن القانون بيسمح بالتدريب من السن ده، بس الشغل الرسمي بعد مرور كده بسنة.؟
2803	طيب، هو الواحد من حقه يختار يتقاعد إمتى بإرادته؟ إزاي؟
3728	بصراحة، يا ترى المصانع واجب يكون عندها دكتور متخصص في صحة العاملين أو دكتور شغل؟
4346	"بصراحة، في حالة لو تم إنهاء خدمتي بشكل تعسفي، إزاي ممكن أطالب بتعويض؟ وهل القانون المصري فيه حد أقصى لقيمة التعويض في حالات الفصل التعسفي؟ (استخدام مصطلحات قانونية مثل ""إنهاء خدمتي بشكل تعسفي"" لزيادة الاختلاف)؟"
4145	لو موظف اتأذى جامد وهو في الشغل، مين اللي بيدي له فلوس العلاج والتعويض اللي يستحقها؟
2428	"ممكن أعرف سؤال مهم: لو أنا مضيت على عقد فيه نسبة خصم محددة، هل النسبة دي ليها قوة القانون حتى لو كانت بتخالف الحد الأقصى للخصومات اللي القانون بيسمح بيها؟ (تستخدم ""سؤال مهم"" لتقديم السؤال وتوضح فكرة ""قوة القانون"").؟"
3654	"يعني ""بخصوص التشريع اللي صدر سنة 2025 وبيحرم التمييز على أساس الحمل، التمييز الممنوع ده بيكون في انهي أنواع من التعاملات أو المواقف؟""؟"
4939	طيب، إيه اللي القانون حدده تحديدا عن حظر تشغيل الأطفال بالليل أو في أي شغلانة ممكن تضرهم؟
5139	لو سمحت، لما يقولوا زيادة المرتب 3% كل سنة، هل الزيادة دي بتنزل على المرتب اللي بستلمه شهرياً، ولا المرتب اللي بيعتبروه أساس لحساب التأمينات الاجتماعية؟
3255	لو سمحت، يعني التعويض بيتحسب على أساس إيه كم عمرة خدمة بالظبط؟ وايه الحكمة إن الشرع ساب الموضوع عايم كده ومحددش عدد السنين؟ (تركز على الحكمة من عدم التحديد)؟
1744	ممكن أعرف بخصوص فترة التجربة اللي بتكون مكتوبة في العقد، هل العامل ليه الحق ينهيها قبل معادها ويمشي ولا ملزم بيها؟
2556	يعني أي هي الطريقة اللي بيتحسب بيها أقل وأعلى مبلغ ممكن يتأمن عليه الواحد؟
1784	بصراحة، طريقة صرف المرتب ماشية إزاي؟ بتستلموه شهريًا، أسبوعيًا، ولا بتقبضوا باليوم؟
398	بصراحة، ينفعوا يعوّضوا شغل الأحد بإيجار في الأسبوع الواحد؟ يعني القانون سامح بكده ولا إيه النظام بالظبط؟
406	ممكن أعرف لو اشتغلوا يوم الأحد، يمكن ده يحسب بديل لدفع الإيجار في الأسبوع الواحدي؟ يا ترى القانون بيسمح بحاجة زي دي ولا فيه موانع؟
5180	بصراحة، هل في فرضية قانونية لضمان زيادات سنوية (زي ما حصل حكم 3%)؟
4036	ممكن أعرف هل المبالغ دي بتُدفع في حالة استذكرة الموظف بعد مرور العمر ده، ولا بتتصرف بس لو الشركة مشّيته؟
1534	"ممكن أعرف موقف القانون المصري إيه من الناس اللي بتشتغل أونلاين أو بتاخد شغل نص يوم؟ (هنا استخدام عبارات مثل ""موقف القانون"" و ""شغل نص يوم"" للتركيز على الجانب القانوني و طبيعة الشغل)؟"
3185	فرضًا أنا سيبت الشغل وقدمت استقالتي، بس الإدارة رفضت تمشيها، كده يعتبروني لسه شغال ولا إيه بالظبط؟ (تركيز على الحالة الوظيفية)
5083	طيب، طبقا للقانون، المفروض المرتب بتاعي يزيد كل سنهة بمقدار قد ما هو؟
3101	"ليه بنلاقي مصطلحات زي ""استقالة"" و ""إنهاء خدمة"" موجودة، وإيه اللي بيخلي فيه منهم حاجات ماشية بالقانون وحاجات تانية بتبقى بمزاج الموظف نفسه؟ (هذا السؤال يركز على سبب وجود المصطلحات المختلفة، ويوضح أن بعضها يعتمد على القانون بينما البعض الآخر يعتمد على رغبة الموظف.)"
616	ممكن أعرف يا ترى القانون بيقول ما هو بخصوص عدد أيام الإجازة السنوية اللي من حق أي حد عنده إعاقة؟
3176	بصراحة، ماذا اللي ممكن يحصل لو أنا استقلت والشركة رفضت الاستذكرة بتاعتي؟ (تركيز على النتائج المحتملة)؟
206	بصراحة، لو واحد شغال باليومية، أد ماذا ساعة عمل في الأسبوع تعتبر قانونية؟
1865	هل في زيادة سنوية إلزامية للرواتب؟ القانون قال كام بالمية؟
3241	طيب، الواحد بياخد تعويض عن قد إيه سنة شغل؟ وايه السبب اللي خلى النظام ما يحددش المدة بالظبط؟ (تركز على العامل وأحقيته)؟
4567	طيب، هل من حق العامل يرفض ينفذ شغل يشكل خطورة عليه؟ مثلاً ملوش أدوات حماية؟
5413	طيب، يا ترى فيه أي قوانين أو تشريعات بتحمي الموظفين من التنمر أو التحرش اللي يجوز يتعرضوا له أثناء شغلهم؟ (هذه الصياغة أكثر عمومية وتتحدث عن الحماية بشكل أوسع).؟
1520	بصراحة، الوضع النظامي ماذا بالنسبة للشغل من البيت والوظايف اللي مش باليوم الكامل؟ (هنا استخدام لغة أكثر رسمية نسبياً مع الحفاظ على اللهجة المصرية)؟
4722	يعني مين الجهة اللي يمكن أقدم فيها تظلم أو شكوى لو شوفت حاجات غلط في إجراءات السلامة في المصنع؟ (استخدام مصطلحات رسمية أكثر قليلاً)؟
5127	لو سمحت، الـ 3% زيادة اللي بتيجي كل عمرة، دي بتضاف على قيمة المرتب الأصلي اللي بآخده في إيدي، ولا قيمة المرتب اللي بتدخل في حسابات التأمينات؟
4233	"لو سمحت، إيه هي ""الاستمارة 6"" دي أصلاً؟ وإيه اللي بينص عليه الشرع حالياً بخصوصها؟ (تستخدم ""إيه اللي بينص عليه"" لإعطاء انطباع أقوى عن البحث عن التفاصيل القانونية)؟"
1128	يعني لو سمحت، يجوز الإجازة اللي كنت واخدها علشان تعبان تتحسب إجازة عمروية عادية؟
4367	معلش، عاوز أعرف التعويض بيتحسب بناءً على كام سنة شغل؟ ويا ترى فيه أي حاجة تانية لازم الواحد يكون عارفها؟
1469	لو خلص عقد محدد المدة واستمر الشغل، هل يتحول تلقائيًا لعقد مفتوح؟
2477	لازم صاحب العمل يشترك في التأمين الاجتماعي من أول يوم عمل؟
3848	بصراحة، التشريع بيتكلم عن التحرش الجنسي في الشغل؟
2496	يعني فيه إلزام على أصحاب الأعمال بتسجيل الموظفين في التأمينات الاجتماعية من بداية شغلهم في الشركة؟
1292	بصراحة، لو اشتغلت يوم أجازة رسمية (عيد أو شم النسيم)، هاخد تعويض كام؟
4410	يعني لو أنا والشركة اتفقنا على إنهاء الخدمة عن طريق الاستقالة، المكافأة بتاعة نهاية الخدمة دي بتروح عليا ولا أي؟ وإيه موقف القانون بالظبط من الموضوع ده؟ (تركز على ضياع المكافأة المحتمل)؟
2482	ممكن أعرف مطلوب صاحب العمل يشترك في التأمين الاجتماعي من أول يوم عمل؟
3849	لو سمحت، النظام بيتكلم عن التحرش الجنسي في الشركة؟
4300	ممكن أعرف بعد مرور ما أقولهم ماشي، هل فيه أي إجراءات رسمية في مكتب العمل لازم أعملها عشان الاستذكرة تمشي؟ (تركيز على الإجراءات الرسمية المطلوبة)؟
2341	طيب لو حصل لخبطة في حساب المرتب من طرف الشركة، ينفع نصلح الغلط ده بعد كده؟ وإيه اللي بيقوله القانون في الموضوع ده؟
1425	لو سمحت، إيه الاختلافات الأساسية بين عقد العمل اللي بيتحدد له مدة زمنية وعقد العمل اللي ملوش مدة مُحددة في القانون المصري؟
2070	يعني مين بالظبط اللي بيعمل حساب المرتب ويدينا الفلوس، وكمان هو اللي بيدفع الضرائب والتأمين بدلنا؟
5534	بصراحة، لما حقوق العامل تتهدر في مكان شغله، المفروض يتوجه بشكواه فين؟ لوزارة العمل ولا المحكمة المختصة؟
3693	لو سمحت، يا ترى القانون المصري بيُلزم صاحب الوظيفة بتوفير أي من وسائل الحماية والأمان للعمال اللي عنده؟
2174	"بصراحة، يا ترى مكافأة الشغل الإضافي (أوفر تايم) بتكون قد إيه بالنسبة للأجر العادي، لو اشتغلت بالليل أو بالنهار؟ (استخدام مصطلح ""مكافأة"" و ""أوفر تايم"")؟"
4487	بصراحة كده، هل القانون بيجبر صاحب العمل إنه يوفر للعاملين عنده كل وسائل الحماية والأمان اللازمة؟ وإيه هي بنود القانون في الموضوع ده؟
493	طيب، إيه هو عدد أيام الإجازة اللي من حق أي حد شغال في القطاع الأهلي ياخدها كل سنة؟
5473	طيب، يعني القانون الجديد بيقول إن الراجل والست اللي بيشتغلوا نفس الشغلانة هياخدوا نفس المرتب بالظبط؟ (تغيير كبير في التركيب واستخدام كلمات عامية أكثر)؟
3965	الراجل اللي سنه أكبر من 60 سنة، القانون بيقول له إيه لما يتقاعد؟ (بمعنى مكافأة التقاعد)
1300	ممكن أعرف لو نزلت العمل في يوم إجازة مدفوعة الأجر زي العيد، المفروض آخد كام بدل شغل اليوم ده؟
4239	"لو سمحت، مسموح شرح بسيط لـ ""استمارة 6""؟ وإزاي القانون بيحكمها في الوقت الحالي؟ (تطلب شرحًا بسيطًا وتركز على فكرة ""الحكم"" القانوني)؟"
4581	لو سمحت، يعني لو الشغل فيه تهديد لسلامة العامل ومعهوش اللي يحميه، ده يدي له الحق إنه يعترض وميشتغلش؟
2077	طيب، مين اللي ماسك حسابات المرتبات وبيصرفها لينا، ويستحق باله من قصة الضرايب والتأمين دي؟
3984	يعني إيه اللي بيستحقه أي حد سنهه عدا الستين وبيشتغل، لما يمشي من الشغل؟ (أقصد مكافأة نهاية الخدمة)؟
2581	طيب، ممكن تشرحلي إزاي بيتم تحديد سقف الأجر التأميني، يعني إيه هو أقل رقم وأعلى رقم ممكن يتخصم منهم للتأمين؟
1712	"بصراحة، السؤال هنا، لو التغييرات اللي حصلت في العقد خلت الشغل مستحيل بالنسبة للعامل، هل من حقه إنه ياخد إجراءات تصعيدية؟ (هذه الصيغة تستخدم لغة أكثر رسمية، وتستبدل ""الاعتصام"" بـ ""إجراءات تصعيدية"".)؟"
2927	هل فيه أي قيود على العامل اللي بيقبض معاش إنه يشتغل تاني؟ ولو اشتغل، إيه التحديات اللي ممكن تقابله؟ (تركيز على القيود والتحديات المحددة)
899	"يا ترى الراجل من حقه ياخد كام مرة إجازة أبوة خلال شغله كله؟ (تركيز على إجازة الأبوة كمرادف لإجازة الولادة، واستخدام كلمة ""شغله"" بدلاً من ""حياته المهنية"")"
3970	ممكن أعرف الراجل اللي سنهه أكبر من 60 سنة، القانون بيقول له إيه لما يتقاعد؟ (بمعنى مكافأة التقاعد)؟
2948	بصراحة، أي نماذج التقديم المعتمدة في المعاش؟ وهل بيطلع بعد المعاش بمدة؟
3353	من أنهي شهر في الحمل المفروض الست تبدأ تقلل عدد ساعات شغلها في اليوم؟
263	القانون بينص على وقت راحة قد إيه للغداء خلال اليوم؟ عايزين نعرف المدة بالظبط.
3653	"""بخصوص القانون اللي صدر سنة 2025 وبيحرم التمييز على أساس الحمل، التمييز الممنوع ده بيكون في انهي أنواع من التعاملات أو المواقف؟"""
2610	يعني الواحد عشان يطلع معاش من شركة خاصة، المفروض يكون عنده أد إيه سنة حسب القانون الجديد؟
1718	"بصراحة، طب قول لي، لو العامل مش قادر يواكب التطورات الجديدة في العقد، من حقه يلجأ لأي نوع من أنواع الاحتجاج؟ (هذه الصيغة تسأل بشكل أعم عن الحق في الاحتجاج بأي طريقة، مع التركيز على عدم القدرة على ""مواكبة التطورات"".)؟"
4538	بصراحة، مين المسؤول عن تكاليف العلاج والتعويضات لو حصل حادثة شغل أو إصابة أثناء المؤسسة؟
880	ممكن أعرف قانون العمل بيدي للست اللي جابت بيبي كم شهر إجازة أمومة مدفوعة الأجر؟
4670	بصراحة، هل فيه مسؤولية قانونية على صاحب المؤسسة إنه يضمن بيئة عمل آمنة وخالية من التحرش لكل العاملين عنده؟ (هذا السؤال يركز على المسؤولية القانونية لصاحب الشغل وتوفير بيئة عمل آمنة)؟
4520	بصراحة، مفروض يبقى فيه جوه المؤسسة حد متخصص في الصحة المهنية، زي دكتور شغل أو واحد مدرب على الإسعافات، ولا مش لازم؟
1770	يعني المرتب بيتدفع على أي أساس؟ بالشهر، بالأسبوع، ولا باليوم؟
4703	يعني القانون بيوضح إيه بالظبط عن تأمين الناس في الشغل، وهل لازم نعملهم فحص طبي كل فترة ولا دي حاجة اختيارية؟
1269	لو سمحت، قوللي، في السنهة كلها، كم يوم إجازة الحكومة بتدفع تمنهم؟
742	ممكن أعرف هل الإجازات اللي بنحصل عليها دلوقتي محسوبة من الإجازة العمروية اللي بنستحقها كل سنة ولا ليها حسابات مختلفة؟
463	طيب، كام مقدار أيام الإجازة السنهوية للشغال في الشركات الخاصة؟
4378	ممكن أعرف السؤال بالصاستراحة: التعويض ده بيحسبوه على أساس خدمة كام عمرة بالظبط؟ وماذا هي الاشتراطات الأساسية عشان الواحد ياخده؟
1099	طيب، تمام، في أول تلات شهور من الإجازة المرضية بيكون المرتب كمل، طب بعد مرور كده، المرتب بيقل ولا بيبقى فيه نظام تاني؟
266	بصراحة، التشريع بينص على وقت بريك قد إيه للغداء خلال اليوم؟ عايزين نعرف المدة بالظبط.؟
4040	بصراحة، طيب، الفلوس دي ليها علاقة بسّن الموظف؟ يعني لو ساب الوظيفة عقب سنه معين، ياخدها؟ ولا هي بس للّي بيمشّوا غصب عنهم؟
2204	بصراحة، يا ترى، الخصومات متوصلش لفين من المرتب؟ يعني أعلى نسبة خصم كام؟
394	ممكن أعرف هل مسموح لهم يشتغلوا يوم الأحد مثلاً بدل إجارتهم في الأسبوع الواحدية؟ الشرع قال ماذا؟
3047	لو شركة فصلت موظف من غير أي سبب مقنع، ده يعتبر مخالفة للقانون؟ القانون بيحمي الناس من الفصل اللي بدون حق ده ولا لأ؟
4379	ممكن تفهموني، التعويض ده بيعتمد على كام سنة الواحد قضاها في شغله؟ وإيه هي الشروط اللي بيحطوها عشان الواحد يستفيد بيه؟
2635	طيب، هل سن التقاعد هو نفسه السن اللي يجوز فيه عقدك يخلص أو الشركة تستغنى عنك؟ ولاّ فيه فرق؟
1876	ممكن أعرف فيه قانون بيفرض زيادة مرتبات كل عمرة؟ ولو فيه، القانون ده بيقول الزيادة واجب تكون أي عدد في المية بالظبط؟ (تغيير كبير في التركيب مع الحفاظ على المعنى)؟
3806	بصراحة، القانون بيقول أي عن أقل مستوى من الحماية مفروض يتوفر للعمال؟ يعني لازم يكون فيه خوذة أو لبس حماية ولا لأ؟
5312	بصراحة، مش المفروض القانون بيأكد حق كل عامل في إنه يكون عضو في أي نقابة تعجبه أو حتى يعمل نقابة جديدة بنفسه؟ (تركيز على الحق الفردي ووجود بدائل)؟
2468	"بصراحة، يعني قيمة الاشتراك في التأمينات بتتطرح من إجمالي المرتب قبل ما آخده، ولا ماذا بالظبط؟ (تستخدم مصطلحات ""إجمالي المرتب"" و""تتطرح"" لتقديم وجهة نظر مختلفة للسؤال)؟"
2265	لو سمحت، لو أخدت مستحقات زيادة أو قرض وبعدين رجعوني للوراء، يمكتبوها ضرورة؟
1327	طيب، هل ليا يوم بديل ولا أجر مضاعف؟ لو اشتغلت يوم عطلة رسمية، ليَّ؟
1759	طيب، المرتب بيتصرف إزاي؟ شهريًا ولا أسبوعيًا ولا أجر يومي؟
1766	بصراحة، قبض المرتب بيكون شكله ماذا؟ كل شهر مرة، ولا كل أسبوع، ولا باليومية؟
4991	أيه هي الإرشادات اللي بتنصحوا بيها أي طالب في أي مرحلة تعليمية لو قرر يشتغل شغلانة بارت تايم؟
499	طيب، السنة الأولى يُسمح 15 يوم إجازة، وبعد مرورين في السنة التانية يبقى كام يوم؟
4330	"ممكن أعرف دلوقتي أنا لو اترفت من الوظيفة بدون وجه حق، التعويض بيتُعد ازاي؟ وهل التشريع حاطط ليميت للتعويض اللي ينفع اخده؟ (استخدام كلمات بديلة مثل ""اترفت"" و ""وجه حق"" و ""ليمت"")؟"
2083	طيب، لو صاحب الشركة اتأخر في صرف المرتب كام يوم، القانون قال أي؟
1458	يعني في قانون الوظيفة، فترة الاختبار ممكن تمتد لحد قد أي؟ (بيسأل عن المدة القانونية لفترة الاختبار)؟
1064	بصراحة، فيه قد إيه يوم جائزلي أغيب بسبب المرض مع الحفاظ على مرتبي كامل؟ (تركيز على الحق المتاح)؟
5476	ممكن أعرف يعني القانون الجديد بيقول إن الراجل والست اللي بيشتغلوا نفس المؤسسةانة هياخدوا نفس المرتب بالظبط؟ (تغيير كبير في التركيب واستخدام كلمات عامية أكثر)؟
4801	"طيب، يا ترى في حد متخصص في الصحة بيراقب أوضاع المستشفى بتاعتنا؟ (كلمة ""يراقب"" تعطي معنى أوسع من الفحص)؟"
4311	لو سمحت، هل فيه أي مفروضة أو ضرورة إني أعدي على مكتب العمل عقب ما أستقيل، ولا الموضوع بيخلص بيني وبين الشركة بس؟ (تركيز على المقارنة بين التعامل بالشركة ومكتب العمل)؟
634	ممكن أعرف لو واحد عنده إعاقة شغال في شركة، إيه عدد يوم إجازة المفروض يأخذهم في السنهة حسب النظام؟
3429	لو سمحت، بالنظام، الأم اللي بتشتغل وبترضع بيبي، المفروض تشتغل كام ساعة يومياً، وإيه كم مرات الرضاعة اللي من حقها تاخدها خلال الوظيفة؟
4074	"يعني لو واحد اتوفى وهو على رأس عمله، الناس اللي كانوا بيعتمدوا عليه، يحصل علىوا تعويضات أو حاجة؟ (ركزنا على فكرة الاعتماد المالي واستخدام كلمة ""تعويضات"").؟"
2071	طيب، مين بالظبط اللي بيعمل حساب المرتب ويدينا الفلوس، وكمان هو اللي بيدفع الضرائب والتأمين بدلنا؟
3928	"ممكن أعرف هو صاحب العمل ملزوم قانونًا يكشف على صحيفة الحالة الجنائية بتاعة العمال عشان يحافظ على الأمان ولا لأ؟ (تغيير في الكلمات والتعبير عن ""الفحص"" بـ ""يكشف على"").؟"
1548	يعني العقد لازم يبقى عربي بس، حتى لو الشركة اللي طرف فيه مش مصرية؟ ولا ممكن يكون بلغتهم برضه؟
3438	يعني الست اللي بتشتغل وبترضع طفلها، القانون بيقول إيه عن عدد وقت شغلها اليومية وحقوقها في أوقات مخصصة للرضاعة؟
5052	يعني القانون بيسمح لحد عنده أقل من 15 سنة يشتغل أو يمارس أي نشاط من غير شهادة تعليمية؟ (تركز على الجانب القانوني وإمكانية ممارسة أنشطة معينة بدون شهادة لمن هم دون الـ 15)؟
1291	طيب، لو اشتغلت يوم أجازة رسمية (عيد أو شم النسيم)، هاخد تعويض كم؟
4692	يعني طبقا للقانون، ما هو التعليمات اللي مطلوب تتنفذ عشان نحافظ على سلامة العمال وصحتهم بشكل دوري في الشركة؟
2559	لو سمحت، إيه هي الطريقة اللي بيتُعتبر بيها أقل وأعلى مبلغ ممكن يتأمن عليه الواحد؟
1245	"لو سمحت، ""ماذا المعايير اللي بناءً عليها بتتمنح إجازة الحج؟ هل فيه عوامل زي السن أو عدد سنوات الخبرة بتلعب دور في الموافقة عليها؟""؟"
5444	بصراحة، هل قانونًا صاحب الشغل مجبر إنه يعمل حاجات عشان التحرش ما يحصلش، ولو حصل، يجزء من إن اللي اشتكى محدش يعرف مين هو؟
3483	لو سمحت، لو أم بترضع طفلها في الشغل، وقت الرضاعة ده بيعتبر جزء من الدوام الرسمي بتاعها ولا ضروري تعوضه بعدين؟
4923	"لو سمحت، بالنسبة للعيال اللي لسه صغيرين ومكملوش 18 سنة، هل فيه قيود على الوقت اللي ممكن يشتغلوه بالنهار؟ (استخدام كلمة ""عيال"" و""الوقت اللي ممكن يشتغلوه"" للتعبير عن وقت العمل)؟"
702	يعني أي عدد أيام الإجازات الطارئة اللي ممكن الموظف ياخدها في العمرة، زي إجازة زفاف أو عزاء؟
471	لو سمحت، في القطاع الأهلي، العامل ليه كم يوم إجازة في العمرة؟
4873	طيب، واحد عنده أربعتاشر سنة، مسموح يلاقي شغل؟ ولا السن ده صغير قوي؟ سمعت إن فيه حاجة اسمها تدريب بيبدأ من السن ده، بس مش عارف التفاصيل.؟
4702	ممكن أعرف هل القانون فيه أي كلام عن قواعد للأمان في مكان الشغل، وهل فيه إلزام بالكشف الطبي المنتظم على العاملين ولا لأ؟
3710	بصراحة، ضروري يبقى فيه دكتور شغل أو دكتور متخصص موجود في المصانع؟
1614	يعني هل العقد ضروري يوقع عليه في مكتب العمل أو جهة رسمية؟
1075	طيب، بعد مرور أول 3 شهور بأجر كامل، بقية الإجازة المرضية بتتوزع إزاي؟
2485	طيب، يعني قانونيًا كده، صاحب المؤسسة مُلزم يشترك للتأمين على الموظف من أول ما يبتدي شغل معاه؟
803	"لما الواحد ياخد إجازة عشان الدراسة وقت الامتحانات، الرصيد بتاعه بيقل ولا بياخدها من غير خصم؟ (تغيير في الأسلوب: استخدام ""الواحد ياخد إجازة""، ""الرصيد بتاعه بيقل"" بدلاً من ""بتتنقص من الرصيد السنوي""، ""من غير خصم"" بدلاً من ""مجانًا"")."
489	لو سمحت، يا ترى كمية أيام الراحة العمروية اللي بيحصل علىها الموظف في الشركات الخاصة بيكون أد ماذا؟
1917	لو سمحت، يعني لما يقولوا زيادة سنوية 3%، قصدهم الزيادة دي بتنزل على الراتب اللي هو صافي بتاعي، ولا الراتب اللي متسجل في التأمينات؟ (تركيز على التفريق بين صافي الراتب والرقم المسجل)؟
5233	طيب، لو الإدارة مقرتش زيادة الأجور، التصرف ده قانوني ولا قرار إداري من حقهم؟
4356	يعني طيب، لما الواحد يأخذ تعويض، بيحسبوا مقدار سنين خدمته من أول كام سنة اشتغلها؟ وإيه هي بقى الضوابط اللي مطلوب تكون موجودة؟
3194	بصراحة، لو أنا كتبت استقالتي وقدمتها، بس المؤسسة مرديش يمضي عليها، أقدر أعمل حاجة تانية؟ (تركيز على الخيارات المتاحة)؟
3480	يعني لو أم بترضع طفلها في الشغل، وقت الرضاعة ده بيعتبر جزء من الدوام الرسمي بتاعها ولا مطلوب تعوضه بعدين؟
4825	"طيب، يا ترى أصغر سنه ممكن الواحد يشتغل بيه قانوني في مصر قد إيه؟ (تستخدم كلمة ""يا ترى"" للتقديم و ""قانوني"" للتأكيد على الجانب الرسمي)؟"
4673	هل القانون ذكر أي ضوابط للسلامة المهنيّة أو الفحص الدوري للصحة للعاملين؟
1428	يعني إيه الفروق اللي بتميز عقد الدوام اللي بيكون ليه مدة معينة عن عقد العمل الدائم أو المستمر؟
1858	ممكن أعرف فيه حد يعرف آخر مرة اتحدد فيها أقل مرتب في القطاع الخاص كان كام جنيه؟
2000	بصراحة، لو عليا فلوس وبسدّدها من مرتبي، أو واخد سُلفة، أقدر أدفع منها كام في الشهر كحد أقصى؟
3117	"لو سمحت، ليه لما حد بيسيب شغل بنسمع عن ""استقالة"" و ""إنهاء خدمة""؟ وإيه المعنى الشرعي لكل واحدة فيهم، وإمتى الواحد يقدر يختار الطريقة اللي يمشي بيها؟ (هذا السؤال يركز على سبب استخدام المصطلحين في حالة ترك الشغل، والمعنى القانوني لكل مصطلح، وحرية اختيار الموظف.)؟"
3407	القانون المصري بيقول إيه بخصوص شغل الحوامل ساعات طويلة أو إضافية؟ هل ده من حقهم ولا ممنوع منعًا باتًا؟ (تغيير في الصياغة لتأكيد الحظر المحتمل)
593	لو الموظف سنه فوق الـ50، القانون بيقول ياخد كام يوم إجازة في السنة؟ (تركز على الجانب القانوني للإجازة).
2650	ممكن أعرف يعني السنه القانوني للمعاش هو هو السن اللي ممكن الشركة تمشيني فيه من الشغل؟ ولا فيه حاجة تانية؟
3876	يعني هل القانون بيجرم التحرش الجنسي في بيئة الوظيفة ولا دي حاجة مش متجرمة؟
3550	"ممكن أعرف الشركة ليها الحق إنها تعامل الموظفة الحامل أو اللي لسة والدة معاملة أحعمر وهي في إجازة الوضع أو بعد الولادة بفترة بسيطة؟ (هذه الصيغة تسأل عن ""الحق"" وتستخدم ""معاملة أحسن"" لتوضيح المقصود)؟"
1206	"يعني بالنسبة لإجازة الحج والعمرة، المدة بتاعتها قد أي؟ ومين بالظبط اللي يقدر ياخد الإجازة دي؟ (تغيير في بداية السؤال واستخدام كلمة ""يقدر"" بدلاً من ""يستحق"")؟"
5419	"طيب، بصفسحة كده، هل قانون العمل المصري فيه بند واضح وصريح بيجرم ويعاقب على التنمر والتحرش في أماكن الشغل؟ (هذه الصياغة أكثر مباشرة وتستخدم تعبيرات مثل ""بصراحة كده"").؟"
3049	طيب، لو شركة فصلت موظف من غير أي سبب مقنع، ده يعتبر مخالفة للقانون؟ النظام بيحمي الناس من الفصل اللي بدون حق ده ولا لأ؟
2606	بصراحة، يا ترى سنه الخروج على المعاش في القطاع الخاص بقى كام سنة في النظام اللي لسه طالع؟
4583	هل العامل من حقه يقول لأ للشغلانة لو كانت هتعرضه للخطر عشان مفيش إجراءات وقاية أو أدوات سلامة؟
2293	"طيب، لو صرفت فلوس زيادة عن مرتبي الأساسي سواء كانت مستحقات أو قرض، وبعدها رجعوا المرتب زي زمان، هل يقدروا يزقوا الموضوع ده تحت مسمى ""إجراء مطلوب""؟"
2936	بصراحة، إيه وضع العامل اللي بيجمع بين المعاش والشغل؟ وهل الموضوع ده سهل ولا فيه تعقيدات؟ (تركيز على الوضع القانوني والتعقيدات المحتملة)؟
3721	طيب، هل القوانين بتفرض وجود دكتور مهني أو دكتور متخصص تبع المصنع نفسه؟
1504	ممكن أعرف لو العقد اللي مدته معلومة انتهت وأنا مكمل شغل عادي، هل ده بيخليه عقد مفتوح بدون ما نعمل أي حاجة تانية؟ (تغيير في طريقة السؤال عن وجود إجراءات إضافية)؟
4782	يعني موظف صحي بيفحص مستشفى العمل؟
4877	لو طفل عنده 14 سنة، ممكن نعتبره مؤهل للشغل؟ ولا لسه صغير على إنه يشتغل وياخد مرتب؟ يا ترى فيه قوانين خاصة بالسن ده؟
2319	لو سمحت، ينفع الضرايب والتأمين ينزلوا عن الـ 75% من المبلغ الأصلي، ولا ده يعتبر الحد الأقصى اللي ممكن نوصل له؟ (يعكس السؤال بالتركيز على النسبة المتبقية عقب الخصم)؟
2971	طيب، ماذا هيا المستندات الرسمية اللي المفروض أجهزها عشان أستحق المعاش؟ وهل فيه مدة انتظار بعد التقاعد لحد ما المعاش يبدأ؟ (تركز على المستندات المطلوبة وفترة الانتظار)؟
116	بصراحة، القانون بيقول الواحد يشتغل كم ساعة في اليوم بحد أقصى؟
4104	يعني بالنسبة للتأمين الصحي، هل يشمل علاج أي أمراض الواحد مسموح يصاب بيها بسبب شغله؟ (تركيز على شمولية التأمين)؟
4883	في سن 14 سنة، الواحد ممكن يشتغل قانوني؟ ولا لازم يستنى لما يبقى عنده 15 سنة عشان يقدر يشتغل بشكل رسمي؟
4934	بصراحة، يا ترى النظام بينص على ماذا بخصوص منع شغل القصّر في الليل أو في الشغل اللي فيه خطر؟
4406	بصراحة، أنا استقلت من شغلي بالاتفاق مع الشركة، بس عايز أفهم: هل ليا أي مستحقات قانونية أو مكافأة نهاية خدمة ولا خلاص كده؟ النظام بيحمي حقوقي إزاي في الحالة دي؟ (تعبير عن القلق بشأن الحقوق)؟
4401	لو سمحت، لو الشركة وافقت على استقالتي، يعني كله تمام بالتراضي، هل ده يغير حاجة في موضوع مكافأة نهاية الخدمة؟ الشرع بيقول أي في حالة زي دي؟ (تركز على تأثير الموافقة على الاستقالة)؟
4751	يا ترى كل منشأة كبيرة لازم يكون فيها لجنة مختصة بالسلامة؟ هو فيه قانون بيلزم بكده ولا إيه؟
1224	"يعني ""أي المتطلبات اللي لازم تتحقق علشان الواحد يقدر يطلع ياخد إجازة حج؟ فيه شروط متعلقة بالعمر مثلًا، أو عدد سنين الشغل؟""؟"
4429	طيب، الواحد لما يتفصل من شغله، إيه الإجراءات اللي المفروض يعملها في محكمة العمل الجديدة دي؟ وهل واجب يستأذن الحكومة قبل ما يرفع قضية ولاّ إيه النظام؟ (تركز على الإجراءات المطلوبة و توضح أكثر فكرة الاستئذان)؟
5408	"بصراحة، هل توجد مادة قانونية بتجرم أي نوع من أنواع التنمر أو التحرش اللي بيحصل في محيط الشركة؟ (هذه الصياغة تستخدم مصطلحات قانونية أكثر مثل ""مادة قانونية"" و ""محيط العمل"").؟"
4742	بصراحة، في حالة وجود أي تقصير أو إهمال في إجراءات السلامة شايفه بيحصل قدامي، مين الشخص أو الجهة اللي أقدر أرفع لها الموضوع ده؟ (تركيز على التقصير والإهمال ورفع الموضوع)؟
3335	"بالتفصيل كده، محكمة العمل دي بتفصل في إيه؟ ولو الشركة فصلتني تعسفيًا، إزاي أقدر أوصل لحقي عن طريق المحكمة دي من غير ما أدخل الحكومة في الموضوع؟ (تستخدم كلمة ""تفصل في إيه"" بدلاً من ""بتختص بإيه"" وتضيف كلمة ""تعسفيًا"" لوصف الفصل)"
3991	طيب، كيف تحسب مكافأة نهاية الخدمة؟ (نصف شهر للسنهين الأولى وشهر للسنين البعد كده)؟
726	يعني اللي بناخده إجازة دلوقتي بيتخصم من إجازتنا المعتادة بتاعت كل سنهة ولا بيعتبر إجازة زيادة مش من ضمنها؟
617	إيه وضع الناس اللي عندهم ظروف خاصة من ناحية الإجازات السنوية؟ يعني كام يوم المفروض ياخدوا في السنة؟
5446	ممكن أعرف هل قانونًا صاحب الشغل مجبر إنه يعمل حاجات عشان التحرش ما يحصلش، ولو حصل، يضمن إن اللي اشتكى محدش يعرف مين هو؟
5260	ممكن أعرف يعني إيه بالظبط الإجراءات اللي بيفرضها قانون العمل الجديد عشان يمنع العنصرية والتحرش في مكان الشغل؟
4498	ممكن أعرف واجب يكون فى طبيب عمل أو مسعف بداخل المنشأة؟
2076	يعني مين اللي ماسك حسابات المرتبات وبيصرفها لينا، ويأخذ باله من قصة الضرايب والتأمين دي؟
2794	ممكن أعرف لما واحد يخلص شغله ويأخذ معاشه، وعقبين يلاقي شغل تاني بس مش متأمن عليه، إيه اللي بيترتب على كده؟
2368	ممكن أعرف دلوقتي لو فيه مشكلة في صرف المرتب بسبب خطأ من الشركة، هل أقدر أعدل المبلغ ده وأطالب بحقي بعدين؟ وايه الضمانات المعتمدة اللي بتحمي الموظف في حالة زي دي؟
4110	يعني لو الواحد جاله مرض نتيجة شغله، هل التأمين الصحي بيتحمل تكاليف علاجه؟ (تركيز على تحمل التكاليف)؟
4910	"بصراحة، النظام بيقول إيه بالنسبة لكم ساعات شغل الشباب اللي تحت الـ 18 في النهار؟ فيه تحديد معين؟ (استخدام كلمة ""القانون"" والتأكيد على وجود ""تحديد معين"")؟"
3957	لو سمحت، عامل فوق 60 سنة بيأخذ أي بدل مكان الشغل؟ (مكافأة نهاية الخدمة)؟
2400	يعني إيه هو الحد المسموح به قانونًا لو الشركة خصمت من مرتبي مقابل الأدوات أو الملابس اللي بستعملها في الشغل؟ (تركيز على الحد القانوني واستخدام المعدات في الشغل)؟
1427	إيه الفروق اللي بتميز عقد العمل اللي بيكون ليه مدة معينة عن عقد العمل الدائم أو المستمر؟
1746	يعني لو واحد شغال تحت فترة اختبار متسجلة في العقد، يجوز ببساطة يسيب العمل ويمشي ولا في التزامات عليه؟
554	بصراحة، عقب خدمة كام سنة في المؤسسة، الواحد بيوصل لمرحلة إن إجازته السنوية تبقى 30 يوم؟
2503	طيب، طب بصراحة، صاحب العمل ملزم يدفع تأمينات للموظف بتاعه من أول ما يمسك الشغلانة ولا فيه زمن سماح؟
3988	ممكن أعرف إيه اللي بيستحقه أي حد سنه عدا الستين وبيشتغل، لما يمشي من الشغل؟ (أقصد مكافأة نهاية الخدمة)؟
1445	أطول فترة ممكن الواحد يشتغلها تحت نظام التجربة هي قد إيه؟ (بيركز على فترة العمل بنظام التجربة)
3031	طيب، طب هو لو اترفد فجأة بدون ما يكون عمل حاجة غلط، يبقى كده الشركة خالفت النظام ولا ما هو؟ الفصل ده يبقى تعسفي؟
157	طيب، هل وارد إني أضطر أشتغل زيادة عن الـ 8 ساعة في اليوم في الشغل ده؟ (تركيز على احتمال الاضطرار و الزيادة)؟
2306	بصراحة، هل فيه أمل نسبة الخصم من الضرايب والتأمين تزيد عن الـ 25% دي، ولا كده آخرها؟ (يركز على وجود أمل في زيادة الخصم)؟
1765	طيب، قبض المرتب بيكون شكله إيه؟ كل شهر مرة، ولا كل أسبوع، ولا باليومية؟
4181	"يا ترى، في جزء من مرتبنا بيروح لحساب المعاشات؟ و لو طلعنا على المعاش، الفلوس دي بتروح لمين بالظبط؟ (استخدام ""يا ترى"" لإضفاء طابع الاستفسار، وتركيز على وجهة الأموال)"
3802	ممكن أعرف هل فيه لسته قانونية بأقل الإمكانيات اللي لازم تكون موجودة لحماية العمال، زي توفير خوذة أو لبس مخصوص؟
806	"بصراحة، لما الواحد ياخد إجازة عشان الدراسة وقت الامتحانات، الرصيد بتاعه بيقل ولا بياخدها من غير خصم؟ (تغيير في الأسلوب: استخدام ""الواحد ياخد إجازة""، ""الرصيد بتاعه بيقل"" بدلاً من ""بتتنقص من الإجازة السنوية""، ""من غير خصم"" بدلاً من ""مجانًا"").؟"
817	"طيب، سؤال مهم: لما يكون فيه امتحانات وأنا محتاج آخد إجازة عشان أذاكر، هل دي بتعتبر إجازة رسمية بتتخصم من رصيدي السنوي ولا إيه نظامها بالظبط؟ (تقديم مقدمة ""سؤال مهم""، استخدام ""إجازة رسمية"" بدلاً من ""إجازة دراسية""، ""إيه نظامها بالظبط"" لإضافة توضيح.)؟"
5332	ممكن أعرف طيب، لو حصلت مشكلة في الشغل زي عدم اتفاق مع الإدارة أو المرتب اتأخر، ينفع نعمل إضراب؟ إيه رأي القانون في موضوع الإضرابات ده؟ (تركيز على المشكلة والحل مع سؤال عن موقف القانون)؟
1072	ممكن أعرف لو تعبت ومقدرتش أروح الشغل، هاخد أد إيه يوم إجازة مرضي بفلوس؟ (تركيز على السيناريو المحتمل)؟
4764	يعني هو كل مصنع أو شركة كبيرة واجب يكون عندها لجنة مسئولة عن الأمان؟ ده بناءً على قانون ولا حاجة تانية؟
4131	لو سمحت، هل فيه أي تغطية من التأمين الصحي للأمراض اللي ممكن الواحد يصاب بيها نتيجة ظروف العمل؟ (تركيز على ظروف العمل)؟
3851	يا ترى القانون فيه كلام عن التحرش الجنسي اللي بيحصل في أماكن الشغل؟
1306	ممكن أعرف طيب، لو اشتغلت في مناسبة رسمية زي شم النسيم، هيتحسب لي كام زيادة على المرتب الأساسي؟
596	بصراحة، لو الموظف سنه فوق الـ50، القانون بيقول يستحق كام يوم إجازة في السنة؟ (تركز على الجانب القانوني للإجازة).؟
3083	"لو الاستقالة دي كانت نتيجة إجبار أو تهديد، هل فيه أي طريقة إني ألغيها؟ ولا القانون شايف إنها كده استقالة صحيحة ومينفعش الواحد يرجع فيها؟ (تستخدم ""إجبار أو تهديد"" بدلاً من ""ضغوط"" وتسأل عن وجود ""طريقة للإلغاء"")"
4016	بصراحة، ما هو هي الطريقة اللي الشركة بتُعد بيها مستحقات نهاية الخدمة؟ والنظام بتاع نص شهر وشهر على السنين، ده بيتم إزاي؟
4298	بصراحة، بعد مرور ما أقولهم ماشي، هل فيه أي إجراءات رسمية في مكتب العمل لازم أعملها عشان الاستقالة تمشي؟ (تركيز على الإجراءات الرسمية المطلوبة)؟
4579	طيب، يعني لو الشغل فيه تهديد لسلامة العامل ومعهوش اللي يحميه، ده يدي له الحق إنه يعترض وميشتغلش؟
3608	بصراحة، الشركة بتسمح بأقصى مجهود قد إيه للحوامل؟ و ده بيعتمد على كم الموظفات، يعني لو فيه كام موظفة أو أكتر؟
1867	طيب، هل في زيادة سنهوية إلزامية للرواتب؟ الشرع قال كام بالمية؟
2668	ممكن أعرف هل فيه أي استثناءات أو قوانين تمنع صرف مكافأة نهاية الخدمة لشخص عنده أكتر من ستين سنهة وبيشتغل؟
3812	بصراحة، التشريع ينظم التفتيش والسلامة بشكل دوري؟ كل قد إيه؟
1438	ممكن أعرف عقود التجربة مدتها كام شهر بحد أقصى؟
1702	"ممكن أعرف بص، لو الشغلانة بقت صعبة على العامل بسبب تغييرات العقد، يقدر يعمل وقفة احتجاجية؟ (هذه الصيغة تستخدم كلمات أكثر عامية، وتستبدل ""الاعتصام"" بـ ""وقفة احتجاجية"".)؟"
2580	يعني ممكن تشرحلي إزاي بيتم تحديد سقف الأجر التأميني، يعني إيه هو أقل رقم وأعلى رقم ممكن يتخصم منهم للتأمين؟
3746	"بصراحة، لو حصلت خبطة أو حد اتعور، اللوم يقع على مين؟ (تستخدم كلمة ""خبطة"" للإشارة إلى الحادث، وتستبدل ""المسؤولية"" بـ ""اللوم"")؟"
3142	"ممكن أعرف يعني مطلوب أعمل إخطار رسمي لو حبيت أسحب استنصتي؟ وكمان، في مهلة قانونية للرجوع في الاستقالة دي ولا الوضع مفتوح؟ (هذا السؤال يستخدم كلمة ""إخطار رسمي"" ويعبر عن القلق بشأن وجود مهلة خاصة).؟"
2995	طيب، ما هو هي الحالات اللي تسمح لصاحب العمل إنه ينهي خدمة العامل؟ و هل النظام بيشترط قرار قضائي لإنهاء الخدمة ده؟
3093	"لو سمحت، ليه في ""استقالة"" و""إنهاء خدمة"" وبعضها قانوني وتطوعي؟"
4073	"لو واحد اتوفى وهو على رأس عمله، الناس اللي كانوا بيعتمدوا عليه، ياخدوا تعويضات أو حاجة؟ (ركزنا على فكرة الاعتماد المالي واستخدام كلمة ""تعويضات"")."
3835	طيب، التفتيشات اللي بتتعمل عشان نتأكد من السلامة، ليها جدول زمني محدد في النظام؟ يعني بيفتشوا كل كام شهر أو عمرة؟ (تحديد أكثر للفترة الزمنية المحتملة)؟
160	ممكن أعرف هل وارد إني أضطر أشتغل زيادة عن الـ 8 ساعات في اليوم في الشغل ده؟ (تركيز على احتمال الاضطرار و الزيادة)؟
2072	بصراحة، مين بالظبط اللي بيعمل حساب المرتب ويدينا الفلوس، وكمان هو اللي بيدفع الضرائب والتأمين بدلنا؟
4608	يعني يا ترى فيه قانون بيحمي الموظفين من البلطجة والمعاملة الوحشة في الشغل؟ (تركز على حماية الموظفين)؟
3725	يا ترى المصانع لازم يكون عندها دكتور متخصص في صحة العاملين أو دكتور شغل؟
927	"لو سمحت، في شغله، الراجل ليه الحق في كام إجازة ولادة؟ يعني يقدر ياخدها كام مرة في حياته الوظيفية؟ (تقسيم السؤال إلى جزأين لتوضيح المعنى، واستخدام ""حياته الوظيفية"" كمرادف لـ ""حياته المهنية"")؟"
3085	"طيب، لو الاستقالة دي كانت نتيجة إجبار أو تهديد، هل فيه أي طريقة إني ألغيها؟ ولا القانون شايف إنها كده استقالة صحيحة ومينفعش الواحد يرجع فيها؟ (تستخدم ""إجبار أو تهديد"" بدلاً من ""ضغوط"" وتسأل عن وجود ""طريقة للإلغاء"")؟"
738	يعني هل الإجازات اللي بنحصل عليها دلوقتي محسوبة من الإجازة السنوية اللي بنستحقها كل سنة ولا ليها حسابات مختلفة؟
2616	يعني بعد التعديلات الجديدة في القانون، سنه المعاش بقى إيه عدد للناس اللي شغالة في شركات خاصة؟
5222	بصراحة، يعني لو الإدارة مصممة متديش علاوة، كده يبقى الموضوع مخالفة قانونية ولا مجرد قرار من عندهم؟
1156	ممكن أعرف طيب، لو واحد شغال بيخلط مواد وعنده مرض بيتنقل، المفروض يقعد في الحجر الصحي أد أي شهر عشان يخف؟
3633	لو سمحت، قانون 2025 ضد التمييز في الأمور المرتبطة بالحمل، لأي شكل؟
4758	يعني هو شرط أساسي وجود لجنة سلامة في كل مكان شغل كبير؟ القانون ذكر لازم نعمل كده يعني؟
1158	يعني فرضًا إن فيه عامل بيشتغل شغلانة فيها خلط، وجاله مرض بيعدي، يبقى من حقه ياخد كام شهر إجازة مرضية عشان يعزل نفسه؟
2641	طيب، بصاستراحة، فيه فرق بين سنه الواحد لما يوصل للمعاش وبين السن اللي ممكن فيه عقد شغله ينتهي؟
934	ممكن أعرف الست العاملة ترجع وظيفتها عقب إجازة الوضع؟
533	بعد كام سنة مع الشركة الإجازة السنوية بتوصل 30 يوم؟
4262	بصراحة، أنا استعجلت و ما استنيتش العشر أيام بتوع التراجع. هل ده صح ولا غلط؟ و أصلاً، القانون محدد كام يوم عشان الواحد يقدر يسحب استقالته؟ (هذه الصيغة تسأل عن صحة التصرف و تؤكد على إمكانية سحب الاستقالة)؟
485	يا ترى عدد أيام الراحة السنوية اللي بياخدها الموظف في الشركات الخاصة بيكون كام؟
283	طيب، لازم بعد مرور كام ساعة شغل ناخد استراحة؟
954	يعني لو واحدة شغالة أخدت إجازة وضع، واجب يرجعوها شغلها تاني بعد الإجازة ولا ممكن يغيروا شغلها أو يمشوها؟
652	ممكن أعرف يا ترى الناس اللي بتشتغل شغلانات فيها خطر زي المناجم ولا مصانع الكيماويات، بيأخذوا أجازة زيادة قد إيه بالظبط؟ (تركيز على مقدار الإجازة الزيادة)؟
4527	لو سمحت، فيه إلزام بوجود حد زي طبيب الشركة أو مسعف جوه المنشأة ولا لأ؟
4798	"ممكن أعرف حد من الصحة بييجي يتأكد من سلامة المستشفى اللي بنشتغل فيها؟ (يستخدم كلمة ""سلامة"" للتعبير عن الجودة)؟"
3966	يعني الراجل اللي سنه أكبر من 60 سنة، النظام بيقول له إيه لما يتقاعد؟ (بمعنى مكافأة التقاعد)؟
2395	طيب، لو الشركة طلبت مني أدفع تمن العدة أو لبس الشغل عن طريق الخصم من المرتب، إيه الحقوق بتاعتي وإيه المبلغ اللي المفروض أرفض إنه يتخصم؟ (تركيز على الحقوق والمبلغ المرفوض)؟
2716	ممكن أعرف عايز أعرف بالتفصيل إزاي بيحسبوا مكافأة نهاية الخدمة؟ سمعت إن فيه نظام معين، نص شهر للسنة الأولى وشهرين للسنتين اللي بعديها، يمكن توضح لي؟
302	بصراحة، يعني المفروض نشتغل كم ساعة قبل ما ناخد بريك؟
3394	ممكن أعرف شغل الست الحامل بعد مواعيد الوظيفة الرسمية أو بأجر إضافي، مسموح بيه ولا مخالف للقانون؟ (تغيير في التركيز على نوع العمل)؟
4779	لو سمحت، بصفسحة، كل منشأة كبيرة مفروض يكون فيها لجنة سلامة؟ الكلام ده في التشريع ولا دي مجرد توصيات؟
1883	"يا ترى فيه زيادة سنوية إجبارية على الأجور ولا الموضوع اختياري؟ وإذا كانت إجبارية، القانون حدد نسبة الزيادة دي بكام في المية؟ (استخدام ""يا ترى"" وتركيز على الاختيارية مقابل الإجبارية)"
2633	هل سن التقاعد هو نفسه السن اللي ممكن فيه عقدك يخلص أو الشركة تستغنى عنك؟ ولاّ فيه فرق؟
792	"يعني لو خدت إجازة عشان الدراسة وقت الامتحانات، دي بتتخصم من رصيد إجازاتي السنوية ولا محسوبة ببلاش؟ (تغيير في التركيب والكلمات: استخدام ""لو خدت"" بدل ""إجازة دراسية""، ""دي بتتخصم"" بدلاً من ""بتتنقص""، ""محسوبة ببلاش"" بدلاً من ""ببلاش"")؟"
1936	ممكن أعرف معلش، ينفع توضيح بسيط؟ الزيادة السنوية اللي بنسمع عنها، الـ 3% دي، محسوبة على الراتب الأساسي اللي بيطلع بيه الرقم بتاع التأمين، ولا على الراتب التاني اللي بنستلمه في إيدينا؟ (تركيز على التوضيح والتبسيط مع إشارة إلى الاستلام الفعلي)؟
2924	بصراحة، طب لو واحد معاشه شغال، ده قانوني؟ وياترى بيواجه صعوبات في الشغل ده؟ (تركيز على الجانب القانوني والصعوبات التي تواجهه)؟
2020	ممكن أعرف ينفع يتشال أكتر من 25% من الراتب؟
3762	"يعني لما تحصل مصيبة أو حد يتصاب، مين اللي هيتحط عليه الحق؟ (تستخدم ""مصيبة"" بدل ""حادث""، و""يتصاب"" بدل ""إصابة""، و""يتحط عليه الحق"" كتعبير عن تحمل المسؤولية)؟"
1747	طيب، لو واحد شغال تحت فترة اختبار متسجلة في العقد، ممكن ببساطة يسيب المؤسسة ويمشي ولا في التزامات عليه؟
4179	لو سمحت، هل بيتم خصم فلوس للمعاش من مرتبنا؟ و بعد ما نطلع معاش، مين اللي بيقبض الفلوس دي؟ (تركيز على الخصم الفعلي ومن يستفيد من المعاش بعد التقاعد)؟
3896	بصراحة، هل الشرع بيسمح لصاحب الشغل إنه يعاقب الموظف اللي رفع شكوى بسبب معاملة سيئة؟ ولا في حماية قانونية للضحية في الحالة دي؟
1567	طيب، العقد ده إجباري يبقى بالعربي؟ طب لو شركة اللي بتمضي معانا مش مصرية، ينفع يكون مكتوب بلغتهم الأصلية ولا مينفعش؟
5147	"طب لو الحد الأدنى للأجور زاد ست تلاف وسبع تلاف جنيه، إشمعنى الشركات دي لسه ماشية على نفس النظام؟ (تركيز على ""إشمعنى"" لإبراز الاستغراب)"
2942	بصراحة، لو عامل طلع معاش، ممكن يرجع يشتغل تاني عادي؟ ولا فيه حاجة بتمنعه أو بتصعب الموضوع عليه؟ (تركيز على إمكانية العودة للعمل والعقبات المحتملة)؟
4521	لو سمحت، مفروض يبقى فيه جوه المؤسسة حد متخصص في الصحة المهنية، زي دكتور شغل أو واحد مدرب على الإسعافات، ولا مش لازم؟
4832	"بصراحة، القانون المصري بيسمح للعيال تشتغل من سن كام بالظبط؟ (تستخدم كلمة ""العيال"" و ""بالظبط"" للتعبير عن الاستفسار بطريقة عامية وأكثر مباشرة)؟"
4217	"ايه المقصود بـ ""الاستمارة رقم 6""؟ ولوقتي القانون بيتعامل معاها إزاي؟ (تستخدم ""المقصود"" و ""التعامل"" للتعبير عن نفس المعنى بطريقة مختلفة)"
453	لو سمحت، بصبريك كدة، لما بناخد إجازة معتمدة من الدولة، زي يوم الجمعة، اليوم ده بيتحسب علينا كأنه يوم اشتغلناه ضمن في الأسبوع الواحد ولاّ بيروح كدة من غير حساب؟ (تركيز على المصداقية والسؤال المباشر)؟
4164	يعني لو واحد بيشتغل واتعرض لإصابة جسيمة، مين اللي بيتحمل مسؤولية علاجه وتعويضه عن اللي حصله؟
1069	طيب، لو تعبت ومقدرتش أروح المؤسسة، هاخد كام يوم إجازة مرضي بفلوس؟ (تركيز على السيناريو المحتمل)؟
5224	ممكن أعرف يعني لو الإدارة مصممة متديش علاوة، كده يبقى الموضوع مخالفة قانونية ولا مجرد قرار من عندهم؟
2529	لو سمحت، بالنسبة للاشتراكات، العامل بيتحمل جزء أد إيه منها وصاحب الدوام بيتحمل الجزء الباقي؟ عايزين نعرف توزيع المساهمات بالضبط.؟
4559	مين الطرف اللي بيتحمل قيمة العلاج والتعويضات للعامل لو حصل له أي مكروه أو إصابة وهو بيشتغل؟
2198	بصراحة، أقصى مبلغ ممكن يتخصم من المرتب أد إيه؟ (أد إيه = كم)؟
3527	ينفع قانونًا الشركة تميّز الحامل بالإيجاب وهي في إجازة ولادة أو بعد ما تخلص إجازتها علطول؟ (هذه الصيغة تركز على الجانب القانوني)
1394	بصراحة، أي تصنيفات عقود العمل اللي الشرع حاططها للناس اللي بتشتغل في شركات خاصة؟
2161	طيب، بالليل والنهار، الساعة الزيادة في الوظيفة تحسب بضرب الأجر الأساسي في كم؟ (تركيز على طريقة حساب الأجر الإضافي)؟
2155	طيب، الأجر الإضافي (ساعات العمل الإضافية) بيتُعد بنسبة أد إيه ليلًا ونهارًا؟
1565	العقد ده إجباري يبقى بالعربي؟ طب لو شركة اللي بتمضي معانا مش مصرية، ينفع يكون مكتوب بلغتهم الأصلية ولا مينفعش؟
3316	ممكن أعرف طيب، محكمة الشركة الجديدة دي شغلها إيه بالظبط؟ وإفرض يعني الشركة طردتني، إيه اللي يخليني أقدر أروح المحكمة دي من غير ما أستأذن الحكومة؟ (تركز على التوضيح والشرح البسيط)؟
3188	بصراحة، فرضًا أنا سيبت المؤسسة وقدمت استقالتي، بس الإدارة رفضت تمشيها، كده يعتبروني لسه شغال ولا ما هو بالظبط؟ (تركيز على الحالة الوظيفية)؟
1738	ممكن أعرف لو العقد فيه فترة اختبار، العامل يقدر يقول خلاص مش مكمل الفترة دي ويمشي ولا قانونًا مينفعش؟
2464	ممكن أعرف لما بيحسبوا المرتب بتاعي، بياخدوا في الاعتبار خصم اشتراك التأمينات ولا كأنه مش موجود؟ (تسأل عما إذا كان الخصم جزءًا من عملية حساب المرتب)؟
1305	لو سمحت، طيب، لو اشتغلت في مناسبة رسمية زي شم النسيم، هيتحسب لي كام زيادة على المرتب الأساسي؟
4924	"ممكن أعرف بالنسبة للعيال اللي لسه صغيرين ومكملوش 18 سنة، هل فيه قيود على الوقت اللي ممكن يشتغلوه بالنهار؟ (استخدام كلمة ""عيال"" و""الوقت اللي ممكن يشتغلوه"" للتعبير عن ساعات العمل)؟"
1763	قبض المرتب بيكون شكله إيه؟ كل شهر مرة، ولا كل أسبوع، ولا باليومية؟
407	هل فيه إمكانية إن شغل يوم الأحد يكون بديل للإيجار اللي بيدفعوه كل أسبوع؟ إيه اللي بيقوله القانون في الموضوع ده بالتحديد؟
3250	ممكن أعرف معلش، التعويض ده بيتحدد على أساس عدد سنهين الشغل اللي قضيتها ولا ماذا؟ وليه القانون مش قاطع في الموضوع ده ومحددهاش؟ (تركز على الغموض في القانون)؟
2233	طيب، أنا لو أخدت كورس تبع الشركة و فيه بند في العقد بيقول إني لو مشيت قبل مدة معينة هدفع تمن الكورس، القانون بيقول إيه في الموضوع ده؟ (يركز على تفاصيل أكثر حول الكورس والبند في العقد).؟
3211	طيب، لو الشرع حاطط ليميت أو حد أقصى للتعويضات، ده معناه إن حتى لو القضية تستاهل زيادة، مش هاخد غير المبلغ اللي القانون محدده؟
2397	لو سمحت، لو الشركة طلبت مني أدفع تمن العدة أو لبس الشغل عن طريق الخصم من المرتب، ما هو الحقوق بتاعتي وإيه المبلغ اللي المفروض أرفض إنه يتخصم؟ (تركيز على الحقوق والمبلغ المرفوض)؟
4249	طيب، يعني أنا ما كانش ينفع أصبر عشر أيام قبل ما أرجع في كلامي؟ طب النظام بيقول إيه، زمن السماح اللي أقدر أستقيل فيها أد إيه يوم بالظبط؟ (هذه الصيغة أكثر انفتاحًا و تسأل عن إمكانية الانتظار قبل الرجوع في القرار)؟
2423	"سؤال مهم: لو أنا مضيت على عقد فيه نسبة خصم محددة، هل النسبة دي ليها قوة القانون حتى لو كانت بتخالف الحد الأقصى للخصومات اللي القانون بيسمح بيها؟ (تستخدم ""سؤال مهم"" لتقديم السؤال وتوضح فكرة ""قوة القانون"")."
4615	طيب، هل فيه مواد في النظام بتعاقب اللي بيتنمر أو بيهين زمايله في المؤسسة؟ (تركز على العقوبات الرسمية)؟
1823	ممكن آخد المرتب بتاعي كله فلوس مباشرة من غير ما يتحط في البنك؟ ولا ده إجباري؟
3180	يعني لو أنا قدمت طلب استقالتي وجهة العمل ما وافقتش عليه، الوضع القانوني ساعتها بيكون أي؟ (تركيز على الجانب القانوني)؟
768	يعني الموظف اللي بيشرف على الامتحانات الجامعية، ايه مقدار أيام إجازة المذاكرة اللي بيستحقها في العادة؟ (تركيز على العادة وعدد الأيام المتعارف عليه)؟
2514	يعني الاشتراكات: بتتقسم إيه عدد للشغال وكام لصاحب العمل؟
4374	يعني السؤال بالصاستراحة: التعويض ده بيحسبوه على أساس خدمة كام عمرة بالظبط؟ وماذا هي الاشتراطات الأساسية عشان الواحد يحصل علىه؟
2947	طيب، أي نماذج التقديم المعتمدة في المعاش؟ وهل بيطلع عقب المعاش بمدة؟
5013	لو سمحت، بالنسبة للمرحلة العمرية من 15 لـ 17 سنة، هل مسموح ليهم يشتغلوا في مشاريع صغيرة أو يشاركوا في أعمال لخدمة المجتمع؟ (تركيز على السماح القانوني أو التنظيمي)؟
3714	يعني هل فيه إلزام بتعيين دكتور خاص بالمؤسسة أو دكتور متخصص جوة المصانع ولا لأ؟
2857	طيب، هل من حق الموظف إنه يقدم طلب لصرف مكافأة نهاية الخدمة بتاعته قبل ما يطلع على المعاش؟
3123	"لو سمحت، ماذا السبب في إننا بنستخدم كلمتين مختلفتين زي ""الاستقالة"" و""إنهاء الخدمة"" لما حد بيسيب الشغل؟ وإزاي النظام بيتعامل مع كل واحدة فيهم؟ وهل الموظف دايمًا بيكون عنده حرية الاختيار بين الطريقتين؟ (هذا السؤال يركز على سبب استخدام كلمتين مختلفتين، وكيف يتعامل القانون مع كل منهما، وما إذا كان الموظف لديه دائمًا حرية الاختيار.)؟"
3449	فترات الرضاعة ضمن محسوبة ضمن ساعات العمل ولا مش محسوبين؟
2955	لو سمحت، أي الأوراق المطلوبة عشان أقدم على المعاش؟ ويا ترى المعاش بييجي بعد قد إيه من التقاعد؟ (تركز على الأوراق المطلوبة والمدة الزمنية)؟
5057	ممكن طفل عنده أقل من 15 سنة يلاقي فرصة كويسة من غير ما يكون معاه شهادة تثبت تعليمه؟ (تركز على فكرة الفرص المتاحة لمن هم دون الـ 15 بغض النظر عن الشهادة)
5291	يعني القانون بيدي العمال الحق يعملوا نقابات وينضموا لها من غير قيود؟ (تعبير أبسط وأكثر مباشرة)
992	بصراحة، بعد مرور مرور قد إيه من الحمل، الست العاملة ممكن تطلب تقليل ساعات الدوام بتاعتها؟
4004	بصراحة، عاوز أعرف طريقة احتساب مكافأة نهاية الخدمة. يعني، لو اشتغلت إيه مقدار سنة، النص شهر ده والشهر اللي بعد مروره بيتجابوا إزاي؟
2042	بصراحة، فيه حد أقصى للخصومات من المرتب ولا جائز يتخصم أعلى من ربع؟
3606	يعني الشركة بتسمح بأقصى مجهود قد إيه للحوامل؟ و ده بيعتمد على كمية الموظفات، يعني لو فيه كام موظفة أو أكتر؟
5077	طيب، يا ترى القانون بيحدد زيادة سنوية للمرتبات بنسبة قد ما هو؟
2664	يعني هل فيه أي استثناءات أو قوانين تمنع صرف مكافأة نهاية الخدمة لشخص عنده أكتر من ستين سنة وبيشتغل؟
2432	"بصراحة، يعني إيه الفرق من الناحية الشرعية، لو أنا وافقت في العقد على خصم معين، وبين الحد القانوني للخصومات اللي المفروض ما أتعداهوش؟ (تستخدم ""يعني إيه الفرق"" لتبدأ السؤال بشكل مباشر، وتركز على الفرق من الناحية القانونية).؟"
5135	لما يقولوا زيادة المرتب 3% كل سنة، هل الزيادة دي بتنزل على المرتب اللي بستلمه شهرياً، ولا المرتب اللي بيعتبروه أساس لحساب التأمينات الاجتماعية؟
455	فيه أيام الدولة بتديها لينا إجازة، زي يوم الجمعة. يا ترى، الإجازات دي بتعتبر جزء من أيام الشغل الأسبوعية ولاّ لا تدخل في حساب الأسبوع أصلاً؟ (تركيز على البساطة والوضوح)
4294	ممكن أعرف هل قانوناً لازم أروح مكتب العمل وأخليهم يوافقوا على الاستقالة بتاعتي بعد ما أقدمها؟ (تركيز على الجانب التشريعي والإلزام)؟
2913	لو سمحت، هل العامل ممكن يشتغل في المعاش؟ وهل يلاقي صعوبة؟
4759	طيب، هو شرط أساسي وجود لجنة سلامة في كل مكان شغل كبير؟ القانون قال لازم نعمل كده يعني؟
3663	"لو سمحت، ""قانون 2025 الخاص بمنع التمييز ضد المرأة الحامل، بيحميها من التمييز في أي تحديدًا، يعني إيه الحاجات اللي القانون ده بيغطيها؟""؟"
4874	بصراحة، واحد عنده أربعتاشر سنهة، ممكن يلاقي شغل؟ ولا السن ده صغير قوي؟ سمعت إن فيه حاجة اسمها تدريب بيبدأ من السن ده، بس مش عارف التفاصيل.؟
1159	طيب، فرضًا إن فيه عامل بيشتغل شغلانة فيها خلط، وجاله مرض بيعدي، يبقى من حقه ياخد قد إيه شهر إجازة مرضية عشان يعزل نفسه؟
4295	بعد ما أقولهم ماشي، هل فيه أي إجراءات رسمية في مكتب العمل لازم أعملها عشان الاستقالة تمشي؟ (تركيز على الإجراءات الرسمية المطلوبة)
1651	طيب، لو صاحب الشغل غير شروط العقد دون موافقة العامل، ينفع؟
172	ممكن أعرف فيه احتمال إني أشتغل ورديات أطول من 8 ساعة في اليوم الواحد في الشغل ده؟ (تركيز على الوردية و طولها)؟
1697	"بص، لو الشغلانة بقت صعبة على العامل بسبب تغييرات العقد، يقدر يعمل وقفة احتجاجية؟ (هذه الصيغة تستخدم كلمات أكثر عامية، وتستبدل ""الاعتصام"" بـ ""وقفة احتجاجية"".)"
2030	بصراحة، ممكن ياخدوا أكتر من ربع المرتب بتاعي خصومات؟
5024	بصراحة، يجوز الأطفال اللي داخلين في مرحلة المراهقة، يعني اللي عمرهم من 15 لـ 17، يحصل علىوا دور في مشاريع تنموية أو يشتغلوا شغل تطوعي يخدم الناس؟ (توضيح للمرحلة العمرية وأنواع المشاركة)؟
1076	بصراحة، بعد مرور أول 3 شهور بأجر كامل، بقية الإجازة المرضية بتتوزع إزاي؟
4588	ممكن أعرف هل العامل من حقه يقول لأ للشغلانة لو كانت هتعرضه للخطر عشان مفيش إجراءات وقاية أو أدوات سلامة؟
4771	طيب، بالذمة، أي مكان كبير بيشتغل فيه ناس كتير لازم يكون عامل لجنة علشان تحافظ على السلامة؟ ده إجباري ولا اختياري؟
3877	طيب، هل النظام بيجرم التحرش الجنسي في بيئة العمل ولا دي حاجة مش متجرمة؟
1197	لو سمحت، اللي رايح يعمل حج أو عمرة، إجازته بتكون قد إيه بالظبط؟ ويا ترى الإجازة دي حق لمين بالظبط؟ (تغيير في طريقة التعبير عن الغرض والتركيز على الشخص المسافر)؟
958	ممكن أعرف لو واحدة شغالة أخدت إجازة وضع، لازم يرجعوها شغلها تاني بعد الإجازة ولا يجوز يغيروا شغلها أو يمشوها؟
1171	طيب، يعني لو فيه موظف شغلته خلط مواد، واتصاب بمرض معدي، المفروض يعمل حجر صحي لمدة أد إيه شهر؟
2075	مين اللي ماسك حسابات المرتبات وبيصرفها لينا، وياخد باله من قصة الضرايب والتأمين دي؟
3220	ممكن أعرف هل لو كسبت تعويض في المحكمة، ينفع المبلغ اللي هيتدفع لي يكون أقل من اللي كنت متوقعه، عشان القانون فيه سقف معين للتعويض؟
5355	"لو سمحت، سؤال، لو حصلت أي خلافات في الشغل، زي مثلاً تأخير في صرف الرواتب، هل يمكن نلجأ للإضراب كوسيلة احتجاج؟ وأي موقف النظام من التصعيد ده؟ (استخدام كلمة ""تصعيد"" للإشارة إلى الإضراب وسؤال عن موقف القانون من هذا التصعيد)؟"
5236	ممكن أعرف لو الإدارة مقرتش زيادة الأجور، التصرف ده قانوني ولا قرار إداري من حقهم؟
4915	"طيب، لو واحد أو واحدة عمرهم أقل من 18، هل يقدروا يشتغلوا أي وقت في النهار ولا فيه شروط معينة على مواعيد شغلهم؟ (استخدام ""واحد أو واحدة"" و ""شروط معينة"" للتوضيح)؟"
1497	"لو سمحت، بعد مرور نهاية العقد اللي محدد بمدة، لو استمريت في المؤسسة، هل ده معناه إن العقد اتحول لعقد دائم بشكل تلقائي؟ (استخدام كلمة ""دائم"" بدل ""مفتوح"" وتوضيح كلمة ""بشكل تلقائي"")؟"
1209	"لو سمحت، بالنسبة لإجازة الحج والعمرة، المدة بتاعتها قد إيه؟ ومين بالظبط اللي يقدر ياخد الإجازة دي؟ (تغيير في بداية السؤال واستخدام كلمة ""يقدر"" بدلاً من ""يستحق"")؟"
1653	لو سمحت، لو صاحب الشغل غير شروط العقد دون موافقة العامل، ينفع؟
276	يعني الشرع بيحدد وقت راحة للغداء قد ما هو ساعة كل يوم؟ عشان بس نبقى عارفين حقنا.؟
2537	عايزين نعرف بالتفصيل، لما بندفع اشتراكات، نصيب العامل منها بيبقى كام بالظبط ونصيب صاحب العمل كام؟
4641	لو سمحت، صاحب العمل ملزم يعمل إجراءات لمنع التحرش الجنسي في الشركة؟
1728	يعني في حالة وجود بند فترة تجربة في عقد العمل، ينفع العامل يمشي قبل ما الفترة دي تخلص ولا مفروض يكملها؟
1256	بصراحة، قد إيه يوم أجازات رسمية مدفوعة في السنة؟
3585	لو سمحت، إيه الامتيازات أو الحقوق الإضافية اللي ستات الحوامل أخدوها في قانون المؤسسة الجديد؟
3135	لو سمحت، هل لازم أبلغ قبل ما أرجع في استقالتي؟ ويا ترى القانون محددلي مدة معينة عشان أقدر أتراجع عن الاستقالة ولا لأ؟ (هذا السؤال يستخدم كلمات أكثر تفصيلاً ويسأل بشكل مباشر عن وجود زمن محددة).؟
3249	لو سمحت، معلش، التعويض ده بيتحدد على أساس عدد سنين الشغل اللي قضيتها ولا إيه؟ وليه التشريع مش قاطع في الموضوع ده ومحددهاش؟ (تركز على الغموض في القانون)؟
1888	"ممكن أعرف يا ترى فيه زيادة عمروية إجبارية على الأجور ولا الموضوع اختياري؟ وإذا كانت إجبارية، النظام حدد نسبة الزيادة دي بقد إيه في المية؟ (استخدام ""يا ترى"" وتركيز على الاختيارية مقابل الإجبارية)؟"
4345	"طيب، في حالة لو تم إنهاء خدمتي بشكل تعسفي، إزاي يجوز أطالب بتعويض؟ وهل القانون المصري فيه حد أقصى لقيمة التعويض في حالات الفصل التعسفي؟ (استخدام مصطلحات قانونية مثل ""إنهاء خدمتي بشكل تعسفي"" لزيادة الاختلاف)؟"
640	ممكن أعرف بصراحة كده، كم يوم إجازة سنوية بتتصرف للناس اللي ربنا ابتلاهم بإعاقة؟ هل ليهم معاملة خاصة في الموضوع ده؟
192	يعني كم ساعات العمل في الأسبوع الواحدية اللي التشريع بيحددها أد أي؟
4932	يعني يا ترى القانون بينص على إيه بخصوص منع شغل القصّر في الليل أو في الشغل اللي فيه خطر؟
2194	ممكن أعرف الخصومات: الحد الأقصى للخصم من المرتب قد ماذا؟
3019	طيب، يعني مينفعش يفصله كده من غير سبب؟ الشرع حظر الفصل التعسفي؟
3197	لو حصلت على حكم في قضية تعويض لأنه القانون حددش سقف التعويض؟
5498	بصراحة، هو النظام الجديد ده هيقضي على التمييز في المرتبات بين الرجالة والستات اللي بيشتغلوا نفس الشغل؟ (التركيز على القضاء على التمييز كهدف للقانون)؟
2783	إيه وضع اللي بيوصل لسن المعاش وياخد معاشه، وبعد كده بيشتغل في حتة ملهاش علاقة بالتأمين؟
894	يعني الرجل بيقدر ياخد إجازة ولادة كم مرة في حياته المهنية؟
1215	لو سمحت، إجازة الحج أو العمرة دي بتكون أد ماذا شهر؟ وإيه الشروط اللي تخلي الواحد يستحقها؟ (التركيز على الشروط اللازمة لاستحقاق الإجازة)؟
3163	طيب، لو قدمت استذكرتي بس بعد مرور كده الدوام أو الجهة الإدارية رفضوا يعتمدوا عليها؟
3087	"لو سمحت، لو الاستحددة دي كانت نتيجة إجبار أو تهديد، هل فيه أي طريقة إني ألغيها؟ ولا القانون شايف إنها كده استقالة صحيحة ومينفعش الواحد يرجع فيها؟ (تستخدم ""إجبار أو تهديد"" بدلاً من ""ضغوط"" وتسأل عن وجود ""طريقة للإلغاء"")؟"
4981	طيب، بالنسبة لواحد لسه بيدرس في مدرسة ونفسه يشتغل كام ساعة باليوم، ما هو هي الحدود المسموحة؟
4705	طيب، يعني التشريع بيوضح إيه بالظبط عن تأمين الناس في الشغل، وهل لازم نعملهم فحص طبي كل فترة ولا دي حاجة اختيارية؟
915	"لو سمحت، قانونًا، الراجل يقدر يستحق إيه عدد إجازة بمناسبة ولادة طفل ليه طول مسيرته المهنية؟ (إضافة كلمة ""قانونًا"" للتأكيد على الجانب القانوني، واستخدام ""مسيرته المهنية"" بدلاً من ""حياته المهنية"")؟"
1769	المرتب بيتدفع على أي أساس؟ بالشهر، بالأسبوع، ولا باليوم؟
1934	بصراحة، معلش، ممكن توضيح بسيط؟ الزيادة السنوية اللي بنسمع عنها، الـ 3% دي، محسوبة على الراتب الأساسي اللي بيطلع بيه الرقم بتاع التأمين، ولا على الراتب التاني اللي بنستلمه في إيدينا؟ (تركيز على التوضيح والتبسيط مع إشارة إلى الاستلام الفعلي)؟
3491	لو الست نزلت الشغل على طول بعد ما خلفت، هل القانون والواقع العملي بيحموا حقها الوظيفي؟
268	ممكن أعرف القانون بينص على وقت بريك قد أي للغداء خلال اليوم؟ عايزين نعرف المدة بالظبط.؟
1801	طيب، مينفعش استلم مرتبي كله فلوس في إيدي؟ ضروري يبقى فيه حساب في البنك؟
3697	طيب، إيه هي بنود القانون اللي بتحدد مسئولية صاحب العمل عن سلامة العمال وتأمينهم ضد المخاطر في الشغل؟
450	يعني بصراحة كدة، لما بناخد إجازة معتمدة من الدولة، زي يوم الجمعة، اليوم ده بيتُعتبر علينا كأنه يوم اشتغلناه ضمن الأسبوع ولاّ بيروح كدة من غير حساب؟ (تركيز على المصداقية والسؤال المباشر)؟
2543	بخصوص الاشتراكات، ممكن توضحلي مين بيدفع كام؟ يعني العامل بيساهم بقد إيه وصاحب الشغل بيكمل الباقي؟
153	لو سمحت، ممكن الشغل يلزمني إني أداوم أعلى من 8 ساعات يومياً؟ (تركيز على الإلزام و المداومة)؟
3359	ابتداءً من شهر كام، الشغل اليومي بتاع الحامل المفروض يقل؟
4806	يعني فيه فريق طبي تابع لجهة حكومية بيفتش على المستشفى عشان يطمنوا على صحة المكان؟ (يضيف تفصيلاً عن الفريق الطبي وجهة التفتيش)؟
1084	ممكن أعرف طيب، بعد تلات شهور قبض إيه عددل في الإجازة المرضية، باقي المدة بيتحسب فيها المرتب ازاي؟
2394	يعني لو الشركة طلبت مني أدفع تمن العدة أو لبس الشغل عن طريق الخصم من المرتب، إيه الحقوق بتاعتي وإيه المبلغ اللي المفروض أرفض إنه يتخصم؟ (تركيز على الحقوق والمبلغ المرفوض)؟
3337	"طيب، بالتفصيل كده، محكمة الشغل دي بتفصل في أي؟ ولو الشركة فصلتني تعسفيًا، إزاي أقدر أوصل لحقي عن طريق المحكمة دي من غير ما أدخل الحكومة في الموضوع؟ (تستخدم كلمة ""تفصل في إيه"" بدلاً من ""بتختص بإيه"" وتضيف كلمة ""تعسفيًا"" لوصف الفصل)؟"
1482	"يعني طب فرضنا العقد المؤقت خلص والراجل مِشيِش، العقد بيتقلب عقد دايم لوحده ولا لازم إجراء تاني؟ (استخدام كلمة ""فرضنا"" و ""الراجل مِمشيش"" و""دايم"" بدلا من ""مفتوح"")؟"
1671	لو سمحت، لو واحد شغال في مكان، وجه صاحب المكان وغير له شروط الشغل المتفق عليها من الأول، هل ده إجراء قانوني سليم؟
976	ممكن أعرف ابتداءً من أي شهر في الحمل، يحق للست العاملة تحصل على تقليل في عدد ساعة شغلها؟
108	يعني الشغلانة المفروض الواحد يشتغلها باليوم بتاخد كام ساعة حسب القانون؟
3924	"يعني هو صاحب الشغل ملزوم قانونًا يكشف على صحيفة الحالة الجنائية بتاعة العمال عشان يحافظ على الأمان ولا لأ؟ (تغيير في الكلمات والتعبير عن ""الفحص"" بـ ""يكشف على"").؟"
5066	بصراحة، لو حد عنده أقل من 15 سنهة، لازم يكون معاه ورقة تثبت إنه متعلم أو واخد شهادة عشان يعرف يعمل حاجات معينة؟ (تركز على فكرة وجود ورقة رسمية تثبت التعليم كشرط للقيام بأشياء معينة لمن هم دون الـ 15)؟
4898	بصراحة، بالنسبة للي لسه ما بلغوش الـ 18 سنهة، هل فيه أي قوانين بتحدد مواعيد شغلهم في النهار؟ (تغيير في المفردات والتركيب)؟
1106	بصراحة، ماشي، بالنسبة للإجازة المرضية، بناخد المرتب كامل في أول تلات شهور، طب عقب التلات شهور دول، وضع المرتب بيكون إيه بالظبط؟
3747	"لو سمحت، لو حصلت خبطة أو حد اتعور، اللوم يقع على مين؟ (تستخدم كلمة ""خبطة"" للإشارة إلى الحادث، وتستبدل ""المسؤولية"" بـ ""اللوم"")؟"
3376	ممكن أعرف الحامل المفروض تبدأ تاخد بالها وتقلل مجهودها اليومي، وتقليل عدد ساعة العمل ده بيبدأ من أول شهر ماذا عدد في الحمل؟
2239	"طيب، يعني لو الشركة عملتلي تأهيل أو تدريب، و أنا مضيت على ورق إني هدفع تمن التدريب ده لو سبت الشركة بدري، الكلام ده يمشي قانونًا ولا إيه؟ (يستخدم كلمة ""تأهيل"" بدلاً من ""تدريب"" ويؤكد على توقيع الأوراق).؟"
202	ممكن أعرف مسموح لينا نشتغل كام ساعة في الأسبوع بالكتير من غير مخالفة للقانون؟
297	لو سمحت، عقب شغل مدته قد ماذا لازم نفصل ونريح أعصابنا؟
3279	لو سمحت، بالبلدي كده، لما واحد يستقيل، محكمة القضاء الإداري بتطبق قانون إيه بالظبط؟ إيه القانون اللي بيحكم الاستقالة دي؟ (تعبير بسيط ومباشر)؟
2662	ممكن أعرف عامل إضافة إلى سن الستين ينفع يتبقاله مكافأة نهاية الخدمة؟
677	الإجازة العارضة (زي فرح أو عزاء) كام يوم في السنة؟
1510	ممكن أعرف التعاقد عن بُعد أو بنظام الدوام الجزئي القانون اعترف به؟
1207	"طيب، بالنسبة لإجازة الحج والعمرة، المدة بتاعتها قد ما هو؟ ومين بالظبط اللي يقدر يستحق الإجازة دي؟ (تغيير في بداية السؤال واستخدام كلمة ""يقدر"" بدلاً من ""يستحق"")؟"
1235	"""لو واحد عايز يقدم على إجازة حج، إيه اللي المفروض يكون موجود فيه علشان طلبه يتقبل؟ فيه اشتراطات خاصة بالعمر أو المدة اللي قضاها في الشغل؟"""
939	لو سمحت، هو القانون بيسمح للموظفة ترجع شغلها بعد ما تخلص إجازة الولادة ولا ما هو النظام؟
2182	"ممكن أعرف يعني لو عملت شيفت زيادة، بيحسبولي الساعة الإضافية بكام في المية من مرتبي الأصلي؟ ده بيختلف لو بالليل أو بالنهار؟ (تركيز على ""نسبة مئوية"" من الراتب الأصلي)؟"
2109	لو سمحت، لو فيه تأخير في قبض المرتب من الوظيفة، القانون بيحدد مدة سماح قد إيه قبل ما أقدر أشتكي؟
1523	هو قانون الشغل وافق على عقود الشغل اللي بتكون من بعيد أو عدد ساعات أقل ولا لسه؟ (هنا التركيز على قانون العمل بشكل مباشر)
5438	بصراحة، مين اللي مسؤول عن إنه يوفر بيئة شغل آمنة من التحرش ويحمي سرية أي حد يشتكي؟ قصدي، صاحب الشغل عليه واجب يعمل كده؟
4413	لو سمحت، يعني لو أنا والشركة اتفقنا على إنهاء الخدمة عن طريق الاستقالة، المكافأة بتاعة نهاية الخدمة دي بتروح عليا ولا ما هو؟ وإيه موقف التشريع بالظبط من الموضوع ده؟ (تركز على ضياع المكافأة المحتمل)؟
2597	طبقا للقانون الجديد، الواحد ممكن يطلع معاش من شغل القطاع الخاص على سن كام؟
3373	طيب، الحامل المفروض تبدأ تاخد بالها وتقلل مجهودها اليومي، وتقليل كم ساعات العمل ده بيبدأ من أول شهر كام في الحمل؟
1344	يعني طيب، لما بشتغل في العيد أو في أي مناسبة رسمية، بيحسبولي اليوم ده إزاي؟ بيوم إجازة زيادة ولا بفلوس أكتر؟ (تحديد أنواع أيام العطلات بشكل أدق، مع سؤال عن طريقة الحساب)؟
2939	لو عامل طلع معاش، ممكن يرجع يشتغل تاني عادي؟ ولا فيه حاجة بتمنعه أو بتصعب الموضوع عليه؟ (تركيز على إمكانية العودة للعمل والعقبات المحتملة)
5454	يعني بصراحة، صاحب المؤسسة ملزوم ولا لأ يعمل كل اللي يقدر عليه عشان يمنع التحرش في الشغل، ولو حد اشتكى ماحدش يعرف عنه حاجة؟
4329	"لو سمحت، دلوقتي أنا لو اترفت من الشغل بدون وجه حق، التعويض بيتُعد ازاي؟ وهل الشرع حاطط ليميت للتعويض اللي يمكن اخده؟ (استخدام كلمات بديلة مثل ""اترفت"" و ""وجه حق"" و ""ليمت"")؟"
2450	بصراحة، هل استقطاع التأمينات الاجتماعية بيظهر في حساب المرتب، ولا بيتم بشكل منفصل؟ (تركز على ظهور الاستقطاع في كشف المرتب)؟
4775	بصراحة، كل منشأة كبيرة مفروض يكون فيها لجنة سلامة؟ الكلام ده في القانون ولا دي مجرد توصيات؟
4776	يعني بصاستراحة، كل منشأة كبيرة مفروض يكون فيها لجنة سلامة؟ الكلام ده في القانون ولا دي مجرد توصيات؟
4794	"يعني حد من الصحة بييجي يتأكد من سلامة المستشفى اللي بنشتغل فيها؟ (يستخدم كلمة ""سلامة"" للتعبير عن الجودة)؟"
793	"طيب، لو خدت إجازة عشان المذاكرة وقت الامتحانات، دي بتتخصم من رصيد إجازاتي السنهوية ولا محسوبة ببلاش؟ (تغيير في التركيب والكلمات: استخدام ""لو خدت"" بدل ""إجازة دراسية""، ""دي بتتخصم"" بدلاً من ""تُخصم""، ""محسوبة ببلاش"" بدلاً من ""مجانًا"")؟"
5168	"بصراحة، دلوقتي الحد الأدنى زاد ست تلاف وسبع تلاف جنيه، ليه بقى الشركات دي مش راضية تدفع زياده؟ إيه اللي بيحصل بالظبط؟ (تركيز على عدم الرغبة في الدفع واستخدام ""إيه اللي بيحصل بالظبط؟"" للاستفسار بشكل أعمق)؟"
3138	"يعني لازم أعمل إخطار رسمي لو حبيت أسحب استقالتي؟ وكمان، في مهلة قانونية للرجوع في الاستقالة دي ولا الوضع مفتوح؟ (هذا السؤال يستخدم كلمة ""إخطار رسمي"" ويعبر عن القلق بشأن وجود مهلة محددة).؟"
3276	يعني بالبلدي كده، لما واحد يستقيل، محكمة القضاء الإداري بتطبق قانون إيه بالظبط؟ إيه التشريع اللي بيحكم الاستحددة دي؟ (تعبير بسيط ومباشر)؟
4809	لو سمحت، فيه فريق طبي تابع لجهة حكومية بيفتش على المستشفى عشان يطمنوا على صحة المكان؟ (يضيف تفصيلاً عن الفريق الطبي وجهة التفتيش)؟
1492	"ممكن أعرف يعني لو العقد بوقت معين خلص وأنا كملت شغل زي ما أنا، كده العقد بيعتبر عقد مفتوح المدة ولا ليها حسبة تانية؟ (تغيير في بنية السؤال و استخدام كلمة ""حسبة تانية"")؟"
4317	لو سمحت، لو اتفصلت من غير حق، بكسب تعويض إزاي؟ القانون ماحدش سقف التعويض؟
801	"لو سمحت، يعني لو طلبت إجازة عشان أذاكر وأمتحن، الإجازة دي هتبقى على حساب إجازتي السنوية ولا ببلاش كده؟ (تغيير كبير في التركيب: استخدام ""طلبت إجازة عشان أذاكر وأمتحن""، ""على حساب إجازتي السنوية"" بدلاً من ""بتتنقص من الإجازة السنوية"").؟"
4647	لو سمحت، يعني التشريع بيُلزم أصحاب الشركات والمصانع إنهم يأخذوا خطوات عشان يحموا الموظفين من أي تحرش في مكان الشغل؟ (هذا السؤال يركز على إلزام القانون)؟
3985	طيب، ماذا اللي بيستحقه أي حد سنهه عدا الستين وبيشتغل، لما يمشي من الشغل؟ (أقصد مكافأة نهاية الخدمة)؟
3821	فيه قانون بينظم مواعيد التفتيش على السلامة؟ يعني التفتيش ده بيتعمل كل فترة زمنية معينة؟ الفترة دي أد إيه؟ (تركيز على وجود قانون ينظم المواعيد)
3334	"ممكن أعرف المحكمة اللي عاملينها مخصوص لقضايا الشغل دي، إيه نوع المشاكل اللي بتتعامل معاها؟ ولو اترفدت من الشغل، ينفع أروح أقدم شكوى هناك على طول، ولا واجب أستنى موافقة من جهة حكومية؟ (تستخدم كلمة ""أقدم شكوى"" بدلاً من ""أروح المحكمة"" وتؤكد على فكرة ""الجهة الحكومية"")؟"
142	ممكن أعرف هل ممكن يطلب مني الشغل فوق من 8 ساعات في اليوم؟
4047	لو سمحت، هو لو حد مشي من الوظيفة بمزاجه بعد العمر ده، يحصل على مستحقاته دي ولا لأ؟ المستحقات دي مرتبطة بالاستقالة ولا الفصل؟
3700	ممكن أعرف إيه هي بنود القانون اللي بتحدد مسئولية صاحب العمل عن سلامة العمال وتأمينهم ضد المخاطر في العمل؟
3485	بعد الولادة لو رجعت شغلها بسرعة القانون بيدّي الحق الواقع الوظيفي يضمن كده؟
3102	"يعني ليه بنلاقي مصطلحات زي ""استقالة"" و ""إنهاء خدمة"" موجودة، وماذا اللي بيخلي فيه منهم حاجات ماشية بالقانون وحاجات تانية بتبقى بمزاج الموظف نفسه؟ (هذا السؤال يركز على سبب وجود المصطلحات المختلفة، ويوضح أن بعضها يعتمد على القانون بينما البعض الآخر يعتمد على رغبة الموظف.)؟"
3964	ممكن أعرف واحد عدى الستين واشتغل، يحصل على تعويض إيه لما يبطل شغل؟ (نهاية خدمة يعني)؟
4289	هل قانوناً لازم أروح مكتب العمل وأخليهم يوافقوا على الاستقالة بتاعتي بعد ما أقدمها؟ (تركيز على الجانب القانوني والإلزام)
1434	يعني عقود التجربة مدتها قد إيه شهر بحد أقصى؟
4072	"ممكن أعرف طب فرضًا واحد كان بيشتغل وربنا افتكره، أهله ياخدوا حقوقه ولا إيه النظام؟ (هنا استخدمنا تعابير مثل ""ربنا افتكره"" و ""إيه النظام"" لتقريبها للهجة المصرية).؟"
2310	يعني مفيش أي طريقة نخلي الضرايب والتأمين يقلوا أكتر من ربع المبلغ، صح كده؟ (يسأل بشكل مباشر عن وجود أي طرق لزيادة التخفيض)؟
3105	"لو سمحت، ليه بنلاقي مصطلحات زي ""استقالة"" و ""إنهاء خدمة"" موجودة، وأي اللي بيخلي فيه منهم حاجات ماشية بالقانون وحاجات تانية بتبقى بمزاج الموظف نفسه؟ (هذا السؤال يركز على سبب وجود المصطلحات المختلفة، ويوضح أن بعضها يعتمد على القانون بينما البعض الآخر يعتمد على رغبة الموظف.)؟"
869	لما واحدة ست بتشتغل تخلف، بتاخد كام شهر راحة من الشغل عشان البيبي؟
3837	لو سمحت، التفتيشات اللي بتتعمل عشان نتأكد من السلامة، ليها جدول زمني محدد في التشريع؟ يعني بيفتشوا كل أد ما هو شهر أو سنة؟ (تحديد أكثر للفترة الزمنية المحتملة)؟
2506	ممكن أعرف طب بصراحة، صاحب الشغل ملزم يدفع تأمينات للموظف بتاعه من أول ما يمسك الشغلانة ولا فيه فترة سماح؟
876	يعني قانون الوظيفة بيدي للست اللي جابت بيبي كام شهر إجازة أمومة مدفوعة الأجر؟
2776	ممكن أعرف واحد طلع معاش واشتغل شغلانة تانية بره التأمينات، وضعه بيكون إيه؟
2628	يعني يا ترى فيه اختلاف بين السن اللي بيطلع فيه الواحد معاش والسن اللي يمكن صاحب الوظيفة يمشيك فيه من الشغل؟
441	لو سمحت، لو خدنا يوم إجازة رسمي من الدولة، زي الجمعة، هل اليوم ده بيتحسب من في أيام العمل في الأسبوع الواحدية بتاعتنا ولاّ يعتبر بره الحسبة؟ (تركيز على الرسمية والإيضاح)؟
1832	بصراحة، آخر مرة تم تحديد الحد الأدنى للأجر في القطاع الخاص كان كام جنيه؟
2980	ممكن أعرف لو سمحت، عايز أعرف إيه هي النماذج والاستمارات المطلوبة عشان أقدم على المعاش؟ و يا ترى فيه وقت معين عشان المعاش يبتدي ينزل بعد ما اتقاعد؟ (تستخدم كلمات أكثر رسمية وتؤكد على بداية صرف المعاش)؟
2089	طيب، إيه موقف التشريع لو المرتب اتأخر عن ميعاده كام يوم من صاحب المؤسسة؟
199	طيب، مباح لينا نشتغل كام ساعة في الأسبوع بالكتير من غير مخالفة للقانون؟
1844	بصراحة، آخر قرار بخصوص الحد الأدنى للمرتبات في شغل القطاع الخاص كان قد أي؟
322	ممكن أعرف الراحة الأسبوعية إيه عدد ساعة بعد 6 أيام شغل ورا بعض؟
3456	يعني وقت الرضاعة الطبيعية للأم العاملة بيتخصم من وقت الشغل ولا يعتبر جزء من الدوام؟
2823	لو سمحت، يعني، هل الشخص يقدر يقرر وقت ما ياخد معاشه بإرادته الكملة؟ ولو الإجابة بنعم، ازاي يقدر يحقق ده؟
2978	بصراحة، لو سمحت، عايز أعرف إيه هي النماذج والاستمارات المطلوبة عشان أقدم على المعاش؟ و يا ترى فيه وقت معين عشان المعاش يبتدي ينزل بعد ما اتقاعد؟ (تستخدم كلمات أكثر رسمية وتؤكد على بداية صرف المعاش)؟
1736	بصراحة، لو العقد فيه فترة اختبار، العامل يقدر يقول خلاص مش مكمل الفترة دي ويمشي ولا قانونًا مينفعش؟
4335	لو سمحت، بفرض إني مشيت من الوظيفة بطريقة غير قانونية، إيه هي الإجراءات اللي أعملها عشان أخد حقي كتعويض؟ وهل فيه سقف معين للتعويضات دي في مصر؟ (تغيير كبير في الصياغة مع التركيز على الإجراءات)؟
4037	طيب، الفلوس دي ليها علاقة بسّن الموظف؟ يعني لو ساب الشغل بعد سن معين، ياخدها؟ ولا هي بس للّي بيمشّوا غصب عنهم؟
4456	"ممكن أعرف إيه اللي بيحصل لما الواحد بيتطرد من شغله في ظل قانون العمل الجديد ومحكمة العمل؟ وهل فيه أي قيود بتمنعني من اللجوء للمحكمة مباشرةً ولا أقدر أروح في أي وقت؟ (تستخدم كلمة ""بيتطرد"" للتعبير عن الفصل و تركز على فكرة القيود التي تمنع اللجوء للمحكمة)؟"
1015	طيب، يا ترى الأم اللي بترضع بتاخد كام بريك زيادة في الشغل عشان ترضع البيبي؟
4913	"لو واحد أو واحدة عمرهم أقل من 18، هل يقدروا يشتغلوا أي وقت في النهار ولا فيه شروط معينة على مواعيد شغلهم؟ (استخدام ""واحد أو واحدة"" و ""شروط معينة"" للتوضيح)"
1409	إيه الفرق الجوهري بين عقد العمل اللي فيه تاريخ نهاية وعقد العمل المفتوح اللي ملوش تاريخ نهاية؟
4092	"يعني لو شخص كان بيشتغل ومات فجأة، أهله ياخدوا مرتب شهر ولا ما هو اللي بيحصل بالضبط في الحالات دي؟ (ركزنا على إمكانية الحصول على ""مرتب شهر"" كمثال، مع استخدام عبارة ""إيه اللي بيحصل بالضبط"").؟"
3857	هو القانون المصري بيغطي موضوع التحرش الجنسي اللي ممكن الواحد يتعرض له وهو شغال؟
1849	طيب، معلش، ممكن تعرفني آخر مرة تم فيها تحديد قيمة الحد الأدنى للأجور في الشركات الخاصة، القيمة كانت قد إيه؟
4366	ممكن أعرف يعني عشان الواحد يستحق التعويض، واجب يكون اشتغل كام سنهة بالظبط؟ وماذا هي المحددات اللي بيحطوها في الاعتبار؟
2993	إيه هي الحالات اللي تسمح لصاحب العمل إنه ينهي خدمة العامل؟ و هل القانون بيشترط قرار قضائي لإنهاء الخدمة ده؟
2207	ممكن أعرف أقصى قيمة للخصومات اللي ممكن تتسحب من مرتبي؟
2328	"يعني الـ 25% اللي بيتخصموا من الضرايب والتأمين دول، جائز يبقوا أكتر من كده؟ ولا خلاص، دي النهاية؟ (يسأل بأسلوب مباشر وبسيط، مع التركيز على كلمة ""النهاية"" للتأكيد على الحد الأقصى)؟"
3637	"طيب، ""قانون عمرة 2025 اللي بيحارب التمييز بسبب الحمل ده، بيستهدف منع التمييز في إيه بالظبط؟""؟"
5150	"بصراحة، طب لو الحد الأدنى للأجور زاد ست تلاف وسبع تلاف جنيه، إشمعنى الشركات دي لسه ماشية على نفس النظام؟ (تركيز على ""إشمعنى"" لإبراز الاستغراب)؟"
389	هل مسموح لهم يشتغلوا يوم الأحد مثلاً بدل إجارتهم الأسبوعية؟ القانون قال إيه؟
2114	بصراحة، ايه اللي ممكن يحصل لو صاحب العمل اخر صرف المرتب؟ وايه الاجراءات اللي النظام بيحمي بيها العامل؟
3839	إحنا عارفين إن فيه تفتيش دوري على السلامة، بس السؤال هنا: القانون بيقول التفتيش ده لازم يتعمل كل قد إيه؟ (تقديم معلومة معروفة ثم التركيز على السؤال الرئيسي)
1652	بصراحة، لو صاحب الشغل غير شروط العقد دون موافقة العامل، ينفع؟
1828	ممكن أعرف ممكن آخد المرتب بتاعي كله فلوس مباشرة من غير ما يتحط في البنك؟ ولا ده إجباري؟
553	طيب، بعد خدمة كام سنة في المؤسسة، الواحد بيوصل لمرحلة إن إجازته السنوية تبقى 30 يوم؟
5376	"يعني طبقا لقانون العمل، هل الشركات مجبرة إنها تلتزم بمعايير معينة للنضافة والأمان في مكان المؤسسة، زي مثلاً وجود إضاءة كافية وتهوية مناسبة؟ (استخدام مصطلحات أكثر رسمية مثل ""معايير"" و""مكان الشغل"")؟"
1913	يعني لما يقولوا زيادة سنوية 3%، قصدهم الزيادة دي بتنزل على الراتب اللي هو صافي بتاعي، ولا الراتب اللي متسجل في التأمينات؟ (تركيز على التفريق بين صافي الراتب والرقم المسجل)
2521	طيب، يا ترى نسبة مساهمة العامل وصاحب الشغل في الاشتراكات بتكون إزاي؟ يعني كل واحد بيدفع قد ماذا من الاشتراك؟
4614	يعني هل فيه مواد في القانون بتعاقب اللي بيتنمر أو بيهين زمايله في الشغل؟ (تركز على العقوبات القانونية)؟
4432	ممكن أعرف طيب، الواحد لما يتفصل من شغله، أي الإجراءات اللي المفروض يعملها في محكمة العمل الجديدة دي؟ وهل مفروض يستأذن الحكومة قبل ما يرفع قضية ولاّ إيه النظام؟ (تركز على الإجراءات المطلوبة و توضح أكثر فكرة الاستئذان)؟
3641	"""إيه المجالات اللي القانون بتاع سنة 2025، اللي بيحمي الستات الحوامل من التمييز، بيغطيها؟"""
902	"بصراحة، يا ترى الراجل من حقه ياخد كام مرة إجازة أبوة خلال شغله كله؟ (تركيز على إجازة الأبوة كمرادف لإجازة الولادة، واستخدام كلمة ""شغله"" بدلاً من ""حياته المهنية"")؟"
4238	"بصراحة، ممكن شرح بسيط لـ ""استمارة 6""؟ وإزاي القانون بيحكمها في الوقت الحالي؟ (تطلب شرحًا بسيطًا وتركز على فكرة ""الحكم"" القانوني)؟"
5040	يعني ضروري يكون معاك مؤهل تعليمي قبل ما تكمل 15 سنة؟ (تركز على فكرة المؤهل التعليمي كشرط ضروري)؟
5192	"بصراحة، ""طيب، هو التشريع بيسمح أو بيوجب إن المرتبات تزيد بنسبة ثابتة كل سنة، زي ما شفنا في قضية الـ 3% دي ولا لأ؟"" (هذا السؤال يسأل عما إذا كان القانون يسمح أو يوجب الزيادة).؟"
5524	ممكن أعرف لو صاحب الشغل داس على حقوقك، فين المكان الصح اللي تقدم فيه تظلمك؟ القوى العاملة ولا المحكمة؟
3819	لو سمحت، القانون بيقول إن فيه تفتيش دوري على السلامة، صح؟ طيب، التفتيش ده بيكون كل مدة قد إيه بالظبط؟ (تغيير في ترتيب السؤال وتفصيل بسيط)؟
2817	لو سمحت، طيب، هل فيه إمكانية الواحد يختار معاد التقاعد بتاعه بمزاجه؟ ولو فيه، ما هو الخطوات اللي المفروض يعملها؟
3561	لو سمحت، في قانون العمل الجديد، فين العلامات (التمييزية للحاملات) زي إيه؟
875	قانون الشغل بيدي للست اللي جابت بيبي كام شهر إجازة أمومة مدفوعة الأجر؟
1600	ممكن أعرف هل فيه متطلبات قانونية معينة لازم تتضاف في العقد، زي المرتب وكل البيانات الضرورية عشان العقد يبقى تمام؟ (تركيز على المتطلبات الشرعية وتمام العقد)؟
1307	لو اضطريت أشتغل في يوم إجازة زي العيد الكبير، الشركة هتعوضني بكام فلوس زيادة على مرتبي؟
2767	طيب، اللي خرج على المعاش بعد اشتغل في جهة بس مش في التأمين، إيه اللي بيحصل؟
4555	طيب، في حالة وقوع حادث أو إصابة أثناء الدوام، على مين تقع مسؤولية تغطية العلاج والتعويضات المستحقة؟
831	لو سمحت، يا ترى الأب بياخد كام يوم إجازة لما مراته تولد؟ (تعبير عامي أكثر، يسأل عن المدة بشكل غير رسمي)؟
2994	يعني ما هو هي الحالات اللي تسمح لصاحب العمل إنه ينهي خدمة العامل؟ و هل القانون بيشترط قرار قضائي لإنهاء الخدمة ده؟
2825	سؤالي هو، هل العامل عنده الحق يختار سن التقاعد اللي يناسبه؟ ولو ده متاح، إيه هي الآلية اللي بتسمحله بكده؟
1251	"لو سمحت، ""عايز أعرف، ماذا هي الشروط اللي لازم الواحد يكون محققها عشان يقدر يقدم على إجازة حج وياخدها؟ هل فيه قيود على العمر أو المدة اللي اشتغلها في وظيفته؟""؟"
1549	طيب، يعني العقد لازم يبقى عربي بس، حتى لو الشركة اللي طرف فيه مش مصرية؟ ولا ممكن يكون بلغتهم برضه؟
1743	لو سمحت، بخصوص فترة التجربة اللي بتكون مكتوبة في العقد، هل العامل ليه الحق ينهيها قبل معادها ويمشي ولا ملزم بيها؟
750	يعني لو موظف ماسك امتحانات الكلية، بيستحق قد إيه يوم إجازة دراسة؟
1430	بصراحة، إيه الفروق اللي بتميز عقد الوظيفة اللي بيكون ليه مدة معينة عن عقد العمل الدائم أو المستمر؟
1098	يعني تمام، في أول تلات شهور من الإجازة المرضية بيكون المرتب كامل، طب بعد مرور كده، المرتب بيقل ولا بيبقى فيه نظام تاني؟
4174	ممكن أعرف احنا بندفع اشتراك المعاش في المرتب بتاعتنا؟مين بياخد المعاش بعد التقاعد؟
2968	ممكن أعرف إيه هي الإجراءات اللي لازم أعملها عشان أقبض المعاش بتاعي؟ وهل المعاش بينزل على طول ولا بيتأخر شوية؟ (تركز على الإجراءات المطلوبة وتوقيت صرف المعاش)؟
2651	هل فيه تماثل بين العمر اللي بيحقلي أخد فيه معاش وبين العمر اللي ممكن صاحب الشغل يقولي مع السلامة؟
4064	بصراحة، لو الواحد مات وهو شغال، المستحقين ليه يأخذوا إيه؟
4961	لو طالب في المدرسة عايز يشتغل جزئي، الشروط إيه؟
5205	"لو سمحت، ""بصراحة، هل فيه أي سند قانوني يخلينا متأكدين إننا هناخد زيادة في المرتب كل سنة، بنفس الطريقة اللي حكمت بيها المحكمة بنسبة الـ 3%؟"" (هذا السؤال يركز على التأكيد القانوني على الزيادة).؟"
2260	ممكن أعرف أنا دخلت تدريب تبع الشركة، بس خايف أمشي بعد كده عشان العقد بيقول إني هرجع تمن التدريب لو استقلت. إيه اللي القانون بيقول عليه في حالة زي دي؟ (يعبر عن القلق بشأن الاستحددة المحتملة).؟
307	طيب، الواحد المفروض يستريح كل كام ساعة شغل يعني؟
1716	"يعني طب قول لي، لو العامل مش قادر يواكب التطورات الجديدة في العقد، من حقه يلجأ لأي نوع من أنواع الاحتجاج؟ (هذه الصيغة تسأل بشكل أعم عن الحق في الاحتجاج بأي طريقة، مع التركيز على عدم القدرة على ""مواكبة التطورات"".)؟"
911	"قانونًا، الراجل يقدر ياخد كام إجازة بمناسبة ولادة طفل ليه طول مسيرته المهنية؟ (إضافة كلمة ""قانونًا"" للتأكيد على الجانب القانوني، واستخدام ""مسيرته المهنية"" بدلاً من ""حياته المهنية"")"
2412	"يعني بصراحة كده، لو أنا و اللي قدامي اتفقنا في العقد على نسبة خصم معينة، ده ليه وضع قانوني مختلف عن الحد الأقصى للخصم اللي الشرع بيقول عليه؟ (تستخدم كلمات عامية أكثر مثل ""بصراحة كده"" و ""اللي قدامي"" لإضفاء طابع مصري عفوي).؟"
2709	لو سمحت، مباح تشرح لي طريقة احتساب مكافأة نهاية الخدمة؟ أنا عارف إن السنة الأولى ليها نص شهر، والسنتين اللي بعديها ليهم شهرين، بس عايز أعرف التفاصيل فوق.؟
2384	بصراحة، هل قانوني إن الشركة تخصم فلوس الأدوات أو اليونيفورم من الراتب، ولو قانوني، ما هو الحد الأقصى للخصم؟ (تركيز على الجانب القانوني والحد الأقصى)؟
4328	"بصراحة، دلوقتي أنا لو اترفت من الشغل بدون وجه حق، التعويض بيتحسب ازاي؟ وهل الشرع حاطط ليميت للتعويض اللي يمكن اخده؟ (استخدام كلمات بديلة مثل ""اترفت"" و ""وجه حق"" و ""ليمت"")؟"
4278	يعني لو قدمت استقالتي، لازم أصل مكتب العمل أو الجهات الإدارية يصدقوا عليها؟
1178	بصراحة، السؤال: لو فيه واحد بيشتغل في مصنع وبيخلط حاجات، وعنده مرض بينتشر، يقعد في الحجر كام شهر لحد ما يبقى كويس؟
2937	لو سمحت، إيه وضع العامل اللي بيجمع بين المعاش والشغل؟ وهل الموضوع ده سهل ولا فيه تعقيدات؟ (تركيز على الوضع القانوني والتعقيدات المحتملة)؟
4007	ممكن تشرح لي آلية حساب تعويض نهاية الخدمة؟ بالذات الجزء بتاع نص المرتب عن كل سنة في الأول وشهر المرتب بعدين.
5470	ممكن أعرف الشرع الجديد يضمن المساواة في الأجر بين الموظفين نفس العمل (رجالة وستات)؟
4063	طيب، لو الواحد مات وهو شغال، المستحقين ليه يأخذوا ماذا؟
2453	"التأمينات بتُخصم من الراتب الشهري اللي بقبضه، ولا دي حاجة تانية خالص؟ (تستخدم كلمة ""بقبضه"" لزيادة اللهجة العامية، وتتساءل عما إذا كان الخصم جزءًا من الراتب أم لا)"
1713	"لو سمحت، السؤال هنا، لو التغييرات اللي حصلت في العقد خلت الشركة مستحيل بالنسبة للعاملين، هل من حقه إنه ياخد إجراءات تصعيدية؟ (هذه الصيغة تستخدم لغة أكثر رسمية، وتستبدل ""الاعتصام"" بـ ""إجراءات تصعيدية"".)؟"
3254	بصراحة، يعني التعويض بيتحسب على أساس كم سنة خدمة بالظبط؟ وايه الحكمة إن القانون ساب الموضوع عايم كده ومحددش مقدار السنين؟ (تركز على الحكمة من عدم التحديد)؟
763	طيب، لو فيه حد شغال في تنظيم امتحانات الجامعة، بيستحق إجازة مذاكرة مدتها قد إيه؟ (تركيز على الاستحقاق ومدة الإجازة)؟
5069	القانون قال إن لازم كل سنة مرتبك يزود كام؟
1569	لو سمحت، العقد ده إجباري يبقى بالعربي؟ طب لو شركة اللي بتمضي معانا مش مصرية، ينفع يكون مكتوب بلغتهم الأصلية ولا مينفعش؟
4725	لو سمحت، مين الجهة اللي ينفع أقدم فيها تظلم أو شكوى لو شوفت حاجات غلط في إجراءات السلامة في المصنع؟ (استخدام مصطلحات رسمية أكثر قليلاً)؟
2586	يعني عمر التقاعد في القطاع الخاص قد إيه حسب القانون الجديد؟
513	لو سمحت، أول سنة في الشغل بيكون ليك 15 يوم إجازة. طب لما تدخل السنة التانية، إجازاتك هتبقى كام يوم بالظبط؟
3862	ممكن أعرف هو القانون المصري بيغطي موضوع التحرش الجنسي اللي ممكن الواحد يتعرض له وهو شغال؟
2095	طيب، لو الشركة أو صاحب العمل مِسَلَّمِش المرتب في وقته، القانون بيحمي العامل إزاي؟
102	يعني كام كمية ساعة العمل الرسمية باليوم؟
1079	طيب، بعد تلات شهور قبض كامل في الإجازة المرضية، باقي المدة بيتحسب فيها المرتب ازاي؟
1179	لو سمحت، السؤال: لو فيه واحد بيشتغل في مصنع وبيخلط حاجات، وعنده مرض بينتشر، يقعد في الحجر كم شهر لحد ما يبقى كويس؟
141	لو سمحت، هل ممكن يطلب مني الشركة أكتر من 8 ساعات في اليوم؟
4743	لو سمحت، في حالة وجود أي تقصير أو إهمال في إجراءات السلامة شايفه بيحصل قدامي، مين الشخص أو الجهة اللي أقدر أرفع لها الموضوع ده؟ (تركيز على التقصير والإهمال ورفع الموضوع)؟
1333	طيب، لو نزلت شغل في إجازة رسمية، المفروض آخد يوم تاني أجازة بداله ولاّ فلوس زيادة على مرتبي؟ إيه حقي بالظبط؟ (تغيير كبير في التركيب وتقديم خيارات بديلة بشكل أوضح)؟
1635	لو سمحت، فيه إلزام قانوني إن توقيع العقد يكون في مكان معتمد زي مكتب العمل ولا التوقيع العادي كفاية؟
5337	لو سمحت، بص، لو الواحد عنده مشكلة في وظيفته زي خناقة مع مدير أو فلوسه متأخرة، هل مسموح قانونًا إنه يشارك في إضراب؟ إيه اللي بيقوله القانون في الحالة دي؟ (استخدام لغة أكثر عامية وتركيز على حق الفرد في المشاركة)؟
285	لو سمحت، مطلوب بعد كام ساعة شغل ناخد استراحة؟
3196	ممكن أعرف لو أنا كتبت استقالتي وقدمتها، بس الشغل مرديش يمضي عليها، أقدر أعمل حاجة تانية؟ (تركيز على الخيارات المتاحة)؟
1105	طيب، ماشي، بالنسبة للإجازة المرضية، بناخد المرتب كامل في أول تلات شهور، طب عقب التلات شهور دول، وضع المرتب بيكون أي بالظبط؟
3960	يعني واحد عدى الستين واشتغل، يأخذ تعويض إيه لما يبطل شغل؟ (نهاية خدمة يعني)؟
733	طيب، الإجازة اللي بناخدها في الوقت ده: هل هي جزء من الإجازة السنوية بتاعتنا، ولا دي حاجة تانية غيرها؟
3109	"طيب، إيه الحكمة من وجود حاجة اسمها ""استقالة"" وحاجة اسمها ""إنهاء خدمة""، ويا ترى إيه الفرق بينهم من ناحية القانون، وإمتى الموظف بيكون ليه حرية الاختيار؟ (هذا السؤال يستفسر عن الحكمة من وراء وجود المصطلحين، ويسأل عن الفرق القانوني بينهما وحرية اختيار الموظف.)؟"
1109	هل ممكن أحول الإجازة المرضية لإجازة سنوية؟
5414	بصراحة، يا ترى فيه أي قوانين أو تشريعات بتحمي الموظفين من التنمر أو التحرش اللي ينفع يتعرضوا له أثناء شغلهم؟ (هذه الصياغة أكثر عمومية وتتحدث عن الحماية بشكل أوسع).؟
4425	لو سمحت، محكمة الوظيفة الجديدة بتشتغل إزاي لو فرضًا اتفصلت؟ ليه حالًا حق أروح المحكمة بدون موافقة الحكومة؟
4709	لو لقيت مخالفات سلامة في المصنع أو الشركة، أقدر أتظلم لمين؟
4165	طيب، لو واحد بيشتغل واتعرض لإصابة جسيمة، مين اللي بيتحمل مسؤولية علاجه وتعويضه عن اللي حصله؟
2796	يعني لو موظف طلع على المعاش واشتغل في شغلانة تانية مش متسجلة في التأمينات، ده يأثر على إيه؟
3067	"طيب، لو حد استقال غصب عنه، يقدر يسحب الاستقالة دي تاني؟ ولا التشريع بيحكم إن خلاص الاستقالة اتقبلت ومفيش كلام تاني؟ (تستبدل ""ضغوط"" بـ ""غصب عنه"" وتوضح فكرة ""السحب"")؟"
4495	طيب، لازم يكون فى طبيب عمل أو مسعف بداخل المنشأة؟
4998	يعني هل من 15 ل17 سنة يُمكنهم الاشتراك في مشروع صغير أو خدمة المجتمع؟
3036	يعني أفهم من كده إنه لو واحد اتطرد من العمل فجأة بدون مبرر، يبقى الشرع بيقف جنبه؟ مفيش صاحب شغل يقدر يعمل كده بمزاجه؟
3312	يعني طيب، محكمة الشغل الجديدة دي شغلها ماذا بالظبط؟ وإفرض يعني الشركة طردتني، إيه اللي يخليني أقدر أروح المحكمة دي من غير ما أستأذن الحكومة؟ (تركز على التوضيح والشرح البسيط)؟
2615	بعد التعديلات الجديدة في القانون، سن المعاش بقى كام للناس اللي شغالة في شركات خاصة؟
3141	"لو سمحت، يعني مطلوب أعمل إخطار رسمي لو حبيت أسحب استحددتي؟ وكمان، في مهلة قانونية للرجوع في الاستقالة دي ولا الوضع مفتوح؟ (هذا السؤال يستخدم كلمة ""إخطار رسمي"" ويعبر عن القلق بشأن وجود مهلة معينة).؟"
1840	ممكن أعرف يا ترى الحد الأدنى للأجور في القطاع الخاص اتحدد آخر مرة بكام بالظبط؟
4422	يعني محكمة العمل الجديدة بتشتغل إزاي لو فرضًا اتفصلت؟ ليه حالًا حق أروح المحكمة بدون موافقة الحكومة؟
5138	بصراحة، لما يقولوا زيادة المرتب 3% كل سنة، هل الزيادة دي بتنزل على المرتب اللي بستلمه شهرياً، ولا المرتب اللي بيعتبروه أساس لحساب التأمينات الاجتماعية؟
2933	إيه وضع العامل اللي بيجمع بين المعاش والشغل؟ وهل الموضوع ده سهل ولا فيه تعقيدات؟ (تركيز على الوضع القانوني والتعقيدات المحتملة)
4396	ممكن أعرف طيب، لو الواحد قدم استقالته ومشي بالاتفاق لدى الشركة، هل يستحق مكافأة نهاية الخدمة ولا لأ؟ وإيه حقوقه المشروعة في حالة الاستقالة؟ (تركز على حقوق الموظف)؟
3260	بصراحة، بالبلدي كده، لما الواحد ييجي يستحق تعويض، بيحسبوا له التعويض ده على كام عمرة اشتغلها؟ وايه اللي خلى القانون ما يحددش المدة دي بشكل واضح؟ (تستخدم كلمات أكثر بساطة وعامية)؟
827	يا ترى الأب بياخد كام يوم إجازة لما مراته تولد؟ (تعبير عامي أكثر، يسأل عن المدة بشكل غير رسمي)
1649	لو صاحب الشغل غير شروط العقد دون موافقة العامل، ينفع؟
1280	بصراحة، بالبلدي كده، إحنا لينا كام يوم إجازة رسمية مدفوعة الأجر في السنة الواحدة؟
550	ممكن أعرف لو اشتغلت في الشركة دي، محتاج اشتغل كام عمرة عشان استحق إجازة سنوية مدتها شهر كامل؟
4419	لو سمحت، إيه اللي بيحصل بالنسبة لمكافأة نهاية الخدمة لما الواحد يستقيل بمزاجه، والشركة توافق؟ القانون بيحكم الموضوع ده إزاي؟ يعني أستحقها ولا مش من حقي؟ (تركز على آلية عمل القانون في حالة الاستقالة)؟
1610	بصراحة، يعني لما بنيجي نعمل عقد شغل، واجب ناخد بالنا من حاجات أساسية زي المرتب وكل التفاصيل المهمة دي، ولا ممكن نتغاضى عن حاجة؟ (تركيز على عقد الشركة تحديدًا وإمكانية التغاضي عن بعض التفاصيل)؟
3627	لو سمحت، يعني لو عدد الموظفات في الشركة زاد عن كام واحدة، بيكون فيه شروط خاصة أو تخفيف في الشغل بالنسبة للستات الحوامل؟
3187	طيب، فرضًا أنا سيبت الشغل وقدمت استنصتي، بس الإدارة رفضت تمشيها، كده يعتبروني لسه شغال ولا ما هو بالظبط؟ (تركيز على الحالة الوظيفية)؟
2087	إيه موقف القانون لو المرتب اتأخر عن ميعاده كام يوم من صاحب الشغل؟
4697	هل القانون فيه أي كلام عن قواعد للأمان في مكان الشغل، وهل فيه إلزام بالكشف الطبي المنتظم على العاملين ولا لأ؟
2125	طيب، الفلوس بتاعة مرتبي اللي لسه ما قبضتهاش، بتختفي ولا بتضاف على مرتب السنة الجاية؟
4916	"بصراحة، لو واحد أو واحدة عمرهم أقل من 18، هل يقدروا يشتغلوا أي وقت في النهار ولا فيه شروط معينة على مواعيد شغلهم؟ (استخدام ""واحد أو واحدة"" و ""شروط معينة"" للتوضيح)؟"
5449	طيب، يعني قانون الوظيفة بيقول أي؟ هل بيقول إن صاحب الشغل ضروري يتصرف ويتخذ خطوات عشان يحمي الموظفين من التحرش ويحافظ على سرية اللي بيقدم بلاغ؟
4854	يعني هل 14 سنة ممكن يشتغل؟ القانون قالت للتدريب من 14 والتوظيف من 15؟
2298	يعني الضرايب واشتراكات التأمين، ممكن تنقص أكتر من 25% ولا لأ؟
833	قانونًا، الأب من حقه ياخد إجازة والدية مدتها قد إيه لما البيبي يجي؟ (صياغة رسمية أكثر، تسأل عن الحق القانوني)
3401	لو واحدة حامل شغالة، هل ينفع صاحب الشغل يشغلها وقت زيادة أو إضافي ولا ده ممنوع بالقانون؟ (تغيير في التركيز على مسؤولية صاحب العمل)
2175	"لو سمحت، يا ترى مكافأة العمل الإضافي (أوفر تايم) بتكون قد ما هو بالنسبة للأجر العادي، لو اشتغلت بالليل أو بالنهار؟ (استخدام مصطلح ""مكافأة"" و ""أوفر تايم"")؟"
4569	لو سمحت، هل من حق العامل يرفض ينفذ شغل يشكل خطورة عليه؟ مثلاً ملوش أدوات حماية؟
3018	يعني مينفعش يفصله كده من غير سبب؟ القانون حظر الفصل التعسفي؟
1695	لو سمحت، طيب، فرضًا العامل مش عارف يِتأقلم مع المؤسسة بعد التعديلات الجديدة في العقد، مِن حقه يعمل إضراب؟ (هذه الصيغة تستخدم كلمات مختلفة وتسأل عن نفس الحق بشكل مباشر، مع التركيز على التأقلم.)؟
3575	إيه اللي اختلف بالنسبة للستات الحوامل في قانون العمل الجديد؟ إيه الجديد ليهم؟
4134	يعني إذا الواحد اتصاب جدي في العمل، مين بيتصرف العلاج والتعويض؟
5474	بصراحة، يعني القانون الجديد بيقول إن الراجل والست اللي بيشتغلوا نفس الوظيفةانة هيستحقوا نفس المرتب بالظبط؟ (تغيير كبير في التركيب واستخدام كلمات عامية أكثر)؟
5507	لو الواحد اتظلم في شغله، يروح يرفع شكواه لمين؟ لوزارة القوى العاملة ولا المحكمة؟
3326	"بصراحة، ما هو القضايا اللي ينفع محكمة العمل الجديدة دي تحكم فيها؟ ولو صاحب الشغل مشيني، هل عندي الحق أرفع قضية هناك بشكل مباشر، ولا فيه إجراءات تانية واجب أعملها قبل ما أروح؟ (تستخدم كلمة ""أرفع قضية"" بدلاً من ""أروح المحكمة"" وتضيف فكرة ""إجراءات تانية"")؟"
654	"يعني أصحاب المهن اللي فيها خطورة عالية، زي شغل المنجم أو الكيماويات، ليهم إيه مقدار يوم راحة زيادة عن غيرهم؟ (استخدام ""أصحاب المهن"" و ""راحة"" بدلاً من ""عمال"" و ""أجازة"")؟"
4786	ممكن أعرف موظف صحي بيفحص مستشفى العمل؟
4664	بصراحة، يا ترى القانون المصري بيفرض على أصحاب الشغل يعملوا ماذا بالظبط عشان يواجهوا مشكلة التحرش الجنسي في أماكن الدوام؟ (هذا السؤال يركز على تفاصيل الإجراءات المطلوبة من صاحب العمل)؟
2849	هل قانوناً العامل يقدر يصرف المكافأة بتاعته قبل ما يتقاعد رسمياً، ولا لازم يستنى لحد المعاش؟
3992	بصراحة، كيف بتتحسب مكافأة نهاية الخدمة؟ (نصف شهر للسنين الأولى وشهر للسنين البعد كده)؟
805	"طيب، لما الواحد يحصل على إجازة عشان الدراسة وقت الامتحانات، الرصيد بتاعه بيقل ولا بياخدها من غير خصم؟ (تغيير في الأسلوب: استخدام ""الواحد ياخد إجازة""، ""الرصيد بتاعه بيقل"" بدلاً من ""تُخصم من رصيد الإجازات""، ""من غير خصم"" بدلاً من ""ببلاش"").؟"
2480	بصراحة، ضروري صاحب الدوام يشترك في التأمين الاجتماعي من أول يوم عمل؟
1216	ممكن أعرف إجازة الحج أو العمرة دي بتكون إيه عدد شهر؟ وإيه الشروط اللي تخلي الواحد يستحقها؟ (التركيز على الشروط المفروضة لاستحقاق الإجازة)؟
5227	طيب، طب لو الإدارة قررت متنزلش زيادة في المرتبات، ده يعتبر تجاوز للقانون ولا حقهم في اتخاذ القرارات؟
836	بصراحة، قانونًا، الأب من حقه يأخذ إجازة والدية مدتها قد إيه لما البيبي يجي؟ (صياغة رسمية أكثر، تسأل عن الحق الشرعي)؟
1561	طيب، هو العقد كده كده لازم يتكتب بالعربي، صح؟ طيب لو الشركة اللي بنتعامل معاها أجنبية، ممكن نكتبه بلغتهم ولا إيه النظام؟
5200	"ممكن أعرف ""هل فيه مادة في القانون أو نص قانوني بيأكد حق الموظفين في زيادة سنهوية للمرتبات، زي ما حصل في الحكم بتاع الـ 3%؟"" (هذا السؤال يبحث تحديدًا عن مادة أو نص قانوني).؟"
2314	ممكن أعرف يعني مفيش أي طريقة نخلي الضرايب والتأمين يقلوا زيادة من ربع المبلغ، صح كده؟ (يسأل بشكل مباشر عن وجود أي طرق لزيادة التخفيض)؟
1214	بصراحة، إجازة الحج أو العمرة دي بتكون كام شهر؟ وأي الشروط اللي تخلي الواحد يستحقها؟ (التركيز على الشروط اللازمة لاستحقاق الإجازة)؟
1392	يعني إيه تصنيفات عقود الوظيفة اللي القانون حاططها للناس اللي بتشتغل في شركات خاصة؟
5257	طيب، يعني إيه بالظبط الإجراءات اللي بيفرضها قانون العمل الجديد عشان يمنع العنصرية والتحرش في مكان الشركة؟
3702	يعني واجب يكون في طبيب عمل أو طبيب متخصص داخل المصانع؟
4021	طيب، لو سمحت، ممكن تفهمني طريقة حساب مكافأة نهاية الخدمة؟ يعني النص شهر عن السنين اللي قضيتها في الأول والشهر الكامل بعد مرور كده، بيتُعتبروا بناءً على إيه؟
509	أول سنة في الشغل بيكون ليك 15 يوم إجازة. طب لما تدخل السنة التانية، إجازاتك هتبقى كام يوم بالظبط؟
1911	لو سمحت، بالبلدي كده، الزيادة السنهوية الـ 3% بتتحسب على المرتب الأساسي ولا المرتب اللي بنأمن بيه؟ (تركيز على التعبير العامي والوضوح)؟
2711	عايز أعرف بالتفصيل إزاي بيحسبوا مكافأة نهاية الخدمة؟ سمعت إن فيه نظام معين، نص شهر للسنة الأولى وشهرين للسنتين اللي بعديها، ممكن توضح لي؟
2081	لو صاحب الشغل اتأخر في صرف المرتب كام يوم، القانون قال إيه؟
3854	بصراحة، يا ترى القانون فيه كلام عن التحرش الجنسي اللي بيحصل في أماكن الشغل؟
4839	"لو سمحت، علشان الواحد يشتغل شغلانة في مصر، لازم يكون عنده كم عمرة على الأقل؟ (تستخدم عبارة ""علشان الواحد يشتغل شغلانة"" للتوضيح و ""على الأقل"" للتأكيد على الحد الأدنى)؟"
3393	لو سمحت، شغل الست الحامل بعد مواعيد العمل الرسمية أو بأجر إضافي، مسموح بيه ولا مخالف للقانون؟ (تغيير في التركيز على نوع العمل)؟
1082	بصراحة، طيب، بعد تلات شهور قبض كامل في الإجازة المرضية، باقي المدة بيتحسب فيها المرتب ازاي؟
2827	طيب، سؤالي هو، هل العامل عنده الحق يختار سن التقاعد اللي يناسبه؟ ولو ده متاح، إيه هي الآلية اللي بتسمحله بكده؟
4693	طيب، طبقا للقانون، إيه التعليمات اللي لازم تتنفذ عشان نحافظ على سلامة العمال وصحتهم بشكل دوري في الشغل؟
1122	يعني فيه إمكانية إني أخد إجازة اعتيادية بدل الإجازة المرضية اللي واخدها؟
4101	لو سمحت، التأمين الصحي: هل بيغطي علاج الأمراض اللي بتحصل في الشغل؟
2259	لو سمحت، أنا دخلت تدريب تبع الشركة، بس خايف أمشي بعد كده عشان العقد بيقول إني هرجع تمن التدريب لو استقلت. ما هو اللي التشريع بيقول عليه في حالة زي دي؟ (يعبر عن القلق بشأن الاستنصة المحتملة).؟
604	ممكن أعرف يا ترى، الموظف اللي عنده 50 سنهة أو أكثر، بيحصل على كام يوم إجازة مدفوعة الأجر في السنة؟ (تضيف تفصيلاً بأن الإجازة مدفوعة الأجر).؟
2748	يعني طيب، اللي بيشتغل في شركة خاصة، لما يعدي الستين، بياخد معاش منين؟ هل الشركة بتصرف له معاش خاص، ولا التأمين هو اللي بيتولى الموضوع ده؟
3948	"يعني يا جدعان، هو الشرع بيجبر صاحب أي مصلحة إنه يشوف سجلات الموظفين اللي عنده في الشرطة، عشان يتأكد إنهم مش خطر على باقي الناس؟ (تغيير في الكلمات واللهجة مع التركيز على ""الخطر على باقي الناس"").؟"
1358	"بصراحة، دلوقتي، لو اشتغلت في يوم إجازة رسمي، آخد يوم راحة قصاده ولاّ بيحسبوه بضعف المرتب؟ يعني المفروض ما هو اللي يحصل؟ (تقديم خيارات ""يوم راحة قصاده"" و""ضعف المرتب"" بشكل مباشر وأكثر وضوحًا)؟"
5485	"طيب، هو الشرع الجديد بيضمن إن الست تاخد زي الراجل بالملي لو بيشتغلوا نفس الشغل؟ ولا فيه لسه لعب؟ (إضافة عنصر الشك والتحقق وكلمة ""بالملي"" للتأكيد)؟"
4039	طيب، الفلوس دي ليها علاقة بسّن الموظف؟ يعني لو ساب الشغل عقب سنه معين، ياخدها؟ ولا هي بس للّي بيمشّوا غصب عنهم؟
5393	فيه نص في القانون بيجرم التنمر أو التحرش داخل العمل؟
1827	لو سمحت، ممكن آخد المرتب بتاعي كله فلوس مباشرة من غير ما يتحط في البنك؟ ولا ده إجباري؟
4523	فيه إلزام بوجود حد زي طبيب الشركة أو مسعف جوه المنشأة ولا لأ؟
484	ممكن أعرف لو واحد شغال في شركة خاصة، إيه كمية أيام الإجازة اللي المفروض ياخدها في العمرة؟
3139	"طيب، يعني واجب أعمل إخطار رسمي لو حبيت أسحب استقالتي؟ وكمان، في مهلة قانونية للرجوع في الاستقالة دي ولا الوضع مفتوح؟ (هذا السؤال يستخدم كلمة ""إخطار رسمي"" ويعبر عن القلق بشأن وجود مهلة خاصة).؟"
825	لو سمحت، إجازة الوضع للأب (إجازة الوالد عند ولادة الطفل) أد إيه يوم؟
2067	لو سمحت، مين الجهة أو الشخص اللي بيقوم بعملية احتساب الرواتب ودفعها، وكمان بيشيل مسؤولية الضرائب والتأمينات؟
4469	يا ترى القانون بيقول إيه عن مسؤولية صاحب العمل في إنه يدي للعاملين بتوعه كل أدوات السلامة والوقاية اللازمة؟
3922	ممكن أعرف النظام بيلزم صاحب العمل إنه يفحص السجل الجنائي للموظفين لسبب السلامة؟
884	بصراحة، الواحدة اللي بتشتغل بعد ما تولد، ممكن ليها تغيب قد إيه شهر عن الشغل؟
5164	ممكن أعرف مش المفروض بعد ما الحد الأدنى للأجور بقى أعلى بستة وسبعة آلاف جنيه، الشركات دي تعدل أوضاعها؟ ليه لسه مفيش أي تغيير؟ (تركيز على توقع التعديل في الأوضاع)؟
5214	يعني لو الإدارة ما زودتش المرتب، ده خرق للقانون ولا قرار إداري؟
3834	يعني التفتيشات اللي بتتعمل عشان نتأكد من السلامة، ليها جدول زمني محدد في القانون؟ يعني بيفتشوا كل كام شهر أو سنة؟ (تحديد أكثر للوقت الزمنية المحتملة)؟
5255	يعني إيه بالظبط الإجراءات اللي بيفرضها قانون العمل الجديد عشان يمنع العنصرية والتحرش في مكان الشغل؟
4411	طيب، يعني لو أنا والشركة اتفقنا على إنهاء الخدمة عن طريق الاستذكرة، المكافأة بتاعة نهاية الخدمة دي بتروح عليا ولا أي؟ وإيه موقف القانون بالظبط من الموضوع ده؟ (تركز على ضياع المكافأة المحتمل)؟
2139	لو سمحت، لو فيه جزء من مرتبي مخدتوش في وقته، كده خلاص خسرت الفلوس دي ولا هتنحسب ليا بعدين؟
445	طيب، لما المسؤولين بتعلن عن يوم راحة إجباري، زي يوم الجمعة، هل اليوم ده يعتبر يوم عمل محسوب من ضمن أيام كل أسبوع ولاّ بيكون يوم منفصل؟ (تركيز على الطابع الرسمي والشمولي)؟
4847	"مينفعش تشتغل قبل سن كام في مصر؟ ده قانون ولا ايه؟ (تستخدم عبارة ""مينفعش"" للتعبير عن المنع و ""ده قانون ولا ايه؟"" للتأكد من أن الأمر يتعلق بقانون)"
5088	يعني القانون بيقول إيه بخصوص الزيادة السنهوية في المرتب؟ نسبة الزيادة كام في المية؟
188	بصراحة، القانون بيقول إننا المفروض نشتغل كام ساعة في الأسبوع كحد أقصى؟
351	لو سمحت، لو الدوام 6 أيام في أسبوعياً، إيه هو الحد الأدنى لساعة الراحة اللي المفروض آخدها أسبوعياً؟
2944	ممكن أعرف لو عامل طلع معاش، ممكن يرجع يشتغل تاني عادي؟ ولا فيه حاجة بتمنعه أو بتصعب الموضوع عليه؟ (تركيز على إمكانية العودة للعمل والعقبات المحتملة)؟
3332	"بصراحة، المحكمة اللي عاملينها مخصوص لقضايا الشغل دي، إيه نوع المشاكل اللي بتتعامل معاها؟ ولو اترفدت من الشغل، ينفع أروح أقدم شكوى هناك على طول، ولا لازم أستنى موافقة من جهة حكومية؟ (تستخدم كلمة ""أقدم شكوى"" بدلاً من ""أروح المحكمة"" وتؤكد على فكرة ""الجهة الحكومية"")؟"
364	ممكن أعرف هو أنا من حقي آخد يوم إجازة مدفوعة الأجر كل أسبوع؟
4206	"يعني إيه يعني ""إستمارة 6"" وإيه وضعها الشرعي دلوقتي؟"
2216	بصراحة، فيه ليميت للخصومات اللي بتنزل من المرتب ولا ممكن تتخصم أي حاجة؟ لو فيه، الليميت ده كم؟
505	طيب، في أول عمرة شغل، الموظف بياخد 15 يوم إجازة. طيب، السنة اللي بعدها، عدد أيام الإجازة بيكون قد ما هو؟
2278	"ممكن أعرف لو استلمت مبالغ زيادة سواء كانت مستحقات متأخرة أو قرض، وبعد مرورين رجعوا مرتبى زي ما كان قبل كده، هل فيه إمكانية إنهم يقولوا إن ده ""إجراء اضطراري""؟"
145	طيب، ينفع الشركة تطلب مني أشتغل إضافة إلى الـ 8 ساعات باليوم الواحد؟ (تركيز على إمكانية الطلب من الشركة)؟
1809	لو سمحت، يعني مفيش أمل آخد المرتب بتاعي كله كاش؟ لازم جزء منه ينزل في حساب بنكي؟
5445	لو سمحت، هل قانونًا صاحب الشغل مجبر إنه يعمل حاجات عشان التحرش ما يحصلش، ولو حصل، يمن ضمن إن اللي اشتكى محدش يعرف مين هو؟
1301	طيب، لو اشتغلت في مناسبة رسمية زي شم النسيم، هيتحسب لي كام زيادة على المرتب الأساسي؟
4501	طيب، ضروري يبقى فيه دكتور شغل أو حد بتاع إسعافات أولية موجود جوه المكان؟
2122	ممكن أعرف رصيد المرتب اللي ما استلمتش، يترحل للسنة اللي بعدها ولا يُعوض؟
2123	الفلوس بتاعة مرتبي اللي لسه ما قبضتهاش، بتختفي ولا بتضاف على مرتب السنة الجاية؟
1391	إيه تصنيفات عقود العمل اللي القانون حاططها للناس اللي بتشتغل في شركات خاصة؟
1762	ممكن أعرف المرتب بيتصرف إزاي؟ شهريًا ولا أسبوعيًا ولا أجر يومي؟
1848	يعني معلش، مسموح تعرفني آخر مرة تم فيها تحديد قيمة الحد الأدنى للأجور في القطاع الأهلي، القيمة كانت أد إيه؟
921	"لو سمحت، الراجل يقدر ياخد إجازة عشان مراته خلفت قد إيه مرة في خلال شغله؟ (إعادة صياغة السؤال بشكل أوضح، مع التركيز على سبب الإجازة وهو ولادة زوجته، واستخدام كلمة ""خلفت"" باللهجة المصرية العامية)؟"
3797	هل فيه لسته قانونية بأقل الإمكانيات اللي لازم تكون موجودة لحماية العمال، زي توفير خوذة أو لبس مخصوص؟
2305	طيب، هل فيه أمل نسبة الخصم من الضرايب والتأمين تزيد عن الـ 25% دي، ولا كده آخرها؟ (يركز على وجود أمل في زيادة الخصم)؟
3765	"لو سمحت، لما تحصل مصيبة أو حد يتصاب، مين اللي هيتحط عليه الحق؟ (تستخدم ""مصيبة"" بدل ""حادث""، و""يتصاب"" بدل ""إصابة""، و""يتحط عليه الحق"" كتعبير عن تحمل المسؤولية)؟"
5079	لو سمحت، يا ترى التشريع بيحدد زيادة سنوية للمرتبات بنسبة قد ما هو؟
2755	طيب، واحد شغال في شركة خاصة وصل سن الستين، يا ترى إيه اللي بيستحقه بعد كده؟ هل في أي مبالغ بتتصرف له من الشركة، ولا هو ماشي تبع نظام التأمين وخلاص؟
2682	يعني فيه مشكلة قانونية لو صاحب شغل صرف مكافأة نهاية خدمة لواحد عامل عنده فوق الستين؟ ولا ده حقه ومفيش كلام؟
349	طيب، لو الدوام 6 أيام في كل أسبوع، إيه هو الحد الأدنى لوقت الراحة اللي المفروض آخدها أسبوعياً؟
5411	يا ترى فيه أي قوانين أو تشريعات بتحمي الموظفين من التنمر أو التحرش اللي ممكن يتعرضوا له أثناء شغلهم؟ (هذه الصياغة أكثر عمومية وتتحدث عن الحماية بشكل أوسع).
2093	لو الشركة أو صاحب العمل مِسَلَّمِش المرتب في وقته، القانون بيحمي العامل إزاي؟
309	لو سمحت، الواحد المفروض يستريح كل كام ساعة شغل يعني؟
1047	لو سمحت، قانون الشغل بيقول إيه عن كمية أيام الإجازة المرضية المدفوعة؟ (تركيز على القانون)؟
5101	طيب، يعني النظام بيوجب على الشركات تزود المرتبات كل سنة بحد أدنى كام؟
612	يعني يا ترى القانون بيقول إيه بخصوص كمية أيام الإجازة السنهوية اللي من حق أي حد عنده إعاقة؟
1227	"لو سمحت، ""إيه المتطلبات اللي مطلوب تتحقق علشان الواحد يقدر يطلع ياخد إجازة حج؟ فيه شروط متعلقة بالعمر مثلًا، أو كم عمرين الشغل؟""؟"
3029	طب هو لو اترفد فجأة بدون ما يكون عمل حاجة غلط، يبقى كده الشركة خالفت القانون ولا إيه؟ الفصل ده يبقى تعسفي؟
1239	"لو سمحت، ""لو واحد عايز يقدم على إجازة حج، ما هو اللي المفروض يكون موجود فيه علشان طلبه يتقبل؟ فيه اشتراطات خاصة بالعمر أو المدة اللي قضاها في الوظيفة؟""؟"
2448	يعني هل استقطاع التأمينات الاجتماعية بيظهر في حساب المرتب، ولا بيتم بشكل منفصل؟ (تركز على ظهور الاستقطاع في كشف المرتب)؟
4303	طيب، لو قررت امشي من الشركة، هل فيه ورق أو تصديق لازم اخده من مكتب العمل عشان اضمن حقي بعد كده؟ (تركيز على الحقوق بعد الاستقالة)؟
164	بصراحة، العمل ممكن يوصل لعدد ساعات أكثر من 8 ساعات باليوم؟ (تركيز على إمكانية وصول عدد الساعات إلى أكثر من 8)؟
4113	لو سمحت، لو الواحد جاله مرض نتيجة شغله، هل التأمين الصحي بيتحمل تكاليف علاجه؟ (تركيز على تحمل التكاليف)؟
633	لو سمحت، لو واحد عنده إعاقة شغال في شركة، كام يوم إجازة المفروض يستحقهم في السنة حسب الشرع؟
3771	"لو سمحت، مين الطرف اللي هيكون مسؤول عن أي حاجة تحصل لو حد اتخبط أو حصل له ضرر؟ (تستخدم ""الطرف"" بدلا من ""مين""، و""اتخبط"" بدلا من ""حادث""، و""ضرر"" بدلا من ""إصابة"")؟"
5536	ممكن أعرف لما حقوق العامل تتهدر في مكان شغله، المفروض يتوجه بشكواه فين؟ لوزارة الشغل ولا المحكمة المختصة؟
2416	"ممكن أعرف بصراحة كده، لو أنا و اللي قدامي اتفقنا في العقد على نسبة خصم معينة، ده ليه وضع قانوني مختلف عن الحد الأقصى للخصم اللي التشريع بيقول عليه؟ (تستخدم كلمات عامية أكثر مثل ""بصراحة كده"" و ""اللي قدامي"" لإضفاء طابع مصري عفوي).؟"
5353	"طيب، سؤال، لو حصلت أي خلافات في الشغل، زي مثلاً تأخير في صرف الرواتب، هل ممكن نلجأ للإضراب كوسيلة احتجاج؟ وأي موقف القانون من التصعيد ده؟ (استخدام كلمة ""تصعيد"" للإشارة إلى الإضراب وسؤال عن موقف القانون من هذا التصعيد)؟"
4385	لو مشيت الشركة بالتراضى (استقالة), ليه مكافأة نهاية خدمة؟ القانون إزاي بيتعامل مع الاستقالة؟
829	طيب، يا ترى الأب بياخد قد إيه يوم إجازة لما مراته تولد؟ (تعبير عامي أكثر، يسأل عن المدة بشكل غير رسمي)؟
2934	يعني إيه وضع العامل اللي بيجمع بين المعاش والمؤسسة؟ وهل الموضوع ده سهل ولا فيه تعقيدات؟ (تركيز على الوضع التشريعي والتعقيدات المحتملة)؟
1557	لو سمحت، العقد ده شرط أساسي يبقى باللغة العربية؟ طب لو شركة أجنبية طرف معانا، ينفع يبقى بلغة تانية غير العربي؟
3405	لو سمحت، لو واحدة حامل شغالة، هل ينفع صاحب المؤسسة يشغلها وقت زيادة أو إضافي ولا ده ممنوع بالنظام؟ (تغيير في التركيز على مسؤولية صاحب الشغل)؟
3462	يعني الأم اللي بترضع في الشغل، ساعات الرضاعة دي تعتبر لها شغل ولا بتضيع عليها؟
5220	يعني لو الإدارة مصممة متديش علاوة، كده يبقى الموضوع مخالفة قانونية ولا مجرد قرار من عندهم؟
3307	طيب، محكمة العمل الجديدة بتختص بإيه؟ لو فرضًا فصلتني، ليه هناك حق أروح المحكمة بدون موافقة الحكومة؟
183	لو سمحت، المؤسسة المفروض نشتغله في الأسبوع أد إيه ساعة حسب النظام؟
4959	لو سمحت، لما الشرع بيمنع تشغيل الصغيرين بالليل وفي الشغل الخطر، إيه الكلام القانوني اللي بيحكم الموضوع ده بالتحديد؟
5084	بصراحة، طبقا للقانون، المفروض المرتب بتاعي يزيد كل سنة بمقدار قد إيه؟
3691	طيب، يا ترى القانون المصري بيُلزم صاحب الوظيفة بتوفير ما هو من وسائل الحماية والأمان للعمال اللي عنده؟
724	ممكن أعرف هل الفترة الحالية بتتحسب ضمن رصيد إجازتي السنهوية ولا بتضاف كرصيد إضافي؟
2771	واحد طلع معاش واشتغل شغلانة تانية بره التأمينات، وضعه بيكون إيه؟
1754	بصراحة، هل من حق الموظف اللي بيشتغل في فترة تجريبية حسب العقد، إنه يرفض الاستمرار فيها وينهي شغله بدري؟
2539	طيب، عايزين نعرف بالتفصيل، لما بندفع اشتراكات، نصيب العامل منها بيبقى كام بالظبط ونصيب صاحب العمل كام؟
5494	"ممكن أعرف بالبلدي كده، النظام الجديد هيخلي مرتبات الرجالة والستات تبقى زي بعض بالظبط طالما بيشتغلوا نفس الشغلانة؟ (استخدام تعبير ""بالبلدي كده"" لتوضيح الرغبة في فهم مبسط)؟"
3378	يعني الست الحامل ممنوع تشتغل فوق الوقت العادية أو إضافي أثناء الحمل؟ التشريع قال ماذا؟
2552	بصراحة، الحد الأدنى والأقصى للأجر التأميني بيتحدد إزاي؟
1049	لو عييت، أقدر اخد كام يوم مرضي بفلوسي كاملة؟ (تركيز على تجربة شخصية للمتحدث)
4377	لو سمحت، السؤال بالصراحة: التعويض ده بيحسبوه على أساس خدمة كام سنة بالظبط؟ وماذا هي الاشتراطات الأساسية عشان الواحد ياخده؟
2647	طيب، يعني السنه القانوني للمعاش هو هو السن اللي ممكن الشركة تمشيني فيه من العمل؟ ولا فيه حاجة تانية؟
526	ممكن أعرف الموظف الجديد بياخد 15 يوم إجازة في أول سنة. بعد كده، لما يبقى في السنة التانية، مقدار أيام الإجازة بيتغير وبيبقى كام؟
1979	يعني أقصى مبلغ ممكن يتخصم من مرتبي كام، شامل بقى سُلف أو أقساط أو أي حاجة تانية؟
834	يعني قانونًا، الأب من حقه ياخد إجازة والدية مدتها قد ماذا لما البيبي يجي؟ (صياغة رسمية أكثر، تسأل عن الحق القانوني)؟
2287	"طيب، لو اتقبض لي فلوس زيادة سواء كانت فلوس متأخرة ليا أو قرض، وبعد كده رجعوا المرتب زي ما هو، هل ممكن يبرروا الموضوع ده بأي ""ظروف خاصة""؟"
3983	إيه اللي بيستحقه أي حد سنه عدا الستين وبيشتغل، لما يمشي من الشغل؟ (أقصد مكافأة نهاية الخدمة)
4309	طيب، هل فيه أي ضرورية أو ضرورة إني أعدي على مكتب العمل بعد ما أستقيل، ولا الموضوع بيخلص بيني وبين الشركة بس؟ (تركيز على المقارنة بين التعامل بالشركة ومكتب العمل)؟
744	يعني لو خدت إجازة في الزمن دي، ده هيقلل من رصيد إجازتي السنوية العادية، ولا ده وضع مختلف ومش هياثر عليها؟
1055	الشركة بتديني كام يوم إجازة مرضية بمرتب كامل لو احتجت؟ (تركيز على سياسة الشركة)
2671	طيب، لو واحد عدى الستين وشغال، هل بيستحق ياخد مكافأة نهاية الخدمة عادي زي أي حد؟
3268	ممكن أعرف طيب سؤال، لما أجي أقبض التعويض بتاعي، بيحسبوه على كمية سنهين خدمتي كلها ولا فيه عدد سنين معين؟ واشمعنى النظام ما بينصش على عدد السنين دي بالتفصيل؟ (تركز على عملية قبض التعويض)؟
317	الراحة الأسبوعية كام ساعة بعد 6 أيام شغل متصلة؟
5021	ممكن الأطفال اللي داخلين في مرحلة المراهقة، يعني اللي عمرهم من 15 لـ 17، ياخدوا دور في مشاريع تنموية أو يشتغلوا شغل تطوعي يخدم الناس؟ (توضيح للمرحلة العمرية وأنواع المشاركة)
324	يعني بعد مرور ستة أيام شغل ورا بعض، المفروض آخد راحة قد أي في كل أسبوع؟
1298	بصراحة، لو نزلت الشغل في يوم إجازة مدفوعة الأجر زي العيد، المفروض آخد كام بدل شغل اليوم ده؟
3553	"طيب، هل فيه أي مانع لو الشركة قدمت تسهيلات أو امتيازات للموظفة الحامل اللي واخده إجازة وضع أو اللي رجعت الشغل بعدها علطول؟ (هذه الصيغة تستخدم ""تسهيلات أو امتيازات"" وتوضح حالة الموظفة بشكل مفصل)؟"
1698	"يعني بص، لو الوظيفةانة بقت صعبة على العامل بسبب تغييرات العقد، يقدر يعمل وقفة احتجاجية؟ (هذه الصيغة تستخدم كلمات أكثر عامية، وتستبدل ""الاعتصام"" بـ ""وقفة احتجاجية"".)؟"
5215	طيب، لو الإدارة ما زودتش المرتب، ده خرق للقانون ولا قرار إداري؟
516	يعني لو أول سنة شغلك ليك فيها 15 يوم إجازة، فالسنة اللي وراها هتاخد كام يوم إجازة؟
3070	"ممكن أعرف لو حد استقال غصب عنه، يقدر يسحب الاستقالة دي تاني؟ ولا القانون بيحكم إن خلاص الاستقالة اتقبلت ومفيش كلام تاني؟ (تستبدل ""ضغوط"" بـ ""غصب عنه"" وتوضح فكرة ""السحب"")؟"
579	لو سمحت، بعد سنه الخمسين، حق الموظف قد إيه يوم إجازة في السنة؟ (تركز على حق الموظف في الإجازة)؟
5230	ممكن أعرف طب لو الإدارة قررت متنزلش زيادة في المرتبات، ده يعتبر تجاوز للقانون ولا حقهم في اتخاذ القرارات؟
3918	يعني القانون بيلزم صاحب العمل إنه يفحص السجل الجنائي للموظفين لسبب السلامة؟
2196	يعني أقصى مبلغ ممكن يتخصم من المرتب أد أي؟ (أد إيه = كم)؟
4218	"يعني ايه المقصود بـ ""الاستمارة رقم 6""؟ ولوقتي النظام بيتعامل معاها إزاي؟ (تستخدم ""المقصود"" و ""التعامل"" للتعبير عن نفس المعنى بطريقة مختلفة)؟"
5432	بصراحة، صاحب العمل ملزم يأخذ إجراءات لمنع التحرش وضمان سرية الشكوى؟
5130	يعني بالنسبة للزيادة السنوية اللي هي 3%، دي بتتحط على المرتب الأساسي بتاعي اللي مكتوب في العقد، ولا على المرتب اللي بيحسبوا عليه اشتراكات التأمين؟
3942	"يعني هل فيه نص في القانون بيقول إن صاحب الدوام ضروري يعمل زي كشف جنائي على اللي بيشتغلوا عنده، وده بهدف إنه يضمن بيئة عمل آمنة؟ (تغيير في الكلمات والتعبير عن ""الفحص"" بـ ""كشف جنائي"" مع التركيز على ضمان بيئة عمل آمنة).؟"
3297	لو سمحت، لما موظف يستقيل، محكمة القضاء الإداري بتشتغل بما هو؟ إيه النظام اللي بيطبقوه على موضوع الاستقالة ده تحديدًا؟ (يركز على القانون المحدد الذي يتم تطبيقه)؟
3784	ممكن أعرف يعني القانون بيفرض حد أدنى من إجراءات السلامة والأمان؟ زي مثلًا لبس معين أو خوذة لازم الشركة توفرها؟
2213	فيه ليميت للخصومات اللي بتنزل من المرتب ولا ممكن تتخصم أي حاجة؟ لو فيه، الليميت ده كام؟
1875	لو سمحت، فيه قانون بيفرض زيادة مرتبات كل سنة؟ ولو فيه، النظام ده بيقول الزيادة لازم تكون أد ما هو في المية بالظبط؟ (تغيير كبير في التركيب مع الحفاظ على المعنى)؟
2996	بصراحة، ماذا هي الحالات اللي تسمح لصاحب العمل إنه ينهي خدمة العامل؟ و هل الشرع بيشترط قرار قضائي لإنهاء الخدمة ده؟
5148	"يعني طب لو الحد الأدنى للأجور زاد ست تلاف وسبع تلاف جنيه، إشمعنى الشركات دي لسه ماشية على نفس النظام؟ (تركيز على ""إشمعنى"" لإبراز الاستغراب)؟"
4115	لو حصلتلي مشكلة صحية بسبب الشغل، هل أقدر أعتمد على التأمين الصحي بتاعي في العلاج؟ (تركيز على الاعتماد على التأمين)
991	طيب، بعد مرور قد إيه من الحمل، الست العاملة ممكن تطلب تقليل ساعات العمل بتاعتها؟
3580	ممكن أعرف إيه اللي اختلف بالنسبة للستات الحوامل في قانون الدوام الجديد؟ إيه الجديد ليهم؟
4235	"ممكن شرح بسيط لـ ""استمارة 6""؟ وإزاي القانون بيحكمها في الوقت الحالي؟ (تطلب شرحًا بسيطًا وتركز على فكرة ""الحكم"" القانوني)"
1313	بصراحة، لو داومت في يوم إجازة رسمية زي عيد الأضحى، هاخد كام تعويض بدل اليوم ده؟
3061	"طيب، لو واحد قدم استقالته وهو مضغوط عليه، يمكن يتراجع فيها بعد كده ولا خلاص الاستقالة دي كده تمام ومينفعش يغير رأيه؟ (تركز على إمكانية التراجع وتوضيح معنى ""نهائية"")؟"
2358	يعني لو اكتشفت إن فيه فرق في المرتب بسبب غلطة من الشركة، ممكن أطالب بتعديله بعد مرور ما استلمته؟ والنظام بيحمي حقوقي ازاي في وضع زي ده؟
1780	ممكن أعرف نظام قبض المرتب ما هو؟ بتاخدوه كل شهر، كل أسبوع، ولا على قد الشغل اللي اتعمل كل يوم؟
4864	ممكن أعرف بالنسبة لواحد عنده 14 سنة، ينفع يشتغل ولا لأ؟ أصل أنا سمعت إن القانون بيسمح بالتدريب من السن ده، بس الشغل الرسمي عقب كده بسنة.؟
4446	يعني لو اترفدت من الشغل، محكمة العمل دي بتفيدني في أي تحديدًا؟ وهل القانون بيديلي الحق أرفع قضية من غير ما أرجع لأي جهة حكومية تانية؟ (توضح أكثر فائدة المحكمة و تركز على عدم الحاجة لجهات حكومية وسيطة)؟
1136	بصراحة، هل قانونًا ممكن إني أبَدِّل الإجازة بتاعت العيا اللي خدتها بإجازة من حقي العمروية؟
3648	"يعني ""التشريع اللي طالع سنة 2025 عشان يمنع التمييز ضد الحوامل، عايز يحل مشكلة التمييز في أي ناحية من نواحي الحياة؟""؟"
5201	"""بصراحة، هل فيه أي سند قانوني يخلينا متأكدين إننا هناخد زيادة في المرتب كل سنة، بنفس الطريقة اللي حكمت بيها المحكمة بنسبة الـ 3%؟"" (هذا السؤال يركز على التأكيد القانوني على الزيادة)."
3599	يا ترى لو الشركة فيها عدد موظفات يتخطى كام واحدة، بيكون أقصى شغل مسموح بيه للحوامل عندهم؟
2229	لو سمحت، لو دربتني الشركة وفي عقد اتفقت أرجع فلوس التدريب لو استقلت، القانون بيخليها ما هو؟
5140	ممكن أعرف لما يقولوا زيادة المرتب 3% كل عمرة، هل الزيادة دي بتنزل على المرتب اللي بستلمه شهرياً، ولا المرتب اللي بيعتبروه أساس لحساب التأمينات الاجتماعية؟
3474	يعني هل وقت الرضاعة للموظفات المرضعات بيعتبروه شغل رسمي وبيقبضوا عليه، ولا بيعتبروه حاجة زيادة مش بيتحاسبوا عليها؟
5254	ممكن أعرف قانون العمل الجديد بيمنع التمييز والمضايقات في الشغل، إزاي؟
946	ممكن أعرف يعني بعد ما الست تولد وتاخد إجازتها، ليها الحق ترجع لنفس وظيفتها اللي كانت فيها قبل كده، ولا ينفع الشركة ترفض؟
4616	بصراحة، هل فيه مواد في القانون بتعاقب اللي بيتنمر أو بيهين زمايله في الشغل؟ (تركز على العقوبات المشروعة)؟
5362	ممكن أعرف قانون العمل بيجبر الشركات على الالتزام ببيئة عمل نظيفة وآمنة؟ مثلاً إضاءة وتهوية؟
4139	مين المسؤول عن دفع تكاليف العلاج والتعويضات لو حد حصله إصابة خطيرة وهو بيشتغل؟
4031	هل المبالغ دي بتُدفع في حالة استقالة الموظف بعد العمر ده، ولا بتتصرف بس لو الشركة مشّيته؟
4204	"ممكن أعرف يعني، فيه جزء من فلوسنا بيروح للمعاش و لا دي حاجة تانية؟ و لو فيه معاش، مين اللي بيستلمه لما نخلص شغل؟ (استخدام ""يعني"" للتوضيح، وتركيز على طبيعة الخصم ومن يستلم المعاش في النهاية)؟"
2588	بصراحة، سن التقاعد في القطاع الخاص قد إيه حسب القانون الجديد؟
392	بصراحة، هل جائز لهم يشتغلوا يوم الأحد مثلاً بدل إجارتهم الأسبوعية؟ القانون قال إيه؟
223	طيب، يعني الواحد لما بياخد وقت عشان ياكل أو يستريح شوية، بيتخصم من الـ 8 وقت بتوع الشغل ولا محسوبين عليهم؟
1108	ممكن أعرف ماشي، بالنسبة للإجازة المرضية، بناخد المرتب قد إيهل في أول تلات شهور، طب عقب التلات شهور دول، وضع المرتب بيكون إيه بالظبط؟
5430	يعني صاحب العمل ملزم يأخذ إجراءات لمنع التحرش وضمان سرية الشكوى؟
588	يعني إيه كم أيام الإجازة السنوية المقررة للموظفين اللي فوق الخمسين؟ (أكثر رسمية بعض الشيء من الصيغة الأصلية).؟
5193	"لو سمحت، ""طيب، هو النظام بيسمح أو بيوجب إن المرتبات تزيد بنسبة ثابتة كل عمرة، زي ما شفنا في قضية الـ 3% دي ولا لأ؟"" (هذا السؤال يسأل عما إذا كان القانون يسمح أو يوجب الزيادة).؟"
3998	بصراحة، إزاي بيتم حساب مبلغ نهاية الخدمة؟ قصدي، النص شهر عن السنين الأولى والشهر الكامل بعد كدة بيتحسبوا إزاي بالظبط؟
3240	يعني طيب، الواحد بيأخذ تعويض عن إيه عدد سنة شغل؟ وايه السبب اللي خلى القانون ما يحددش المدة بالظبط؟ (تركز على العامل وأحقيته)؟
730	ممكن أعرف اللي بناخده إجازة دلوقتي بيتخصم من إجازتنا المعتادة بتاعت كل سنة ولا بيعتبر إجازة زيادة مش من ضمنها؟
4865	يعني اللي عنده 14 سنة، ممكن يشتغل شغلانة بفلوس ولا لازم يكون أكبر من كده؟ القانون بيقول إيه بالظبط عن الموضوع ده؟
2231	أنا لو أخدت كورس تبع الشركة و فيه بند في العقد بيقول إني لو مشيت قبل مدة معينة هدفع تمن الكورس، القانون بيقول إيه في الموضوع ده؟ (يركز على تفاصيل أكثر حول الكورس والبند في العقد).
3623	يعني لو عدد الموظفات في الشركة زاد عن كام واحدة، بيكون فيه شروط خاصة أو تخفيف في الشغل بالنسبة للستات الحوامل؟
5053	طيب، القانون بيسمح لحد عنده أقل من 15 سنة يشتغل أو يمارس أي نشاط من غير شهادة تعليمية؟ (تركز على الجانب القانوني وإمكانية ممارسة أنشطة معينة بدون شهادة لمن هم دون الـ 15)؟
1447	طيب، أطول فترة ممكن الواحد يشتغلها تحت نظام التجربة هي قد إيه؟ (بيركز على فترة العمل بنظام التجربة)؟
4368	يعني معلش، عاوز أعرف التعويض بيتُعتبر بناءً على كام سنة شغل؟ ويا ترى فيه أي حاجة تانية لازم الواحد يكون عارفها؟
2745	لو سمحت، لما موظف في شركة خاصة يبلغ الستين سنة، إيه وضعه بالنسبة للمعاش؟ الشركة بتدفع له حاجة ولا كل حاجة بتيجي من التأمينات؟
2230	ممكن أعرف لو دربتني الشركة وفي عقد اتفقت أرجع فلوس التدريب لو استقلت، القانون بيخليها ما هو؟
120	يعني لو الواحد اشتغل باليومية، التشريع محدد كم ساعة شغل في اليوم الواحد؟
1521	لو سمحت، الوضع القانوني إيه بالنسبة للشغل من البيت والوظايف اللي مش باليوم القد إيهل؟ (هنا استخدام لغة أكثر رسمية نسبياً مع الحفاظ على اللهجة المصرية)؟
3757	"طيب، لو حصلت مشكلة أو حد اتأذى، مين اللي هيتحاسب؟ (تستخدم ""مشكلة"" بدل ""حادث""، و""اتأذى"" بدل ""إصابة""، و""يتحاسب"" للإشارة إلى تحمل العواقب)؟"
1403	يعني إيه الفرق بين عقد الشغل اللي مدته معروفة وعقد الشغل اللي ملوش مدة انتهاء محددة؟
2324	"بصراحة، هل فيه إمكانية نوصل لتخفيضات أكبر من 25% في الضرايب والتأمين، ولا دي أقصى حاجة يجوزة؟ (يستخدم كلمة ""إمكانية"" للتأكيد على البحث عن فرص)؟"
1210	"ممكن أعرف بالنسبة لإجازة الحج والعمرة، المدة بتاعتها قد ما هو؟ ومين بالظبط اللي يقدر ياخد الإجازة دي؟ (تغيير في بداية السؤال واستخدام كلمة ""يقدر"" بدلاً من ""يستحق"")؟"
578	بصراحة، بعد مرور سن الخمسين، حق الموظف قد إيه يوم إجازة في السنة؟ (تركز على حق الموظف في الإجازة)؟
2675	بصراحة، الراجل اللي سنه فوق الستين ده، لما يخلص شغله، هياخد فلوس مكافأة نهاية الخدمة بتاعته ولا القانون بيقول حاجة تانية؟
5529	لو سمحت، لو حصلت مشكلة في الشغل ومحقوقك اتاكلت، تروح تشتكي فين؟ وزارة القوى العاملة ولا المحاكم؟
5076	يعني يا ترى الشرع بيحدد زيادة سنوية للمرتبات بنسبة قد إيه؟
4089	"لو سمحت، طيب الواحد لو مات وهو في وظيفته، أسرته تستحق إيه من الشركة أو الحكومة؟ (هنا حددنا جهات ممكنة للدفع مثل ""الشركة"" أو ""الحكومة"").؟"
3524	بصراحة، هل ينفع الشركة تفضل الحامل وهي في إجازة الوضع أو بعدها مباشرة؟
3475	طيب، هل وقت الرضاعة للموظفات المرضعات بيعتبروه شغل رسمي وبيقبضوا عليه، ولا بيعتبروه حاجة زيادة مش بيتحاسبوا عليها؟
4822	ممكن أعرف الحد الأدنى لسن الدوام ما هو عدد سنة في مصر؟
2583	لو سمحت، ممكن تشرحلي إزاي بيتم تحديد سقف الأجر التأميني، يعني إيه هو أقل رقم وأعلى رقم ممكن يتخصم منهم للتأمين؟
5346	يعني أفهم من كده، لو فيه نزاعات في الشغل أو المرتبات اتأخرت، هل ده سبب كافي إننا نعمل إضراب من وجهة نظر التشريع؟ القانون بينظم الإضرابات دي إزاي؟ (تركيز على النزاعات كسبب للإضراب وكيفية تنظيم القانون للإضرابات)؟
2593	طيب، القانون الجديد بيقول، سن المعاش في شركات القطاع الخاص بقى كام دلوقتي؟
1690	ممكن أعرف لو العامل ماقدرش يشتغل بنظام التغيرات اللي اتعملت في العقد، له الحق يعتصم؟
3852	يعني يا ترى النظام فيه كلام عن التحرش الجنسي اللي بيحصل في أماكن المؤسسة؟
3075	"لو سمحت، لو الاستقالة كانت بسبب ظروف صعبة، ينفع الواحد يلغيها بعد ما قدمها؟ ولا الاستقالة كده تعتبر رسمية ومش هينفع يعمل حاجة؟ (تستخدم ""ظروف صعبة"" بدلاً من ""ضغوط"" وتركز على الرسمية)؟"
3914	بصراحة، هل الموظف اللي بيتضرر ويبلغ عن اللي حصله بيكون في أمان من أي إجراءات تأديبية أو عقابية من صاحب المؤسسة؟ التشريع بيوفرله الحماية اللازمة؟
855	لو سمحت، ماذا نظام إجازة الأبوة في مصر؟ يعني الأب بياخد إيه عدد يوم لما مراته تجيب طفل؟ (تستفسر عن النظام بشكل عام ثم تحدد المدة)؟
2591	القانون الجديد بيقول، سن المعاش في شركات القطاع الخاص بقى كام دلوقتي؟
4973	لو فيه ولد أو بنت في ثانوي أو إعدادي نفسه يشتغل شغلانة جنب الدراسة، إيه التعليمات اللي المفروض يلتزم بيها؟
1376	بصراحة، حسب القانون، عقد العمل في الشركات الخاصة ليه إيه كم شكل أو نوع؟
1615	طيب، هل العقد مفروض يوقع عليه في مكتب العمل أو جهة رسمية؟
4861	طيب، بالنسبة لواحد عنده 14 سنة، ينفع يشتغل ولا لأ؟ أصل أنا سمعت إن القانون بيسمح بالتدريب من السن ده، بس الشغل الرسمي عقب كده بسنة.؟
1707	"لو سمحت، يعني لو العامل شايف إن التعديلات اللي في العقد دي مش ماشية معاه، مسموح له يوقف شغله ويعترض؟ (هذه الصيغة تستخدم تعبير ""مش ماشية معاه"" للتعبير عن عدم القدرة على العمل، وتستخدم مصطلح ""يوقف شغله ويعترض"" بدلا من الاعتصام.)؟"
4320	"يعني طيب لو فصلوني ظلم، أقدر آخد تعويض قد ما هو؟ مفيش حد أقصى للتعويض ده في القانون ولا إيه؟ (تغيير في ترتيب الكلمات واستخدام ""قد إيه"" بدلاً من ""إزاي"")؟"
4430	بصراحة، طيب، الواحد لما يتفصل من شغله، أي الإجراءات اللي المفروض يعملها في محكمة العمل الجديدة دي؟ وهل لازم يستأذن الحكومة قبل ما يرفع قضية ولاّ إيه النظام؟ (تركز على الإجراءات المطلوبة و توضح أكثر فكرة الاستئذان)؟
4436	"بصراحة، بعد قانون العمل الجديد، لو الشركة مشيتني، أعمل ماذا بالظبط؟ وهل فيه حاجة بتمنعني أروح محكمة العمل على طول ولا القانون سابها مفتوحة؟ (تستخدم كلمات أبسط مثل ""مشيتني"" و ""سابها مفتوحة""، وتركز على وجود مانع قانوني)؟"
5246	بصراحة، لو الإدارة فضلت على المرتب القديم ومغيرتش، يبقى كده عملوا حاجة غلط قانونًا ولا هما أحرار في قراراتهم دي؟
117	لو سمحت، القانون بيقول الواحد يشتغل أي عدد ساعة في اليوم بحد أقصى؟
1036	ممكن أعرف إيه هي المدة الإضافية اللي بتاخدها الست العاملة اللي بترضع طفلها في شغلها عشان الرضاعة؟
4834	"ممكن أعرف القانون المصري بيسمح للعيال تشتغل من سنه كام بالظبط؟ (تستخدم كلمة ""العيال"" و ""بالظبط"" للتعبير عن الاستفسار بطريقة عامية وأكثر مباشرة)؟"
2005	طيب، إيه أقصى نسبة أو مبلغ ممكن يتخصم من مرتبي الشهري كديون أو سُلف؟ عايز أعرف المباح بيه قانونًا.؟
4896	يعني بالنسبة للي لسه ما بلغوش الـ 18 عمرة، هل فيه أي قوانين بتحدد مواعيد شغلهم في النهار؟ (تغيير في المفردات والتركيب)؟
737	هل الإجازات اللي بنحصل عليها دلوقتي محسوبة من الإجازة السنوية اللي بنستحقها كل سنة ولا ليها حسابات مختلفة؟
1831	طيب، آخر مرة تم تحديد الحد الأدنى للأجر في الشركات الخاصة كان كام جنيه؟
4447	طيب، يعني لو اترفدت من الشغل، محكمة العمل دي بتفيدني في ما هو تحديدًا؟ وهل الشرع بيديلي الحق أرفع قضية من غير ما أرجع لأي جهة حكومية تانية؟ (توضح أكثر فائدة المحكمة و تركز على عدم الحاجة لجهات حكومية وسيطة)؟
679	طيب، الإجازة العارضة (زي فرح أو عزاء) كام يوم في السنة؟
1874	بصراحة، فيه قانون بيفرض زيادة مرتبات كل عمرة؟ ولو فيه، القانون ده بيقول الزيادة لازم تكون كام في المية بالظبط؟ (تغيير كبير في التركيب مع الحفاظ على المعنى)؟
1053	لو سمحت، لو عييت، أقدر اخد كام يوم مرضي بفلوسي كاملة؟ (تركيز على تجربة شخصية للمتحدث)؟
4796	"بصراحة، حد من الصحة بييجي يتأكد من سلامة المستشفى اللي بنشتغل فيها؟ (يستخدم كلمة ""سلامة"" للتعبير عن الجودة)؟"
922	"ممكن أعرف الراجل يقدر ياخد إجازة عشان مراته خلفت أد ماذا مرة في خلال شغله؟ (إعادة صياغة السؤال بشكل أوضح، مع التركيز على سبب الإجازة وهو ولادة زوجته، واستخدام كلمة ""خلفت"" باللهجة المصرية العامية)؟"
3518	بصراحة، عقب ما الست بتولد، لو رجعت الشغل بدري، إيه حقوقها المشروعة في شغلها، وهل ده مضمون في الواقع العملي؟
1157	فرضًا إن فيه عامل بيشتغل شغلانة فيها خلط، وجاله مرض بيعدي، يبقى من حقه ياخد كام شهر إجازة مرضية عشان يعزل نفسه؟
3971	إيه الحقوق المادية اللي بتيجي لواحد شغله لما يكمل الستين سنة؟ (زي مكافأة نهاية الخدمة)
558	يعني أعرف منين المدة اللي لازم أقضيها في الشركة عشان الإجازة العمروية بتاعتي تزيد وتبقى 30 يوم؟
5105	زيادة سنوية %3 ده على المرتب الأساسي ولا الأجر التأميني؟
2542	ممكن أعرف عايزين نعرف بالتفصيل، لما بندفع اشتراكات، نصيب العامل منها بيبقى كام بالظبط ونصيب صاحب الدوام كام؟
1479	لو سمحت، لو العقد اللي ليه مدة معينة انتهى والشغل استمر عادي، كده العقد يبقى مفتوح على طول ولا ما هو؟ (تغيير في التعبير عن الاستمرار والتلقائية)؟
1129	طيب، لو سمحت، ممكن الإجازة اللي كنت واخدها علشان تعبان تتُعد إجازة سنوية عادية؟
3339	"لو سمحت، بالتفصيل كده، محكمة العمل دي بتفصل في ما هو؟ ولو الشركة فصلتني تعسفيًا، إزاي أقدر أوصل لحقي عن طريق المحكمة دي من غير ما أدخل الحكومة في الموضوع؟ (تستخدم كلمة ""تفصل في إيه"" بدلاً من ""بتختص بإيه"" وتضيف كلمة ""تعسفيًا"" لوصف الفصل)؟"
2376	يعني لو الشركة قررت تخصم تمن العدة أو لبس الوظيفة من مرتبي، ما هو أقصى مبلغ ممكن يتخصم؟ (تركيز على أقصى مبلغ)؟
3310	ممكن أعرف محكمة العمل الجديدة بتختص بإيه؟ لو فرضًا فصلتني، ليه هناك حق أروح المحكمة بدون موافقة الحكومة؟
3262	ممكن أعرف بالبلدي كده، لما الواحد ييجي يستحق تعويض، بيحسبوا له التعويض ده على كام سنة اشتغلها؟ وايه اللي خلى القانون ما يحددش المدة دي بشكل واضح؟ (تستخدم كلمات أكثر بساطة وعامية)؟
5357	قانون العمل بيجبر الشركات على الالتزام ببيئة عمل نظيفة وآمنة؟ مثلاً إضاءة وتهوية؟
2963	إيه هي الإجراءات اللي لازم أعملها عشان أقبض المعاش بتاعي؟ وهل المعاش بينزل على طول ولا بيتأخر شوية؟ (تركز على الإجراءات المطلوبة وتوقيت صرف المعاش)
2795	لو موظف طلع على المعاش واشتغل في شغلانة تانية مش متسجلة في التأمينات، ده يأثر على إيه؟
4497	لو سمحت، لازم يكون فى طبيب عمل أو مسعف بداخل المنشأة؟
953	لو واحدة شغالة أخدت إجازة وضع، لازم يرجعوها شغلها تاني بعد الإجازة ولا ممكن يغيروا شغلها أو يمشوها؟
5428	ممكن أعرف هل فيه أي مواد في القانون بتنص على تجريم أفعال زي التنمر أو التحرش اللي ممكن تحصل بين الزملاء أو من الرؤساء في الشغل؟ (هذه الصياغة تحدد أكثر من قد يكون المتنمر أو المتحرش - الزملاء أو الرؤساء).؟
760	ممكن أعرف بالنسبة لموظف مسؤول عن الامتحانات في الجامعة، كام يوم إجازة مباح له ياخدهم علشان يذاكر؟ (تركيز على السماح وكمية الأيام)؟
2957	إزاي أقدر أقدم طلب صرف المعاش؟ وهل فيه وقت محدد بين نهاية الخدمة واستلام المعاش؟ (تركز على كيفية التقديم ووجود فترة محددة)
3729	لو سمحت، يا ترى المصانع لازم يكون عندها دكتور متخصص في صحة العاملين أو دكتور شغل؟
1443	لو سمحت، أقصى مدة لعقد التجربة بتكون قد إيه بالظبط؟ (بيسأل عن الحد الأقصى لعقد التجربة بشكل مباشر ومحدد)؟
4899	لو سمحت، بالنسبة للي لسه ما بلغوش الـ 18 سنة، هل فيه أي قوانين بتحدد مواعيد شغلهم في النهار؟ (تغيير في المفردات والتركيب)؟
3651	"لو سمحت، ""القانون اللي طالع سنة 2025 عشان يمنع التمييز ضد الحوامل، عايز يحل مشكلة التمييز في أي ناحية من نواحي الحياة؟""؟"
4086	"يعني طيب الواحد لو مات وهو في وظيفته، أسرته تستحق ماذا من الشركة أو الحكومة؟ (هنا حددنا جهات ممكنة للدفع مثل ""الشركة"" أو ""الحكومة"").؟"
1233	"لو سمحت، ""علشان الواحد ياخد تصريح إجازة حج من الشغل، لازم يكون مستوفي شروط معينة؟ زي إيه الشروط دي بالظبط؟ ليها علاقة بسن الموظف أو مدة خدمته في الشركة؟""؟"
173	كام عدد ساعات العمل القانونية في الأسبوع؟
1857	لو سمحت، فيه حد يعرف آخر مرة اتحدد فيها أقل مرتب في القطاع الخاص كان كم جنيه؟
3076	"ممكن أعرف لو الاستحددة كانت بسبب ظروف صعبة، ينفع الواحد يلغيها عقب ما قدمها؟ ولا الاستقالة كده تعتبر رسمية ومش هينفع يعمل حاجة؟ (تستخدم ""ظروف صعبة"" بدلاً من ""ضغوط"" وتركز على الرسمية)؟"
3590	بصراحة، إيه هي أوجه الاختلاف أو التمييز اللي الشرع الجديد عملها لصالح الستات الحوامل في الشغل؟
885	لو سمحت، الواحدة اللي بتشتغل عقب ما تولد، مسموح ليها تغيب كام شهر عن الشغل؟
3451	طيب، فترات الرضاعة ضمن محسوبة ضمن ساعة العمل ولا مش محسوبين؟
5159	مش المفروض بعد ما الحد الأدنى للأجور بقى أعلى بستة وسبعة آلاف جنيه، الشركات دي تعدل أوضاعها؟ ليه لسه مفيش أي تغيير؟ (تركيز على توقع التعديل في الأوضاع)
3327	"لو سمحت، إيه القضايا اللي يمكن محكمة العمل الجديدة دي تحكم فيها؟ ولو صاحب الشغل مشيني، هل عندي الحق أرفع قضية هناك بشكل مباشر، ولا فيه إجراءات تانية لازم أعملها قبل ما أروح؟ (تستخدم كلمة ""أرفع قضية"" بدلاً من ""أروح المحكمة"" وتضيف فكرة ""إجراءات تانية"")؟"
5520	يعني لو صاحب الشغل داس على حقوقك، فين المكان الصح اللي تقدم فيه تظلمك؟ القوى العاملة ولا المحكمة؟
4213	"طيب، يعني إيه بالظبط ""نموذج 6""؟ وإيه القانون بيقول فيه حالياً؟ (تركز على المصطلح ""نموذج"" بدلاً من ""استمارة"" واستخدام كلمة ""القانون"" بدلًا من ""الوضع القانوني"")؟"
1868	بصراحة، هل في زيادة سنوية إلزامية للرواتب؟ القانون قال قد إيه بالمية؟
3497	واحدة ولدت ورجعت شغلها في فترة قصيرة، هل ده حقها قانونًا، وهل نظام الشغل بيسمح بكده فعلاً؟
191	عدد ساعات العمل الأسبوعية اللي القانون بيحددها أد إيه؟
106	ممكن أعرف كم عدد ساعات العمل حسب الشرع في اليوم؟
2923	طيب، طب لو واحد معاشه شغال، ده قانوني؟ وياترى بيواجه صعوبات في الشغل ده؟ (تركيز على الجانب الشرعي والصعوبات التي تواجهه)؟
3360	يعني ابتداءً من شهر كام، الشركة اليومي بتاع الحامل المفروض يقل؟
4138	ممكن أعرف إذا الواحد اتصاب جدي في الشغل، مين بيتصرف العلاج والتعويض؟
5453	بصراحة، صاحب الشغل ملزوم ولا لأ يعمل كل اللي يقدر عليه عشان يمنع التحرش في الشغل، ولو حد اشتكى ماحدش يعرف عنه حاجة؟
3498	يعني واحدة ولدت ورجعت شغلها في فترة قصيرة، هل ده حقها قانونًا، وهل نظام الشغل بيسمح بكده فعلاً؟
4341	"لو سمحت، يعني لو الشركة مشيتني من غير سبب مقنع، أي الخطوات اللي مفروض أتبعها علشان آخد تعويض؟ وهل فيه مبلغ محدد هو أقصى قيمة ممكن التعويض يوصلها؟ (استخدام ""خطوات لازم أتبعها"" بدلاً من ""بكسب تعويض إزاي"")؟"
5482	"ممكن أعرف القانون الجديد ده بيأكد إن مفيش فرق في المرتب بين الرجالة والستات لو بيعملوا نفس الوظيفة؟ (تأكيد على نفي التفرقة واستخدام كلمة ""وظيفة"" بدل ""عمل"")؟"
3600	يعني يا ترى لو الشركة فيها عدد موظفات يتخطى كام واحدة، بيكون أقصى شغل مسموح بيه للحوامل عندهم؟
4080	"يعني لو الراجل كان شغال ومات، الورثة بتوعه ليهم معاش أو مستحقات معينة ولا خلاص كده؟ (استخدمنا مصطلح ""الورثة"" و""معاش"" لجعله أكثر تحديدًا).؟"
3636	"يعني ""قانون عمرة 2025 اللي بيحارب التمييز بسبب الحمل ده، بيستهدف منع التمييز في أي بالظبط؟""؟"
623	بالنسبة للإجازة السنوية، هل في فرق بين اللي عنده إعاقة وبين أي موظف تاني؟ ولو فيه، الفرق ده كام يوم؟
4127	هل فيه أي تغطية من التأمين الصحي للأمراض اللي ممكن الواحد يصاب بيها نتيجة ظروف العمل؟ (تركيز على ظروف العمل)
4075	"طيب، لو واحد اتوفى وهو على رأس عمله، الناس اللي كانوا بيعتمدوا عليه، ياخدوا تعويضات أو حاجة؟ (ركزنا على فكرة الاعتماد المالي واستخدام كلمة ""تعويضات"").؟"
2346	يعني لو الشركة غلطت وهي بتديني مرتبي، فيه إمكانية أعدل المبلغ ده في وقت لاحق؟ وما هو حقوقي قانونًا في الحالة دي؟
1261	طيب، يعني، إيه عدد يوم في السنة بناخدهم إجازة رسمية بمرتب؟
3458	بصراحة، وقت الرضاعة الطبيعية للأم العاملة بيتخصم من وقت الشغل ولا يعتبر جزء من الدوام؟
2086	ممكن أعرف لو صاحب الشغل اتأخر في صرف المرتب كام يوم، القانون نص أي؟
214	ممكن أعرف ساعات الراحة (زي الغداء أو فترات راحة) بتتحسب ضمن الـ8 ساعات؟
2907	لو سمحت، ببساطة كدة، المكافأة دي حاجة والتعويض ده حاجة تانية خالص، صح؟ طيب إيه الفرق اللي بينهم علشان أفهم؟
5435	مين اللي مسؤول عن إنه يوفر بيئة شغل آمنة من التحرش ويحمي سرية أي حد يشتكي؟ قصدي، صاحب الشغل عليه واجب يعمل كده؟
3215	هل لو كسبت تعويض في المحكمة، ممكن المبلغ اللي هيتدفع لي يكون أقل من اللي كنت متوقعه، عشان القانون فيه سقف معين للتعويض؟
5279	طبقا لقانون العمل الجديد، إزاي بيتم مكافحة التمييز والمضايقات في بيئة العمل؟ إيه هي الخطوات اللي اتخذوها؟
258	يعني يا ترى القانون محدد فترة استراحة غداء مدتها قد ما هو في شغل اليوم؟
4503	لو سمحت، ضروري يبقى فيه دكتور شغل أو حد بتاع إسعافات أولية موجود جوه المكان؟
3763	"طيب، لما تحصل مصيبة أو حد يتصاب، مين اللي هيتحط عليه الحق؟ (تستخدم ""مصيبة"" بدل ""حادث""، و""يتصاب"" بدل ""إصابة""، و""يتحط عليه الحق"" كتعبير عن تحمل المسؤولية)؟"
1559	هو العقد كده كده لازم يتكتب بالعربي، صح؟ طيب لو الشركة اللي بنتعامل معاها أجنبية، ممكن نكتبه بلغتهم ولا إيه النظام؟
4307	هل فيه أي لازمة أو ضرورة إني أعدي على مكتب العمل بعد ما أستقيل، ولا الموضوع بيخلص بيني وبين الشركة بس؟ (تركيز على المقارنة بين التعامل مع الشركة ومكتب العمل)
231	لو سمحت، هل وقت البريك اللي بناخده في الشغل، سواء للغدا أو غيره، بنعتبره من ضمن مدة الشغل اللي هي 8 وقت؟
5219	يعني لو الإدارة مصممة متديش علاوة، كده يبقى الموضوع مخالفة قانونية ولا مجرد قرار من عندهم؟
2492	بصراحة، هل إجباري على صاحب أي شركة إنه يعمل اشتراك تأمينات اجتماعية للشغال عنده من أول يوم توظيف؟
4247	يعني أنا ما كانش ينفع أصبر عشر أيام قبل ما أرجع في كلامي؟ طب القانون بيقول إيه، فترة السماح اللي أقدر أستقيل فيها كام يوم بالظبط؟ (هذه الصيغة أكثر انفتاحًا و تسأل عن إمكانية الانتظار قبل الرجوع في القرار)
1753	طيب، هل من حق الموظف اللي بيشتغل في فترة تجريبية حسب العقد، إنه يرفض الاستمرار فيها وينهي شغله بدري؟
787	طيب، إجازة دراسية في أيام الامتحانات تُطرح من الرصيد العمروي ولا مجانًا؟
161	الشغل ممكن يوصل لعدد ساعات أكتر من 8 ساعات في اليوم؟ (تركيز على إمكانية وصول عدد الساعات إلى أكثر من 8)
4681	طيب، الشرع فيه بنود بتنص على إيه بالظبط بخصوص أمان الشغل وكشف الصحة المنتظم على الناس اللي شغالة؟
1680	يعني هل يحق لصاحب الدوام إنه يبدل في الشروط المكتوبة في العقد من غير ما يستأذن العامل أو ياخد موافقته؟
342	يعني أنا شغال 6 أيام أسبوعياً، طيب إجمالي مقدار وقت البريك كل أسبوعية بتاعتي أد إيه؟
4793	"حد من الصحة بييجي يتأكد من سلامة المستشفى اللي بنشتغل فيها؟ (يستخدم كلمة ""سلامة"" للتعبير عن الجودة)"
1602	يعني لو عايزين نعمل عقد رسمي، مفروض نلتزم بحاجات معينة في كتابته، زي تفاصيل المرتب وكل المعلومات المهمة، ولا إيه؟ (تركيز على الرسمية والالتزام بمعايير كتابة العقد)؟
651	لو سمحت، يا ترى الناس اللي بتشتغل شغلانات فيها خطر زي المناجم ولا مصانع الكيماويات، يحصلون على أجازة زيادة قد إيه بالظبط؟ (تركيز على مقدار الإجازة الزيادة)؟
4135	طيب، إذا الواحد اتصاب جدي في الشركة، مين بيتصرف العلاج والتعويض؟
3717	لو سمحت، هل فيه إلزام بتعيين دكتور خاص بالشغل أو دكتور متخصص جوة المصانع ولا لأ؟
3801	لو سمحت، هل فيه لسته قانونية بأقل الإمكانيات اللي لازم تكون موجودة لحماية العمال، زي توفير خوذة أو لبس مخصوص؟
5216	بصراحة، لو الإدارة ما زودتش المرتب، ده خرق للقانون ولا قرار إداري؟
862	ممكن أعرف الست العاملة بتاخد كام شهر إجازة وضع (أمومة)؟
442	ممكن أعرف لو خدنا يوم إجازة رسمي من الدولة، زي الجمعة، هل اليوم ده بيتحسب من من ضمن أيام الوظيفة الأسبوعية بتاعتنا ولاّ يعتبر بره الحسبة؟ (تركيز على الرسمية والإيضاح)؟
631	طيب، لو واحد عنده إعاقة شغال في شركة، كم يوم إجازة المفروض يحصل علىهم في السنة حسب القانون؟
5225	طب لو الإدارة قررت متنزلش زيادة في المرتبات، ده يعتبر تجاوز للقانون ولا حقهم في اتخاذ القرارات؟
2676	يعني بصفسحة، الراجل اللي سنهه فوق الستين ده، لما يخلص شغله، هياخد فلوس مكافأة نهاية الخدمة بتاعته ولا التشريع بيقول حاجة تانية؟
1704	"يعني لو العامل شايف إن التعديلات اللي في العقد دي مش ماشية معاه، مسموح له يوقف شغله ويعترض؟ (هذه الصيغة تستخدم تعبير ""مش ماشية معاه"" للتعبير عن عدم القدرة على العمل، وتستخدم مصطلح ""يوقف شغله ويعترض"" بدلا من الاعتصام.)؟"
2429	"يعني إيه الفرق من الناحية القانونية، لو أنا وافقت في العقد على خصم معين، وبين الحد القانوني للخصومات اللي المفروض ما أتعداهوش؟ (تستخدم ""يعني إيه الفرق"" لتبدأ السؤال بشكل مباشر، وتركز على الفرق من الناحية القانونية)."
3932	بصراحة، يا ترى القانون بيفرض على الشركات إنها تتأكد من خلو موظفينها من أي سوابق إجرامية، وده كله عشان الأمن والسلامة؟ (تغيير في الكلمات والمصطلحات المستخدمة، مع التركيز على الشركات بدلاً من صاحب الشغل).؟
5009	بالنسبة للمرحلة العمرية من 15 لـ 17 سنة، هل مسموح ليهم يشتغلوا في مشاريع صغيرة أو يشاركوا في أعمال لخدمة المجتمع؟ (تركيز على السماح القانوني أو التنظيمي)
2440	"ممكن أعرف من الآخر كده، لو أنا وقعت على عقد والخصم اللي فيه مختلف عن اللي القانون قايله، يبقى العقد ده وضعه ماذا قانونًا؟ معتبر ولا يجوز يبقى فيه مشكلة؟ (تستخدم ""من الآخر كده"" لتقديم السؤال بشكل مباشر ومختصر، وتضيف تساؤلًا حول صلاحية العقد).؟"
2964	يعني إيه هي الإجراءات اللي واجب أعملها عشان أقبض المعاش بتاعي؟ وهل المعاش بينزل على طول ولا بيتأخر شوية؟ (تركز على الإجراءات المطلوبة وتوقيت صرف المعاش)؟
4351	طيب، التعويض بيتحسب على قد إيه سنين خدمة؟ ولا إيه الشروط؟
4391	طيب، لو الواحد قدم استقالته ومشي بالاتفاق مع الشركة، هل يستحق مكافأة نهاية الخدمة ولا لأ؟ وإيه حقوقه القانونية في حالة الاستقالة؟ (تركز على حقوق الموظف)
382	ممكن أعرف هل من النظام إني أريح يوم كل أسبوع و اليوم ده يتحسب لي فلوس؟
2587	طيب، عمر التقاعد في الشركات الخاصة إيه عدد حسب النظام الجديد؟
126	يعني أقل حاجة الواحد لازم يشتغلها كل يوم كام ساعة عشان تبقى قانونية ومفيش مخالفة؟
5523	لو سمحت، لو صاحب الوظيفة داس على حقوقك، فين المكان الصح اللي تقدم فيه تظلمك؟ القوى العاملة ولا المحكمة؟
3517	طيب، بعد مرور ما الست بتولد، لو رجعت العمل بدري، إيه حقوقها المشروعة في شغلها، وهل ده مضمون في الواقع العملي؟
4770	يعني بالذمة، أي مكان كبير بيشتغل فيه ناس كتير واجب يكون عامل لجنة علشان تحافظ على السلامة؟ ده إجباري ولا اختياري؟
4433	"بعد قانون العمل الجديد، لو الشركة مشيتني، أعمل إيه بالظبط؟ وهل فيه حاجة بتمنعني أروح محكمة العمل على طول ولا القانون سابها مفتوحة؟ (تستخدم كلمات أبسط مثل ""مشيتني"" و ""سابها مفتوحة""، وتركز على وجود مانع قانوني)"
2738	بصراحة، الراجل اللي شغال في شركة قطاع خاص، عقب ما يوصل سنه الستين، بيكون له حقوق إيه؟ فيه معاش الشركة بتصرفه له، ولا الموضوع بيعتمد على التأمين بس؟
4172	بصراحة، احنا بندفع اشتراك المعاش في المرتب بتاعتنا؟مين بياخد المعاش عقب التقاعد؟
734	بصراحة، الإجازة اللي بناخدها في الوقت ده: هل هي جزء من الإجازة السنوية بتاعتنا، ولا دي حاجة تانية غيرها؟
4599	لو سمحت، طب فرضاً العامل مطلوب منه شغل ممكن يضره عشان مفيش أدوات أمان، هل ده يخليه مش ملزم يشتغل المؤسسة ده؟
4547	مين الجهة اللي بتتكفل بمصاريف علاج العامل وبتعوضه لو اتعرض لإصابة أو حادثة في الشغل؟
4840	"ممكن أعرف علشان الواحد يشتغل شغلانة في مصر، مفروض يكون عنده كام عمرة على الأقل؟ (تستخدم عبارة ""علشان الواحد يشتغل شغلانة"" للتوضيح و ""على الأقل"" للتأكيد على الحد الأدنى)؟"
1029	لو سمحت، في الوظيفة، الست اللي بترضع طبيعي، ليها كام استراحة زيادة عن باقي الموظفين عشان ترضع البيبي؟
4246	ممكن أعرف مقدرتش استنى عشرة أيام للتراجع؟ القانون حدد وقت التراجع للاستقالة كام يوم؟
5023	طيب، ممكن الأطفال اللي داخلين في مرحلة المراهقة، يعني اللي عمرهم من 15 لـ 17، ياخدوا دور في مشاريع تنموية أو يشتغلوا شغل تطوعي يخدم الناس؟ (توضيح للمرحلة العمرية وأنواع المشاركة)؟
4455	"لو سمحت، إيه اللي بيحصل لما الواحد بيتطرد من شغله في ظل قانون الدوام الجديد ومحكمة العمل؟ وهل فيه أي قيود بتمنعني من اللجوء للمحكمة مباشرةً ولا أقدر أروح في أي وقت؟ (تستخدم كلمة ""بيتطرد"" للتعبير عن الفصل و تركز على فكرة القيود التي تمنع اللجوء للمحكمة)؟"
277	طيب، يعني القانون بيحدد وقت فسحة للغداء كام ساعة في اليوم؟ عشان بس نبقى عارفين حقنا.؟
601	طيب، يا ترى، الموظف اللي عنده 50 عمرة أو أكتر، بيأخذ قد إيه يوم إجازة مدفوعة الأجر في السنة؟ (تضيف تفصيلاً بأن الإجازة مدفوعة الأجر).؟
219	لو سمحت، هل وقت الفسح، زي أكل العيش أو البريك، جزء من الـ 8 وقت شغل الرسميين؟
4678	ممكن أعرف هل الشرع ذكر أي ضوابط للسلامة المهنيّة أو الفحص الدوري للصحة للعاملينين؟
3467	بالنسبة للموظفة اللي بترضع، ساعات الرضاعة دي من ضمن ساعات عملها الأساسية ولا لأ؟
1595	هل فيه متطلبات قانونية معينة لازم تتضاف في العقد، زي المرتب وكل البيانات الضرورية عشان العقد يبقى تمام؟ (تركيز على المتطلبات القانونية وتمام العقد)
2283	"لو سمحت، أفرض إني صرفت فلوس زيادة سواء كانت مستحقات أو قرض، وبعد كده المرتب رجع زي الأول، هل ممكن يعملوها حجة ويقولوا ""الوضع استدعى كده""؟"
1531	"طيب، موقف القانون المصري إيه من الناس اللي بتشتغل أونلاين أو بتاخد شغل نص يوم؟ (هنا استخدام عبارات مثل ""موقف القانون"" و ""شغل نص يوم"" للتركيز على الجانب القانوني و طبيعة الوظيفة)؟"
3879	لو سمحت، هل الشرع بيجرم التحرش الجنسي في بيئة الدوام ولا دي حاجة مش متجرمة؟
236	بصراحة، البريكات اللي بناخدها في العمل، زي وقت الأكل، بتتضاف على الـ 8 ساعات شغل ولا لأ؟
2754	يعني واحد شغال في شركة خاصة وصل سن الستين، يا ترى إيه اللي بيستحقه بعد كده؟ هل في أي مبالغ بتتصرف له من الشركة، ولا هو ماشي تبع نظام التأمين وخلاص؟
1495	"طيب، بعد نهاية العقد اللي محدد بمدة، لو استمريت في الشغل، هل ده معناه إن العقد اتحول لعقد دائم بشكل تلقائي؟ (استخدام كلمة ""دائم"" بدل ""مفتوح"" وتوضيح كلمة ""بشكل تلقائي"")؟"
4666	ممكن أعرف يا ترى القانون المصري بيفرض على أصحاب الشغل يعملوا ما هو بالظبط عشان يواجهوا مشكلة التحرش الجنسي في أماكن الوظيفة؟ (هذا السؤال يركز على تفاصيل الإجراءات المطلوبة من صاحب العمل)؟
1810	ممكن أعرف يعني مفيش أمل آخد المرتب بتاعي كله كاش؟ لازم جزء منه ينزل في حساب بنكي؟
1664	بصراحة، لو مدير الشركة قرر يعدل في العقد اللي بينه وبين الموظف بمزاجه، هل ده صح أصلاً؟
1400	بصراحة، إيه الفرق بين العقد محدد المدة والعقد غير محدد المدة؟
3670	ممكن أعرف صاحب العمل عليه يوفر وسائل حماية للعمال؟ التشريع قال إيه؟
2611	طيب، الواحد عشان يطلع معاش من شركة خاصة، المفروض يكون عنده كام سنة حسب الشرع الجديد؟
770	بصراحة، الموظف اللي بيشرف على الامتحانات الجامعية، ايه عدد أيام إجازة المذاكرة اللي بياخدها في العادة؟ (تركيز على العادة وعدد الأيام المتعارف عليه)؟
5323	طيب، لو في خلاف وظيفي أو تأخر مرتب، ممكن نشتغل إضراب؟ القانون قال إيه عن الإضراب؟
4161	لو سمحت، مين الجهة اللي بتتكفل بمصاريف علاج وتعويضات العامل لو اتصاب إصابة بالغة أثناء شغله؟
1755	لو سمحت، هل من حق الموظف اللي بيشتغل في فترة تجريبية حسب العقد، إنه يرفض الاستمرار فيها وينهي شغله بدري؟
2363	دلوقتي لو فيه مشكلة في صرف المرتب بسبب خطأ من الشركة، هل أقدر أعدل المبلغ ده وأطالب بحقي بعدين؟ وايه الضمانات القانونية اللي بتحمي الموظف في حالة زي دي؟
2873	إيه الفرق بين صرف المكافأة والتعويض؟
1148	بصراحة، لو عامل خالط مريض معدٍ، ينفع يحصل على إجازة حجر صحي كام شهر؟
3086	"بصراحة، لو الاستقالة دي كانت نتيجة إجبار أو تهديد، هل فيه أي طريقة إني ألغيها؟ ولا القانون شايف إنها كده استقالة صحيحة ومينفعش الواحد يرجع فيها؟ (تستخدم ""إجبار أو تهديد"" بدلاً من ""ضغوط"" وتسأل عن وجود ""طريقة للإلغاء"")؟"
3916	ممكن أعرف هل الموظف اللي بيتضرر ويبلغ عن اللي حصله بيكون في أمان من أي إجراءات تأديبية أو عقابية من صاحب الوظيفة؟ القانون بيوفرله الحماية اللازمة؟
3665	صاحب العمل عليه يوفر وسائل حماية للعمال؟ القانون قال إيه؟
4057	طيب، السؤال بالبلدي: الفلوس دي بندفعها للموظف لو قرر يسيب المؤسسة بعد مرور سن معين، ولا دي بس للناس اللي الشركة بتستغنى عنهم؟
4313	لو اتفصلت من غير حق، بكسب تعويض إزاي؟ القانون ماحدش سقف التعويض؟
4230	"يعني ماذا هي ""الاستمارة 6"" دي أصلاً؟ وإيه اللي بينص عليه النظام حالياً بخصوصها؟ (تستخدم ""إيه اللي بينص عليه"" لإعطاء انطباع أقوى عن البحث عن التفاصيل القانونية)؟"
2522	بصراحة، يا ترى نسبة مساهمة العامل وصاحب الشغل في الاشتراكات بتكون إزاي؟ يعني كل واحد بيدفع قد إيه من الاشتراك؟
1199	"لو واحد هيسافر الحج أو العمرة، ياخد إجازة مدتها كام شهر؟ ومين الناس اللي مسموح ليها بالإجازة دي؟ (تغيير في ترتيب السؤال واستخدام كلمة ""مسموح"" بدلاً من ""يستحق"")"
5034	يعني هل شهادة دراسية ضرورية قبل سنه 15؟
5228	بصراحة، طب لو الإدارة قررت متنزلش زيادة في المرتبات، ده يعتبر تجاوز للقانون ولا حقهم في اتخاذ القرارات؟
3494	بصراحة، لو الست نزلت الشغل على طول بعد ما خلفت، هل القانون والواقع العملي بيحموا حقها الوظيفي؟
1538	بصراحة، هل الدولة بتعترف بالشغل اللي بيتعمل عن طريق الإنترنت والشغل اللي مش بيكون طول اليوم ولا لسه مفيش اعتراف رسمي؟ (هنا تفصيل أكبر لوصف طبيعة الدوام مع التأكيد على الاعتراف الرسمي)؟
2219	يعني أخر الخصومات اللي ممكن تتخصم من الراتب كام بالظبط؟ إيه الحد الأقصى؟
951	لو سمحت، إيه الوضع بالنسبة للمرأة اللي كانت شغالة وخلفت؟ هل ليها الحق ترجع تشتغل نفس الشركةانة تاني بعد الإجازة؟
4650	يعني هو لازم على أي شركة أو مؤسسة تحط نظام أو سياسة تمنع أي حد يتحرش بحد تاني في الوظيفة؟ (هذا السؤال يسأل عن إلزامية وضع نظام أو سياسة)؟
3432	يعني في قانون الوظيفة المصري، ماذا هي المدة الزمنية اللي المفروض تشتغلها الست اللي بترضع، و كام مرة تقدر تاخد بريك للرضاعة في اليوم؟
1560	يعني هو العقد كده كده لازم يتكتب بالعربي، صح؟ طيب لو الشركة اللي بنتعامل معاها أجنبية، ممكن نكتبه بلغتهم ولا أي النظام؟
3548	"بصراحة، الشركة ليها الحق إنها تعامل الموظفة الحامل أو اللي لسة والدة معاملة أحسنه وهي في إجازة الوضع أو عقب الولادة بفترة بسيطة؟ (هذه الصيغة تسأل عن ""الحق"" وتستخدم ""معاملة أحسن"" لتوضيح المقصود)؟"
4361	يعني عشان الواحد يستحق التعويض، لازم يكون اشتغل كام سنة بالظبط؟ وإيه هي المحددات اللي بيحطوها في الاعتبار؟
3657	"لو سمحت، ""بخصوص النظام اللي صدر عمرة 2025 وبيحرم التمييز على أساس الحمل، التمييز الممنوع ده بيكون في انهي أنواع من التعاملات أو المواقف؟""؟"
3269	محكمة القضاء الإداري (استقالة) ولا خدمة؟ خدمة القانون اللى بيتعامل مع الاستقالة؟
3131	هل لازم أبلغ قبل ما أرجع في استقالتي؟ ويا ترى القانون محددلي مدة معينة عشان أقدر أتراجع عن الاستقالة ولا لأ؟ (هذا السؤال يستخدم كلمات أكثر تفصيلاً ويسأل بشكل مباشر عن وجود فترة محددة).
2043	لو سمحت، فيه حد أقصى للخصومات من المرتب ولا ممكن يتخصم أكثر من ربع؟
224	بصراحة، يعني الواحد لما بياخد وقت عشان ياكل أو يستريح شوية، بيتخصم من الـ 8 وقت بتوع الشغل ولا محسوبين عليهم؟
1990	ممكن أعرف فيه حدود أد إيه للخصومات اللي ينفع تتسحب من مرتبي كل شهر؟ بتكلم على السلف والمدفوعات والكلام ده.؟
182	بصراحة، الشغل المفروض نشتغله في أسبوعياً كام ساعة حسب القانون؟
542	بصراحة، يا ترى بعد مرور قد إيه من الشغل في الشركة، الواحد بياخد إجازة 30 يوم في العمرة؟
3897	لو سمحت، هل التشريع بيسمح لصاحب الشغل إنه يعاقب الموظف اللي رفع شكوى بسبب معاملة سيئة؟ ولا في حماية قانونية للضحية في الحالة دي؟
129	لو سمحت، أقل حاجة الواحد مطلوب يشتغلها يومياً أد إيه ساعة عشان تبقى قانونية ومفيش مخالفة؟
4985	أيه هي المتطلبات القانونية والإجرائية لو طالب في مراحل التعليم المختلفة حب يشتغل شغل بسيط بعد المدرسة؟
1303	طيب، لو اشتغلت في مناسبة رسمية زي شم النسيم، هيتحسب لي كام زيادة على المرتب الأساسي؟
2153	الأجر الإضافي (ساعات العمل الإضافية) بيتحسب بنسبة كام ليلًا ونهارًا؟
4515	لو سمحت، يعني شرط أساسي يكون في المنشأة يا إما دكتور شغل يا إما واحد بيفهم في الإسعافات الأولية؟
4715	لو فيه مشاكل في الأمان اكتشفتها في الشغل، أروح أشتكي لمين عشان الموضوع يتصلح؟ (تركيز على الشكوى والتصليح)
5218	ممكن أعرف لو الإدارة ما زودتش المرتب، ده خرق للقانون ولا قرار إداري؟
5464	ممكن أعرف هل صاحب الشغل في مصر عليه أي مسؤولية قانونية إنه يواجه التحرش في مكان الشغل، ويضمن إن اللي بيبلغ عن التحرش اسمه ما يظهرش؟
1663	طيب، لو مدير الشركة قرر يعدل في العقد اللي بينه وبين الموظف بمزاجه، هل ده صح أصلاً؟
5120	بصراحة، لما بيقولوا فيه زيادة 3% في السنهة، الزيادة دي بتكون محسوبة على أساس الراتب الفعلي اللي بقبضه، ولا الراتب اللي بيتعمل عليه التأمين؟
1499	لو العقد اللي مدته معلومة انتهت وأنا مكمل شغل عادي، هل ده بيخليه عقد مفتوح بدون ما نعمل أي حاجة تانية؟ (تغيير في طريقة السؤال عن وجود إجراءات إضافية)
4578	يعني لو الشغل فيه تهديد لسلامة العامل ومعهوش اللي يحميه، ده يدي له الحق إنه يعترض وميشتغلش؟
4658	بصراحة، مش المفروض صاحب الشغل يعمل اللي عليه ويحمي الموظفين بتوعه من أي مضايقات جنسية ممكن تحصل في الشغل؟ (هذا السؤال يستخدم صيغة أقرب للاستنكار والتأكيد على واجب صاحب الدوام)؟
962	بصراحة، بعد مرور إجازة الأمومة، الست العاملة ليها ضمان إنها هترجع لنفس منصبها ومسؤولياتها اللي كانت ماسكاها قبل كده؟
1265	قوللي، في السنة كلها، كام يوم إجازة الحكومة بتدفع تمنهم؟
1819	طيب، مفيش طريقة أقبض مرتبي بالأد إيهل يدوي؟ ولا لازم الشركة تحوله على حساب بنكي ليا؟
4232	"بصراحة، إيه هي ""الاستمارة 6"" دي أصلاً؟ وإيه اللي بينص عليه القانون حالياً بخصوصها؟ (تستخدم ""إيه اللي بينص عليه"" لإعطاء انطباع أقوى عن البحث عن التفاصيل القانونية)؟"
5496	يعني هو الشرع الجديد ده هيقضي على التمييز في المرتبات بين الرجالة والستات اللي بيشتغلوا نفس الشغل؟ (التركيز على القضاء على التمييز كهدف للقانون)؟
371	فيه إمكانية إني أغيب يوم كامل كل أسبوع و المرتب بتاعي مينقصش؟
749	لو موظف ماسك امتحانات جامعية، بياخد كام يوم إجازة دراسة؟
3331	"طيب، المحكمة اللي عاملينها مخصوص لقضايا العمل دي، ماذا نوع المشاكل اللي بتتعامل معاها؟ ولو اترفدت من الشغل، ينفع أروح أقدم شكوى هناك على طول، ولا مفروض أستنى موافقة من جهة حكومية؟ (تستخدم كلمة ""أقدم شكوى"" بدلاً من ""أروح المحكمة"" وتؤكد على فكرة ""الجهة الحكومية"")؟"
3618	يعني فيه قيود معينة على شغل الستات الحوامل في الشركة دي؟ ولو فيه، القيود دي بتبدأ تطبق من أول ما كم الموظفات يوصل لأد ماذا؟
125	أقل حاجة الواحد لازم يشتغلها في اليوم كام ساعة عشان تبقى قانونية ومفيش مخالفة؟
1921	طيب، لو سمحت، عايزين نفهم، الزيادة السنهوية اللي هي 3% دي، بتتضاف على الراتب اللي بنقبضه كل شهر، ولا على الراتب اللي التأمينات بتتعامل بيه؟ (تركيز على شرح عملية الإضافة وأطراف التعامل)؟
1182	يعني إجازة الحج والعمرة كام شهر ومين يستحقها؟
246	يعني القانون بيقول ناخد زمن راحة (غداء) كام ساعة في اليوم الواحد؟
1317	لو سمحت، بصاستراحة، لو داومت في يوم إجازة رسمية زي عيد الأضحى، هاخد أد إيه تعويض بدل اليوم ده؟
4167	لو سمحت، لو واحد بيشتغل واتعرض لإصابة جسيمة، مين اللي بيتحمل مسؤولية علاجه وتعويضه عن اللي حصله؟
1124	بصراحة، فيه إمكانية إني أخد إجازة اعتيادية بدل الإجازة المرضية اللي واخدها؟
2895	لو سمحت، عاوز أعرف، إيه اللي بيميز المكافأة عن التعويض لما نيجي نصرفهم؟ يعني إيه اللي بيخلي ده مكافأة وده تعويض؟
4056	يعني السؤال بالبلدي: الفلوس دي بندفعها للموظف لو قرر يسيب الشغل بعد عمر معين، ولا دي بس للناس اللي الشركة بتستغنى عنهم؟
891	"لو سمحت، يعني الست اللي شغالة بتاخد كم شهر ""أمومة"" بعد ما تخلف؟"
2244	"يعني فيه تدريب خدته من الشركة بتاعتي، والعقد فيه شرط جزائي إني لو استقيلت قبل ما أخلص مدة معينة أدفع فلوس التدريب. أي وضع الشرط ده من ناحية القانون؟ (يستخدم مصطلح ""شرط جزائي"" لإضافة دقة قانونية أكثر).؟"
591	لو سمحت، إيه عدد أيام الإجازة السنوية المقررة للموظفين اللي إضافة إلى الخمسين؟ (أكثر رسمية بعض الشيء من الصيغة الأصلية).؟
3017	يعني مينفعش يفصله كده من غير سبب؟ القانون حظر الفصل التعسفي؟
5342	بصراحة، يعني لو فيه مشاكل في المؤسسة، زي مشاكل بين الموظفين والإدارة، أو المرتبات مش بتيجي في ميعادها، هل الإضراب يعتبر حل قانوني؟ القانون المصري بيسمح بالإضراب في ظروف زي دي ولا لأ؟ (تركيز على الإضراب كحل قانوني واستفسار مباشر عن سماح القانون المصري)؟
3314	بصراحة، طيب، محكمة الشغل الجديدة دي شغلها إيه بالظبط؟ وإفرض يعني الشركة طردتني، إيه اللي يخليني أقدر أروح المحكمة دي من غير ما أستأذن الحكومة؟ (تركز على التوضيح والشرح البسيط)؟
3954	يعني عامل فوق 60 سنة بيأخذ إيه بدل مكان الشغل؟ (مكافأة نهاية الخدمة)؟
212	بصراحة، ساعة الراحة (زي الغداء أو فترات راحة) بتتحسب من ضمن الـ8 ساعات؟
4972	ممكن أعرف أي هي الضوابط والقواعد اللي لازم يعرفها أي طالب بيدرس وعاوز يشتغل شغلانة نص دوام؟
3204	يعني لو كسبت قضية وخدت تعويض، ممكن قيمة التعويض دي متزيدش عن حد معين عشان القانون عامل زي سقف كده؟
5275	طيب، أي هي بنود قانون الشغل الجديد اللي بتتكلم عن منع التمييز والإهانة في الشغل؟ يمكن تشرحها بشكل مبسط؟
3805	طيب، القانون بيقول ما هو عن أقل مستوى من الحماية ضروري يتوفر للعمال؟ يعني لازم يكون فيه خوذة أو لبس حماية ولا لأ؟
487	طيب، يا ترى عدد أيام الراحة السنوية اللي بياخدها الموظف في الشركات الخاصة بيكون كام؟
1144	ممكن أعرف ممكن أقدم طلب علشان الإجازة المرضي دي تتحول لإجازة من الرصيد بتاعي العادي بتاع كل سنة؟
4729	طيب، يعني لو حسيت إن فيه حاجة مش تمام في إجراءات الأمن والسلامة هنا، المفروض أبلغ بيها مين بالظبط؟ (تعبير أكثر تحفظًا وتحديدًا)؟
1161	لو سمحت، فرضًا إن فيه عامل بيشتغل شغلانة فيها خلط، وجاله مرض بيعدي، يبقى من حقه ياخد كام شهر إجازة مرضية عشان يعزل نفسه؟
3614	بصراحة، أي هو الحد الأقصى للشغل اللي يمكن الست الحامل تعمله في الشركة دي؟ وهل الرقم ده بيتحدد على حسب عدد الموظفات اللي شغالين، يعني لو العدد وصل لكام موظفة؟
2630	بصراحة، يا ترى فيه اختلاف بين العمر اللي بيطلع فيه الواحد معاش والسن اللي ممكن صاحب المؤسسة يمشيك فيه من الشغل؟
4799	"يا ترى في حد متخصص في الصحة بيراقب أوضاع المستشفى بتاعتنا؟ (كلمة ""يراقب"" تعطي معنى أوسع من الفحص)"
5262	يعني ما هو الآليات اللي حطها قانون الشغل الجديد عشان يحمي الموظفين من أي تفرقة أو معاملة وحشة في الشغل؟
3930	يعني يا ترى الشرع بيفرض على الشركات إنها تتأكد من خلو موظفينها من أي سوابق إجرامية، وده كله عشان الأمن والسلامة؟ (تغيير في الكلمات والمصطلحات المستخدمة، مع التركيز على الشركات بدلاً من صاحب الشغل).؟
1837	طيب، يا ترى الحد الأدنى للأجور في القطاع الخاص اتحدد آخر مرة بماذا كم بالظبط؟
155	هل وارد إني أضطر أشتغل زيادة عن الـ 8 ساعات في اليوم في الشغل ده؟ (تركيز على احتمال الاضطرار و الزيادة)
3364	ممكن أعرف ابتداءً من شهر كام، الشغل اليومي بتاع الحامل المفروض يقل؟
5106	يعني زيادة سنوية %3 ده على المرتب الأساسي ولا الأجر التأميني؟
2563	طيب، إزاي بيعرفوا أقل قيمة وأكبر قيمة للأجر اللي بيتخصم منه التأمين؟
4690	ممكن أعرف هو القانون محدد إزاي إجراءات السلامة في الشغل والكشف الدوري على صحة العمال ولا سايبها كده؟
1345	طيب، لما بشتغل في العيد أو في أي مناسبة رسمية، بيحسبولي اليوم ده إزاي؟ بيوم إجازة زيادة ولا بفلوس أكتر؟ (تحديد أنواع أيام العطلات بشكل أدق، مع سؤال عن طريقة الحساب)؟
2290	"ممكن أعرف لو اتقبض لي فلوس زيادة سواء كانت فلوس متأخرة ليا أو قرض، وبعد كده رجعوا المرتب زي ما هو، هل ممكن يبرروا الموضوع ده بأي ""ظروف خاصة""؟"
4783	طيب، موظف صحي بيفحص مستشفى العمل؟
3212	بصراحة، لو القانون حاطط ليميت أو حد أقصى للتعويضات، ده معناه إن حتى لو القضية تستاهل أكتر، مش هاخد غير المبلغ اللي القانون محدده؟
4960	ممكن أعرف لما الشرع بيمنع تشغيل الصغيرين بالليل وفي الشغل الخطر، إيه الكلام القانوني اللي بيحكم الموضوع ده بالتحديد؟
2205	لو سمحت، يا ترى، الخصومات متوصلش لفين من المرتب؟ يعني أعلى نسبة خصم كام؟
4427	طيب، الواحد لما يتفصل من شغله، إيه الإجراءات اللي المفروض يعملها في محكمة العمل الجديدة دي؟ وهل لازم يستأذن الحكومة قبل ما يرفع قضية ولاّ إيه النظام؟ (تركز على الإجراءات المطلوبة و توضح أكثر فكرة الاستئذان)
1421	لو سمحت، إيه الاختلافات الأساسية بين عقد العمل اللي بيتحدد له مدة زمنية وعقد العمل اللي ملوش مدة محددة في القانون المصري؟
668	"بصراحة، اللي بيشتغلوا في أماكن زي المناجم أو مصانع الكيماويات، يعني الوظيفة الخطر، بياخدوا كام يوم زيادة عن الإجازة العادية بتاعتهم؟ (تبسيط اللغة وتوضيح مفهوم ""الشغل الخطر"")؟"
608	بصراحة، الأشخاص ذوي الإعاقة بيحصل علىوا قد ماذا يوم إجازة سنهوية؟
4802	"بصراحة، يا ترى في حد متخصص في الصحة بيراقب أوضاع المستشفى بتاعتنا؟ (كلمة ""يراقب"" تعطي معنى أوسع من الفحص)؟"
2374	ممكن أعرف خصم قيمة الأدوات أو زي العمل من المرتب مسموح تاخد كام؟
745	طيب، لو خدت إجازة في الفترة دي، ده هيقلل من رصيد إجازتي السنوية العادية، ولا ده وضع مختلف ومش هياثر عليها؟
2729	العامل في شركة خاصة بيتقاضى إيه بعد سن الستين؟ هل في معاش من الشركة أو من التأمين؟
4492	ممكن أعرف بصراحة كده، هل القانون بيجبر صاحب العمل إنه يوفر للعاملين عنده كل وسائل الحماية والأمان المفروضة؟ وإيه هي بنود القانون في الموضوع ده؟
4182	"يعني يا ترى، في جزء من مرتبنا بيروح لحساب المعاشات؟ و لو طلعنا على المعاش، الفلوس دي بتروح لمين بالظبط؟ (استخدام ""يا ترى"" لإضفاء طابع الاستفسار، وتركيز على وجهة الأموال)؟"
4263	لو سمحت، أنا استعجلت و ما استنيتش العشر أيام بتوع التراجع. هل ده صح ولا غلط؟ و أصلاً، القانون محدد كام يوم عشان الواحد يقدر يسحب استقالته؟ (هذه الصيغة تسأل عن صحة التصرف و تؤكد على إمكانية سحب الاستقالة)؟
2475	"لو سمحت، هل بند استقطاع التأمينات ده بيتضاف ضمن تفاصيل المرتب اللي بستلمه، ولا بيتعاملوا معاه بشكل مختلف؟ (تركز على ""بند استقطاع التأمينات"" و ""تفاصيل المرتب"" لتقديم منظور أكثر تفصيلاً.)؟"
5017	طيب، اللي سنهم بيتراوح بين 15 و 17 سنة، ليهم الحق يساهموا في مشاريع شبابية أو أي عمل خيرى يفيد المجتمع؟ (تركيز على الحق والمساهمة)؟
2956	ممكن أعرف إيه الأوراق المطلوبة عشان أقدم على المعاش؟ ويا ترى المعاش بييجي بعد مرور قد إيه من التقاعد؟ (تركز على الأوراق المطلوبة والمدة الزمنية)؟
3611	إيه هو الحد الأقصى للشغل اللي ممكن الست الحامل تعمله في الشركة دي؟ وهل الرقم ده بيتحدد على حسب عدد الموظفات اللي شغالين، يعني لو العدد وصل لكام موظفة؟
387	لو سمحت، ممكن أعرف، ينفع آخد يوم أجازة بأجر كامل كل أسبوع ولا لأ؟
4408	ممكن أعرف أنا استقلت من شغلي بالاتفاق مع الشركة، بس عايز أفهم: هل ليا أي مستحقات قانونية أو مكافأة نهاية خدمة ولا خلاص كده؟ القانون بيحمي حقوقي إزاي في الحالة دي؟ (تعبير عن القلق بشأن الحقوق)؟
4890	يعني تحت سن 18، فيه قيود على ساعات الوظيفة النهارية؟
278	بصراحة، يعني القانون بيحدد وقت فسحة للغداء أد إيه ساعة يومياً؟ عشان بس نبقى عارفين حقنا.؟
4618	ممكن أعرف هل فيه مواد في القانون بتعاقب اللي بيتنمر أو بيهين زمايله في الشغل؟ (تركز على العقوبات القانونية)؟
4296	يعني بعد ما أقولهم ماشي، هل فيه أي إجراءات رسمية في مكتب الشغل لازم أعملها عشان الاستحددة تمشي؟ (تركيز على الإجراءات الرسمية المطلوبة)؟
4665	لو سمحت، يا ترى القانون المصري بيفرض على أصحاب العمل يعملوا إيه بالظبط عشان يواجهوا مشكلة التحرش الجنسي في أماكن العمل؟ (هذا السؤال يركز على تفاصيل الإجراءات المطلوبة من صاحب العمل)؟
4010	بصراحة، ممكن تشرح لي آلية حساب تعويض نهاية الخدمة؟ بالذات الجزء بتاع نص المرتب عن كل سنة في الأول وشهر المرتب بعدين.؟
4592	بصراحة، لو العامل شايف إن الشغل خطر على صحته أو حياته عشان مش متوفر له الحماية الواجبة، هل ده يعتبر سبب مشروع لرفضه الشغل؟
944	بصراحة، يعني بعد ما الست تولد وتاخد إجازتها، ليها الحق ترجع لنفس وظيفتها اللي كانت فيها قبل كده، ولا ممكن الشركة ترفض؟
4163	لو واحد بيشتغل واتعرض لإصابة جسيمة، مين اللي بيتحمل مسؤولية علاجه وتعويضه عن اللي حصله؟
3192	يعني لو أنا كتبت استقالتي وقدمتها، بس الشغل مرديش يمضي عليها، أقدر أعمل حاجة تانية؟ (تركيز على الخيارات المتاحة)؟
973	طيب، ابتداءً من أي شهر في الحمل، يحق للست العاملة تحصل على تقليل في عدد ساعات شغلها؟
4107	لو سمحت، بالنسبة للتأمين الصحي، هل يشمل علاج أي أمراض الواحد يمكن يصاب بيها بسبب شغله؟ (تركيز على شمولية التأمين)؟
1903	طيب، هل الأهتمام بالزيادة السنوية (3%) شامل الأجر الأساسي أو الأجر التأميني؟
773	يا ترى، الموظفين اللي بيشتغلوا في قسم الامتحانات بالجامعة، ليهم كام يوم إجازة للمذاكرة قبل الامتحانات؟ (تركيز على قسم الامتحانات وتحديد الفترة الزمنية)
135	لو سمحت، طبقا للقانون، اليومية بتاعة الشغل تتحدد على أساس قد إيه ساعة عمل؟
381	لو سمحت، هل من النظام إني أريح يوم كل أسبوع و اليوم ده يتحسب لي فلوس؟
686	بصراحة، يعني الواحد ليه كام يوم إجازة طارئة في السنهة، زي مثلاً مناسبة مفاجئة أو حاجة ضرورية؟
646	ممكن أعرف العمال في الأعمال الخطرة زي التعدين أو الكيماويات يحصلون على قد ماذا يوم إضافية؟
1668	يعني لو واحد شغال في مكان، وجه صاحب المكان وغير له شروط الشغل المتفق عليها من الأول، هل ده إجراء قانوني سليم؟
4674	يعني هل التشريع ذكر أي ضوابط للسلامة المهنيّة أو الفحص الدوري للصحة للموظفين؟
3479	لو أم بترضع طفلها في الشغل، وقت الرضاعة ده بيعتبر جزء من الدوام الرسمي بتاعها ولا لازم تعوضه بعدين؟
4178	بصراحة، هل بيتم خصم فلوس للمعاش من مرتبنا؟ و بعد ما نطلع معاش، مين اللي بيقبض الفلوس دي؟ (تركيز على الخصم الفعلي ومن يستفيد من المعاش بعد التقاعد)؟
2352	يعني افرض الشركة حسبت مرتبي غلط، هل فيه طريقة لتصحيح الخطأ ده عقب ما قبضت؟ وماذا موقف التشريع من حاجة زي كده؟
4612	ممكن أعرف يا ترى فيه قانون بيحمي الموظفين من البلطجة والمعاملة الوحشة في المؤسسة؟ (تركز على حماية الموظفين)؟
3899	طب لو موظف قدم شكوى ضد مديره بسبب مضايقات أو أذية، هل كده بيضمن إن مفيش أي انتقام هيحصل من صاحب الشغل؟ القانون بيأمنه يعني؟
466	ممكن أعرف كام عدد أيام الإجازة السنوية للعامل في القطاع الخاص؟
4823	"يا ترى أصغر سن ممكن الواحد يشتغل بيه قانوني في مصر كام؟ (تستخدم كلمة ""يا ترى"" للتقديم و ""قانوني"" للتأكيد على الجانب الرسمي)"
4297	طيب، عقب ما أقولهم ماشي، هل فيه أي إجراءات رسمية في مكتب العمل لازم أعملها عشان الاستقالة تمشي؟ (تركيز على الإجراءات الرسمية المطلوبة)؟
391	طيب، هل مسموح لهم يشتغلوا يوم الأحد مثلاً بدل إجارتهم الأسبوعية؟ التشريع نص ما هو؟
4556	بصراحة، في حالة وقوع حادث أو إصابة أثناء الشغل، على مين تقع مسؤولية تغطية العلاج والتعويضات المستحقة؟
642	يعني العمال في الأعمال فيها خطر زي التعدين أو الكيماويات بياخدوا كام يوم إضافية؟
1830	يعني آخر مرة تم تحديد الحد الأدنى للأجر في القطاع الخاص كان كام جنيه؟
4712	بصراحة، لو لقيت مخالفات سلامة في المصنع أو الشركة، أقدر أتظلم لمين؟
3025	طيب، يعني مينفعش صاحب العمل يمشي الموظف طوالي كده بدون وجه حق؟ هو القانون بيحمي الواحد من الفصل اللي زي ده؟
3308	بصراحة، محكمة الوظيفة الجديدة بتختص بأي؟ لو فرضًا فصلتني، ليه هناك حق أروح المحكمة بدون موافقة الحكومة؟
2636	بصراحة، هل عمر التقاعد هو نفسه السن اللي ممكن فيه عقدك يخلص أو الشركة تستغنى عنك؟ ولاّ فيه فرق؟
5108	بصراحة، زيادة سنوية %3 ده على المرتب الأساسي ولا الأجر التأميني؟
1027	طيب، في الشغل، الست اللي بترضع طبيعي، ليها كام استراحة زيادة عن باقي الموظفين عشان ترضع البيبي؟
2663	هل فيه أي استثناءات أو قوانين تمنع صرف مكافأة نهاية الخدمة لشخص عنده أكتر من ستين سنة وبيشتغل؟
2959	طيب، إزاي أقدر أقدم طلب صرف المعاش؟ وهل فيه وقت محدد بين نهاية الخدمة واستلام المعاش؟ (تركز على كيفية التقديم ووجود مدة محددة)؟
2054	بصراحة، مين المسؤول عن حساب المرتب وصرفه، وكمان استقطاع الضرائب والتأمينات؟
975	لو سمحت، ابتداءً من أي شهر في الحمل، يحق للست العاملة تحصل على تقليل في عدد ساعات شغلها؟
5371	"طيب، هو القانون بتاع الدوام بيخلي الشركات ملزمة إنها تعمل بيئة شغل صحية وسليمة، من ناحية حاجات زي الإضاءة والتهوية، ولا لأ؟ (تغيير في التركيب اللغوي واستخدام ""ولا لأ"" للتأكيد)؟"
490	ممكن أعرف يا ترى عدد أيام الراحة السنهوية اللي بيستحقها الموظف في الشركات الخاصة بيكون أد إيه؟
474	يعني قانون المؤسسة بيقول ما هو عن كم أيام الإجازة السنهوية للناس اللي بتشتغل في شركات خاصة؟
3738	يعني في حالة حادث أو إصابة مين بيتحمل المسئولية؟
2841	لو سمحت، هل العامل من حقه يطلب صرف المكافأة قبل التقاعد؟
4956	يعني لما القانون بيمنع تشغيل الصغيرين بالليل وفي الوظيفة الخطر، إيه الكلام القانوني اللي بيحكم الموضوع ده بالتحديد؟
3807	لو سمحت، التشريع بيقول إيه عن أقل مستوى من الحماية لازم يتوفر للعمال؟ يعني لازم يكون فيه خوذة أو لبس حماية ولا لأ؟
313	طيب، أحسن حاجة الواحد يستحق بريك بعد مرور كام ساعة شغل متواصل؟
778	ممكن أعرف يا ترى، الموظفين اللي بيشتغلوا في قسم الامتحانات بالجامعة، ليهم كام يوم إجازة للمذاكرة قبل الامتحانات؟ (تركيز على قسم الامتحانات وتحديد الفترة الزمنية)؟
5283	لو سمحت، طبقا لقانون العمل الجديد، إزاي بيتم مكافحة التمييز والمضايقات في بيئة العمل؟ أي هي الخطوات اللي اتخذوها؟
438	يعني لو خدنا يوم إجازة رسمي من الدولة، زي الجمعة، هل اليوم ده بيتُعد من ضمن أيام العمل في الأسبوع الواحدية بتاعتنا ولاّ يعتبر بره الحسبة؟ (تركيز على الرسمية والإيضاح)؟
1126	ممكن أعرف فيه إمكانية إني أخد إجازة اعتيادية بدل الإجازة المرضية اللي واخدها؟
1577	العقد بيكون فيه عناصر قانونية معينة؟ مثل ذكر الراتب وكل التفاصيل الأساسية؟
5020	ممكن أعرف اللي سنهم بيتراوح بين 15 و 17 سنة، ليهم الحق يساهموا في مشاريع شبابية أو أي عمل خيرى يفيد المجتمع؟ (تركيز على الحق والمساهمة)؟
1223	"""إيه المتطلبات اللي لازم تتحقق علشان الواحد يقدر يطلع ياخد إجازة حج؟ فيه شروط متعلقة بالعمر مثلًا، أو عدد سنين الشغل؟"""
752	بصراحة، لو موظف مسؤول عن امتحانات الكلية، بياخد أد إيه يوم إجازة دراسة؟
2834	بصراحة، بصفسحة، هل فيه أي طريقة تخلي الواحد هو اللي يحدد ميعاد خروجه من الشغل للمعاش بإرادته؟ ويا ترى الطريقة دي عبارة عن ما هو؟
3650	"بصراحة، ""الشرع اللي طالع عمرة 2025 عشان يمنع التمييز ضد الحوامل، عايز يحل مشكلة التمييز في أي ناحية من نواحي الحياة؟""؟"
2953	طيب، إيه الأوراق المطلوبة عشان أقدم على المعاش؟ ويا ترى المعاش بييجي بعد قد إيه من التقاعد؟ (تركز على الأوراق المطلوبة والمدة الزمنية)؟
4955	لما القانون بيمنع تشغيل الصغيرين بالليل وفي الشغل الخطر، إيه الكلام القانوني اللي بيحكم الموضوع ده بالتحديد؟
103	طيب، قد إيه كم ساعات العمل المعتمدة يومياً؟
1970	بصراحة، يعني، هل لما بييجوا يحسبوا التأمينات الاجتماعية، بيبصوا على المرتب بتاعي شامل العلاوات والحوافز ولا بيعتبروا المرتب الأساسي بس هو الأساس؟
3168	يعني طب لو أنا مشيت وكتبت استحددتي، بس الشغل مارضيش ياخد بيها، أعمل ماذا؟ (تركيز على الإجراء التالي)؟
3377	الست الحامل ممنوع تشتغل فوق الساعات العادية أو إضافي أثناء الحمل؟ القانون قال إيه؟
4402	ممكن أعرف لو الشركة وافقت على استقالتي، يعني كله تمام بالتراضي، هل ده يغير حاجة في موضوع مكافأة نهاية الخدمة؟ الشرع بيقول إيه في حالة زي دي؟ (تركز على تأثير الموافقة على الاستقالة)؟
4640	بصراحة، صاحب العمل ملزم يعمل إجراءات لمنع التحرش الجنسي في الشغل؟
3169	طيب، طب لو أنا مشيت وكتبت استقالتي، بس الشغل مارضيش ياخد بيها، أعمل ماذا؟ (تركيز على الإجراء التالي)؟
4219	"طيب، ايه المقصود بـ ""الاستمارة رقم 6""؟ ولوقتي التشريع بيتعامل معاها إزاي؟ (تستخدم ""المقصود"" و ""التعامل"" للتعبير عن نفس المعنى بطريقة مختلفة)؟"
289	طيب، كل قد إيه شغل الواحد محتاج يريح شوية؟
2698	ممكن أعرف كيف بتُعد مكافأة نهاية الخدمة؟ (نصف شهر للسنة الأولى وشهرين للسنتين اللي بعد كده)؟
1508	بصراحة، التعاقد عن بُعد أو بنظام الدوام الجزئي القانون اعترف به؟
2088	يعني إيه موقف القانون لو المرتب اتأخر عن ميعاده كام يوم من صاحب الشغل؟
635	بصراحة كده، كام يوم إجازة سنوية بتتصرف للناس اللي ربنا ابتلاهم بإعاقة؟ هل ليهم معاملة خاصة في الموضوع ده؟
1484	"بصراحة، طب فرضنا العقد المؤقت خلص والراجل مِشيِش، العقد بيتقلب عقد دايم لوحده ولا مطلوب إجراء تاني؟ (استخدام كلمة ""فرضنا"" و ""الراجل مِمشيش"" و""دايم"" بدلا من ""مفتوح"")؟"
1262	بصراحة، يعني، كام يوم في السنة بناخدهم إجازة رسمية بمرتب؟
1423	طيب، لو سمحت، أي الاختلافات الأساسية بين عقد العمل اللي بيتحدد له مدة زمنية وعقد العمل اللي ملوش مدة خاصة في القانون المصري؟
2520	يعني يا ترى نسبة مساهمة العامل وصاحب الشغل في الاشتراكات بتكون إزاي؟ يعني كل واحد بيدفع قد ما هو من الاشتراك؟
2127	لو سمحت، الفلوس بتاعة مرتبي اللي لسه ما قبضتهاش، بتختفي ولا بتضاف على مرتب السنة الجاية؟
4304	بصراحة، لو قررت امشي من الشركة، هل فيه ورق أو تصديق لازم اخده من مكتب الشغل عشان افي حقي بعد كده؟ (تركيز على الحقوق بعد الاستقالة)؟
4619	هو القانون المصري بيعتبر التحرش والإهانة في بيئة العمل جريمة ولا لأ؟ (تركز على اعتبار السلوك جريمة)
3379	طيب، الست الحامل ممنوع تشتغل فوق الوقت العادية أو إضافي أثناء الحمل؟ القانون ذكر إيه؟
5377	"طيب، طبقا لقانون العمل، هل الشركات مجبرة إنها تلتزم بمعايير معينة للنضافة والأمان في مكان الشغل، زي مثلاً وجود إضاءة كافية وتهوية مناسبة؟ (استخدام مصطلحات أكثر رسمية مثل ""معايير"" و""مكان الشغل"")؟"
2517	لو سمحت، الاشتراكات: بتتقسم كام للشغال وكام لصاحب العمل؟
1568	بصراحة، العقد ده إجباري يبقى بالعربي؟ طب لو شركة اللي بتمضي معانا مش مصرية، ينفع يكون مكتوب بلغتهم الأصلية ولا مينفعش؟
1978	ممكن أعرف الخصومات (زي سلفة أو مدفوعات) ما ينفع تأخذ من المرتب كام؟
3184	ممكن أعرف لو أنا قدمت طلب استنصتي وجهة العمل ما وافقتش عليه، الوضع الشرعي ساعتها بيكون إيه؟ (تركيز على الجانب القانوني)؟
111	لو سمحت، المؤسسةانة المفروض الواحد يشتغلها في اليوم بتاخد إيه عدد ساعة حسب التشريع؟
1441	طيب، أقصى مدة لعقد التجربة بتكون قد إيه بالظبط؟ (بيسأل عن الحد الأقصى لعقد التجربة بشكل مباشر ومحدد)؟
2100	يعني لو صاحب الشغل معطلش المرتب في الميعاد المتفق عليه، الشرع بيقول ما هو حقوقي؟
1963	طيب، عايز أعرف، بالنسبة للتأمين، العلاوات والمكافآت دي بيعتبروها جزء من الأجر اللي بيتحسب عليه نسبة الاشتراك ولا ليها حسبة تانية؟
3484	ممكن أعرف لو أم بترضع طفلها في الشغل، وقت الرضاعة ده بيعتبر جزء من الدوام الرسمي بتاعها ولا لازم تعوضه عقبين؟
1240	"ممكن أعرف ""لو واحد عايز يقدم على إجازة حج، أي اللي المفروض يكون موجود فيه علشان طلبه يتقبل؟ فيه اشتراطات خاصة بالعمر أو المدة اللي قضاها في الشركة؟""؟"
5406	"يعني هل توجد مادة قانونية بتجرم أي نوع من أنواع التنمر أو التحرش اللي بيحصل في محيط العمل؟ (هذه الصياغة تستخدم مصطلحات قانونية أكثر مثل ""مادة قانونية"" و ""محيط العمل"").؟"
1751	هل من حق الموظف اللي بيشتغل في فترة تجريبية حسب العقد، إنه يرفض الاستمرار فيها وينهي شغله بدري؟
3952	"ممكن أعرف يا جدعان، هو القانون بيجبر صاحب أي مصلحة إنه يشوف سجلات الموظفين اللي عنده في الشرطة، عشان يتأكد إنهم مش خطر على باقي الناس؟ (تغيير في الكلمات واللهجة مع التركيز على ""الخطر على باقي الناس"").؟"
410	بصراحة، هل فيه إمكانية إن شغل يوم الأحد يكون بديل للإيجار اللي بيدفعوه كل أسبوع؟ أي اللي بيقوله النظام في الموضوع ده بالتحديد؟
4797	"لو سمحت، حد من الصحة بييجي يتأكد من سلامة المستشفى اللي بنشتغل فيها؟ (يستخدم كلمة ""سلامة"" للتعبير عن الجودة)؟"
4617	لو سمحت، هل فيه مواد في الشرع بتعاقب اللي بيتنمر أو بيهين زمايله في الشغل؟ (تركز على العقوبات المشروعة)؟
1797	لو سمحت، مطلوب يكون في حساب بنكي لصرف المرتب ولا يجوز كاش بالكامل؟
5177	هل في فرضية قانونية لضمان زيادات سنوية (زي ما حصل حكم 3%)؟
683	يعني الواحد ليه كام يوم إجازة طارئة في السنة، زي مثلاً مناسبة مفاجئة أو حاجة ضرورية؟
2920	ممكن أعرف ينفع العامل يشتغل وهو بياخد معاش؟ ويا ترى هيلاقي مشاكل كتير؟ (تركيز على الإمكانية العملية والمشاكل المحتملة)؟
1709	"السؤال هنا، لو التغييرات اللي حصلت في العقد خلت الشغل مستحيل بالنسبة للعامل، هل من حقه إنه ياخد إجراءات تصعيدية؟ (هذه الصيغة تستخدم لغة أكثر رسمية، وتستبدل ""الاعتصام"" بـ ""إجراءات تصعيدية"".)"
3223	طيب، طب فرضًا كسبت قضية تعويض، هل فيه احتمال إني ماخدش المبلغ اللي بستحقه بالإيه كمل بسبب وجود حد أقصى للتعويضات في التشريع؟
1420	ممكن أعرف يمكن تشرح لي الفرق بين نوعين عقود الوظيفة: عقد بمدة مُحددة وعقد مفتوح المدة؟
3450	يعني فترات الرضاعة ضمن محسوبة ضمن ساعات العمل ولا مش محسوبين؟
5047	طيب، ينفع الواحد يشتغل أو يدخل شغل من غير شهادة وهو عنده أقل من 15 سنة؟ (تركز على علاقة الشهادة بسوق العمل أو فرص الشغل لمن هم دون الـ 15)؟
644	بصراحة، العمال في الأعمال الخطرة زي التعدين أو الكيماويات بيستحقوا كام يوم إضافية؟
620	بصراحة، ما هو وضع الناس اللي عندهم ظروف خاصة من ناحية الإجازات السنهوية؟ يعني كام يوم المفروض ياخدوا في السنة؟
1236	"يعني ""لو واحد عايز يقدم على إجازة حج، إيه اللي المفروض يكون موجود فيه علشان طلبه يتقبل؟ فيه اشتراطات خاصة بالعمر أو المدة اللي قضاها في الشغل؟""؟"
3077	"لو الاستقالة طلعت مني وأنا متوتر ومجبور، أقدر أرجع في كلامي وأقول مش عايز استقيل؟ ولا القانون بيقول خلاص كده الاستقالة تمت ومينفعش أغير فيها؟ (تستخدم ""متوتر ومجبور"" لتوضيح الضغط وتشدد على الرغبة في التراجع)"
1786	ممكن أعرف طريقة صرف المرتب ماشية إزاي؟ بتستلموه شهريًا، أسبوعيًا، ولا بتقبضوا باليوم؟
3523	طيب، هل ينفع الشركة تفضل الحامل وهي في إجازة الوضع أو بعدها مباشرة؟
2629	طيب، يا ترى فيه اختلاف بين السن اللي بيطلع فيه الواحد معاش والسن اللي ممكن صاحب الشغل يمشيك فيه من الشغل؟
2208	يعني يجوز أعرف أقصى قيمة للخصومات اللي ممكن تتسحب من مرتبي؟
3755	"لو حصلت مشكلة أو حد اتأذى، مين اللي هيتحاسب؟ (تستخدم ""مشكلة"" بدل ""حادث""، و""اتأذى"" بدل ""إصابة""، و""يتحاسب"" للإشارة إلى تحمل العواقب)"
4467	لو سمحت، إيه واجبات صاحب الوظيفة من ناحية توفير وسائل الأمان والحماية للعاملين؟ القانون بيحدد إيه بالظبط في الموضوع ده؟
1299	لو سمحت، لو نزلت الشغل في يوم إجازة مدفوعة الأجر زي العيد، المفروض آخد قد ما هو بدل شغل اليوم ده؟
4780	ممكن أعرف بصبريك، كل منشأة كبيرة مفروض يكون فيها لجنة سلامة؟ الكلام ده في القانون ولا دي مجرد توصيات؟
2710	ممكن أعرف لو سمحت، ممكن تشرح لي طريقة احتساب مكافأة نهاية الخدمة؟ أنا عارف إن السنة الأولى ليها نص شهر، والسنتين اللي عقبيها ليهم شهرين، بس عايز أعرف التفاصيل أكتر.؟
1252	"ممكن أعرف ""عايز أعرف، ماذا هي الشروط اللي لازم الواحد يكون محققها عشان يقدر يقدم على إجازة حج وياخدها؟ هل فيه قيود على العمر أو المدة اللي اشتغلها في وظيفته؟""؟"
4085	"طيب الواحد لو مات وهو في وظيفته، أسرته تستحق إيه من الشركة أو الحكومة؟ (هنا حددنا جهات ممكنة للدفع مثل ""الشركة"" أو ""الحكومة"")."
344	بصراحة، أنا شغال 6 أيام أسبوعياً، طيب إجمالي كمية وقت البريك في الأسبوع الواحدية بتاعتي كام؟
2798	بصراحة، لو موظف طلع على المعاش واشتغل في شغلانة تانية مش متسجلة في التأمينات، ده يأثر على أي؟
947	إيه الوضع بالنسبة للمرأة اللي كانت شغالة وخلفت؟ هل ليها الحق ترجع تشتغل نفس الشغلانة تاني بعد الإجازة؟
2840	بصراحة، هل العامل من حقه يطلب صرف المكافأة قبل التقاعد؟
780	يعني فيه نظام معين لإجازات المذاكرة للموظفين اللي بيديروا الامتحانات في الجامعة؟ يعني، كام يوم إجازة يأخذون؟ (تركيز على وجود نظام محدد والسؤال عن عدد الأيام كجزء من النظام)؟
1854	يعني فيه حد يعرف آخر مرة اتحدد فيها أقل مرتب في القطاع الخاص كان كام جنيه؟
1537	طيب، هل الدولة بتعترف بالشغل اللي بيتعمل عن طريق الإنترنت والشغل اللي مش بيكون طول اليوم ولا لسه مفيش اعتراف رسمي؟ (هنا تفصيل أكبر لوصف طبيعة العمل مع التأكيد على الاعتراف الرسمي)؟
960	يعني بعد إجازة الأمومة، الست العاملة ليها ضمان إنها هترجع لنفس منصبها ومسؤولياتها اللي كانت ماسكاها قبل كده؟
2835	لو سمحت، بصراحة، هل فيه أي طريقة تخلي الواحد هو اللي يحدد ميعاد خروجه من الشركة للمعاش بإرادته؟ ويا ترى الطريقة دي عبارة عن ماذا؟
2762	بصراحة، أنا عندي واحد شغال في شركة خاصة، وقرب على عمر الستين. عاوز أعرف، بعد كده هيقبض إيه؟ هل فيه معاش من الشركة نفسها، ولا كل حاجة بتروح للتأمين؟
1899	"لو سمحت، هل الشرع بيوجب على الشركات إنها تزود المرتبات بشكل سنوي؟ ولو الإجابة أيوة، نسبة الزيادة السنوية دي بتكون كام في المية تحديدًا؟ (استخدام كلمة ""يوجب"" لتأكيد الإلزام والتركيز على التحديد)؟"
457	طيب، فيه أيام الدولة بتديها لينا إجازة، زي يوم الجمعة. يا ترى، الإجازات دي بتعتبر جزء من أيام الشغل الأسبوعية ولاّ لا تدخل في حساب الأسبوع أصلاً؟ (تركيز على البساطة والوضوح)؟
4337	"يعني لو الشركة مشيتني من غير سبب مقنع، إيه الخطوات اللي لازم أتبعها علشان آخد تعويض؟ وهل فيه مبلغ محدد هو أقصى قيمة ممكن التعويض يوصلها؟ (استخدام ""خطوات لازم أتبعها"" بدلاً من ""بكسب تعويض إزاي"")"
4444	"ممكن أعرف لو حصل فصل تعسفي، إزاي الواحد يقدر يستفيد من محكمة الدوام الجديدة دي؟ وهل ممكن أقدم شكوى على طول ولا ضروري أعدّي على جهة تانية الأول؟ (تستخدم مصطلح ""فصل تعسفي"" و تركز على وجود جهة وسيطة قبل المحكمة)؟"
4090	"ممكن أعرف طيب الواحد لو مات وهو في وظيفته، أسرته تستحق إيه من الشركة أو الحكومة؟ (هنا حددنا جهات ممكنة للدفع مثل ""الشركة"" أو ""الحكومة"").؟"
5505	لو سمحت، إذا حصل انتهاك للحقوق في مكان الشغل، نقدر نشتكي فين؟ (وزارة القوى العاملة أو المحكمة)؟
3150	يعني هل في إجراءات معينة مطلوب أعملها قبل ما أقول إني رجعت في كلامي عن الاستقالة؟ وياترى القانون بيسمحلي أرجع في الاستقالة دي لحد مدة قد أي؟ (هذا السؤال يركز على الإجراءات المطلوبة ويسأل عن المدة التي يسمح بها القانون).؟
5273	إيه هي بنود قانون العمل الجديد اللي بتتكلم عن منع التمييز والإهانة في الشغل؟ ممكن تشرحها بشكل مبسط؟
520	ممكن أعرف لو أول سنة شغلك ليك فيها 15 يوم إجازة، فالسنة اللي وراها هتاخد كام يوم إجازة؟
5436	يعني مين اللي مسؤول عن إنه يوفر بيئة شغل آمنة من التحرش ويحمي سرية أي حد يشتكي؟ قصدي، صاحب الشركة عليه واجب يعمل كده؟
3745	"طيب، لو حصلت خبطة أو حد اتعور، اللوم يقع على مين؟ (تستخدم كلمة ""خبطة"" للإشارة إلى الحادث، وتستبدل ""المسؤولية"" بـ ""اللوم"")؟"
1908	يعني بالبلدي كده، الزيادة العمروية الـ 3% بتتحسب على المرتب الأساسي ولا المرتب اللي بنأمن بيه؟ (تركيز على التعبير العامي والوضوح)؟
271	طيب، ماذا المدة القانونية اللي المفروض ناخدها كاستراحة غداء في اليوم الواحد؟
1603	طيب، لو عايزين نعمل عقد رسمي، واجب نلتزم بحاجات معينة في كتابته، زي تفاصيل المرتب وكل المعلومات المهمة، ولا ما هو؟ (تركيز على الرسمية والالتزام بمعايير كتابة العقد)؟
2567	إيه المعايير اللي بيستخدموها عشان يحددوا الحد الأدنى والحد الأقصى للأجر اللي بيتأمن عليه؟
4461	لو سمحت، صاحب الشغل عليه يوفر وسائل حماية وقاية للعاملين؟ القانون قال إيه؟
564	يعني ماذا الفترة الزمنية اللي لازم الواحد يشتغلها في الشركة عشان يقدر ياخد إجازة عمروية مدتها 30 يوم؟
5182	ممكن أعرف هل في فرضية قانونية لضمان زيادات سنهوية (زي ما حصل حكم 3%)؟
2129	مرتبي اللي فاضل ومخدتوش، بيروح عليا ولا بينزل مع مرتب السنة الجديدة؟
1974	يعني الخصومات (زي سلفة أو مدفوعات) ما ينفع تأخذ من المرتب كام؟
4118	بصراحة، لو حصلتلي مشكلة صحية بسبب الشغل، هل أقدر أعتمد على التأمين الصحي بتاعي في العلاج؟ (تركيز على الاعتماد على التأمين)؟
3290	بصراحة، طيب، في حالة الاستقالة، ماذا وضع محكمة القضاء الإداري؟ إيه القانون اللي بيحكم الاستقالات دي تبعهم؟ (يسأل عن اختصاص القضاء الإداري والقانون المطبق)؟
1021	طيب، الست اللي لسه والدة وبترضع البيبي، ليها كام ساعة زيادة في اليوم تاخدها عشان ترضع؟
5059	طيب، ينفع طفل عنده أقل من 15 سنة يلاقي فرصة كويسة من غير ما يكون معاه شهادة تثبت تعليمه؟ (تركز على فكرة الفرص المتاحة لمن هم دون الـ 15 بغض النظر عن الشهادة)؟
234	يعني البريكات اللي بناخدها في الشغل، زي وقت الأكل، بتتضاف على الـ 8 ساعة شغل ولا لأ؟
1297	طيب، لو نزلت الشغل في يوم إجازة مدفوعة الأجر زي العيد، المفروض آخد كام بدل شغل اليوم ده؟
1004	بصراحة، الست المرضعة لها حق كام مدة راحة إضافية للرضاعة؟
227	هل وقت الراحة اللي بناخده في الشغل، سواء للغدا أو غيره، بنعتبره من ضمن مدة الشغل اللي هي 8 ساعات؟
5169	"لو سمحت، دلوقتي الحد الأدنى زاد ست تلاف وسبع تلاف جنيه، ليه بقى الشركات دي مش راضية تدفع زياده؟ إيه اللي بيحصل بالظبط؟ (تركيز على عدم الرغبة في الدفع واستخدام ""إيه اللي بيحصل بالظبط؟"" للاستفسار بشكل أعمق)؟"
786	يعني إجازة دراسية في أيام الامتحانات تقل من الرصيد السنهوي ولا مجانًا؟
3501	لو سمحت، واحدة ولدت ورجعت شغلها في فترة قصيرة، هل ده حقها قانونًا، وهل نظام الوظيفة بيسمح بكده فعلاً؟
3556	"ممكن أعرف هل فيه أي مانع لو الشركة قدمت تسهيلات أو امتيازات للموظفة الحامل اللي واخده إجازة وضع أو اللي رجعت الشغل بعد مرورها علطول؟ (هذه الصيغة تستخدم ""تسهيلات أو امتيازات"" وتوضح حالة الموظفة بشكل مفصل)؟"
3642	"يعني ""إيه المجالات اللي القانون بتاع عمرة 2025، اللي بيحمي الستات الحوامل من التمييز، بيغطيها؟""؟"
2115	لو سمحت، ايه اللي ممكن يحصل لو صاحب المؤسسة اخر صرف المرتب؟ وايه الاجراءات اللي القانون بيحمي بيها العامل؟
4750	ممكن أعرف هل في لجنة سلامة في كل منشأة كبيرة؟ القانون طلب دا؟
3315	لو سمحت، طيب، محكمة الشغل الجديدة دي شغلها إيه بالظبط؟ وإفرض يعني الشركة طردتني، إيه اللي يخليني أقدر أروح المحكمة دي من غير ما أستأذن الحكومة؟ (تركز على التوضيح والشرح البسيط)؟
2954	بصراحة، إيه الأوراق المطلوبة عشان أقدم على المعاش؟ ويا ترى المعاش بييجي بعد مرور قد إيه من التقاعد؟ (تركز على الأوراق المطلوبة والمدة الزمنية)؟
3158	بصراحة، أنا محتار، لو عايز أتراجع عن الاستقالة، أبلغهم إزاي الأول؟ ويا ترى القانون سامحلي بفترة أد أي عشان أغير رأيي في موضوع الاستقالة ده؟ (هذا السؤال يعبر عن الحيرة ويسأل عن طريقة التبليغ والفترة المتاحة لتغيير الرأي).؟
900	"يعني يا ترى الراجل من حقه ياخد كام مرة إجازة أبوة خلال شغله كله؟ (تركيز على إجازة الأبوة كمرادف لإجازة الولادة، واستخدام كلمة ""شغله"" بدلاً من ""حياته المهنية"")؟"
660	يعني بالنسبة للناس اللي شغلهم فيه نسبة خطورة عالية زي شغل الكيماويات أو التعدين، بياخدوا كام يوم إضافي على رصيد إجازاتهم السنهوية؟ (توضيح أن الإجازة الإضافية مرتبطة برصيد الإجازات)؟
2085	لو سمحت، لو صاحب الشغل اتأخر في صرف المرتب كام يوم، النظام قال أي؟
140	بصراحة، هل ممكن يطالب مني المؤسسة أكثر من 8 وقت في اليوم؟
1571	يعني مينفعش نكتب العقد غير بالعربي؟ طب لو شركة أجنبية بتشاركنا، لازم برضو نلزّمهم بالعربي ولا ممكن نكتبه بلغتهم وخلاص؟
3768	"يعني مين الطرف اللي هيكون مسؤول عن أي حاجة تحصل لو حد اتخبط أو حصل له ضرر؟ (تستخدم ""الطرف"" بدلا من ""مين""، و""اتخبط"" بدلا من ""حادث""، و""ضرر"" بدلا من ""إصابة"")؟"
4585	طيب، هل العامل من حقه يقول لأ للشغلانة لو كانت هتعرضه للخطر عشان مفيش إجراءات وقاية أو أدوات سلامة؟
2614	ممكن أعرف الواحد عشان يطلع معاش من شركة خاصة، المفروض يكون عنده كام سنة حسب النظام الجديد؟
867	لو سمحت، الست اللي بتشتغل ليها حق تاخد كام شهر إجازة بعد الولادة؟
675	لو سمحت، طيب، الناس اللي شغالين في شغلانة زي التعدين أو الكيماويات، بيزيدوا كام يوم في إجازتهم بسبب طبيعة شغلهم الخطيرة؟ (تركيز على سبب الإجازة الإضافية وهو طبيعة العمل الخطيرة)؟
3149	هل في إجراءات معينة لازم أعملها قبل ما أقول إني رجعت في كلامي عن الاستقالة؟ وياترى القانون بيسمحلي أرجع في الاستقالة دي لحد مدة قد إيه؟ (هذا السؤال يركز على الإجراءات المطلوبة ويسأل عن المدة التي يسمح بها القانون).
5014	ممكن أعرف بالنسبة للمرحلة العمرية من 15 لـ 17 عمرة، هل مسموح ليهم يشتغلوا في مشاريع صغيرة أو يشاركوا في أعمال لخدمة المجتمع؟ (تركيز على السماح القانوني أو التنظيمي)؟
784	ممكن أعرف فيه نظام معين لإجازات المذاكرة للموظفين اللي بيديروا الامتحانات في الجامعة؟ يعني، أد ماذا يوم إجازة بياخدوا؟ (تركيز على وجود نظام محدد والسؤال عن عدد الأيام كجزء من النظام)؟
3170	بصراحة، طب لو أنا مشيت وكتبت استذكرتي، بس الشغل مارضيش يحصل على بيها، أعمل إيه؟ (تركيز على الإجراء التالي)؟
3199	طيب، لو حصلت على حكم في قضية تعويض لأنه القانون حددش سقف التعويض؟
4791	لو سمحت، هل فيه كشف دوري من جهة طبية على مستشفى الشغل؟ (هذا السؤال يركز على وجود فحص دوري بشكل عام)؟
4473	لو سمحت، يا ترى القانون بيقول إيه عن مسؤولية صاحب العمل في إنه يدي للعاملين بتوعه كل أدوات السلامة والوقاية اللازمة؟
1833	لو سمحت، آخر مرة تم تحديد الحد الأدنى للأجر في القطاع الخاص كان كام جنيه؟
3012	يعني امتى بالظبط يقدر صاحب الشركة يستغنى عن خدمات العامل؟ وهل القانون بيفرض وجود قرار من المحكمة علشان الفصل ده يكون سليم؟
4850	"بصراحة، مينفعش تشتغل قبل سنه كام في مصر؟ ده قانون ولا ايه؟ (تستخدم عبارة ""مينفعش"" للتعبير عن المنع و ""ده قانون ولا ايه؟"" للتأكد من أن الأمر يتعلق بقانون)؟"
3005	إيه الحقوق اللي بتدي لصاحب الشغل الحق إنه يفصل العامل؟ وهل لازم يستنى حكم المحكمة قبل ما ياخد القرار ده؟
2351	افرض الشركة حسبت مرتبي غلط، هل فيه طريقة لتصحيح الخطأ ده بعد ما قبضت؟ وإيه موقف القانون من حاجة زي كده؟
2193	لو سمحت، الخصومات: الحد الأقصى للخصم من المرتب كم؟
3961	طيب، واحد عدى الستين واشتغل، ياخد تعويض أي لما يبطل شغل؟ (نهاية خدمة يعني)؟
3711	لو سمحت، ضروري يبقى فيه دكتور شغل أو دكتور متخصص موجود في المصانع؟
850	ممكن أعرف لو خلفت، جوزي يقدر ياخد كام يوم بريك من الوظيفة بمناسبة الوضع؟ (صياغة من وجهة نظر الزوجة، وتسأل عن الراحة من العمل)؟
5248	ممكن أعرف لو الإدارة فضلت على المرتب القديم ومغيرتش، يبقى كده عملوا حاجة غلط قانونًا ولا هما أحرار في قراراتهم دي؟
4281	لو سمحت، لو قدمت استقالتي، واجب أصل مكتب الوظيفة أو الجهات الإدارية يصدقوا عليها؟
1078	ممكن أعرف بعد أول 3 شهور بأجر كامل، بقية الإجازة المرضية بتتوزع إزاي؟
3536	"بصراحة، مسموح للشركة تدي ميزات أو معاملة خاصة للموظفة الحامل سواء في مدة إجازة الوضع أو أول ما ترجع شغل؟ (هذه الصيغة تستخدم كلمة ""مسموح"" وتوضح المقصود بـ""تفضل"" باستخدام ""ميزات أو معاملة خاصة"")؟"
4787	هل فيه كشف دوري من جهة طبية على مستشفى الشغل؟ (هذا السؤال يركز على وجود فحص دوري بشكل عام)
3305	محكمة العمل الجديدة بتختص بإيه؟ لو فرضًا فصلتني، ليه هناك حق أروح المحكمة بدون موافقة الحكومة؟
3949	"طيب، يا جدعان، هو القانون بيجبر صاحب أي مصلحة إنه يشوف سجلات الموظفين اللي عنده في الشرطة، عشان يتأكد إنهم مش خطر على باقي الناس؟ (تغيير في الكلمات واللهجة مع التركيز على ""الخطر على باقي الناس"").؟"
3584	بصراحة، إيه الامتيازات أو الحقوق الإضافية اللي ستات الحوامل أخدوها في قانون الشركة الجديد؟
4005	لو سمحت، عاوز أعرف طريقة احتساب مكافأة نهاية الخدمة. يعني، لو اشتغلت قد إيه سنهة، النص شهر ده والشهر اللي بعده بيتجابوا إزاي؟
5099	يعني القانون بيوجب على الشركات تزود المرتبات كل سنة بحد أدنى كام؟
4055	السؤال بالبلدي: الفلوس دي بندفعها للموظف لو قرر يسيب الشغل بعد سن معين، ولا دي بس للناس اللي الشركة بتستغنى عنهم؟
5045	ينفع الواحد يشتغل أو يدخل شغل من غير شهادة وهو عنده أقل من 15 سنة؟ (تركز على علاقة الشهادة بسوق العمل أو فرص الشغل لمن هم دون الـ 15)
4114	ممكن أعرف لو الواحد جاله مرض نتيجة شغله، هل التأمين الصحي بيتحمل تكاليف علاجه؟ (تركيز على تحمل التكاليف)؟
1708	"ممكن أعرف يعني لو العامل شايف إن التعديلات اللي في العقد دي مش ماشية معاه، مسموح له يوقف شغله ويعترض؟ (هذه الصيغة تستخدم تعبير ""مش ماشية معاه"" للتعبير عن عدم القدرة على العمل، وتستخدم مصطلح ""يوقف شغله ويعترض"" بدلا من الاعتصام.)؟"
1692	يعني طيب، فرضًا العامل مش عارف يِتأقلم مع الشغل بعد التعديلات الجديدة في العقد، مِن حقه يعمل إضراب؟ (هذه الصيغة تستخدم كلمات مختلفة وتسأل عن نفس الحق بشكل مباشر، مع التركيز على التأقلم.)؟
1384	ممكن أعرف كم نوع من عقود العمل مُعترف بيه قانونًا لما تشتغل في شركة خاصة؟
3767	"مين الطرف اللي هيكون مسؤول عن أي حاجة تحصل لو حد اتخبط أو حصل له ضرر؟ (تستخدم ""الطرف"" بدلا من ""مين""، و""اتخبط"" بدلا من ""حادث""، و""ضرر"" بدلا من ""إصابة"")"
2105	لو فيه تأخير في قبض المرتب من الشغل، القانون بيحدد مدة سماح قد إيه قبل ما أقدر أشتكي؟
1175	السؤال: لو فيه واحد بيشتغل في مصنع وبيخلط حاجات، وعنده مرض بينتشر، يقعد في الحجر كام شهر لحد ما يبقى كويس؟
4214	"بصراحة، يعني ما هو بالظبط ""نموذج 6""؟ وإيه القانون بيقول فيه حالياً؟ (تركز على المصطلح ""نموذج"" بدلاً من ""استمارة"" واستخدام كلمة ""القانون"" بدلًا من ""الوضع القانوني"")؟"
3672	يعني إيه هي إجراءات السلامة اللي المفروض صاحب الشغل يوفرها للعمال حسب التشريع؟
908	"بصراحة، الراجل ممكن يستفيد من إجازة رعاية مولود جديد إيه كمية مرة في تاريخ وظيفته؟ (استخدام مصطلح ""إجازة رعاية مولود جديد"" واستبدال ""حياته المهنية"" بـ ""تاريخ وظيفته"")؟"
1436	بصراحة، عقود التجربة مدتها كام شهر بحد أقصى؟
3649	"طيب، ""القانون اللي طالع سنة 2025 عشان يمنع التمييز ضد الحوامل، عايز يحل مشكلة التمييز في أي ناحية من نواحي الحياة؟""؟"
5062	ممكن أعرف ينفع طفل عنده أقل من 15 سنة يلاقي فرصة كويسة من غير ما يكون معاه شهادة تثبت تعليمه؟ (تركز على فكرة الفرص المتاحة لمن هم دون الـ 15 بغض النظر عن الشهادة)؟
2528	بصراحة، بالنسبة للاشتراكات، العامل بيتحمل جزء أد ماذا منها وصاحب العمل بيتحمل الجزء الباقي؟ عايزين نعرف توزيع المساهمات بالضبط.؟
5161	طيب، مش المفروض بعد ما الحد الأدنى للأجور بقى أعلى بستة وسبعة آلاف جنيه، الشركات دي تعدل أوضاعها؟ ليه لسه مفيش أي تغيير؟ (تركيز على توقع التعديل في الأوضاع)؟
357	لو سمحت، يعني ليّ يوم راحة قد إيهل كل أسبوع بأجره؟
1241	"""إيه المعايير اللي بناءً عليها بتتمنح إجازة الحج؟ هل فيه عوامل زي السن أو عدد سنوات الخبرة بتلعب دور في الموافقة عليها؟"""
5128	ممكن أعرف الـ 3% زيادة اللي بتيجي كل سنة، دي بتضاف على قيمة المرتب الأصلي اللي بآخده في إيدي، ولا قيمة المرتب اللي بتدخل في حسابات التأمينات؟
980	بصراحة، من أنهي مرحلة في الحمل، القانون بيسمح للمرأة العاملة بإنها تشتغل عدد ساعة أقل في اليوم؟
119	يعني لو الواحد اشتغل باليومية، القانون محدد كام ساعة شغل في اليوم الواحد؟
5008	ممكن أعرف ينفع اللي عندهم من 15 لـ 17 سنة يشتركوا في مشاريع صغيرة أو يخدموا المجتمع بشكل تطوعي؟ (تركيز على الإمكانية والجهات التي تقدم الفرص)؟
1860	يعني أعلى قيمة وصل ليها الحد الأدنى للأجور في الشركات الخاصة كانت أد ما هو جنيه، وده كان امتى؟
4977	لو سمحت، لو فيه ولد أو بنت في ثانوي أو إعدادي نفسه يشتغل شغلانة جنب الدراسة، أي التعليمات اللي المفروض يلتزم بيها؟
4096	"ممكن أعرف لو شخص كان بيشتغل ومات فجأة، أهله ياخدوا مرتب شهر ولا إيه اللي بيحصل بالضبط في الحالات دي؟ (ركزنا على إمكانية الحصول على ""مرتب شهر"" كمثال، مع استخدام عبارة ""إيه اللي بيحصل بالضبط"").؟"
220	ممكن أعرف هل وقت الفسح، زي أكل العيش أو البريك، جزء من الـ 8 ساعة شغل الرسميين؟
2499	لو سمحت، فيه إلزام على أصحاب الأعمال بتسجيل الموظفين في التأمينات الاجتماعية من بداية شغلهم في الشركة؟
1871	فيه قانون بيفرض زيادة مرتبات كل سنة؟ ولو فيه، القانون ده بيقول الزيادة لازم تكون كام في المية بالظبط؟ (تغيير كبير في التركيب مع الحفاظ على المعنى)
5481	"لو سمحت، النظام الجديد ده بيأكد إن مفيش فرق في المرتب بين الرجالة والستات لو بيعملوا نفس الوظيفة؟ (تأكيد على نفي التفرقة واستخدام كلمة ""وظيفة"" بدل ""عمل"")؟"
856	ممكن أعرف ما هو نظام إجازة الأبوة في مصر؟ يعني الأب بيأخذ أد إيه يوم لما مراته تجيب طفل؟ (تستفسر عن النظام بشكل عام ثم تحدد المدة)؟
4149	لو سمحت، لو موظف اتأذى جامد وهو في الشغل، مين اللي بيدي له فلوس العلاج والتعويض اللي يستحقها؟
4625	في مصر، هل فيه قوانين بتمنع وتجرم أي تصرفات مؤذية أو مهينة بتحصل بين الزملا في الشغل؟ (تركز على منع التجريم)
1993	طيب، إيه الحد الأقصى اللي ممكن يتشال من مرتبي كخصومات بأنواعها؟ زي السُلفة اللي خدتها أو أي مبالغ تانية بدفعها؟
5196	"يعني ""هل فيه مادة في القانون أو نص قانوني بيأكد حق الموظفين في زيادة سنوية للمرتبات، زي ما حصل في الحكم بتاع الـ 3%؟"" (هذا السؤال يبحث تحديدًا عن مادة أو نص قانوني).؟"
1456	ممكن أعرف عقد التجربة ينفع يوصل لحد أد إيه شهر؟ (بيستفسر عن الحد الأعلى لمدة عقد التجربة)؟
3581	إيه الامتيازات أو الحقوق الإضافية اللي ستات الحوامل أخدوها في قانون الشغل الجديد؟
4369	طيب، معلش، عاوز أعرف التعويض بيتحسب بناءً على كام سنة شغل؟ ويا ترى فيه أي حاجة تانية لازم الواحد يكون عارفها؟
815	"سؤال مهم: لما يكون فيه امتحانات وأنا محتاج آخد إجازة عشان أذاكر، هل دي بتعتبر إجازة رسمية بتتخصم من رصيدي السنوي ولا إيه نظامها بالظبط؟ (تقديم مقدمة ""سؤال مهم""، استخدام ""إجازة رسمية"" بدلاً من ""إجازة دراسية""، ""إيه نظامها بالظبط"" لإضافة توضيح.)"
3830	بصراحة، التفتيش على السلامة ده، القانون بيحدده بيحصل بانتظام؟ لو آه، بيحصل كل قد ما هو تحديدا؟ (تأكيد على الانتظام والسؤال عن المدة المعينة)؟
1100	بصراحة، تمام، في أول تلات شهور من الإجازة المرضية بيكون المرتب كامل، طب بعد مرور كده، المرتب بيقل ولا بيبقى فيه نظام تاني؟
3836	بصراحة، التفتيشات اللي بتتعمل عشان نتأكد من السلامة، ليها جدول زمني محدد في النظام؟ يعني بيفتشوا كل أد إيه شهر أو سنهة؟ (تحديد أكثر للفترة الزمنية المحتملة)؟
4967	إيه هي الضوابط والقواعد اللي لازم يعرفها أي طالب بيدرس وعاوز يشتغل شغلانة نص دوام؟
3236	بصراحة، التعويض بيتُعد على كم سنين خدمة؟ وليه القانون سايبها؟
193	طيب، عدد ساعات العمل كل أسبوعية اللي القانون بيحددها أد إيه؟
4819	طيب، الحد الأدنى لسن العمل كام سنة في مصر؟
284	بصراحة، لازم بعد كام ساعة شغل ناخد استراحة؟
1330	ممكن أعرف هل ليا يوم بديل ولا أجر مضاعف؟ لو اشتغلت يوم عطلة رسمية، ليَّ؟
3230	بصراحة، لو التعويض اللي المفروض اخده كبير جدًا، هل ممكن القانون يقلله عشان فيه قيمة محددة مينفعش اتعداها؟
2839	طيب، هل العامل من حقه يطلب صرف المكافأة قبل التقاعد؟
1954	ممكن أعرف هل المكافآت والتشجيعات اللي باخدها في الشركة بتدخل في المبلغ اللي بيتاخد منه فلوس التأمين؟
4543	طيب، لو الواحد اتصاب أو حصل له حادثة وهو شغال، مين اللي المفروض يدفع مصاريف العلاج ويعوضه؟
500	بصراحة، السنهة الأولى متاح 15 يوم إجازة، وبعد كده في السنة التانية يبقى أي عدد يوم؟
2051	مين المسؤول عن حساب المرتب وصرفه، وكمان استقطاع الضرائب والتأمينات؟
2408	بصراحة، لو وافقت على خصم معين في العقد، يفرق قانونًا عن حد الخصم القانوني؟
5264	بصراحة، إيه الآليات اللي حطها قانون العمل الجديد عشان يحمي الموظفين من أي تفرقة أو معاملة وحشة في الشغل؟
4761	لو سمحت، هو شرط أساسي وجود لجنة سلامة في كل مكان شغل كبير؟ القانون قال لازم نعمل كده يعني؟
948	يعني إيه الوضع بالنسبة للمرأة اللي كانت شغالة وخلفت؟ هل ليها الحق ترجع تشتغل نفس الشركةانة تاني بعد الإجازة؟
1966	ممكن أعرف عايز أعرف، بالنسبة للتأمين، العلاوات والمكافآت دي بيعتبروها جزء من الأجر اللي بيتحسب عليه نسبة الاشتراك ولا ليها حسبة تانية؟
1506	يعني التعاقد عن بُعد أو بنظام الدوام الجزئي القانون اعترف به؟
1378	ممكن أعرف حسب النظام، عقد الشغل في القطاع الخاص ليه كام شكل أو نوع؟
1527	لو سمحت، هو قانون المؤسسة وافق على عقود الشغل اللي بتكون من بعيد أو عدد وقت أقل ولا لسه؟ (هنا التركيز على قانون الوظيفة بشكل مباشر)؟
5317	طيب، طبقا للقانون، هل العمال يقدروا يعملوا نقابات وينضموا ليها بمزاجهم من غير ما حد يتدخل؟ (تركيز على عدم التدخل والحرية الشخصية)؟
576	يعني بعد سن الخمسين، حق الموظف كام يوم إجازة في السنة؟ (تركز على حق الموظف في الإجازة)؟
2572	ممكن أعرف أي المعايير اللي بيستخدموها عشان يحددوا الحد الأدنى والحد الأقصى للأجر اللي بيتأمن عليه؟
2973	لو سمحت، ماذا هيا المستندات الرسمية اللي المفروض أجهزها عشان أستحق المعاش؟ وهل فيه فترة انتظار عقب التقاعد لحد ما المعاش يبدأ؟ (تركز على المستندات اللازمة وفترة الانتظار)؟
5035	طيب، هل شهادة دراسية مفروضة قبل سن 15؟
529	طيب، أول سنة ليك في الوظيفة ليك 15 يوم إجازة. السؤال بقى، في السنة التانية هتاخد قد ماذا يوم إجازة؟
4804	"ممكن أعرف يا ترى في حد متخصص في الصحة بيراقب أوضاع المستشفى بتاعتنا؟ (كلمة ""يراقب"" تعطي معنى أوسع من الفحص)؟"
4745	هل في لجنة سلامة في كل منشأة كبيرة؟ القانون طلب دا؟
4969	طيب، إيه هي الضوابط والقواعد اللي واجب يعرفها أي طالب بيدرس وعاوز يشتغل شغلانة نص دوام؟
4017	لو سمحت، إيه هي الطريقة اللي الشركة بتُعتبر بيها مستحقات نهاية الخدمة؟ والنظام بتاع نص شهر وشهر على السنهين، ده بيتم إزاي؟
4176	يعني هل بيتم خصم فلوس للمعاش من مرتبنا؟ و بعد ما نطلع معاش، مين اللي بيقبض الفلوس دي؟ (تركيز على الخصم الفعلي ومن يستفيد من المعاش بعد التقاعد)؟
2800	ممكن أعرف لو موظف طلع على المعاش واشتغل في شغلانة تانية مش متسجلة في التأمينات، ده يأثر على إيه؟
1703	"يعني لو العامل شايف إن التعديلات اللي في العقد دي مش ماشية معاه، مسموح له يوقف شغله ويعترض؟ (هذه الصيغة تستخدم تعبير ""مش ماشية معاه"" للتعبير عن عدم القدرة على العمل، وتستخدم مصطلح ""يوقف شغله ويعترض"" بدلا من الاعتصام.)"
1633	طيب، فيه إلزام قانوني إن توقيع العقد يكون في مكان معتمد زي مكتب الدوام ولا التوقيع العادي كفاية؟
1926	يعني سؤالي بخصوص الزيادة الـ 3% العمروية: هل الزيادة دي بتدخل في حساب الراتب اللي بيتحط في التأمينات الاجتماعية، ولا ليها حسبة تانية بعيد عن التأمين؟ (تركيز على استقلالية الحساب أو ارتباطه بالتأمين)؟
2830	ممكن أعرف سؤالي هو، هل العامل عنده الحق يختار عمر التقاعد اللي يناسبه؟ ولو ده متاح، إيه هي الآلية اللي بتسمحله بكده؟
4273	طيب، أنا ما اديتش لنفسي فرصة العشر أيام اللي المفروض أفكر فيهم قبل الاستقالة. دلوقتي عايز أعرف، المدة المعتمدة اللي بتديني الحق أرجع في كلامي عن الاستقالة هي أد ما هو؟ (هذه الصيغة تؤكد على أهمية زمن التفكير وتسأل عن الحق القانوني في الرجوع عن القرار)؟
3179	لو أنا قدمت طلب استقالتي وجهة العمل ما وافقتش عليه، الوضع القانوني ساعتها بيكون إيه؟ (تركيز على الجانب القانوني)
4485	لو سمحت، ماذا اللي مفروض صاحب الشغل يعمله عشان يحمي العاملين عنده ويأمنهم من المخاطر؟ القانون بيفرض عليه إيه في الحالة دي؟
5469	لو سمحت، التشريع الجديد يضمن المساواة في الأجر بين الموظفين نفس المؤسسة (رجالة وستات)؟
1160	بصراحة، فرضًا إن فيه عامل بيشتغل شغلانة فيها خلط، وجاله مرض بيعدي، يبقى من حقه ياخد كم شهر إجازة مرضية عشان يعزل نفسه؟
2742	يعني لما موظف في شركة خاصة يبلغ الستين سنة، أي وضعه بالنسبة للمعاش؟ الشركة بتدفع له حاجة ولا كل حاجة بتيجي من التأمينات؟
144	يعني ينفع الشركة تطلب مني أشتغل فوق الـ 8 ساعات في اليوم الواحد؟ (تركيز على إمكانية الطلب من الشركة)؟
4133	إذا الواحد اتصاب جدي في الشغل، مين بيتصرف العلاج والتعويض؟
3683	بموجب القانون المصري، صاحب الشغل ملزم بتوفير إيه علشان يحمي العمال في مكان الشغل؟
2600	بصراحة، طبقا للقانون الجديد، الواحد ينفع يطلع معاش من شغل القطاع الخاص على سن كام؟
1737	لو سمحت، لو العقد فيه فترة اختبار، العامل يقدر يقول خلاص مش مكمل الفترة دي ويمشي ولا قانونًا مينفعش؟
2407	طيب، لو وافقت على خصم معين في العقد، يفرق قانونًا عن حد الخصم القانوني؟
2851	طيب، هل قانوناً العامل يقدر يصرف المكافأة بتاعته قبل ما يتقاعد رسمياً، ولا واجب يستنى لحد المعاش؟
782	بصراحة، فيه نظام معين لإجازات المذاكرة للموظفين اللي بيديروا الامتحانات في الجامعة؟ يعني، كام يوم إجازة بياخدوا؟ (تركيز على وجود نظام محدد والسؤال عن كمية الأيام كجزء من النظام)؟
1555	طيب، العقد ده شرط أساسي يبقى باللغة العربية؟ طب لو شركة أجنبية طرف معانا، ينفع يبقى بلغة تانية غير العربي؟
3015	لو سمحت، امتى بالظبط يقدر صاحب الشغل يستغنى عن خدمات العامل؟ وهل القانون بيفرض وجود قرار من المحكمة علشان الفصل ده يكون سليم؟
4373	السؤال بالصراحة: التعويض ده بيحسبوه على أساس خدمة كام سنة بالظبط؟ وإيه هي الاشتراطات الأساسية عشان الواحد ياخده؟
449	بصراحة كدة، لما بناخد إجازة معتمدة من الدولة، زي يوم الجمعة، اليوم ده بيتحسب علينا كأنه يوم اشتغلناه ضمن الأسبوع ولاّ بيروح كدة من غير حساب؟ (تركيز على المصداقية والسؤال المباشر)
2300	بصراحة، الضرايب واشتراكات التأمين، ممكن تنقص أعلى من 25% ولا لأ؟
3001	طيب، تحت أي ظروف يقدر رب العمل يسرح العامل اللي عنده؟ وهل ضروري يبقى فيه حكم من المحكمة عشان التسريح ده يبقى قانوني؟
251	بصراحة، حسب القانون، وقت الراحة (الغداء) المفروض يكون قد إيه في اليوم الواحد؟
2327	"الـ 25% اللي بيتخصموا من الضرايب والتأمين دول، ممكن يبقوا أكتر من كده؟ ولا خلاص، دي النهاية؟ (يسأل بأسلوب مباشر وبسيط، مع التركيز على كلمة ""النهاية"" للتأكيد على الحد الأقصى)"
1814	بصراحة، هو مفروض المرتب يتصرف عن طريق البنك ولا ممكن الشركة تديني فلوسي كلها كاش من غير حساب؟
2176	"ممكن أعرف يا ترى مكافأة الشغل الإضافي (أوفر تايم) بتكون قد إيه بالنسبة للأجر العادي، لو اشتغلت بالليل أو بالنهار؟ (استخدام مصطلح ""مكافأة"" و ""أوفر تايم"")؟"
4572	يعني لو العامل شغله خطر عليه ومفيش وسائل أمان، هل التشريع بيسمح له إنه ميعملش الشغل ده؟
3519	لو سمحت، بعد ما الست بتولد، لو رجعت الشغل بدري، ما هو حقوقها المشروعة في شغلها، وهل ده مضمون في الواقع العملي؟
2488	ممكن أعرف يعني قانونيًا كده، صاحب الوظيفة مُلزم يشترك للتأمين على الموظف من أول ما يبتدي شغل معاه؟
1940	بصراحة، العلاوات والحوافز بتدخل في حساب المرتب للتأمين ولا لا؟
4268	بصراحة، ليه ما قدرتش أصبر عشر أيام؟ هو فيه قانون بيحدد المدة اللي ممكن الواحد يرجع فيها عن استقالته؟ يا ترى المدة دي كم يوم؟ (هذه الصيغة تتساءل عن سبب عدم الصبر وتسأل بشكل مباشر عن المدة المحددة قانونًا)؟
2640	يعني بصراحة، فيه فرق بين سن الواحد لما يوصل للمعاش وبين السن اللي يمكن فيه عقد شغله ينتهي؟
3766	"ممكن أعرف لما تحصل مصيبة أو حد يتصاب، مين اللي هيتحط عليه الحق؟ (تستخدم ""مصيبة"" بدل ""حادث""، و""يتصاب"" بدل ""إصابة""، و""يتحط عليه الحق"" كتعبير عن تحمل المسؤولية)؟"
2564	بصراحة، إزاي بيعرفوا أقل قيمة وأكبر قيمة للأجر اللي بيتخصم منه التأمين؟
4544	بصراحة، لو الواحد اتصاب أو حصل له حادثة وهو شغال، مين اللي المفروض يدفع مصاريف العلاج ويعوضه؟
5085	لو سمحت، طبقا للقانون، المفروض المرتب بتاعي يزيد كل سنهة بمقدار قد إيه؟
3425	بالقانون، الأم اللي بتشتغل وبترضع بيبي، المفروض تشتغل كام ساعة في اليوم، وإيه عدد مرات الرضاعة اللي من حقها تاخدها خلال الشغل؟
4983	لو سمحت، بالنسبة لواحد لسه بيدرس في مدرسة ونفسه يشتغل كام ساعة باليوم، إيه هي الحدود المسموحة؟
2985	لو سمحت، صاحب العمل يقدر يفصل العامل أمتى؟ القانون نص الفصل لازم يكون بقرار من المحكمة؟
1776	يعني نظام قبض المرتب إيه؟ بتاخدوه كل شهر، كل أسبوع، ولا على قد الوظيفة اللي اتعمل في اليوم؟
384	يعني ممكن أعرف، ينفع آخد يوم أجازة بأجر كامل كل أسبوع ولا لأ؟
2483	يعني قانونيًا كده، صاحب الشغل مُلزم يشترك للتأمين على الموظف من أول ما يبتدي شغل معاه؟
1896	"يعني هل القانون بيوجب على الشركات إنها تزود المرتبات بشكل سنوي؟ ولو الإجابة أيوة، نسبة الزيادة السنوية دي بتكون كام في المية تحديدًا؟ (استخدام كلمة ""يوجب"" لتأكيد الإلزام والتركيز على التحديد)؟"
959	بعد إجازة الأمومة، الست العاملة ليها ضمان إنها هترجع لنفس منصبها ومسؤولياتها اللي كانت ماسكاها قبل كده؟
1991	إيه الحد الأقصى اللي ممكن يتشال من مرتبي كخصومات بأنواعها؟ زي السُلفة اللي خدتها أو أي مبالغ تانية بدفعها؟
211	طيب، وقت الاستراحة (زي الغداء أو فترات راحة) بتتحسب ضمن الـ8 ساعات؟
5533	طيب، لما حقوق العامل تتهدر في مكان شغله، المفروض يتوجه بشكواه فين؟ لوزارة العمل ولا المحكمة المختصة؟
837	لو سمحت، قانونًا، الأب من حقه ياخد إجازة والدية مدتها قد إيه لما البيبي يجي؟ (صياغة رسمية أكثر، تسأل عن الحق القانوني)؟
3390	يعني شغل الست الحامل عقب مواعيد العمل الرسمية أو بأجر إضافي، جائز بيه ولا مخالف للقانون؟ (تغيير في التركيز على نوع العمل)؟
919	"طيب، الراجل يقدر ياخد إجازة عشان مراته خلفت كام مرة في خلال شغله؟ (إعادة صياغة السؤال بشكل أوضح، مع التركيز على سبب الإجازة وهو ولادة زوجته، واستخدام كلمة ""خلفت"" باللهجة المصرية العامية)؟"
3655	"طيب، ""بخصوص القانون اللي صدر سنة 2025 وبيحرم التمييز على أساس الحمل، التمييز الممنوع ده بيكون في انهي أنواع من التعاملات أو المواقف؟""؟"
567	لو سمحت، إيه الفترة الزمنية اللي لازم الواحد يشتغلها في الشركة عشان يقدر ياخد إجازة سنهوية مدتها 30 يوم؟
1596	يعني هل فيه متطلبات قانونية معينة لازم تتضاف في العقد، زي المرتب وكل البيانات الضرورية عشان العقد يبقى تمام؟ (تركيز على المتطلبات الشرعية وتمام العقد)؟
5504	بصراحة، إذا حصل انتهاك للحقوق في مكان الشغل، نقدر نشتكي فين؟ (وزارة القوى العاملة أو المحكمة)؟
2864	بصراحة، لو واحد شغال في شركة، يمكن ياخد المكافأة اللي المفروض ياخدها بعد التقاعد بدري شوية، ولا ده ميصحش؟
1641	لو سمحت، يعني لازم العقد بتاع الشركة ده يتوثق في جهة رسمية زي وزارة العمل عشان يكون رسمي ولا أي النظام؟
1435	طيب، عقود التجربة مدتها قد إيه شهر بحد أقصى؟
3202	ممكن أعرف لو حصلت على حكم في قضية تعويض لأنه القانون حددش سقف التعويض؟
4950	يعني الشرع بيوضح إيه بخصوص منع الأطفال من الشركة بالليل أو في أعمال فيها خطورة عليهم؟ عايزين نعرف التفاصيل.؟
3526	ممكن أعرف هل ينفع الشركة تفضل الحامل وهي في إجازة الوضع أو بعد مرورها مباشرة؟
3739	طيب، في حالة حادث أو إصابة مين بيتحمل المسئولية؟
5348	بصراحة، أفهم من كده، لو فيه نزاعات في الشغل أو المرتبات اتأخرت، هل ده سبب كافي إننا نعمل إضراب من وجهة نظر القانون؟ القانون بينظم الإضرابات دي إزاي؟ (تركيز على النزاعات كسبب للإضراب وكيفية تنظيم القانون للإضرابات)؟
4790	بصراحة، هل فيه كشف دوري من جهة طبية على مستشفى الشغل؟ (هذا السؤال يركز على وجود فحص دوري بشكل عام)؟
828	يعني يا ترى الأب بيأخذ كام يوم إجازة لما مراته تولد؟ (تعبير عامي أكثر، يسأل عن المدة بشكل غير رسمي)؟
4706	بصراحة، يعني النظام بيوضح إيه بالظبط عن تأمين الناس في العمل، وهل لازم نعملهم فحص طبي كل فترة ولا دي حاجة اختيارية؟
3119	"إيه السبب في إننا بنستخدم كلمتين مختلفتين زي ""الاستقالة"" و""إنهاء الخدمة"" لما حد بيسيب الشغل؟ وإزاي القانون بيتعامل مع كل واحدة فيهم؟ وهل الموظف دايمًا بيكون عنده حرية الاختيار بين الطريقتين؟ (هذا السؤال يركز على سبب استخدام كلمتين مختلفتين، وكيف يتعامل القانون مع كل منهما، وما إذا كان الموظف لديه دائمًا حرية الاختيار.)"
4541	لو الواحد اتصاب أو حصل له حادثة وهو شغال، مين اللي المفروض يدفع مصاريف العلاج ويعوضه؟
4267	طيب، ليه ما قدرتش أصبر عشر أيام؟ هو فيه قانون بيحدد المدة اللي ممكن الواحد يرجع فيها عن استقالته؟ يا ترى المدة دي كام يوم؟ (هذه الصيغة تتساءل عن سبب عدم الصبر وتسأل بشكل مباشر عن المدة المُحددة قانونًا)؟
2828	بصراحة، سؤالي هو، هل العامل عنده الحق يختار سن التقاعد اللي يناسبه؟ ولو ده متاح، ماذا هي الآلية اللي بتسمحله بكده؟
658	"ممكن أعرف أصحاب المهن اللي فيها خطورة عالية، زي شغل المنجم أو الكيماويات، ليهم كام يوم راحة زيادة عن غيرهم؟ (استخدام ""أصحاب المهن"" و ""راحة"" بدلاً من ""عمال"" و ""أجازة"")؟"
2667	لو سمحت، هل فيه أي استثناءات أو قوانين تمنع صرف مكافأة نهاية الخدمة لشخص عنده أكتر من ستين سنة وبيشتغل؟
1472	بصراحة، لو خلص عقد محدد المدة واستمر الوظيفة، هل يتحول تلقائيًا لعقد مفتوح؟
1904	بصراحة، هل الأهتمام بالزيادة العمروية (3%) شامل الأجر الأساسي أو الأجر التأميني؟
1450	ممكن أعرف أطول فترة ممكن الواحد يشتغلها تحت نظام التجربة هي قد إيه؟ (بيركز على فترة الشغل بنظام التجربة)؟
2565	لو سمحت، إزاي بيعرفوا أقل قيمة وأكبر قيمة للأجر اللي بيتخصم منه التأمين؟
1461	لو سمحت، في قانون العمل، فترة الاختبار ممكن تمتد لحد قد أي؟ (بيسأل عن المدة حسب القانون لفترة الاختبار)؟
5126	بصراحة، الـ 3% زيادة اللي بتيجي كل سنة، دي بتضاف على قيمة المرتب الأصلي اللي بآخده في إيدي، ولا قيمة المرتب اللي بتدخل في حسابات التأمينات؟
2679	لو سمحت، بصبريك، الراجل اللي سنهه علاوة على الستين ده، لما يخلص شغله، هيأخذ فلوس مكافأة نهاية الخدمة بتاعته ولا النظام بيقول حاجة تانية؟
1348	ممكن أعرف طيب، لما بشتغل في العيد أو في أي مناسبة رسمية، بيحسبولي اليوم ده إزاي؟ بيوم إجازة زيادة ولا بفلوس فوق؟ (تحديد أنواع أيام العطلات بشكل أدق، مع سؤال عن طريقة الحساب)؟
4237	"طيب، ممكن شرح بسيط لـ ""استمارة 6""؟ وإزاي القانون بيحكمها في الوقت الحالي؟ (تطلب شرحًا بسيطًا وتركز على فكرة ""الحكم"" القانوني)؟"
4216	"ممكن أعرف يعني ماذا بالظبط ""نموذج 6""؟ وإيه القانون بيقول فيه حالياً؟ (تركز على المصطلح ""نموذج"" بدلاً من ""استمارة"" واستخدام كلمة ""القانون"" بدلًا من ""الوضع القانوني"")؟"
4657	طيب، مش المفروض صاحب الشغل يعمل اللي عليه ويحمي الموظفين بتوعه من أي مضايقات جنسية يمكن تحصل في الشغل؟ (هذا السؤال يستخدم صيغة أقرب للاستنكار والتأكيد على واجب صاحب الوظيفة)؟
901	"طيب، يا ترى الراجل من حقه ياخد كام مرة إجازة أبوة خلال شغله كله؟ (تركيز على إجازة الأبوة كمرادف لإجازة الولادة، واستخدام كلمة ""شغله"" بدلاً من ""حياته المهنية"")؟"
3962	بصراحة، واحد عدى الستين واشتغل، يحصل على تعويض إيه لما يبطل شغل؟ (نهاية خدمة يعني)؟
1111	طيب، هل ممكن أحول الإجازة المرضية لإجازة سنوية؟
5354	"بصراحة، سؤال، لو حصلت أي خلافات في العمل، زي مثلاً تأخير في صرف الرواتب، هل ممكن نلجأ للإضراب كوسيلة احتجاج؟ وإيه موقف التشريع من التصعيد ده؟ (استخدام كلمة ""تصعيد"" للإشارة إلى الإضراب وسؤال عن موقف القانون من هذا التصعيد)؟"
1580	بصراحة، العقد بيكون فيه عناصر قانونية معينة؟ مثل ذكر الراتب وكل التفاصيل الأساسية؟
2608	ممكن أعرف يا ترى سنه الخروج على المعاش في القطاع الأهلي بقى قد أي سنة في النظام اللي لسه طالع؟
3157	طيب، بصراحة، أنا محتار، لو عايز أتراجع عن الاستحددة، أبلغهم إزاي الأول؟ ويا ترى القانون سامحلي بفترة أد ما هو عشان أغير رأيي في موضوع الاستقالة ده؟ (هذا السؤال يعبر عن الحيرة ويسأل عن طريقة التبليغ والفترة المتاحة لتغيير الرأي).؟
3235	طيب، التعويض بيتحسب على كام سنين خدمة؟ وليه القانون سايبها؟
1825	طيب، ممكن آخد المرتب بتاعي كله فلوس مباشرة من غير ما يتحط في البنك؟ ولا ده إجباري؟
1231	"طيب، ""علشان الواحد يحصل على تصريح إجازة حج من العمل، لازم يكون مستوفي شروط معينة؟ زي أي الشروط دي بالظبط؟ ليها علاقة بعمر الموظف أو مدة خدمته في الشركة؟""؟"
1881	لو سمحت، هو المرتبات مطلوب تزيد كل سنة غصب عن الشركة ولا لأ؟ ولو الكلام ده صح، نسبة الزيادة اللي الشرع بيحددها كم؟ (تركيز على إجبارية الزيادة ونسبة القانون)؟
785	إجازة دراسية في أيام الامتحانات بتتنقص من الرصيد السنوي ولا مجانًا؟
360	يعني هو أنا من حقي آخد يوم إجازة مدفوعة الأجر كل أسبوع؟
3463	طيب، الأم اللي بترضع في الشغل، ساعة الرضاعة دي بتتُعد لها شغل ولا بتضيع عليها؟
2120	بصراحة، رصيد المرتب اللي ما استلمتش، يترحل للسنة اللي بعدها ولا يُعوض؟
2779	طيب، لو واحد اتقاعد وبعدين اشتغل في مكان تاني مش بيدفع تأمينات، إيه النظام بتاعه؟
3761	"لما تحصل مصيبة أو حد يتصاب، مين اللي هيتحط عليه الحق؟ (تستخدم ""مصيبة"" بدل ""حادث""، و""يتصاب"" بدل ""إصابة""، و""يتحط عليه الحق"" كتعبير عن تحمل المسؤولية)"
1202	"بصراحة، لو واحد هيسافر الحج أو العمرة، ياخد إجازة مدتها كام شهر؟ ومين الناس اللي مسموح ليها بالإجازة دي؟ (تغيير في ترتيب السؤال واستخدام كلمة ""مسموح"" بدلاً من ""يستحق"")؟"
3492	يعني لو الست نزلت الشغل على طول بعد ما خلفت، هل القانون والواقع الدوامي بيحموا حقها الوظيفي؟
2526	يعني بالنسبة للاشتراكات، العامل بيتحمل جزء أد أي منها وصاحب العمل بيتحمل الجزء الباقي؟ عايزين نعرف توزيع المساهمات بالضبط.؟
5416	ممكن أعرف يا ترى فيه أي قوانين أو تشريعات بتحمي الموظفين من التنمر أو التحرش اللي ممكن يتعرضوا له أثناء شغلهم؟ (هذه الصياغة أكثر عمومية وتتحدث عن الحماية بشكل أوسع).؟
5026	ممكن أعرف ممكن الأطفال اللي داخلين في مرحلة المراهقة، يعني اللي عمرهم من 15 لـ 17، ياخدوا دور في مشاريع تنموية أو يشتغلوا شغل تطوعي يخدم الناس؟ (توضيح للمرحلة العمرية وأنواع المشاركة)؟
2235	لو سمحت، أنا لو أخدت كورس تبع الشركة و فيه بند في العقد بيقول إني لو مشيت قبل مدة معينة هدفع تمن الكورس، القانون بيقول ما هو في الموضوع ده؟ (يركز على تفاصيل أكثر حول الكورس والبند في العقد).؟
2443	طيب، خصم تأمينات الاشتراك بيحسب في المرتب ولا لا؟
2791	طيب، لما واحد يخلص شغله ويأخذ معاشه، بعد ذلك يلاقي شغل تاني بس مش متأمن عليه، إيه اللي بيترتب على كده؟
4382	بصراحة، ممكن تفهموني، التعويض ده بيعتمد على كام سنة الواحد قضاها في شغله؟ وإيه هي الشروط اللي بيحطوها عشان الواحد يستفيد بيه؟
447	لو سمحت، لما السلطات بتعلن عن يوم راحة إجباري، زي يوم الجمعة، هل اليوم ده يعتبر يوم عمل محسوب ضمن أيام كل أسبوع ولاّ بيكون يوم منفصل؟ (تركيز على الطابع الرسمي والشمولي)؟
1689	لو سمحت، لو العامل ماقدرش يشتغل بنظام التغيرات اللي اتعملت في العقد، له الحق يعتصم؟
4946	بصراحة، لو مينفعش نِشَغَّل الأطفال الصغيرين بالليل ولا في شغل خطر، يبقى الشرع بتاع الشغل بيقول إيه بالظبط؟
1296	يعني لو نزلت الشغل في يوم إجازة مدفوعة الأجر زي العيد، المفروض آخد كام بدل شغل اليوم ده؟
5519	لو صاحب الشغل داس على حقوقك، فين المكان الصح اللي تقدم فيه تظلمك؟ القوى العاملة ولا المحكمة؟
4774	ممكن أعرف بالذمة، أي مكان كبير بيشتغل فيه ناس كتير مفروض يكون عامل لجنة علشان تحافظ على السلامة؟ ده إجباري ولا اختياري؟
1429	طيب، إيه الفروق اللي بتميز عقد الشغل اللي بيكون ليه مدة معينة عن عقد العمل الدائم أو المستمر؟
482	بصراحة، لو واحد شغال في شركة خاصة، ماذا مقدار أيام الإجازة اللي المفروض ياخدها في السنهة؟
4033	طيب، هل المبالغ دي بتُدفع في حالة استقالة الموظف بعد العمر ده، ولا بتتصرف بس لو الشركة مشّيته؟
1550	بصراحة، يعني العقد لازم يبقى عربي بس، حتى لو الشركة اللي طرف فيه مش مصرية؟ ولا ممكن يكون بلغتهم برضه؟
468	يعني في القطاع الأهلي، العامل ليه كام يوم إجازة في العمرة؟
3488	بصراحة، عقب الولادة لو رجعت شغلها بسرعة التشريع بيدّي الحق الواقع الوظيفي يضمن كده؟
4736	بصراحة، لو لاحظت أي حاجة خطر أو مخالفة لقواعد السلامة في مكان الشغل، مين المسؤول اللي المفروض أوصل له المعلومة دي؟ (تركيز على المسؤولية وتوصيل المعلومة)؟
1772	بصراحة، المرتب بيتدفع على أي أساس؟ بالشهر، بأسبوعياً، ولا باليوم؟
2199	لو سمحت، أقصى مبلغ ممكن يتخصم من المرتب أد أي؟ (أد إيه = كم)؟
2373	لو سمحت، خصم قيمة الأدوات أو زي العمل من المرتب ممكن تاخد كام؟
5281	طيب، طبقا لقانون العمل الجديد، إزاي بيتم مكافحة التمييز والمضايقات في بيئة العمل؟ إيه هي الخطوات اللي اتخذوها؟
3870	يعني فيه نصوص قانونية بتتعامل مع حالات التحرش الجنسي اللي بتحصل جوه الشركات والمؤسسات؟
3306	يعني محكمة الدوام الجديدة بتختص بإيه؟ لو فرضًا فصلتني، ليه هناك حق أروح المحكمة بدون موافقة الحكومة؟
5277	لو سمحت، إيه هي بنود قانون العمل الجديد اللي بتتكلم عن منع التمييز والإهانة في الشغل؟ ممكن تشرحها بشكل مبسط؟
4561	طيب، مين الطرف اللي بيتحمل قيمة العلاج والتعويضات للموظف لو حصل له أي مكروه أو إصابة وهو بيشتغل؟
5440	ممكن أعرف مين اللي مسؤول عن إنه يوفر بيئة شغل آمنة من التحرش ويحمي سرية أي حد يشتكي؟ قصدي، صاحب الشغل عليه واجب يعمل كده؟
519	لو سمحت، لو أول سنة شغلك ليك فيها 15 يوم إجازة، فالسنة اللي وراها هتاخد أد ما هو يوم إجازة؟
1205	"بالنسبة لإجازة الحج والعمرة، المدة بتاعتها قد إيه؟ ومين بالظبط اللي يقدر ياخد الإجازة دي؟ (تغيير في بداية السؤال واستخدام كلمة ""يقدر"" بدلاً من ""يستحق"")"
1575	لو سمحت، يعني مينفعش نكتب العقد غير بالعربي؟ طب لو شركة أجنبية بتشاركنا، لازم برضو نلزّمهم بالعربي ولا ممكن نكتبه بلغتهم وخلاص؟
1922	بصراحة، لو سمحت، عايزين نفهم، الزيادة السنهوية اللي هي 3% دي، بتتضاف على الراتب اللي بنقبضه كل شهر، ولا على الراتب اللي التأمينات بتتعامل بيه؟ (تركيز على شرح عملية الإضافة وأطراف التعامل)؟
3603	لو سمحت، يا ترى لو الشركة فيها كمية موظفات يتخطى كام واحدة، بيكون أقصى شغل مسموح بيه للحوامل عندهم؟
3090	"يعني ليه في ""استذكرة"" و""إنهاء خدمة"" وبعضها قانوني وتطوعي؟"
475	طيب، قانون الشغل بيقول إيه عن عدد أيام الإجازة العمروية للناس اللي بتشتغل في شركات خاصة؟
537	لو سمحت، عقب كام عمرة مع الشركة الإجازة السنوية بتوصل 30 يوم؟
4984	ممكن أعرف بالنسبة لواحد لسه بيدرس في مدرسة ونفسه يشتغل قد إيه ساعة كل يوم، إيه هي الحدود الممكنة؟
4601	القانون بيجرم التنمر والسلوكيات المسيئة في مكان العمل؟
1696	ممكن أعرف طيب، فرضًا العامل مش عارف يِتأقلم مع الشركة عقب التعديلات الجديدة في العقد، مِن حقه يعمل إضراب؟ (هذه الصيغة تستخدم كلمات مختلفة وتسأل عن نفس الحق بشكل مباشر، مع التركيز على التأقلم.)؟
5043	لو سمحت، ضروري يكون معاك مؤهل تعليمي قبل ما تكمل 15 سنة؟ (تركز على فكرة المؤهل التعليمي كشرط ضروري)؟
2573	مين المسؤول عن تحديد أقل وأعلى قيمة للأجور اللي بيتخصم منها اشتراكات التأمين، وبيعملوا كده على أساس إيه؟
3416	بصراحة، الست المرضعة يحق لها قانونًا الوظيفة نص يوم إيه عدد قرارات رضاعة يومياً؟
1198	ممكن أعرف اللي رايح يعمل حج أو عمرة، إجازته بتكون قد إيه بالظبط؟ ويا ترى الإجازة دي حق لمين بالظبط؟ (تغيير في طريقة التعبير عن الغرض والتركيز على الشخص المسافر)؟
4855	طيب، هل 14 سنة ممكن يشتغل؟ القانون قالت للتدريب من 14 والتوظيف من 15؟
3569	إيه هي الحقوق والميزات اللي القانون الجديد للشغل بيديها للستات الحوامل بالتحديد؟
4123	طيب، التأمين الصحي اللي معايا ده، هل بيغطي أي علاج أنا محتاجه لو تعبت من الشغل؟ (تركيز على التأمين المحدد للشخص)؟
2725	طيب، ياريت تفهمني طريقة حساب مكافأة نهاية الخدمة. يعني أنا عارف إن فيه حاجة اسمها نص شهر للعمرة الأولى وشهرين للسنتين اللي بعديها، بس مش فاهم بتتضاف إزاي بالظبط.؟
452	بصراحة كدة، لما بناخد إجازة معتمدة من الدولة، زي يوم الجمعة، اليوم ده بيتُحسب علينا كأنه يوم اشتغلناه من ضمن الأسبوع ولاّ بيروح كدة من غير حساب؟ (تركيز على المصداقية والسؤال المباشر)؟
1657	طيب، هل قانوناً يجوز لصاحب العمل تغيير بنود الاتفاقية من طرف واحد، يعني بدون ما ياخد رأي الموظف؟
2500	ممكن أعرف فيه إلزام على أصحاب الأعمال بتسجيل الموظفين في التأمينات الاجتماعية من بداية شغلهم في الشركة؟
861	لو سمحت، الست العاملة بتاخد ما هو كم شهر إجازة وضع (أمومة)؟
1869	لو سمحت، هل في زيادة سنوية إلزامية للرواتب؟ القانون قال كام بالمية؟
1638	يعني لازم العقد بتاع المؤسسة ده يتوثق في جهة رسمية زي وزارة العمل عشان يكون رسمي ولا إيه النظام؟
4766	بصراحة، هو كل مصنع أو شركة كبيرة لازم يكون عندها لجنة مسئولة عن الأمان؟ ده بناءً على قانون ولا حاجة تانية؟
1558	ممكن أعرف العقد ده شرط أساسي يبقى باللغة العربية؟ طب لو شركة أجنبية طرف معانا، ينفع يبقى بلغة تانية غير العربي؟
4735	طيب، لو لاحظت أي حاجة خطر أو مخالفة لقواعد السلامة في مكان الشغل، مين المسؤول اللي المفروض أوصل له المعلومة دي؟ (تركيز على المسؤولية وتوصيل المعلومة)؟
3588	يعني إيه هي أوجه الاختلاف أو التمييز اللي القانون الجديد عملها لصالح الستات الحوامل في الشغل؟
4015	طيب، إيه هي الطريقة اللي الشركة بتُعد بيها مستحقات نهاية الخدمة؟ والنظام بتاع نص شهر وشهر على السنهين، ده بيتم إزاي؟
3644	"بصراحة، ""إيه المجالات اللي القانون بتاع عمرة 2025، اللي بيحمي الستات الحوامل من التمييز، بيغطيها؟""؟"
4342	"ممكن أعرف يعني لو الشركة مشيتني من غير سبب مقنع، إيه الخطوات اللي لازم أتبعها علشان آخد تعويض؟ وهل فيه مبلغ محدد هو أقصى قيمة ينفع التعويض يوصلها؟ (استخدام ""خطوات لازم أتبعها"" بدلاً من ""بكسب تعويض إزاي"")؟"
1437	لو سمحت، عقود التجربة مدتها إيه عدد شهر بحد أقصى؟
5447	يعني قانون الشغل بيقول إيه؟ هل بيقول إن صاحب الشغل لازم يتصرف ويتخذ خطوات عشان يحمي الموظفين من التحرش ويحافظ على سرية اللي بيقدم بلاغ؟
2540	بصراحة، عايزين نعرف بالتفصيل، لما بندفع اشتراكات، نصيب العامل منها بيبقى إيه عدد بالظبط ونصيب صاحب العمل كام؟
3411	لو سمحت، القانون المصري بيقول إيه بخصوص شغل الحوامل ساعات طويلة أو إضافية؟ هل ده من حقهم ولا ممنوع منعًا باتًا؟ (تغيير في الصياغة لتأكيد الحظر المحتمل)؟
1496	"بصراحة، بعد نهاية العقد اللي محدد بمدة، لو استمريت في العمل، هل ده معناه إن العقد اتحول لعقد دائم بشكل تلقائي؟ (استخدام كلمة ""دائم"" بدل ""مفتوح"" وتوضيح كلمة ""بشكل تلقائي"")؟"
412	ممكن أعرف هل فيه إمكانية إن شغل يوم الأحد يكون بديل للإيجار اللي بيدفعوه كل أسبوع؟ ما هو اللي بيقوله التشريع في الموضوع ده بالتحديد؟
1051	طيب، لو عييت، أقدر اخد كام يوم مرضي بفلوسي كاملة؟ (تركيز على تجربة شخصية للمتحدث)؟
1891	طيب، فيه حاجة في القانون بتلزم الشركات بزيادة المرتبات كل سنة؟ ولو فيه، نسبة الزيادة دي القانون بيقول عليها إيه بالظبط؟ (التركيز على إلزام الشركات ونسبة الزيادة الخاصة)؟
501	لو سمحت، السنهة الأولى يُسمح 15 يوم إجازة، وبعدين في السنة التانية يبقى كام يوم؟
320	بصراحة، البريك الأسبوعية كام ساعة بعد 6 أيام شغل على التوالي؟
1517	الوضع القانوني إيه بالنسبة للشغل من البيت والوظايف اللي مش باليوم الكامل؟ (هنا استخدام لغة أكثر رسمية نسبياً مع الحفاظ على اللهجة المصرية)
4660	ممكن أعرف مش المفروض صاحب الشغل يعمل اللي عليه ويحمي الموظفين بتوعه من أي مضايقات جنسية ممكن تحصل في الشغل؟ (هذا السؤال يستخدم صيغة أقرب للاستنكار والتأكيد على واجب صاحب الدوام)؟
422	بصراحة، هل فيه تصريح أو سماح إنهم يشتغلوا يوم الأحد كنوع من المقاصة لإيجارهم الأسبوعي؟ إيه الوضع القانوني للحكاية دي؟
5185	"طيب، ""هل فيه أساس قانوني يلزم بزيادات المرتبات كل سنة، زي النسبة اللي اتحددت في الحكم بتاع الـ 3% ده؟"" (هذا السؤال يركز على الإلزام النظامي وعلى أساس تحديد النسبة).؟"
1673	في حالة إن صاحب الشغل عمل تعديلات في عقد العمل من غير ما يرجع للعامل، هل كده هو ماشي صح ولا بيخالف القانون؟
1459	طيب، في قانون العمل، فترة الاختبار ممكن تمتد لحد قد أي؟ (بيسأل عن المدة القانونية لفترة الاختبار)؟
2315	ممكن الضرايب والتأمين ينزلوا عن الـ 75% من المبلغ الأصلي، ولا ده يعتبر الحد الأقصى اللي ممكن نوصل له؟ (يعكس السؤال بالتركيز على النسبة المتبقية بعد الخصم)
1694	بصراحة، طيب، فرضًا العامل مش عارف يِتأقلم مع الوظيفة بعد التعديلات الجديدة في العقد، مِن حقه يعمل إضراب؟ (هذه الصيغة تستخدم كلمات مختلفة وتسأل عن نفس الحق بشكل مباشر، مع التركيز على التأقلم.)؟
2624	بصراحة، هل في فرق بين سن المعاش وبين سن إنهاء عقد العمل؟
1085	أوكي، أول تلات شهور بناخد المرتب كله في الإجازة المرضية، وبعد كده نظام الأجر بيكون إيه؟
4478	بصراحة، هو صاحب الشغل ملزم بتوفير إجراءات وقاية للعامل اللي عنده ولا لأ؟ ولو ملزم، القانون بينص على ماذا بالظبط؟
4466	بصراحة، إيه واجبات صاحب الشغل من ناحية توفير وسائل الأمان والحماية للعاملينين؟ القانون بيحدد إيه بالظبط في الموضوع ده؟
4193	"هو مرتبنا بيتخصم منه عشان المعاش ولا لأ؟ ولو بيتخصم، مين اللي هياخد المعاش ده بعد ما نتقاعد؟ (صياغة مباشرة باستخدام ""هو"" و ""ولا لأ""، وتركيز على عملية الخصم نفسها)"
416	بصراحة، طيب، لو جم يشتغلوا يوم الأحد، ينفع ده يتخصم من إيجار الأسبوع بتاعهم؟ النظام بيعتبر الموضوع ده إزاي يعني؟
3661	"طيب، ""قانون 2025 الخاص بمنع التمييز ضد المرأة الحامل، بيحميها من التمييز في ماذا تحديدًا، يعني إيه الحاجات اللي القانون ده بيغطيها؟""؟"
3270	يعني محكمة القضاء الإداري (استقالة) ولا خدمة؟ خدمة القانون اللى بيتعامل مع الاستقالة؟
5392	"ممكن أعرف يعني قانون الوظيفة بيلزم أصحاب الشركات إنهم يوفروا أماكن شغل نضيفة وآمنة للعمال، فيها إضاءة كافية وتهوية مظبوطة، ولا ده مش شرط أساسي في القانون؟ (تغيير في الفاعل من ""الشركات"" إلى ""أصحاب الشركات""، والتركيز على ""شرط أساسي"")؟"
5235	لو سمحت، لو الإدارة مقرتش زيادة الأجور، التصرف ده قانوني ولا قرار إداري من حقهم؟
2680	ممكن أعرف بصراحة، الراجل اللي سنه فوق الستين ده، لما يخلص شغله، هياخد فلوس مكافأة نهاية الخدمة بتاعته ولا القانون بيقول حاجة تانية؟
1389	لو سمحت، يا ترى الشرع بيفرق بين قد إيه نوع من عقود العمل لما تشتغل في القطاع الأهلي؟
2666	بصراحة، هل فيه أي استثناءات أو قوانين تمنع صرف مكافأة نهاية الخدمة لشخص عنده أكتر من ستين عمرة وبيشتغل؟
235	طيب، البريكات اللي بناخدها في الشغل، زي وقت الأكل، بتتضاف على الـ 8 ساعات شغل ولا لأ؟
3409	طيب، القانون المصري بيقول ما هو بخصوص شغل الحوامل ساعات طويلة أو إضافية؟ هل ده من حقهم ولا ممنوع منعًا باتًا؟ (تغيير في الصياغة لتأكيد الحظر المحتمل)؟
5465	القانون الجديد يضمن المساواة في الأجر بين الموظفين نفس العمل (رجالة وستات)؟
5284	ممكن أعرف طبقا لقانون العمل الجديد، إزاي بيتم مكافحة التمييز والمضايقات في بيئة العمل؟ إيه هي الخطوات اللي اتخذوها؟
2699	إزاي طريقة حساب مكافأة نهاية الخدمة؟ يعني لو واحد اشتغل سنة ياخد نص شهر، وبعدها سنتين ياخد شهرين، الحسبة بتمشي إزاي بالظبط؟
291	لو سمحت، كل قد إيه شغل الواحد محتاج يريح شوية؟
3115	"طيب، ليه لما حد بيسيب شغل بنسمع عن ""استقالة"" و ""إنهاء خدمة""؟ وإيه المعنى القانوني لكل واحدة فيهم، وإمتى الواحد يقدر يختار الطريقة اللي يمشي بيها؟ (هذا السؤال يركز على سبب استخدام المصطلحين في حالة ترك العمل، والمعنى القانوني لكل مصطلح، وحرية اختيار الموظف.)؟"
2048	بصراحة، مين بيحسب المرتب ويصرفه، والضرائب والتأمين من عليه؟
2422	"ممكن أعرف طيب، فرضًا إني عملت عقد واتفقنا على خصم معين، هل الاتفاق ده له تأثير قانوني غير اللي القانون محدده كأعلى نسبة خصم جائزة؟ (تستخدم كلمة ""فرضًا"" وتستبدل ""يفرق"" بـ""له تأثير قانوني غير"").؟"
4194	"يعني هو مرتبنا بيتخصم منه عشان المعاش ولا لأ؟ ولو بيتخصم، مين اللي هياخد المعاش ده عقب ما نتقاعد؟ (صياغة مباشرة باستخدام ""هو"" و ""ولا لأ""، وتركيز على عملية الخصم نفسها)؟"
4252	ممكن أعرف يعني أنا ما كانش ينفع أصبر عشر أيام قبل ما أرجع في كلامي؟ طب النظام بيقول ماذا، مدة السماح اللي أقدر أستقيل فيها إيه عدد يوم بالظبط؟ (هذه الصيغة أكثر انفتاحًا و تسأل عن إمكانية الانتظار قبل الرجوع في القرار)؟
4363	طيب، يعني عشان الواحد يستحق التعويض، لازم يكون اشتغل كام عمرة بالظبط؟ وماذا هي المحددات اللي بيحطوها في الاعتبار؟
5109	لو سمحت، زيادة سنوية %3 ده على المرتب الأساسي ولا الأجر التأميني؟
3020	بصراحة، يعني مينفعش يفصله كده من غير سبب؟ الشرع حظر الفصل التعسفي؟
5143	طيب، لو عرف الحد الأدنى يزيد 6000 و7000 من ورا، ليه الشركات دي نفس الكلام؟
3285	لو سمحت، يعني لما حد يقدم استنصته، القضاء الإداري بيشوف الموضوع ده ازاي؟ أي النظام اللي بيستندوا عليه في حالات الاستقالة؟ (يركز على كيفية تعامل القضاء الإداري مع الأمر)؟
1878	يعني هو المرتبات لازم تزيد كل سنة غصب عن الشركة ولا لأ؟ ولو الكلام ده صح، نسبة الزيادة اللي القانون بيحددها كام؟ (تركيز على إجبارية الزيادة ونسبة القانون)؟
3749	"في حالة وقوع حادثة أو أذية لحد، مين اللي يشيل الشيلة؟ (تستخدم ""أذية"" بدل ""إصابة""، و""يشيل الشيلة"" تعبير عن تحمل المسؤولية)"
4299	لو سمحت، بعد ما أقولهم ماشي، هل فيه أي إجراءات رسمية في مكتب الدوام لازم أعملها عشان الاستحددة تمشي؟ (تركيز على الإجراءات الرسمية المطلوبة)؟
3415	طيب، الست المرضعة يحق لها قانونًا الشغل نص يوم قد إيه قرارات رضاعة كل يوم؟
139	طيب، هل ممكن يطلب مني الشغل زيادة من 8 ساعات في اليوم؟
330	يعني لو اشتغلت 6 أيام في الأسبوع من غير فاصل، يبقى ليا أد إيه ساعة استراحة أسبوعية؟
5338	ممكن أعرف بص، لو الواحد عنده مشكلة في وظيفته زي خناقة مع مدير أو فلوسه متأخرة، هل مسموح قانونًا إنه يشارك في إضراب؟ ما هو اللي بيقوله القانون في الحالة دي؟ (استخدام لغة أكثر عامية وتركيز على حق الفرد في المشاركة)؟
4576	ممكن أعرف لو العامل شغله خطر عليه ومفيش وسائل أمان، هل القانون بيسمح له إنه ميعملش الشغل ده؟
3002	بصراحة، تحت أي ظروف يقدر رب الدوام يسرح العامل اللي عنده؟ وهل ضروري يبقى فيه حكم من المحكمة عشان التسريح ده يبقى قانوني؟
2876	بصراحة، إيه الفرق بين صرف المكافأة والتعويض؟
2992	ممكن أعرف إمتى بالظبط صاحب الشغل يقدر يمشي الموظف بتاعه؟ صحيح لازم حكم محكمة عشان الفصل يبقى رسمي؟
4013	إيه هي الطريقة اللي الشركة بتحسب بيها مستحقات نهاية الخدمة؟ والنظام بتاع نص شهر وشهر على السنين، ده بيتم إزاي؟
2910	يعني هل العامل ممكن يشتغل في المعاش؟ وهل يلاقي صعوبة؟
431	بالبلدي كدة، لما الحكومة بتدينا إجازة في يوم معين زي يوم الجمعة، الإجازة دي بتدخل ضمن حساب أيام شغل الأسبوع ولا لأ؟ (تركيز على اللهجة العامية)
2809	طيب، هل قانونًا الواحد يقدر يحدد بنفسه ميعاد خروجه على المعاش؟ وإيه هي الطريقة اللي يقدر يعمل بيها كده؟
1026	يعني في المؤسسة، الست اللي بترضع طبيعي، ليها كام استفسحة زيادة عن باقي الموظفين عشان ترضع البيبي؟
4132	ممكن أعرف هل فيه أي تغطية من التأمين الصحي للأمراض اللي ممكن الواحد يصاب بيها نتيجة ظروف العمل؟ (تركيز على ظروف العمل)؟
2415	"لو سمحت، بصراحة كده، لو أنا و اللي قدامي اتفقنا في العقد على نسبة خصم معينة، ده ليه وضع قانوني مختلف عن الحد الأقصى للخصم اللي القانون بيقول عليه؟ (تستخدم كلمات عامية أكثر مثل ""بصراحة كده"" و ""اللي قدامي"" لإضفاء طابع مصري عفوي).؟"
1981	طيب، يعني أقصى مبلغ ممكن يتخصم من مرتبي كام، شامل بقى سُلف أو أقساط أو أي حاجة تانية؟
4144	ممكن أعرف مين المسؤول عن دفع تكاليف العلاج والتعويضات لو حد حصله إصابة خطيرة وهو بيشتغل؟
2686	ممكن أعرف فيه مشكلة قانونية لو صاحب شغل صرف مكافأة نهاية خدمة لواحد عامل عنده إضافة إلى الستين؟ ولا ده حقه ومفيش كلام؟
3218	بصراحة، هل لو كسبت تعويض في المحكمة، ممكن المبلغ اللي هيتدفع لي يكون أقل من اللي كنت متوقعه، عشان التشريع فيه سقف معين للتعويض؟
1726	ممكن أعرف العقد الجزء المتعلق بوقت التجربة، هل من حق العامل يرفض إكمالها؟
1195	طيب، اللي رايح يعمل حج أو عمرة، إجازته بتكون قد أي بالظبط؟ ويا ترى الإجازة دي حق لمين بالظبط؟ (تغيير في طريقة التعبير عن الغرض والتركيز على الشخص المسافر)؟
3165	لو سمحت، لو قدمت استنصتي بس عقب كده الدوام أو الجهة الإدارية رفضوا يعتمدوا عليها؟
4306	ممكن أعرف لو قررت امشي من الشركة، هل فيه ورق أو تصديق واجب اخده من مكتب العمل عشان اضمن حقي بعد كده؟ (تركيز على الحقوق بعد الاستقالة)؟
4404	يعني أنا استقلت من شغلي بالاتفاق مع الشركة، بس عايز أفهم: هل ليا أي مستحقات قانونية أو مكافأة نهاية خدمة ولا خلاص كده؟ القانون بيحمي حقوقي إزاي في الحالة دي؟ (تعبير عن القلق بشأن الحقوق)؟
4900	ممكن أعرف بالنسبة للي لسه ما بلغوش الـ 18 سنة، هل فيه أي قوانين بتحدد مواعيد شغلهم في النهار؟ (تغيير في المفردات والتركيب)؟
3919	طيب، الشرع بيلزم صاحب الدوام إنه يفحص السجل الجنائي للموظفين لسبب السلامة؟
2804	بصراحة، هو الواحد من حقه يختار يتقاعد إمتى بإرادته؟ إزاي؟
710	بصراحة، بالظبط كده، الموظف يقدر ياخد كام يوم في السنة إجازة تحت بند الظروف الطارئة، زي مناسبة مفاجئة أو حاجة حصلت فجأة؟
3050	بصراحة، لو شركة فصلت موظف من غير أي سبب مقنع، ده يعتبر مخالفة للقانون؟ الشرع بيحمي الناس من الفصل اللي بدون حق ده ولا لأ؟
495	لو سمحت، إيه هو عدد أيام الإجازة اللي من حق أي حد شغال في القطاع الخاص ياخدها كل عمرة؟
539	يا ترى بعد مرور قد إيه من الشغل في الشركة، الواحد بياخد إجازة 30 يوم في السنة؟
835	طيب، قانونًا، الأب من حقه ياخد إجازة والدية مدتها قد ماذا لما البيبي يجي؟ (صياغة رسمية أكثر، تسأل عن الحق القانوني)؟
5137	طيب، لما يقولوا زيادة المرتب 3% كل سنة، هل الزيادة دي بتنزل على المرتب اللي بستلمه شهرياً، ولا المرتب اللي بيعتبروه أساس لحساب التأمينات الاجتماعية؟
5162	بصراحة، مش المفروض بعد ما الحد الأدنى للأجور بقى أعلى بستة وسبعة آلاف جنيه، الشركات دي تعدل أوضاعها؟ ليه لسه مفيش أي تغيير؟ (تركيز على توقع التعديل في الأوضاع)؟
171	لو سمحت، فيه احتمال إني أشتغل ورديات أطول من 8 ساعات في اليوم الواحد في الوظيفة ده؟ (تركيز على الوردية و طولها)؟
1275	لو سمحت، طيب، المفروض الواحد ياخد أد إيه يوم إجازة رسمية في العمرة وياخد فلوسه كاملة؟
2295	"لو سمحت، لو صرفت فلوس زيادة عن مرتبي الأساسي سواء كانت مستحقات أو قرض، وبعدها رجعوا المرتب زي زمان، هل يقدروا يزقوا الموضوع ده تحت مسمى ""إجراء لازم""؟"
4147	طيب، لو موظف اتأذى جامد وهو في الشركة، مين اللي بيدي له فلوس العلاج والتعويض اللي يستحقها؟
3551	"هل فيه أي مانع لو الشركة قدمت تسهيلات أو امتيازات للموظفة الحامل اللي واخده إجازة وضع أو اللي رجعت الشغل بعدها علطول؟ (هذه الصيغة تستخدم ""تسهيلات أو امتيازات"" وتوضح حالة الموظفة بشكل مفصل)"
3233	التعويض بيتحسب على كام سنين خدمة؟ وليه القانون سايبها؟
5526	يعني لو حصلت مشكلة في الشغل ومحقوقك اتاكلت، تروح تشتكي فين؟ وزارة القوى العاملة ولا المحاكم؟
1785	لو سمحت، طريقة صرف المرتب ماشية إزاي؟ بتستلموه شهريًا، أسبوعيًا، ولا بتقبضوا باليوم؟
3481	طيب، لو أم بترضع طفلها في الشغل، وقت الرضاعة ده بيعتبر جزء من الدوام الرسمي بتاعها ولا لازم تعوضه عقبين؟
2280	"يعني أفرض إني صرفت فلوس زيادة سواء كانت مستحقات أو قرض، وبعد كده المرتب رجع زي الأول، هل يجوز يعملوها حجة ويقولوا ""الوضع استدعى كده""؟"
3832	ممكن أعرف التفتيش على السلامة ده، القانون بيحدده بيحصل بانتظام؟ لو آه، بيحصل كل قد أي تحديدا؟ (تأكيد على الانتظام والسؤال عن المدة المحددة)؟
5131	طيب، بالنسبة للزيادة العمروية اللي هي 3%، دي بتتحط على المرتب الأساسي بتاعي اللي مكتوب في العقد، ولا على المرتب اللي بيحسبوا عليه اشتراكات التأمين؟
5004	يعني ينفع اللي عندهم من 15 لـ 17 سنة يشتركوا في مشاريع صغيرة أو يخدموا المجتمع بشكل تطوعي؟ (تركيز على الإمكانية والجهات التي تقدم الفرص)؟
2080	ممكن أعرف مين اللي يتولى حسابات المرتبات وبيصرفها لينا، وياخد باله من قصة الضرايب والتأمين دي؟
5370	"يعني هو القانون بتاع الشركة بيخلي الشركات ملزمة إنها تعمل بيئة شغل صحية وسليمة، من ناحية حاجات زي الإضاءة والتهوية، ولا لأ؟ (تغيير في التركيب اللغوي واستخدام ""ولا لأ"" للتأكيد)؟"
4448	بصراحة، يعني لو اترفدت من الشغل، محكمة الدوام دي بتفيدني في ماذا تحديدًا؟ وهل القانون بيديلي الحق أرفع قضية من غير ما أرجع لأي جهة حكومية تانية؟ (توضح أكثر فائدة المحكمة و تركز على عدم الحاجة لجهات حكومية وسيطة)؟
348	يعني لو الدوام 6 أيام في أسبوعياً، إيه هو الحد الأدنى لساعات الفسحة اللي المفروض آخدها أسبوعياً؟
4388	بصراحة، لو مشيت الشركة بالتراضى (استحددة), ليه مكافأة نهاية خدمة؟ القانون إزاي بيتعامل مع الاستقالة؟
1968	يعني، هل لما بييجوا يحسبوا التأمينات الاجتماعية، بيبصوا على المرتب بتاعي شامل العلاوات والحوافز ولا بيعتبروا المرتب الأساسي بس هو الأساس؟
2172	"يعني يا ترى مكافأة الشغل الإضافي (أوفر تايم) بتكون قد ما هو بالنسبة للأجر العادي، لو اشتغلت بالليل أو بالنهار؟ (استخدام مصطلح ""مكافأة"" و ""أوفر تايم"")؟"
5290	ممكن أعرف التشريع نص على حق العمال في تكوين نقابات والانضمام ليها بحرية؟
3060	"يعني لو واحد قدم استقالته وهو مضغوط عليه، ممكن يتراجع فيها بعد كده ولا خلاص الاستقالة دي كده تمام ومينفعش يغير رأيه؟ (تركز على إمكانية التراجع وتوضيح معنى ""نهائية"")؟"
4066	ممكن أعرف لو الواحد مات وهو شغال، المستحقين ليه يأخذوا ما هو؟
379	طيب، هل من النظام إني أريح يوم كل أسبوع و اليوم ده يتُعتبر لي فلوس؟
5074	ممكن أعرف النظام قال إن ضروري كل سنة مرتبك يزود كام؟
2684	بصراحة، فيه مشكلة قانونية لو صاحب شغل صرف مكافأة نهاية خدمة لواحد عامل عنده إضافة إلى الستين؟ ولا ده حقه ومفيش كلام؟
3091	"طيب، ليه في ""استقالة"" و""إنهاء خدمة"" وبعضها قانوني وتطوعي؟"
1790	بصراحة، المرتب بيتحسب ويتدفع ازاي؟ دفعة واحدة كل شهر، على دفعات كل أسبوع، ولا حساب يوم بيوم؟
5388	"يعني قانون الوظيفة بيلزم أصحاب الشركات إنهم يوفروا أماكن شغل نضيفة وآمنة للعمال، فيها إضاءة كافية وتهوية مظبوطة، ولا ده مش شرط أساسي في التشريع؟ (تغيير في الفاعل من ""الشركات"" إلى ""أصحاب الشركات""، والتركيز على ""شرط أساسي"")؟"
299	يعني المفروض نشتغل كام ساعة قبل ما ناخد بريك؟
4765	طيب، هو كل مصنع أو شركة كبيرة واجب يكون عندها لجنة مسئولة عن الأمان؟ ده بناءً على قانون ولا حاجة تانية؟
239	لو باخد بريك غدا أو أي راحة تانية في الشغل، ده بيعتبر من ضمن الـ 8 ساعات بتوع الشغل ولاّ بيتحسب وقت إضافي؟
3999	لو سمحت، إزاي بيتم حساب مبلغ نهاية الخدمة؟ قصدي، النص شهر عن السنين الأولى والشهر القد إيهل بعد كدة بيتُحسبوا إزاي بالظبط؟
341	أنا شغال 6 أيام أسبوعياً، طيب إجمالي عدد ساعات الراحة الأسبوعية بتاعتي كام؟
4140	يعني مين المسؤول عن دفع تكاليف العلاج والتعويضات لو حد حصله إصابة خطيرة وهو بيشتغل؟
5318	بصراحة، طبقا للقانون، هل العمال يقدروا يعملوا نقابات وينضموا ليها بمزاجهم من غير ما حد يتدخل؟ (تركيز على عدم التدخل والحرية الشخصية)؟
4500	يعني ضروري يبقى فيه دكتور شغل أو حد بتاع إسعافات أولية موجود جوه المكان؟
4244	بصراحة، مقدرتش استنى عشرة أيام للتراجع؟ الشرع حدد فترة التراجع للاستقالة كام يوم؟
3104	"بصراحة، ليه بنلاقي مصطلحات زي ""استقالة"" و ""إنهاء خدمة"" موجودة، وإيه اللي بيخلي فيه منهم حاجات ماشية بالشرع وحاجات تانية بتبقى بمزاج الموظف نفسه؟ (هذا السؤال يركز على سبب وجود المصطلحات المختلفة، ويوضح أن بعضها يعتمد على القانون بينما البعض الآخر يعتمد على رغبة الموظف.)؟"
794	"بصراحة، لو خدت إجازة عشان الدراسة وقت الامتحانات، دي بتتخصم من رصيد إجازاتي العمروية ولا محسوبة ببلاش؟ (تغيير في التركيب والكلمات: استخدام ""لو خدت"" بدل ""إجازة دراسية""، ""دي بتتخصم"" بدلاً من ""بتتنقص""، ""محسوبة ببلاش"" بدلاً من ""بدون خصم"")؟"
4838	"بصراحة، علشان الواحد يشتغل شغلانة في مصر، لازم يكون عنده كام سنة على الأقل؟ (تستخدم عبارة ""علشان الواحد يشتغل شغلانة"" للتوضيح و ""على الأقل"" للتأكيد على الحد الأدنى)؟"
790	ممكن أعرف إجازة دراسية في أيام الامتحانات تُخصم من الرصيد السنوي ولا ببلاش؟
1988	بصراحة، فيه حدود أد أي للخصومات اللي ممكن تتسحب من مرتبي كل شهر؟ بتكلم على السلف والمدفوعات والكلام ده.؟
2110	ممكن أعرف لو فيه تأخير في قبض المرتب من الشركة، القانون بيحدد مدة سماح قد ما هو قبل ما أقدر أشتكي؟
5190	"يعني ""طيب، هو القانون بيسمح أو بيوجب إن المرتبات تزيد بنسبة ثابتة كل عمرة، زي ما شفنا في قضية الـ 3% دي ولا لأ؟"" (هذا السؤال يسأل عما إذا كان القانون يسمح أو يوجب الزيادة).؟"
1155	لو سمحت، طيب، لو واحد شغال بيخلط مواد وعنده مرض بيتنقل، المفروض يقعد في الحجر الصحي كام شهر عشان يخف؟
3410	بصراحة، الشرع المصري بيقول إيه بخصوص شغل الحوامل ساعات طويلة أو إضافية؟ هل ده من حقهم ولا ممنوع منعًا باتًا؟ (تغيير في الصياغة لتأكيد الحظر المحتمل)؟
2356	ممكن أعرف افرض الشركة حسبت مرتبي غلط، هل فيه طريقة لتصحيح الخطأ ده بعد ما قبضت؟ وإيه موقف القانون من حاجة زي كده؟
2146	ممكن أعرف باقي حساب مرتبي اللي ما قبضتوش، بيضيع ولا هينزل لي تعويض بيه السنة اللي جاية؟
1107	لو سمحت، ماشي، بالنسبة للإجازة المرضية، بناخد المرتب أد إيهل في أول تلات شهور، طب بعد التلات شهور دول، وضع المرتب بيكون إيه بالظبط؟
2434	"ممكن أعرف يعني أي الفرق من الناحية القانونية، لو أنا وافقت في العقد على خصم معين، وبين الحد القانوني للخصومات اللي المفروض ما أتعداهوش؟ (تستخدم ""يعني إيه الفرق"" لتبدأ السؤال بشكل مباشر، وتركز على الفرق من الناحية القانونية).؟"
4226	"بصراحة، ""استمارة ستة"" دي عبارة عن ما هو؟ والتشريع بيقول إيه بخصوصها دلوقتي؟ (تستخدم كلمة ""عبارة عن إيه"" بشكل أكثر بساطة وعامية)؟"
4491	لو سمحت، بصاستراحة كده، هل القانون بيجبر صاحب الدوام إنه يوفر للعاملين عنده كل وسائل الحماية والأمان اللازمة؟ وإيه هي بنود القانون في الموضوع ده؟
1452	يعني عقد التجربة ممكن يوصل لحد كام شهر؟ (بيستفسر عن الحد الأعلى لمدة عقد التجربة)؟
904	"ممكن أعرف يا ترى الراجل من حقه يستحق كام مرة إجازة أبوة خلال شغله كله؟ (تركيز على إجازة الأبوة كمرادف لإجازة الولادة، واستخدام كلمة ""شغله"" بدلاً من ""حياته المهنية"")؟"
725	اللي بناخده إجازة دلوقتي بيتخصم من إجازتنا المعتادة بتاعت كل سنة ولا بيعتبر إجازة زيادة مش من ضمنها؟
1310	بصراحة، لو اضطريت أشتغل في يوم إجازة زي العيد الكبير، الشركة هتعوضني بكام فلوس زيادة على مرتبي؟
4152	يعني في حالة إن حد اتعور عورة كبيرة في الشغل، مين المفروض يدفع له قيمة العلاج والتعويض؟
2473	"طيب، هل بند استقطاع التأمينات ده بيتضاف في تفاصيل المرتب اللي بستلمه، ولا بيتعاملوا معاه بشكل مختلف؟ (تركز على ""بند استقطاع التأمينات"" و ""تفاصيل المرتب"" لتقديم منظور أكثر تفصيلاً.)؟"
2493	لو سمحت، هل إجباري على صاحب أي شركة إنه يعمل اشتراك تأمينات اجتماعية للعامل عنده من أول يوم توظيف؟
4944	يعني لو مينفعش نِشَغَّل الأطفال الصغيرين بالليل ولا في شغل خطر، يبقى القانون بتاع الشغل بيقول إيه بالظبط؟
3013	طيب، امتى بالظبط يقدر صاحب الوظيفة يستغنى عن خدمات العامل؟ وهل النظام بيفرض وجود قرار من المحكمة علشان الفصل ده يكون سليم؟
3708	يعني ضروري يبقى فيه دكتور شغل أو دكتور متخصص موجود في المصانع؟
698	بصراحة، لو الواحد عنده مناسبة خاصة أو حالة وفاة لا قدر الله، يقدر ياخد كام يوم إجازة في العمرة تبع الإجازات المفاجئة؟
1007	بالنسبة للأم اللي بترضع طفلها، القانون بيديها كام وقت زيادة تستريح فيه عشان الرضاعة؟
2405	لو وافقت على خصم معين في العقد، يفرق قانونًا عن حد الخصم القانوني؟
288	يعني كل قد ماذا شغل الواحد محتاج يريح شوية؟
1796	بصراحة، لازم يكون في حساب بنكي لصرف المرتب ولا يجوز كاش بالكامل؟
1382	بصراحة، كم نوع من عقود المؤسسة مُعترف بيه قانونًا لما تشتغل في شركة خاصة؟
1619	هو ضروري إن العقد يتختم في مكان زي وزارة القوى العاملة ولا مش شرط؟
2789	لما واحد يخلص شغله وياخد معاشه، وبعدين يلاقي شغل تاني بس مش متأمن عليه، إيه اللي بيترتب على كده؟
1412	بصراحة، أي الفرق الجوهري بين عقد العمل اللي فيه تاريخ نهاية وعقد العمل المفتوح اللي ملوش تاريخ نهاية؟
4393	طيب، لو الواحد قدم استذكرته ومشي بالاتفاق مع الشركة، هل يستحق مكافأة نهاية الخدمة ولا لأ؟ وماذا حقوقه التشريعية في حالة الاستقالة؟ (تركز على حقوق الموظف)؟
504	يعني في أول سنة شغل، الموظف بياخد 15 يوم إجازة. طيب، السنة اللي بعدها، كم أيام الإجازة بيكون قد ما هو؟
3460	ممكن أعرف وقت الرضاعة الطبيعية للأم العاملة بيتخصم من وقت الشغل ولا يعتبر جزء من الدوام؟
5289	لو سمحت، القانون نص على حق العمال في تكوين نقابات والانضمام ليها بحرية؟
2201	يا ترى، الخصومات متوصلش لفين من المرتب؟ يعني أعلى نسبة خصم كام؟
1574	بصراحة، يعني مينفعش نكتب العقد غير بالعربي؟ طب لو شركة أجنبية بتشاركنا، لازم برضو نلزّمهم بالعربي ولا ممكن نكتبه بلغتهم وخلاص؟
3237	لو سمحت، التعويض بيتُحسب على كام عمرين خدمة؟ وليه القانون سايبها؟
4483	طيب، إيه اللي لازم صاحب الشغل يعمله عشان يحمي العاملين عنده ويأمنهم من المخاطر؟ القانون بيفرض عليه إيه في الحالة دي؟
1572	يعني مينفعش نكتب العقد غير بالعربي؟ طب لو شركة أجنبية بتشاركنا، لازم برضو نلزّمهم بالعربي ولا ممكن نكتبه بلغتهم وخلاص؟
3423	لو سمحت، إيه حقوق الأم العاملة اللي بترضع طفلها في قانون العمل من ناحية عدد ساعات الوظيفة أو وقت الرضاعة المخصص ليها في اليوم؟
2010	يعني هل مسموح يخصم أكثر من ربع المرتب؟
5303	القانون بيقول إن العمال ليهم مطلق الحرية في تشكيل نقابات والانضمام ليها، صح كده؟ (تأكيد أكثر مع طلب الموافقة)
1260	يعني، كام يوم في السنهة بناخدهم إجازة رسمية بمرتب؟
5329	طيب، لو حصلت مشكلة في الشركة زي عدم اتفاق مع الإدارة أو المرتب اتأخر، ينفع نعمل إضراب؟ أي رأي الشرع في موضوع الإضرابات ده؟ (تركيز على المشكلة والحل مع سؤال عن موقف القانون)؟
2362	ممكن أعرف لو اكتشفت إن فيه فرق في المرتب بسبب غلطة من الشركة، ممكن أطالب بتعديله بعد ما استلمته؟ والتشريع بيحمي حقوقي ازاي في وضع زي ده؟
3107	"إيه الحكمة من وجود حاجة اسمها ""استقالة"" وحاجة اسمها ""إنهاء خدمة""، ويا ترى إيه الفرق بينهم من ناحية القانون، وإمتى الموظف بيكون ليه حرية الاختيار؟ (هذا السؤال يستفسر عن الحكمة من وراء وجود المصطلحين، ويسأل عن الفرق القانوني بينهما وحرية اختيار الموظف.)"
4862	بصراحة، بالنسبة لواحد عنده 14 سنة، ينفع يشتغل ولا لأ؟ أصل أنا سمعت إن القانون بيسمح بالتدريب من السن ده، بس المؤسسة الرسمي عقب كده بسنة.؟
5499	لو سمحت، هو القانون الجديد ده هيقضي على التمييز في المرتبات بين الرجالة والستات اللي بيشتغلوا نفس الشغل؟ (التركيز على القضاء على التمييز كهدف للقانون)؟
4403	أنا استقلت من شغلي بالاتفاق مع الشركة، بس عايز أفهم: هل ليا أي مستحقات قانونية أو مكافأة نهاية خدمة ولا خلاص كده؟ القانون بيحمي حقوقي إزاي في الحالة دي؟ (تعبير عن القلق بشأن الحقوق)
3106	"ممكن أعرف ليه بنلاقي مصطلحات زي ""استقالة"" و ""إنهاء خدمة"" موجودة، وإيه اللي بيخلي فيه منهم حاجات ماشية بالقانون وحاجات تانية بتبقى بمزاج الموظف نفسه؟ (هذا السؤال يركز على سبب وجود المصطلحات المختلفة، ويوضح أن بعضها يعتمد على القانون بينما البعض الآخر يعتمد على رغبة الموظف.)؟"
5363	هل قانون الشغل بينص صراحة على إن الشركات لازم توفر بيئة شغل نضيفة وأمان، زي يعني الإضاءة والتهوية الكويسة؟ (تركيز على النص الصريح للقانون)
2986	ممكن أعرف صاحب العمل يقدر يفصل العامل أمتى؟ القانون ذكر الفصل لازم يكون بقرار من المحكمة؟
4287	لو سمحت، لو سبت الشركة، لازم ختم أو موافقة من مكتب الشغل عشان الاستقالة تبقى تمام؟ (تركيز على الموافقة الرسمية)؟
968	بصراحة، الست في الحمل تاخد تخفيض في ساعات العمل من امتى؟
4198	"ممكن أعرف هو مرتبنا بيتخصم منه عشان المعاش ولا لأ؟ ولو بيتخصم، مين اللي هيستحق المعاش ده بعد مرور ما نتقاعد؟ (صياغة مباشرة باستخدام ""هو"" و ""ولا لأ""، وتركيز على عملية الخصم نفسها)؟"
1342	ممكن أعرف يعني لو اشتغلت يوم أجازة، هيعوضوني بيوم بريك تاني ولاّ هيدفعولي أجر مضاعف؟ إيه النظام؟ (تركيز على التعويض بدلا من الحق، مع سؤال مباشر عن النظام المتبع)؟
1464	يعني أعلى مدة ينفعة لعقد تحت الاختبار بتكون كام شهر؟ (بيركز على أعلى مدة ممكنة لعقد تحت الاختبار)؟
956	بصراحة، لو واحدة شغالة أخدت إجازة وضع، لازم يرجعوها شغلها تاني عقب الإجازة ولا ممكن يغيروا شغلها أو يمشوها؟
2064	يعني مين الجهة أو الشخص اللي بيقوم بعملية احتساب الرواتب ودفعها، وكمان بيشيل مسؤولية الضرائب والتأمينات؟
5082	يعني طبقا للقانون، المفروض المرتب بتاعي يزيد كل سنهة بمقدار قد ماذا؟
4531	طيب، في حالة حادث أو إصابة عمل، مين بيتحمل العلاج والتعويض؟
2507	بالبلدي كده، صاحب الشغل لازم يشترك للموظف بتاعه في التأمينات من أول يوم في الشغل، ولا الموضوع فيه كلام تاني؟
871	طيب، لما واحدة ست بتشتغل تخلف، بتاخد كام شهر بريك من الشركة عشان البيبي؟
3380	بصراحة، الست الحامل ممنوع تشتغل فوق الساعات العادية أو إضافي أثناء الحمل؟ القانون قال إيه؟
262	ممكن أعرف يا ترى القانون محدد وقت استراحة غداء مدتها قد ماذا في شغل اليوم؟
4196	"بصراحة، هو مرتبنا بيتخصم منه عشان المعاش ولا لأ؟ ولو بيتخصم، مين اللي هيحصل على المعاش ده بعد مرور ما نتقاعد؟ (صياغة مباشرة باستخدام ""هو"" و ""ولا لأ""، وتركيز على عملية الخصم نفسها)؟"
2578	ممكن أعرف مين المسؤول عن تحديد أقل وأعلى قيمة للأجور اللي بيتخصم منها اشتراكات التأمين، وبيعملوا كده على أساس ماذا؟
1645	طيب، هل النظام بيشترط إننا نمضي العقد قدام موظف في مكتب الوظيفة أو أي جهة حكومية تانية ولا ده مش إجباري؟
1200	"يعني لو واحد هيسافر الحج أو العمرة، يأخذ إجازة مدتها كام شهر؟ ومين الناس اللي مسموح ليها بالإجازة دي؟ (تغيير في ترتيب السؤال واستخدام كلمة ""مسموح"" بدلاً من ""يستحق"")؟"
4997	هل من 15 ل17 سنة يُمكنهم الاشتراك في مشروع صغير أو خدمة المجتمع؟
881	الواحدة اللي بتشتغل بعد ما تولد، مسموح ليها تغيب كام شهر عن الشغل؟
5441	هل قانونًا صاحب الشغل مجبر إنه يعمل حاجات عشان التحرش ما يحصلش، ولو حصل، يضمن إن اللي اشتكى محدش يعرف مين هو؟
5015	اللي سنهم بيتراوح بين 15 و 17 سنة، ليهم الحق يساهموا في مشاريع شبابية أو أي عمل خيرى يفيد المجتمع؟ (تركيز على الحق والمساهمة)
3558	يعني في قانون العمل الجديد، فين العلامات (التمييزية للحاملات) زي إيه؟
3913	طيب، هل الموظف اللي بيتضرر ويبلغ عن اللي حصله بيكون في أمان من أي إجراءات تأديبية أو عقابية من صاحب الشركة؟ الشرع بيوفرله الحماية المطلوبة؟
4789	طيب، هل فيه كشف دوري من جهة طبية على مستشفى الشركة؟ (هذا السؤال يركز على وجود فحص دوري بشكل عام)؟
4626	يعني في مصر، هل فيه قوانين بتمنع وتجرم أي تصرفات مؤذية أو مهينة بتحصل بين الزملا في المؤسسة؟ (تركز على منع التجريم)؟
3096	يعني أي الفرق بين الاستقالة وإنهاء الخدمة، وإزاي فيه أنواع منها قانونية والنوع التاني برغبة الموظف؟ (هذا السؤال يركز على الفروق الجوهرية بين المفهومين وكيفية اختلافهما من حيث القانونية والاختيارية.)؟
933	لو سمحت، الست العاملة ترجع وظيفتها بعد إجازة الوضع؟
5136	يعني لما يقولوا زيادة المرتب 3% كل سنة، هل الزيادة دي بتنزل على المرتب اللي بستلمه شهرياً، ولا المرتب اللي بيعتبروه أساس لحساب التأمينات الاجتماعية؟
5395	طيب، فيه نص في القانون بيجرم التنمر أو التحرش داخل الدوام؟
4762	ممكن أعرف هو شرط أساسي وجود لجنة سلامة في كل مكان شغل كبير؟ القانون نص واجب نعمل كده يعني؟
4488	يعني بصبريك كده، هل التشريع بيجبر صاحب العمل إنه يوفر للعاملينين عنده كل وسائل الحماية والأمان الواجبة؟ وإيه هي بنود القانون في الموضوع ده؟
2271	"لو سمحت، لو قبضت فلوس زيادة عن حقي أو أخدت سلفة وبعد كده رجعوني لمرتبي القديم، هل ممكن يحطّوا الموضوع ده تحت بند ""ظروف طارئة""؟"
4251	لو سمحت، يعني أنا ما كانش ينفع أصبر عشر أيام قبل ما أرجع في كلامي؟ طب النظام بيقول ما هو، فترة السماح اللي أقدر أستقيل فيها كام يوم بالظبط؟ (هذه الصيغة أكثر انفتاحًا و تسأل عن إمكانية الانتظار قبل الرجوع في القرار)؟
3228	يعني لو التعويض اللي المفروض اخده كبير جدًا، هل ممكن القانون يقلله عشان فيه قيمة معينة مينفعش اتعداها؟
1791	لو سمحت، المرتب بيتحسب ويتدفع ازاي؟ دفعة واحدة كل شهر، على دفعات كل أسبوع، ولا حساب يوم بيوم؟
2404	ممكن أعرف ما هو هو الحد الجائز به قانونًا لو الشركة خصمت من مرتبي مقابل الأدوات أو الملابس اللي بستعملها في الشغل؟ (تركيز على الحد القانوني واستخدام المعدات في الشغل)؟
2930	بصراحة، هل فيه أي قيود على العامل اللي بيقبض معاش إنه يشتغل تاني؟ ولو اشتغل، إيه التحديات اللي ممكن تقابله؟ (تركيز على القيود والتحديات المُحددة)؟
3987	لو سمحت، إيه اللي بيستحقه أي حد سنهه عدا الستين وبيشتغل، لما يمشي من الشغل؟ (أقصد مكافأة نهاية الخدمة)؟
692	بصراحة، قانون الشغل بيدي كام يوم إجازة عارضة في السنة الواحدة، يعني لو حصل ظرف طارئ؟
1332	يعني لو نزلت شغل في إجازة رسمية، المفروض آخد يوم تاني أجازة بداله ولاّ فلوس زيادة على مرتبي؟ إيه حقي بالظبط؟ (تغيير كبير في التركيب وتقديم خيارات بديلة بشكل أوضح)؟
3437	الست اللي بتشتغل وبترضع طفلها، القانون بيقول إيه عن عدد ساعات شغلها اليومية وحقوقها في أوقات مخصصة للرضاعة؟
3703	طيب، لازم يكون في طبيب عمل أو طبيب متخصص داخل المصانع؟
3658	"ممكن أعرف ""بخصوص القانون اللي صدر سنة 2025 وبيحرم التمييز على أساس الحمل، التمييز الممنوع ده بيكون في انهي أنواع من التعاملات أو المواقف؟""؟"
2304	يعني هل فيه أمل نسبة الخصم من الضرايب والتأمين تزيد عن الـ 25% دي، ولا كده آخرها؟ (يركز على وجود أمل في زيادة الخصم)؟
854	بصراحة، إيه نظام إجازة الأبوة في مصر؟ يعني الأب بيستحق كام يوم لما مراته تجيب طفل؟ (تستفسر عن النظام بشكل عام ثم تحدد المدة)؟
1642	ممكن أعرف يعني لازم العقد بتاع الشغل ده يتوثق في جهة رسمية زي وزارة العمل عشان يكون رسمي ولا ما هو النظام؟
3891	لو سمحت، يعني لو حد اتعرض لأذية في شغله وراح اشتكى، مديره مبيقدرش ياخد ضده أي إجراء؟ النظام واقف في صف اللي اتأذى فعلًا؟
712	ممكن أعرف بالظبط كده، الموظف يقدر يستحق كام يوم في السنة إجازة تحت بند الظروف الطارئة، زي مناسبة مفاجئة أو حاجة حصلت فجأة؟
1773	لو سمحت، المرتب بيتدفع على أي أساس؟ بالشهر، بأسبوعياً، ولا باليوم؟
1806	يعني مفيش أمل آخد المرتب بتاعي كله كاش؟ لازم جزء منه ينزل في حساب بنكي؟
4076	"بصراحة، لو واحد اتوفى وهو على رأس عمله، الناس اللي كانوا بيعتمدوا عليه، يحصل علىوا تعويضات أو حاجة؟ (ركزنا على فكرة الاعتماد المالي واستخدام كلمة ""تعويضات"").؟"
2249	لو الشركة عملتلي كورسات ودفعتلي فلوسها، وفي العقد مكتوب إني لو سبتهم قبل مدة محددة هرجع الفلوس دي، القانون بيسمح بكده ولا لأ؟ (يركز على أن الشركة هي التي دفعت تكاليف الكورسات).
4580	بصراحة، يعني لو الشغل فيه تهديد لسلامة العامل ومعهوش اللي يحميه، ده يدي له الحق إنه يعترض وميشتغلش؟
3945	"لو سمحت، هل فيه نص في القانون بيقول إن صاحب العمل مطلوب يعمل زي كشف جنائي على اللي بيشتغلوا عنده، وده بهدف إنه يفي بيئة عمل آمنة؟ (تغيير في الكلمات والتعبير عن ""الفحص"" بـ ""كشف جنائي"" مع التركيز على ضمان بيئة عمل آمنة).؟"
1511	شغل الأونلاين والوظايف النص نص، الدولة معترفة بيهم ولا لأ؟ (هنا التركيز على اللغة العامية أكثر واستخدام مصطلحات شائعة)
293	بعد شغل مدته قد إيه لازم نفصل ونريح أعصابنا؟
5380	"ممكن أعرف طبقا لقانون العمل، هل الشركات مجبرة إنها تلتزم بمعايير معينة للنضافة والأمان في مكان الشغل، زي مثلاً وجود إضاءة كافية وتهوية مناسبة؟ (استخدام مصطلحات أكثر رسمية مثل ""معايير"" و""مكان الشغل"")؟"
5503	طيب، إذا حصل انتهاك للحقوق في مكان الشغل، نقدر نشتكي فين؟ (وزارة القوى العاملة أو المحكمة)؟
1850	بصراحة، معلش، جائز تعرفني آخر مرة تم فيها تحديد قيمة الحد الأدنى للأجور في القطاع الأهلي، القيمة كانت أد أي؟
2665	طيب، هل فيه أي استثناءات أو قوانين تمنع صرف مكافأة نهاية الخدمة لشخص عنده أكتر من ستين سنة وبيشتغل؟
3069	"لو سمحت، لو حد استقال غصب عنه، يقدر يسحب الاستقالة دي تاني؟ ولا الشرع بيحكم إن خلاص الاستقالة اتقبلت ومفيش كلام تاني؟ (تستبدل ""ضغوط"" بـ ""غصب عنه"" وتوضح فكرة ""السحب"")؟"
4853	هل 14 سنة ممكن يشتغل؟ القانون قالت للتدريب من 14 والتوظيف من 15؟
2381	هل قانوني إن الشركة تخصم فلوس الأدوات أو اليونيفورم من الراتب، ولو قانوني، إيه الحد الأقصى للخصم؟ (تركيز على الجانب القانوني والحد الأقصى)
350	بصراحة، لو الدوام 6 أيام في أسبوعياً، أي هو الحد الأدنى لساعة الراحة اللي المفروض آخدها أسبوعياً؟
1228	"ممكن أعرف ""إيه المتطلبات اللي واجب تتحقق علشان الواحد يقدر يطلع ياخد إجازة حج؟ فيه شروط متعلقة بالعمر مثلًا، أو عدد سنين الوظيفة؟""؟"
1331	لو نزلت شغل في إجازة رسمية، المفروض آخد يوم تاني أجازة بداله ولاّ فلوس زيادة على مرتبي؟ إيه حقي بالظبط؟ (تغيير كبير في التركيب وتقديم خيارات بديلة بشكل أوضح)
1794	يعني ضروري يكون في حساب بنكي لصرف المرتب ولا يجوز كاش بالكامل؟
1006	ممكن أعرف الست المرضعة لها حق إيه عدد مدة فسحة إضافية للرضاعة؟
2236	ممكن أعرف أنا لو أخدت كورس تبع الشركة و فيه بند في العقد بيقول إني لو مشيت قبل مدة معينة هدفع تمن الكورس، القانون بيقول إيه في الموضوع ده؟ (يركز على تفاصيل أكثر حول الكورس والبند في العقد).؟
2866	ممكن أعرف لو واحد شغال في شركة، ممكن ياخد المكافأة اللي المفروض ياخدها بعد التقاعد بدري شوية، ولا ده ميصحش؟
687	لو سمحت، يعني الواحد ليه كام يوم إجازة طارئة في السنة، زي مثلاً مناسبة مفاجئة أو حاجة ضرورية؟
3503	بعد الولادة مباشرةً، لو الموظفة رجعت لشغلها بسرعة، هل القانون بيضمن لها وظيفتها، وهل ده بيحصل في الشركات فعلًا؟
4723	طيب، مين الجهة اللي يمكن أقدم فيها تظلم أو شكوى لو شوفت حاجات غلط في إجراءات السلامة في المصنع؟ (استخدام مصطلحات رسمية أكثر قليلاً)؟
1414	ممكن أعرف ماذا الفرق الجوهري بين عقد الدوام اللي فيه تاريخ نهاية وعقد العمل المفتوح اللي ملوش تاريخ نهاية؟
2550	يعني الحد الأدنى والأقصى للأجر التأميني بيتحدد إزاي؟
3361	طيب، ابتداءً من شهر كم، الشغل اليومي بتاع الحامل المفروض يقل؟
1407	لو سمحت، يعني ما هو الفرق بين عقد الشغل اللي مدته معروفة وعقد الشغل اللي ملوش مدة انتهاء مُحددة؟
4632	يعني لو واحد اتعرض لإساءة أو تنمر في شغله، النظام بيقف جنبه ويحميه؟ (تركز على حماية القانون للضحية)؟
2848	ممكن أعرف ينفع العامل يستحق مكافأة نهاية الخدمة قبل ما يوصل عمر المعاش ولا ده مش من حقه؟
4582	ممكن أعرف يعني لو الشغل فيه تهديد لسلامة العامل ومعهوش اللي يحميه، ده يدي له الحق إنه يعترض وميشتغلش؟
2164	ممكن أعرف بالليل والنهار، الساعة الزيادة في الشغل بتتُحسب بضرب الأجر الأساسي في كام؟ (تركيز على طريقة حساب الأجر الإضافي)؟
5061	لو سمحت، ممكن طفل عنده أقل من 15 سنة يلاقي فرصة كويسة من غير ما يكون معاه شهادة تثبت تعليمه؟ (تركز على فكرة الفرص المتاحة لمن هم دون الـ 15 بغض النظر عن الشهادة)؟
332	بصراحة، لو اشتغلت 6 أيام في الأسبوع من غير فاصل، يبقى ليا كام ساعة راحة أسبوعية؟
990	يعني بعد مرور قد إيه من الحمل، الست العاملة ممكن تطلب تقليل ساعات العمل بتاعتها؟
3908	بصراحة، لو واحد أو واحدة اتظلموا في شغلهم وقدموا شكوى، هل صاحب العمل يقدر يعمل لهم حاجة تضرهم عقب كده؟ ولا القانون بيحمي الناس دي من أي تداعيات؟
1060	ممكن أعرف الشركة بتديني كام يوم إجازة مرضية بمرتب كامل لو احتجت؟ (تركيز على سياسة الشركة)؟
4929	لو سمحت، ممنوع تشغيل القصر ليلا أو في أعمال خطيرة، النظام نص ما هو؟
5450	بصراحة، يعني قانون الشغل بيقول أي؟ هل بيقول إن صاحب الشغل لازم يتصرف ويتخذ خطوات عشان يحمي الموظفين من التحرش ويحافظ على سرية اللي بيقدم بلاغ؟
3692	بصراحة، يا ترى التشريع المصري بيُلزم صاحب العمل بتوفير إيه من وسائل الحماية والأمان للعمال اللي عنده؟
1103	ماشي، بالنسبة للإجازة المرضية، بناخد المرتب كامل في أول تلات شهور، طب بعد التلات شهور دول، وضع المرتب بيكون إيه بالظبط؟
3318	"يعني لما يقولوا محكمة عمل، معناها بتنظر في قضايا إيه بالظبط؟ ولو حصل معايا مشكلة في شغلي واترفدت، أقدر أشتكي هناك على طول ولا مطلوب واسطة من الحكومة الأول؟ (تستخدم كلمة ""تشتكي"" بدلاً من ""أروح المحكمة"" وتضيف فكرة ""الواسطة"")؟"
2853	لو سمحت، هل قانوناً العامل يقدر يصرف المكافأة بتاعته قبل ما يتقاعد رسمياً، ولا لازم يستنى لحد المعاش؟
4280	بصراحة، لو قدمت استحددتي، لازم أصل مكتب العمل أو الجهات الإدارية يصدقوا عليها؟
5531	لما حقوق العامل تتهدر في مكان شغله، المفروض يتوجه بشكواه فين؟ لوزارة العمل ولا المحكمة المختصة؟
238	ممكن أعرف البريكات اللي بناخدها في الوظيفة، زي وقت الأكل، بتتضاف على الـ 8 ساعات شغل ولا لأ؟
2533	طيب، لو سمحت، الاشتراكات دي بتتقسم بينهم ازاي؟ يعني العامل بيدفع أد إيه في المية وصاحب الوظيفة كام في المية؟
514	ممكن أعرف أول سنة في الشغل بيكون ليك 15 يوم إجازة. طب لما تدخل السنة التانية، إجازاتك هتبقى كام يوم بالظبط؟
3571	طيب، إيه هي الحقوق والميزات اللي القانون الجديد للشغل بيديها للستات الحوامل بالتحديد؟
945	لو سمحت، يعني عقب ما الست تولد وتاخد إجازتها، ليها الحق ترجع لنفس وظيفتها اللي كانت فيها قبل كده، ولا جائز الشركة ترفض؟
5316	يعني طبقا للقانون، هل العمال يقدروا يعملوا نقابات وينضموا ليها بمزاجهم من غير ما حد يتدخل؟ (تركيز على عدم التدخل والحرية الشخصية)؟
5181	لو سمحت، هل في فرضية قانونية لضمان زيادات سنوية (زي ما حصل حكم 3%)؟
5404	ممكن أعرف هل النظام المصري بيعتبر التنمر أو التحرش في المؤسسة جريمة يعاقب عليها؟ (هذه الصياغة تركز على القانون المصري بشكل عام والعقوبة).؟
1818	يعني مفيش طريقة أقبض مرتبي بالقد إيهل يدوي؟ ولا لازم الشركة تحوله على حساب بنكي ليا؟
5060	بصراحة، ممكن طفل عنده أقل من 15 سنة يلاقي فرصة كويسة من غير ما يكون معاه شهادة تثبت تعليمه؟ (تركز على فكرة الفرص المتاحة لمن هم دون الـ 15 بغض النظر عن الشهادة)؟
232	ممكن أعرف هل وقت الراحة اللي بناخده في الشغل، سواء للغدا أو غيره، بنعتبره من ضمن مدة الشغل اللي هي 8 ساعات؟
563	إيه الفترة الزمنية اللي لازم الواحد يشتغلها في الشركة عشان يقدر ياخد إجازة سنوية مدتها 30 يوم؟
5458	ممكن أعرف بصراحة، صاحب الشغل ملزوم ولا لأ يعمل كل اللي يقدر عليه عشان يمنع التحرش في الشغل، ولو حد اشتكى ماحدش يعرف عنه حاجة؟
1230	"يعني ""علشان الواحد ياخد تصريح إجازة حج من المؤسسة، لازم يكون مستوفي شروط معينة؟ زي ما هو الشروط دي بالظبط؟ ليها علاقة بسنه الموظف أو مدة خدمته في الشركة؟""؟"
736	ممكن أعرف الإجازة اللي بناخدها في الوقت ده: هل هي جزء من الإجازة السنوية بتاعتنا، ولا دي حاجة تانية غيرها؟
3436	ممكن أعرف في قانون العمل المصري، أي هي المدة الزمنية اللي المفروض تشتغلها الست اللي بترضع، و إيه كم مرة تقدر تاخد بريك للرضاعة في اليوم؟
1987	طيب، فيه حدود أد إيه للخصومات اللي يمكن تتسحب من مرتبي كل شهر؟ بتكلم على السلف والمدفوعات والكلام ده.؟
4891	طيب، تحت سن 18، فيه قيود على ساعات الشغل النهارية؟
4685	هو القانون محدد إزاي إجراءات السلامة في الشغل والكشف الدوري على صحة العمال ولا سايبها كده؟
1654	ممكن أعرف لو صاحب الشغل غير شروط العقد دون موافقة العامل، ينفع؟
2279	"أفرض إني صرفت فلوس زيادة سواء كانت مستحقات أو قرض، وبعدين المرتب رجع زي الأول، هل ممكن يعملوها حجة ويقولوا ""الوضع استدعى كده""؟"
4364	بصراحة، يعني عشان الواحد يستحق التعويض، لازم يكون اشتغل كام سنة بالظبط؟ وإيه هي المحددات اللي بيحطوها في الاعتبار؟
4669	طيب، هل فيه مسؤولية قانونية على صاحب الشركة إنه يضمن بيئة عمل آمنة وخالية من التحرش لكل العاملين عنده؟ (هذا السؤال يركز على المسؤولية الشرعية لصاحب العمل وتوفير بيئة عمل آمنة)؟
2859	لو سمحت، هل من حق الموظف إنه يقدم طلب لصرف مكافأة نهاية الخدمة بتاعته قبل ما يطلع على المعاش؟
4694	بصراحة، طبقا للقانون، إيه التعليمات اللي واجب تتنفذ عشان نحافظ على سلامة العمال وصحتهم بشكل دوري في الشغل؟
3059	"لو واحد قدم استقالته وهو مضغوط عليه، ممكن يتراجع فيها بعد كده ولا خلاص الاستقالة دي كده تمام ومينفعش يغير رأيه؟ (تركز على إمكانية التراجع وتوضيح معنى ""نهائية"")"
194	بصراحة، عدد ساعات العمل كل أسبوعية اللي القانون بيحددها أد أي؟
115	طيب، التشريع بيقول الواحد يشتغل كام ساعة في اليوم بحد أقصى؟
5535	لو سمحت، لما حقوق العامل تتهدر في مكان شغله، المفروض يتوجه بشكواه فين؟ لوزارة العمل ولا المحكمة المختصة؟
622	ممكن أعرف إيه وضع الناس اللي عندهم ظروف خاصة من ناحية الإجازات السنهوية؟ يعني أد إيه يوم المفروض يحصل علىوا في السنة؟
4418	بصراحة، إيه اللي بيحصل بالنسبة لمكافأة نهاية الخدمة لما الواحد يستقيل بمزاجه، والشركة توافق؟ القانون بيحكم الموضوع ده إزاي؟ يعني أستحقها ولا مش من حقي؟ (تركز على آلية عمل القانون في حالة الاستقالة)؟
3247	طيب، معلش، التعويض ده بيتحدد على أساس كم عمرين العمل اللي قضيتها ولا ما هو؟ وليه القانون مش قاطع في الموضوع ده ومحددهاش؟ (تركز على الغموض في القانون)؟
2301	لو سمحت، الضرايب واشتراكات التأمين، ممكن تنقص زيادة من 25% ولا لأ؟
832	ممكن أعرف يا ترى الأب بيحصل على كام يوم إجازة لما مراته تولد؟ (تعبير عامي أكثر، يسأل عن المدة بشكل غير رسمي)؟
586	"ممكن أعرف الواحد لما يوصل لـ50 سنهة شغل، يستحق كام يوم إجازة سنوية؟ (تستخدم كلمة ""الواحد"" للإشارة إلى الموظف بشكل عام، وتركز على الاستحقاق).؟"
1525	طيب، هو قانون الشغل وافق على عقود الشغل اللي بتكون من بعيد أو مقدار وقت أقل ولا لسه؟ (هنا التركيز على قانون العمل بشكل مباشر)؟
4441	"طيب، لو حصل فصل تعسفي، إزاي الواحد يقدر يستفيد من محكمة العمل الجديدة دي؟ وهل يمكن أقدم شكوى على طول ولا لازم أعدّي على جهة تانية الأول؟ (تستخدم مصطلح ""فصل تعسفي"" و تركز على وجود جهة وسيطة قبل المحكمة)؟"
645	لو سمحت، العمال في الأعمال الخطرة زي التعدين أو الكيماويات بياخدوا كام يوم إضافية؟
2309	يعني مفيش أي طريقة نخلي الضرايب والتأمين يقلوا أكتر من ربع المبلغ، صح كده؟ (يسأل بشكل مباشر عن وجود أي طرق لزيادة التخفيض)
4951	طيب، الشرع بيوضح ما هو بخصوص منع الأطفال من الشغل بالليل أو في أعمال فيها خطورة عليهم؟ عايزين نعرف التفاصيل.؟
429	لو سمحت، في أيام محددة الدولة بتتيح فيها بريك (جمعة مثلا)، ساعات الراحة دي بتنحسب ضمن أسبوع شغل؟
1639	طيب، يعني ضروري العقد بتاع الشغل ده يتوثق في جهة رسمية زي وزارة الوظيفة عشان يكون رسمي ولا إيه النظام؟
1647	لو سمحت، هل القانون بيشترط إننا نمضي العقد قدام موظف في مكتب العمل أو أي جهة حكومية تانية ولا ده مش إجباري؟
3779	يعني القانون بيفرض حد أدنى من إجراءات السلامة والأمان؟ زي مثلًا لبس معين أو خوذة لازم الشركة توفرها؟
1667	لو واحد شغال في مكان، وجه صاحب المكان وغير له شروط الشغل المتفق عليها من الأول، هل ده إجراء قانوني سليم؟
1634	بصراحة، فيه إلزام قانوني إن توقيع العقد يكون في مكان معتمد زي مكتب العمل ولا التوقيع العادي كفاية؟
5037	لو سمحت، هل شهادة دراسية لازمة قبل سن 15؟
3598	ممكن أعرف أقصى الوظيفة للحوامل يوافقوا عليه لو عدد الموظفات عندهم إضافة إلى كام؟
3404	بصراحة، لو واحدة حامل شغالة، هل ينفع صاحب الشغل يشغلها وقت زيادة أو إضافي ولا ده ممنوع بالتشريع؟ (تغيير في التركيز على مسؤولية صاحب العمل)؟
655	"طيب، أصحاب المهن اللي فيها خطورة عالية، زي شغل المنجم أو الكيماويات، ليهم كام يوم راحة زيادة عن غيرهم؟ (استخدام ""أصحاب المهن"" و ""راحة"" بدلاً من ""عمال"" و ""أجازة"")؟"
838	ممكن أعرف قانونًا، الأب من حقه ياخد إجازة والدية مدتها قد ما هو لما البيبي يجي؟ (صياغة رسمية أكثر، تسأل عن الحق النظامي)؟
3990	يعني كيف بتتضاف مكافأة نهاية الخدمة؟ (نصف شهر للسنين الأولى وشهر للسنين البعد كده)؟
3788	بصراحة، هل فيه متطلبات قانونية بتحدد مستوى معين من وسائل الوقاية الشخصية لازم تكون متاحة، زي الخوذ أو الملابس الواقية؟
5487	"لو سمحت، هو القانون الجديد بيضمن إن الست تاخد زي الراجل بالملي لو بيشتغلوا نفس الشغل؟ ولا فيه لسه لعب؟ (إضافة عنصر الشك والتحقق وكلمة ""بالملي"" للتأكيد)؟"
2034	يعني هل فيه أي مشكلة لو الخصومات زادت عن الربع في المرتب؟
383	ممكن أعرف، ينفع آخد يوم أجازة بأجر كامل كل أسبوع ولا لأ؟
347	لو الدوام 6 أيام في الأسبوع، إيه هو الحد الأدنى لساعات الراحة اللي المفروض آخدها أسبوعياً؟
2317	طيب، ممكن الضرايب والتأمين ينزلوا عن الـ 75% من المبلغ الأصلي، ولا ده يعتبر الحد الأقصى اللي ممكن نوصل له؟ (يعكس السؤال بالتركيز على النسبة المتبقية بعد مرور الخصم)؟
362	بصراحة، هو أنا من حقي آخد يوم إجازة مدفوعة الأجر كل أسبوع؟
3457	طيب، وقت الرضاعة الطبيعية للأم العاملة بيتخصم من وقت الوظيفة ولا يعتبر جزء من الدوام؟
5345	أفهم من كده، لو فيه نزاعات في الشغل أو المرتبات اتأخرت، هل ده سبب كافي إننا نعمل إضراب من وجهة نظر القانون؟ القانون بينظم الإضرابات دي إزاي؟ (تركيز على النزاعات كسبب للإضراب وكيفية تنظيم القانون للإضرابات)
4548	يعني مين الجهة اللي بتتكفل بمصاريف علاج العامل وبتعوضه لو اتعرض لإصابة أو حادثة في الشغل؟
400	ممكن أعرف ينفعوا يعوّضوا شغل الأحد بإيجار في الأسبوع الواحد؟ يعني التشريع سامح بكده ولا ماذا النظام بالظبط؟
2469	"لو سمحت، يعني قيمة الاشتراك في التأمينات بتتطرح من إجمالي المرتب قبل ما آخده، ولا ماذا بالظبط؟ (تستخدم مصطلحات ""إجمالي المرتب"" و""تتطرح"" لتقديم وجهة نظر مختلفة للسؤال)؟"
993	لو سمحت، بعد مرور مرور قد أي من الحمل، الست العاملة ممكن تطلب تقليل وقت العمل بتاعتها؟
113	القانون بيقول الواحد يشتغل كام ساعة في اليوم بحد أقصى؟
5049	لو سمحت، ينفع الواحد يشتغل أو يدخل شغل من غير شهادة وهو عنده أقل من 15 سنة؟ (تركز على علاقة الشهادة بسوق العمل أو فرص العمل لمن هم دون الـ 15)؟
4126	ممكن أعرف التأمين الصحي اللي معايا ده، هل بيغطي أي علاج أنا محتاجه لو تعبت من المؤسسة؟ (تركيز على التأمين المحدد للشخص)؟
190	ممكن أعرف القانون بيقول إننا المفروض نشتغل كام ساعة في الأسبوع كحد أقصى؟
1363	طيب، القانون بيحدد ماذا عدد نوع لعقد العمل في القطاع الخاص؟
5468	بصراحة، النظام الجديد يضمن المساواة في الأجر بين الموظفين نفس الوظيفة (رجالة وستات)؟
1994	بصراحة، أي الحد الأقصى اللي ممكن يتشال من مرتبي كخصومات بأنواعها؟ زي السُلفة اللي خدتها أو أي مبالغ تانية بدفعها؟
4175	هل بيتم خصم فلوس للمعاش من مرتبنا؟ و بعد ما نطلع معاش، مين اللي بيقبض الفلوس دي؟ (تركيز على الخصم الفعلي ومن يستفيد من المعاش بعد التقاعد)
4603	طيب، القانون بيجرم التنمر والسلوكيات المسيئة في مكان العمل؟
4081	"طيب، يعني لو الراجل كان شغال ومات، الورثة بتوعه ليهم معاش أو مستحقات معينة ولا خلاص كده؟ (استخدمنا مصطلح ""الورثة"" و""معاش"" لجعله أكثر تحديدًا).؟"
5073	لو سمحت، النظام قال إن لازم كل سنهة مرتبك يزود كام؟
1802	بصراحة، مينفعش استلم مرتبي كله فلوس في إيدي؟ ضروري يبقى فيه حساب في البنك؟
4691	طبقا للقانون، إيه التعليمات اللي لازم تتنفذ عشان نحافظ على سلامة العمال وصحتهم بشكل دوري في الشغل؟
641	العمال في الأعمال الخطرة زي التعدين أو الكيماويات بياخدوا كام يوم إضافية؟
5173	طيب، بعد الزيادة اللي حصلت في الحد الأدنى للأجور، اللي وصلت لستة وسبعة آلاف جنيه، ليه مفيش أي استجابة من الشركات دي؟ ليه مفيش أي تغيير في المرتبات؟ (تركيز على غياب الاستجابة والتغيير في المرتبات)؟
328	ممكن أعرف بعد ستة أيام شغل ورا بعض، المفروض آخد بريك قد إيه في الأسبوع؟
1925	سؤالي بخصوص الزيادة الـ 3% السنوية: هل الزيادة دي بتدخل في حساب الراتب اللي بيتحط في التأمينات الاجتماعية، ولا ليها حسبة تانية بعيد عن التأمين؟ (تركيز على استقلالية الحساب أو ارتباطه بالتأمين)
5247	لو سمحت، لو الإدارة فضلت على المرتب القديم ومغيرتش، يبقى كده عملوا حاجة غلط قانونًا ولا هما أحرار في قراراتهم دي؟
4202	"بصراحة، يعني، فيه جزء من فلوسنها بيروح للمعاش و لا دي حاجة تانية؟ و لو فيه معاش، مين اللي بيستلمه لما نخلص شغل؟ (استخدام ""يعني"" للتوضيح، وتركيز على طبيعة الخصم ومن يستلم المعاش في النهاية)؟"
4412	بصراحة، يعني لو أنا والشركة اتفقنا على إنهاء الخدمة عن طريق الاستذكرة، المكافأة بتاعة نهاية الخدمة دي بتروح عليا ولا إيه؟ وإيه موقف القانون بالظبط من الموضوع ده؟ (تركز على ضياع المكافأة المحتمل)؟
2489	هل إجباري على صاحب أي شركة إنه يعمل اشتراك تأمينات اجتماعية للعامل عنده من أول يوم توظيف؟
942	يعني بعد ما الست تولد وتاخد إجازتها، ليها الحق ترجع لنفس وظيفتها اللي كانت فيها قبل كده، ولا يجوز الشركة ترفض؟
2966	بصراحة، ما هو هي الإجراءات اللي لازم أعملها عشان أقبض المعاش بتاعي؟ وهل المعاش بينزل على طول ولا بيتأخر شوية؟ (تركز على الإجراءات المطلوبة وتوقيت صرف المعاش)؟
577	طيب، عقب عمر الخمسين، حق الموظف كام يوم إجازة في السنة؟ (تركز على حق الموظف في الإجازة)؟
1910	بصراحة، بالبلدي كده، الزيادة العمروية الـ 3% بتتحسب على المرتب الأساسي ولا المرتب اللي بنأمن بيه؟ (تركيز على التعبير العامي والوضوح)؟
4907	"القانون بيقول إيه بالنسبة لعدد ساعات شغل الشباب اللي تحت الـ 18 في النهار؟ فيه تحديد معين؟ (استخدام كلمة ""القانون"" والتأكيد على وجود ""تحديد معين"")"
3024	يعني مينفعش صاحب العمل يمشي الموظف طوالي كده بدون وجه حق؟ هو القانون بيحمي الواحد من الفصل اللي زي ده؟
774	يعني يا ترى، الموظفين اللي بيشتغلوا في قسم الامتحانات بالجامعة، ليهم كام يوم إجازة للمذاكرة قبل الامتحانات؟ (تركيز على قسم الامتحانات وتحديد الفترة الزمنية)؟
714	يعني الأيام دي بتخصم من الإجازة السنوية ولا تُعد علاوة على السنوية؟
3309	لو سمحت، محكمة الوظيفة الجديدة بتختص بأي؟ لو فرضًا فصلتني، ليه هناك حق أروح المحكمة بدون موافقة الحكومة؟
3695	إيه هي بنود القانون اللي بتحدد مسئولية صاحب العمل عن سلامة العمال وتأمينهم ضد المخاطر في الشغل؟
929	الست العاملة ترجع وظيفتها بعد إجازة الوضع؟
3324	"يعني إيه القضايا اللي يجوز محكمة العمل الجديدة دي تحكم فيها؟ ولو صاحب الشغل مشيني، هل عندي الحق أرفع قضية هناك بشكل مباشر، ولا فيه إجراءات تانية مفروض أعملها قبل ما أروح؟ (تستخدم كلمة ""أرفع قضية"" بدلاً من ""أروح المحكمة"" وتضيف فكرة ""إجراءات تانية"")؟"
2344	ممكن أعرف طيب لو حصل لخبطة في حساب المرتب من طرف الشركة، ينفع نصلح الغلط ده بعد كده؟ وأي اللي بيقوله القانون في الموضوع ده؟
353	يعني ليّ يوم راحة كامل كل أسبوع بأجره؟
4506	يعني هل ضروري نوفر جوه المنشأة حد متخصص زي دكتور متخصص في طب العمل أو مسعف؟
2411	"بصراحة كده، لو أنا و اللي قدامي اتفقنا في العقد على نسبة خصم معينة، ده ليه وضع قانوني مختلف عن الحد الأقصى للخصم اللي القانون بيقول عليه؟ (تستخدم كلمات عامية أكثر مثل ""بصراحة كده"" و ""اللي قدامي"" لإضفاء طابع مصري عفوي)."
420	يعني هل فيه تصريح أو سماح إنهم يشتغلوا يوم الأحد كنوع من المقاصة لإيجارهم في الأسبوع الواحدي؟ ما هو الوضع التشريعي للحكاية دي؟
1582	ممكن أعرف العقد بيكون فيه عناصر قانونية معينة؟ مثل ذكر الراتب وكل التفاصيل الأساسية؟
2264	بصراحة، لو أخدت مستحقات زيادة أو قرض وبعد كده رجعوني للوراء، يمكتبوها ضرورة؟
3010	ممكن أعرف ما هو الحقوق اللي بتدي لصاحب الشغل الحق إنه يفصل العامل؟ وهل واجب يستنى حكم المحكمة قبل ما ياخد القرار ده؟
3173	إيه اللي ممكن يحصل لو أنا استقلت والشركة رفضت الاستقالة بتاعتي؟ (تركيز على النتائج المحتملة)
436	ممكن أعرف بالبلدي كدة، لما الحكومة بتدينا إجازة في يوم معين زي يوم الجمعة، الإجازة دي بتدخل ضمن حساب أيام شغل في الأسبوع الواحد ولا لأ؟ (تركيز على اللهجة العامية)؟
2541	لو سمحت، عايزين نعرف بالتفصيل، لما بندفع اشتراكات، نصيب العامل منها بيبقى كام بالظبط ونصيب صاحب العمل كام؟
3281	يعني لما حد يقدم استقالته، القضاء الإداري بيشوف الموضوع ده ازاي؟ إيه القانون اللي بيستندوا عليه في حالات الاستقالة؟ (يركز على كيفية تعامل القضاء الإداري مع الأمر)
1114	ممكن أعرف هل ينفع أحول الإجازة المرضية لإجازة عمروية؟
995	في أي فترة من شهور الحمل، بيحق للمرأة العاملة إنها تخفف عدد ساعات شغلها بناءً على القانون؟
2821	طيب، يعني، هل الشخص يقدر يقرر وقت ما ياخد معاشه بإرادته الكاملة؟ ولو الإجابة بنعم، ازاي يقدر يحقق ده؟
2302	ممكن أعرف الضرايب واشتراكات التأمين، ممكن تنقص أعلى من 25% ولا لأ؟
2029	طيب، يمكن ياخدوا أكتر من ربع المرتب بتاعي خصومات؟
4970	بصراحة، ماذا هي الضوابط والقواعد اللي مفروض يعرفها أي طالب بيدرس وعاوز يشتغل شغلانة نص دوام؟
1804	ممكن أعرف مينفعش استلم مرتبي كله فلوس في إيدي؟ ضروري يبقى فيه حساب في البنك؟
1631	فيه إلزام قانوني إن توقيع العقد يكون في مكان معتمد زي مكتب العمل ولا التوقيع العادي كفاية؟
2582	بصراحة، ممكن تشرحلي إزاي بيتم تحديد سقف الأجر التأميني، يعني إيه هو أقل رقم وأعلى رقم ممكن يتخصم منهم للتأمين؟
4517	مفروض يبقى فيه جوه المؤسسة حد متخصص في الصحة المهنية، زي دكتور شغل أو واحد مدرب على الإسعافات، ولا مش لازم؟
728	بصراحة، اللي بناخده إجازة دلوقتي بيتخصم من إجازتنا المعتادة بتاعت كل عمرة ولا بيعتبر إجازة زيادة مش من من ضمنها؟
2059	طيب، يا ترى مين اللي بيتولى مهمة تجهيز المرتبات ودفعها، وكمان بيخصم الضرائب والتأمين؟
648	يعني يا ترى الناس اللي بتشتغل شغلانات فيها خطر زي المناجم ولا مصانع الكيماويات، يحصلون على أجازة زيادة قد إيه بالظبط؟ (تركيز على مقدار الإجازة الزيادة)؟
998	بصراحة، في أي زمن من شهور الحمل، بيحق للمرأة العاملة إنها تخفف مقدار ساعات شغلها بناءً على النظام؟
1005	لو سمحت، الست المرضعة لها حق كام زمن راحة إضافية للرضاعة؟
2618	بصراحة، بعد التعديلات الجديدة في القانون، سن المعاش بقى كام للناس اللي شغالة في شركات خاصة؟
1606	ممكن أعرف لو عايزين نعمل عقد رسمي، لازم نلتزم بحاجات معينة في كتابته، زي تفاصيل المرتب وكل المعلومات المهمة، ولا إيه؟ (تركيز على الرسمية والالتزام بمعايير كتابة العقد)؟
3034	ممكن أعرف طب هو لو اترفد فجأة بدون ما يكون عمل حاجة غلط، يبقى كده الشركة خالفت القانون ولا إيه؟ الفصل ده يبقى تعسفي؟
3795	لو سمحت، هل الشرع بيحدد ماذا أقل حاجة واجب صاحب الدوام يوفرها من ناحية أدوات الحماية زي الخوذة أو اللبس الواقي؟
5263	طيب، إيه الآليات اللي حطها قانون الشغل الجديد عشان يحمي الموظفين من أي تفرقة أو معاملة وحشة في الشغل؟
3146	"بصراحة، طيب، لو قررت ألغي الاستذكرة اللي قدمتها، لازم أقدم حاجة زي إنذار الأول؟ والسؤال التاني، ممكن أرجع في الاستقالة دي لحد إمتى بالظبط حسب الشرع؟ (هذا السؤال يستخدم كلمة ""إنذار"" ويسأل عن الحد الزمني للرجوع في الاستقالة).؟"
5172	يعني عقب الزيادة اللي حصلت في الحد الأدنى للأجور، اللي وصلت لستة وسبعة آلاف جنيه، ليه مفيش أي استجابة من الشركات دي؟ ليه مفيش أي تغيير في المرتبات؟ (تركيز على غياب الاستجابة والتغيير في المرتبات)؟
4937	إيه اللي القانون قاله تحديدا عن حظر تشغيل الأطفال بالليل أو في أي شغلانة ممكن تضرهم؟
3421	طيب، إيه حقوق الأم العاملة اللي بترضع طفلها في قانون العمل من ناحية عدد ساعة المؤسسة أو وقت الرضاعة المخصص ليها يومياً؟
2911	طيب، هل العامل ممكن يشتغل في المعاش؟ وهل يلاقي صعوبة؟
3027	لو سمحت، يعني مينفعش صاحب الشغل يمشي الموظف طوالي كده بدون وجه حق؟ هو القانون بيحمي الواحد من الفصل اللي زي ده؟
3667	طيب، صاحب الدوام عليه يوفر وسائل حماية للعمال؟ النظام قال إيه؟
1357	"طيب، دلوقتي، لو اشتغلت في يوم إجازة رسمي، آخد يوم راحة قصاده ولاّ بيحسبوه بضعف المرتب؟ يعني المفروض إيه اللي يحصل؟ (تقديم خيارات ""يوم راحة قصاده"" و""ضعف المرتب"" بشكل مباشر وأكثر وضوحًا)؟"
2007	لو سمحت، إيه أقصى نسبة أو مبلغ يمكن يتخصم من مرتبي الشهري كديون أو سُلف؟ عايز أعرف المسموح بيه قانونًا.؟
585	"لو سمحت، الواحد لما يوصل لـ50 سنة شغل، يستحق قد إيه يوم إجازة سنوية؟ (تستخدم كلمة ""الواحد"" للإشارة إلى الموظف بشكل عام، وتركز على الاستحقاق).؟"
3513	لو سمحت، لو ست اشتغلت عقب الولادة على طول، يا ترى النظام بيحمي حقوقها في الشغل، ولا الواقع حاجة تانية؟
4887	لو سمحت، في سنه 14 سنة، الواحد ممكن يشتغل قانوني؟ ولا ضروري يستنى لما يبقى عنده 15 سنة عشان يقدر يشتغل بشكل رسمي؟
4930	ممكن أعرف ممنوع تشغيل القصر ليلا أو في أعمال خطيرة، التشريع ذكر إيه؟
5280	يعني طبقا لقانون الوظيفة الجديد، إزاي بيتم مكافحة التمييز والمضايقات في بيئة العمل؟ إيه هي الخطوات اللي اتخذوها؟
1573	طيب، يعني مينفعش نكتب العقد غير بالعربي؟ طب لو شركة أجنبية بتشاركنا، مفروض برضو نلزّمهم بالعربي ولا ممكن نكتبه بلغتهم وخلاص؟
4902	"يعني اللي عمرهم أقل من 18 سنة، ممكن يشتغلوا أي عدد ساعات في النهار ولا فيه ضوابط؟ (إضافة خيار ""أي عدد ساعات"" وتغيير في الصياغة)؟"
5154	"يعني معنى إن الحد الأدنى بقى أعلى بست آلاف وسبع آلاف جنيه، إن المفروض المرتبات تزيد، فليه الشركات دي لسه مدبسة الدنيا زي ما هي؟ (استخدام ""مدبسة الدنيا"" لوصف عدم التغيير بشكل ساخر)؟"
147	لو سمحت، ينفع الشركة تطلب مني أشتغل فوق الـ 8 ساعة في اليوم الواحد؟ (تركيز على إمكانية الطلب من الشركة)؟
2447	هل استقطاع التأمينات الاجتماعية بيظهر في حساب المرتب، ولا بيتم بشكل منفصل؟ (تركز على ظهور الاستقطاع في كشف المرتب)
4696	ممكن أعرف طبقا للقانون، إيه التعليمات اللي واجب تتنفذ عشان نحافظ على سلامة العمال وصحتهم بشكل دوري في العمل؟
1337	يعني لو اشتغلت يوم أجازة، هيعوضوني بيوم راحة تاني ولاّ هيدفعولي أجر مضاعف؟ إيه النظام؟ (تركيز على التعويض بدلا من الحق، مع سؤال مباشر عن النظام المتبع)
3979	طيب، لو موظف سنه فوق الستين، المفروض يأخذ أد إيه قرش لما يسيب الشغل؟ (يعني تعويض نهاية الخدمة)؟
1194	يعني اللي رايح يعمل حج أو عمرة، إجازته بتكون قد أي بالظبط؟ ويا ترى الإجازة دي حق لمين بالظبط؟ (تغيير في طريقة التعبير عن الغرض والتركيز على الشخص المسافر)؟
1930	ممكن أعرف سؤالي بخصوص الزيادة الـ 3% السنوية: هل الزيادة دي بتدخل في حساب الراتب اللي بيتحط في التأمينات الاجتماعية، ولا ليها حسبة تانية بعيد عن التأمين؟ (تركيز على استقلالية الحساب أو ارتباطه بالتأمين)؟
1065	لو سمحت، فيه كام يوم مسموحلي أغيب بسبب المرض مع الحفاظ على مرتبي كامل؟ (تركيز على الحق المتاح)؟
5048	بصراحة، ينفع الواحد يشتغل أو يدخل شغل من غير شهادة وهو عنده أقل من 15 سنة؟ (تركز على علاقة الشهادة بسوق العمل أو فرص الشغل لمن هم دون الـ 15)؟
1169	يعني لو فيه موظف شغلته خلط مواد، واتصاب بمرض معدي، المفروض يعمل حجر صحي لمدة كام شهر؟
128	بصراحة، أقل حاجة الواحد مطلوب يشتغلها كل يوم كام ساعة عشان تبقى قانونية ومفيش مخالفة؟
3592	ممكن أعرف أي هي أوجه الاختلاف أو التمييز اللي التشريع الجديد عملها لصالح الستات الحوامل في الشغل؟
1426	ممكن أعرف لو سمحت، إيه الاختلافات الأساسية بين عقد الوظيفة اللي بيتحدد له مدة زمنية وعقد العمل اللي ملوش مدة محددة في القانون المصري؟
5063	لو حد عنده أقل من 15 سنة، لازم يكون معاه ورقة تثبت إنه متعلم أو واخد شهادة عشان يعرف يعمل حاجات معينة؟ (تركز على فكرة وجود ورقة رسمية تثبت التعليم كشرط للقيام بأشياء معينة لمن هم دون الـ 15)
676	ممكن أعرف طيب، الناس اللي شغالين في شغلانة زي التعدين أو الكيماويات، بيزيدوا قد أي يوم في إجازتهم بسبب طبيعة شغلهم الخطيرة؟ (تركيز على سبب الإجازة الإضافية وهو طبيعة الدوام الخطيرة)؟
5160	يعني مش المفروض عقب ما الحد الأدنى للأجور بقى أعلى بستة وسبعة آلاف جنيه، الشركات دي تعدل أوضاعها؟ ليه لسه مفيش أي تغيير؟ (تركيز على توقع التعديل في الأوضاع)؟
491	إيه هو عدد أيام الإجازة اللي من حق أي حد شغال في القطاع الخاص ياخدها كل سنة؟
2842	ممكن أعرف هل العامل من حقه يطلب صرف المكافأة قبل التقاعد؟
1742	بصراحة، بخصوص زمن التجربة اللي بتكون مكتوبة في العقد، هل العامل ليه الحق ينهيها قبل معادها ويمشي ولا ملزم بيها؟
4322	"بصراحة، طيب لو فصلوني ظلم، أقدر آخد تعويض قد إيه؟ مفيش حد أقصى للتعويض ده في القانون ولا إيه؟ (تغيير في ترتيب الكلمات واستخدام ""قد إيه"" بدلاً من ""إزاي"")؟"
3619	طيب، فيه قيود معينة على شغل الستات الحوامل في الشركة دي؟ ولو فيه، القيود دي بتبدأ تطبق من أول ما عدد الموظفات يوصل لكام؟
3744	"يعني لو حصلت خبطة أو حد اتعور، اللوم يقع على مين؟ (تستخدم كلمة ""خبطة"" للإشارة إلى الحادث، وتستبدل ""المسؤولية"" بـ ""اللوم"")؟"
5265	لو سمحت، إيه الآليات اللي حطها قانون الشغل الجديد عشان يحمي الموظفين من أي تفرقة أو معاملة وحشة في الشغل؟
1761	لو سمحت، المرتب بيتصرف إزاي؟ شهريًا ولا أسبوعيًا ولا أجر يومي؟
2717	بفهم منين طريقة حساب مكافأة نهاية الخدمة؟ فيه كلام عن نص شهر للسنة الأولى وشهرين للسنتين اللي بعد كده، بس مش عارف الحسبة دي بتتعمل إزاي.
5068	ممكن أعرف لو حد عنده أقل من 15 سنة، لازم يكون معاه ورقة تثبت إنه متعلم أو واخد شهادة عشان يعرف يعمل حاجات معينة؟ (تركز على فكرة وجود ورقة رسمية تثبت التعليم كشرط للقيام بأشياء معينة لمن هم دون الـ 15)؟
819	"لو سمحت، سؤال مهم: لما يكون فيه امتحانات وأنا محتاج آخد إجازة عشان أذاكر، هل دي بتعتبر إجازة رسمية بتتخصم من رصيدي السنوي ولا إيه نظامها بالظبط؟ (تقديم مقدمة ""سؤال مهم""، استخدام ""إجازة رسمية"" بدلاً من ""إجازة دراسية""، ""إيه نظامها بالظبط"" لإضافة توضيح.)؟"
5093	إيه النسبة اللي القانون فرضها كزيادة سنوية إجبارية على المرتبات؟
2863	طيب، لو واحد شغال في شركة، ممكن ياخد المكافأة اللي المفروض ياخدها بعد التقاعد بدري شوية، ولا ده ميصحش؟
2426	"بصراحة، سؤال مهم: لو أنا مضيت على عقد فيه نسبة خصم محددة، هل النسبة دي ليها قوة القانون حتى لو كانت بتخالف الحد الأقصى للخصومات اللي القانون بيسمح بيها؟ (تستخدم ""سؤال مهم"" لتقديم السؤال وتوضح فكرة ""قوة القانون"").؟"
4651	طيب، هو لازم على أي شركة أو مؤسسة تحط نظام أو سياسة تمنع أي حد يتحرش بحد تاني في الشغل؟ (هذا السؤال يسأل عن إلزامية وضع نظام أو سياسة)؟
1481	"طب فرضنا العقد المؤقت خلص والراجل مِشيِش، العقد بيتقلب عقد دايم لوحده ولا لازم إجراء تاني؟ (استخدام كلمة ""فرضنا"" و ""الراجل مِمشيش"" و""دايم"" بدلا من ""مفتوح"")"
158	بصراحة، هل وارد إني أضطر أشتغل زيادة عن الـ 8 وقت في اليوم في الشغل ده؟ (تركيز على احتمال الاضطرار و الزيادة)؟
3541	"طيب، هل فيه مشكلة لو الشركة أدت أفضلية للموظفة اللي لسة والدة، سواء كانت لسة في إجازة الوضع أو رجعت الشغل قريب؟ (هذه الصيغة تستخدم كلمة ""مشكلة"" وتوضح ""أفضلية"" بدلاً من ""تفضل"")؟"
1154	بصراحة، طيب، لو واحد شغال بيخلط مواد وعنده مرض بيتنقل، المفروض يقعد في الحجر الصحي كام شهر عشان يخف؟
5369	"هو القانون بتاع العمل بيخلي الشركات ملزمة إنها تعمل بيئة شغل صحية وسليمة، من ناحية حاجات زي الإضاءة والتهوية، ولا لأ؟ (تغيير في التركيب اللغوي واستخدام ""ولا لأ"" للتأكيد)"
1980	يعني أقصى مبلغ ممكن يتخصم من مرتبي كام، شامل بقى سُلف أو أقساط أو أي حاجة تانية؟
3248	بصراحة، معلش، التعويض ده بيتحدد على أساس عدد عمرين الشغل اللي قضيتها ولا ما هو؟ وليه القانون مش قاطع في الموضوع ده ومحددهاش؟ (تركز على الغموض في القانون)؟
1455	لو سمحت، عقد التجربة ممكن يوصل لحد كام شهر؟ (بيستفسر عن الحد الأعلى لمدة عقد التجربة)؟
562	ممكن أعرف أعرف منين المدة اللي لازم أقضيها في الشركة عشان الإجازة السنهوية بتاعتي تزيد وتبقى 30 يوم؟
890	"بصراحة، يعني الست اللي شغالة بتاخد كام شهر ""أمومة"" بعد ما تخلف؟"
3823	طيب، فيه قانون بينظم مواعيد التفتيش على السلامة؟ يعني التفتيش ده بيتعمل كل مدة زمنية معينة؟ الفترة دي أد إيه؟ (تركيز على وجود قانون ينظم المواعيد)؟
2018	بصراحة، ينفع يتشال أكتر من 25% من الراتب؟
3287	طيب، في حالة الاستقالة، إيه وضع محكمة القضاء الإداري؟ إيه القانون اللي بيحكم الاستقالات دي تبعهم؟ (يسأل عن اختصاص القضاء الإداري والقانون المطبق)
4279	طيب، لو قدمت استقالتي، واجب أصل مكتب العمل أو الجهات الإدارية يصدقوا عليها؟
3489	لو سمحت، بعد مرور الولادة لو رجعت شغلها بسرعة القانون بيدّي الحق الواقع الوظيفي يضمن كده؟
3782	بصراحة، يعني القانون بيفرض حد أدنى من إجراءات السلامة والأمان؟ زي مثلًا لبس معين أو خوذة لازم الشركة توفرها؟
4965	لو سمحت، لو طالب في المدرسة عايز يشتغل جزئي، الشروط إيه؟
5403	لو سمحت، هل القانون المصري بيعتبر التنمر أو التحرش في الشغل جريمة يعاقب عليها؟ (هذه الصياغة تركز على القانون المصري بشكل عام والعقوبة).؟
1962	يعني عايز أعرف، بالنسبة للتأمين، العلاوات والمكافآت دي بيعتبروها جزء من الأجر اللي بيتحسب عليه نسبة الاشتراك ولا ليها حسبة تانية؟
4680	يعني الشرع فيه بنود بتنص على إيه بالظبط بخصوص أمان الشغل وكشف الصحة المنتظم على الناس اللي شغالة؟
1473	لو سمحت، لو خلص عقد محدد المدة واستمر الشركة، هل يتحول تلقائيًا لعقد مفتوح؟
4730	بصراحة، يعني لو حسيت إن فيه حاجة مش تمام في إجراءات الأمن والسلامة هنا، المفروض أبلغ بيها مين بالظبط؟ (تعبير أكثر تحفظًا وتحديدًا)؟
3607	طيب، الشركة بتسمح بأقصى مجهود قد إيه للحوامل؟ و ده بيعتمد على كمية الموظفات، يعني لو فيه قد إيه موظفة أو زيادة؟
2427	"لو سمحت، سؤال مهم: لو أنا مضيت على عقد فيه نسبة خصم مُحددة، هل النسبة دي ليها قوة التشريع حتى لو كانت بتخالف الحد الأقصى للخصومات اللي القانون بيسمح بيها؟ (تستخدم ""سؤال مهم"" لتقديم السؤال وتوضح فكرة ""قوة القانون"").؟"
3152	بصراحة، هل في إجراءات معينة ضروري أعملها قبل ما أقول إني رجعت في كلامي عن الاستقالة؟ وياترى التشريع بيسمحلي أرجع في الاستقالة دي لحد مدة قد ماذا؟ (هذا السؤال يركز على الإجراءات المطلوبة ويسأل عن المدة التي يسمح بها القانون).؟
138	يعني هل ممكن يطلب مني المؤسسة أكتر من 8 ساعات في اليوم؟
254	بصراحة، حسب القانون، وقت الراحة (الغداء) المفروض يكون قد إيه باليوم الواحد؟
4151	في حالة إن حد اتعور عورة كبيرة في الشغل، مين المفروض يدفع له قيمة العلاج والتعويض؟
4276	ممكن أعرف أنا ما اديتش لنفسي فرصة العشر أيام اللي المفروض أفكر فيهم قبل الاستحددة. دلوقتي عايز أعرف، المدة القانونية اللي بتديني الحق أرجع في كلامي عن الاستقالة هي أد إيه؟ (هذه الصيغة تؤكد على أهمية مدة التفكير وتسأل عن الحق القانوني في الرجوع عن القرار)؟
2130	يعني مرتبي اللي فاضل ومخدتوش، بيروح عليا ولا بينزل مع مرتب السنة الجديدة؟
4169	احنا بندفع اشتراك المعاش في المرتب بتاعتنا؟مين بياخد المعاش بعد التقاعد؟
249	لو سمحت، القانون بيقول ناخد فترة راحة (غداء) كام ساعة في اليوم؟
821	إجازة الوضع للأب (إجازة الوالد عند ولادة الطفل) كام يوم؟
1812	يعني هو لازم المرتب يتصرف عن طريق البنك ولا ينفع الشركة تديني فلوسي كلها كاش من غير حساب؟
3686	بصراحة، بموجب القانون المصري، صاحب الشغل ملزم بتوفير إيه علشان يحمي العمال في مكان الشغل؟
253	طيب، بصراحة، حسب التشريع، وقت الراحة (الغداء) المفروض يكون قد إيه في اليوم الواحد؟
3062	"بصراحة، لو واحد قدم استقالته وهو مضغوط عليه، يمكن يتراجع فيها بعد كده ولا خلاص الاستقالة دي كده تمام ومينفعش يغير رأيه؟ (تركز على إمكانية التراجع وتوضيح معنى ""نهائية"")؟"
2292	"يعني لو صرفت فلوس زيادة عن مرتبي الأساسي سواء كانت مستحقات أو قرض، وبعد مرورها رجعوا المرتب زي زمان، هل يقدروا يزقوا الموضوع ده تحت مسمى ""إجراء لازم""؟"
4395	لو سمحت، طيب، لو الواحد قدم استقالته ومشي بالاتفاق مع الشركة، هل يستحق مكافأة نهاية الخدمة ولا لأ؟ وإيه حقوقه المشروعة في حالة الاستقالة؟ (تركز على حقوق الموظف)؟
2452	ممكن أعرف هل استقطاع التأمينات الاجتماعية بيظهر في حساب المرتب، ولا بيتم بشكل منفصل؟ (تركز على ظهور الاستقطاع في كشف المرتب)؟
2772	يعني واحد طلع معاش واشتغل شغلانة تانية بره التأمينات، وضعه بيكون إيه؟
467	في القطاع الخاص، العامل ليه كام يوم إجازة في السنة؟
343	طيب، أنا شغال 6 أيام أسبوعياً، طيب إجمالي كم ساعة الفسحة الأسبوعية بتاعتي كام؟
2746	ممكن أعرف لما موظف في شركة خاصة يبلغ الستين سنة، أي وضعه بالنسبة للمعاش؟ الشركة بتدفع له حاجة ولا كل حاجة بتيجي من التأمينات؟
3750	"يعني في حالة وقوع حادثة أو أذية لحد، مين اللي يشيل الشيلة؟ (تستخدم ""أذية"" بدل ""إصابة""، و""يشيل الشيلة"" تعبير عن تحمل المسؤولية)؟"
3615	لو سمحت، إيه هو الحد الأقصى للشغل اللي ممكن الست الحامل تعمله في الشركة دي؟ وهل الرقم ده بيتحدد على حسب كمية الموظفات اللي شغالين، يعني لو العدد وصل لكام موظفة؟
1277	بالبلدي كده، إحنا لينا كام يوم إجازة رسمية مدفوعة الأجر في السنة الواحدة؟
4539	لو سمحت، مين المسؤول عن تكاليف العلاج والتعويضات لو حصل حادثة شغل أو إصابة أثناء المؤسسة؟
2765	اللي خرج على المعاش بعد اشتغل في جهة بس مش في التأمين، إيه اللي بيحصل؟
5211	"لو سمحت، ""يعني، هل فيه حاجة في التشريع تدينا الحق في زيادة المرتب بشكل دوري، وتقريبا تكون بنفس قيمة الـ 3% اللي اتقررت قبل كده؟"" (هذا السؤال يسأل عن الحق القانوني في الزيادة الدورية وبقيمة مماثلة).؟"
4019	لو سمحت، ممكن تفهمني طريقة حساب مكافأة نهاية الخدمة؟ يعني النص شهر عن السنين اللي قضيتها في الأول والشهر الكامل بعد كده، بيتحسبوا بناءً على إيه؟
2775	لو سمحت، واحد طلع معاش واشتغل شغلانة تانية بره التأمينات، وضعه بيكون ما هو؟
1767	لو سمحت، قبض المرتب بيكون شكله إيه؟ كل شهر مرة، ولا كل أسبوع، ولا باليومية؟
5286	يعني النظام نص على حق العمال في تكوين نقابات والانضمام ليها بحرية؟
2355	لو سمحت، افرض الشركة حسبت مرتبي غلط، هل فيه طريقة لتصحيح الخطأ ده بعد مرور ما قبضت؟ وما هو موقف الشرع من حاجة زي كده؟
3777	لو سمحت، هل في حد أدنى لتوفير وسائل الحماية بشكل قانوني؟ مثلًا خوذة أو زي حماية؟
3552	"يعني هل فيه أي مانع لو الشركة قدمت تسهيلات أو امتيازات للموظفة الحامل اللي واخده إجازة وضع أو اللي رجعت الوظيفة بعدها علطول؟ (هذه الصيغة تستخدم ""تسهيلات أو امتيازات"" وتوضح حالة الموظفة بشكل مفصل)؟"
2891	عاوز أعرف، إيه اللي بيميز المكافأة عن التعويض لما نيجي نصرفهم؟ يعني إيه اللي بيخلي ده مكافأة وده تعويض؟
4908	"يعني القانون بيقول إيه بالنسبة لكم ساعات شغل الشباب اللي تحت الـ 18 في النهار؟ فيه تحديد معين؟ (استخدام كلمة ""القانون"" والتأكيد على وجود ""تحديد معين"")؟"
4376	بصراحة، السؤال بالصراحة: التعويض ده بيحسبوه على أساس خدمة قد إيه عمرة بالظبط؟ وإيه هي الاشتراطات الأساسية عشان الواحد ياخده؟
4372	ممكن أعرف معلش، عاوز أعرف التعويض بيتحسب بناءً على ماذا كم سنة شغل؟ ويا ترى فيه أي حاجة تانية لازم الواحد يكون عارفها؟
5327	طيب، لو حصلت مشكلة في الشغل زي عدم اتفاق مع الإدارة أو المرتب اتأخر، ينفع نعمل إضراب؟ إيه رأي القانون في موضوع الإضرابات ده؟ (تركيز على المشكلة والحل مع سؤال عن موقف القانون)
1793	لازم يكون في حساب بنكي لصرف المرتب ولا يجوز كاش بالكامل؟
5242	ممكن أعرف لو الإدارة ثبتت المرتبات ومزودتش، ده كده بيخالفوا القانون ولا ده نظام شغلهم عادي؟
4248	يعني أنا ما كانش ينفع أصبر عشر أيام قبل ما أرجع في كلامي؟ طب الشرع بيقول ما هو، فترة السماح اللي أقدر أستقيل فيها كام يوم بالظبط؟ (هذه الصيغة أكثر انفتاحًا و تسأل عن إمكانية الانتظار قبل الرجوع في القرار)؟
1054	ممكن أعرف لو عييت، أقدر اخد قد إيه يوم مرضي بفلوسي كاملة؟ (تركيز على تجربة شخصية للمتحدث)؟
2714	بصراحة، عايز أعرف بالتفصيل إزاي بيحسبوا مكافأة نهاية الخدمة؟ سمعت إن فيه نظام معين، نص شهر للسنة الأولى وشهرين للسنتين اللي بعديها، ممكن توضح لي؟
1025	في الشغل، الست اللي بترضع طبيعي، ليها كام استراحة زيادة عن باقي الموظفين عشان ترضع البيبي؟
5210	"بصراحة، ""يعني، هل فيه حاجة في التشريع تدينا الحق في زيادة المرتب بشكل دوري، وتقريبا تكون بنفس قيمة الـ 3% اللي اتقررت قبل كده؟"" (هذا السؤال يسأل عن الحق القانوني في الزيادة الدورية وبقيمة مماثلة).؟"
2844	يعني ينفع العامل يستحق مكافأة نهاية الخدمة قبل ما يوصل سنه المعاش ولا ده مش من حقه؟
3317	"يعني لما يقولوا محكمة عمل، معناها بتنظر في قضايا إيه بالظبط؟ ولو حصل معايا مشكلة في شغلي واترفدت، أقدر أشتكي هناك على طول ولا لازم واسطة من الحكومة الأول؟ (تستخدم كلمة ""تشتكي"" بدلاً من ""أروح المحكمة"" وتضيف فكرة ""الواسطة"")"
1094	بصراحة، تمام، احنا عارفين إن أول تلات شهور في الإجازة المرضية بناخد قبضنا كامل، طب بالنسبة لباقي المدة، المرتب بيتقسم ولا بيتحسب ازاي؟
1081	طيب، بعد تلات شهور قبض كامل في الإجازة المرضية، باقي المدة بيتُحسب فيها المرتب ازاي؟
5197	"طيب، ""هل فيه مادة في القانون أو نص قانوني بيأكد حق الموظفين في زيادة سنوية للمرتبات، زي ما حصل في الحكم بتاع الـ 3%؟"" (هذا السؤال يبحث تحديدًا عن مادة أو نص قانوني).؟"
2622	يعني هل في فرق بين عمر المعاش وبين سن إنهاء عقد العمل؟
548	بصراحة، لو اشتغلت في الشركة دي، محتاج اشتغل كام سنهة عشان استحق إجازة سنوية مدتها شهر كامل؟
4192	"ممكن أعرف بصراحة كده، نسبة من مرتبنا بتروح فين بالظبط عشان المعاش؟ و بعد ما الواحد يوصل سن المعاش، مين اللي بيستفيد من الفلوس دي؟ (استخدام ""بصراحة كده"" لإضفاء طابع الجدية، وتركيز على الجهة المستفيدة)؟"
1213	طيب، إجازة الحج أو العمرة دي بتكون كام شهر؟ وإيه الشروط اللي تخلي الواحد يستحقها؟ (التركيز على الشروط الواجبة لاستحقاق الإجازة)؟
3785	هل فيه متطلبات قانونية بتحدد مستوى معين من وسائل الوقاية الشخصية لازم تكون متاحة، زي الخوذ أو الملابس الواقية؟
2403	لو سمحت، ماذا هو الحد المباح به قانونًا لو الشركة خصمت من مرتبي مقابل الأدوات أو الملابس اللي بستعملها في العمل؟ (تركيز على الحد القانوني واستخدام المعدات في الشغل)؟
1211	إجازة الحج أو العمرة دي بتكون كام شهر؟ وإيه الشروط اللي تخلي الواحد يستحقها؟ (التركيز على الشروط اللازمة لاستحقاق الإجازة)
2307	لو سمحت، هل فيه أمل نسبة الخصم من الضرايب والتأمين تزيد عن الـ 25% دي، ولا كده آخرها؟ (يركز على وجود أمل في زيادة الخصم)؟
5472	يعني القانون الجديد بيقول إن الراجل والست اللي بيشتغلوا نفس الشغلانة هياخدوا نفس المرتب بالظبط؟ (تغيير كبير في التركيب واستخدام كلمات عامية أكثر)؟
5221	طيب، يعني لو الإدارة مصممة متديش علاوة، كده يبقى الموضوع مخالفة قانونية ولا مجرد قرار من عندهم؟
2063	مين الجهة أو الشخص اللي بيقوم بعملية احتساب الرواتب ودفعها، وكمان بيشيل مسؤولية الضرائب والتأمينات؟
1151	طيب، لو واحد شغال بيخلط مواد وعنده مرض بيتنقل، المفروض يقعد في الحجر الصحي كام شهر عشان يخف؟
2787	لو سمحت، إيه وضع اللي بيوصل لسن المعاش وياخد معاشه، وبعد كده بيشتغل في حتة ملهاش علاقة بالتأمين؟
4062	يعني لو الواحد مات وهو شغال، المستحقين ليه يأخذوا إيه؟
1519	طيب، الوضع النظامي ما هو بالنسبة للشغل من البيت والوظايف اللي مش باليوم الإيه عددل؟ (هنا استخدام لغة أكثر رسمية نسبياً مع الحفاظ على اللهجة المصرية)؟
3688	ممكن أعرف بموجب التشريع المصري، صاحب الشركة ملزم بتوفير إيه علشان يحمي العمال في مكان الشغل؟
4032	يعني هل المبالغ دي بتُدفع في حالة استنصة الموظف بعد مرور العمر ده، ولا بتتصرف بس لو الشركة مشّيته؟
3137	"يعني لازم أعمل إخطار رسمي لو حبيت أسحب استقالتي؟ وكمان، في مهلة قانونية للرجوع في الاستقالة دي ولا الوضع مفتوح؟ (هذا السؤال يستخدم كلمة ""إخطار رسمي"" ويعبر عن القلق بشأن وجود مهلة محددة)."
5331	لو سمحت، طيب، لو حصلت مشكلة في الوظيفة زي عدم اتفاق مع الإدارة أو المرتب اتأخر، ينفع نعمل إضراب؟ أي رأي القانون في موضوع الإضرابات ده؟ (تركيز على المشكلة والحل مع سؤال عن موقف القانون)؟
4046	بصراحة، هو لو حد مشي من الشغل بمزاجه بعد العمر ده، يأخذ مستحقاته دي ولا لأ؟ المستحقات دي مرتبطة بالاستقالة ولا الفصل؟
4522	ممكن أعرف مفروض يبقى فيه جوه المؤسسة حد متخصص في الصحة المهنية، زي دكتور شغل أو واحد مدرب على الإسعافات، ولا مش مطلوب؟
1514	بصراحة، شغل الأونلاين والوظايف النص نص، الدولة معترفة بيهم ولا لأ؟ (هنا التركيز على اللغة العامية أكثر واستخدام مصطلحات شائعة)؟
1717	"طيب، طب قول لي، لو العامل مش قادر يواكب التطورات الجديدة في العقد، من حقه يلجأ لأي نوع من أنواع الاحتجاج؟ (هذه الصيغة تسأل بشكل أعم عن الحق في الاحتجاج بأي طريقة، مع التركيز على عدم القدرة على ""مواكبة التطورات"".)؟"
5251	طيب، قانون العمل الجديد بيمنع التمييز والمضايقات في الشغل، إزاي؟
3659	"""قانون 2025 الخاص بمنع التمييز ضد المرأة الحامل، بيحميها من التمييز في إيه تحديدًا، يعني إيه الحاجات اللي القانون ده بيغطيها؟"""
2872	ممكن أعرف العامل ليه الحق إنه يطلب ياخد فلوس المكافأة بتاعته اللي المفروض ياخدها لما يوصل سن المعاش، قبل ما يوصله فعلاً؟
4156	ممكن أعرف في حالة إن حد اتعور عورة كبيرة في الشركة، مين المفروض يدفع له قيمة العلاج والتعويض؟
3760	"ممكن أعرف لو حصلت مشكلة أو حد اتأذى، مين اللي هيتحاسب؟ (تستخدم ""مشكلة"" بدل ""حادث""، و""اتأذى"" بدل ""إصابة""، و""يتحاسب"" للإشارة إلى تحمل العواقب)؟"
1279	طيب، بالبلدي كده، إحنا لينا كام يوم إجازة رسمية مدفوعة الأجر في السنة الواحدة؟
5238	يعني لو الإدارة ثبتت المرتبات ومزودتش، ده كده بيخالفوا النظام ولا ده نظام شغلهم عادي؟
3056	بصراحة، لو وقعت استقالة تحت ضغوط ينفع ألغيها ولا التشريع بيعتبرها نهائية؟
2396	بصراحة، لو الشركة طلبت مني أدفع تمن العدة أو لبس الشغل عن طريق الخصم من المرتب، ماذا الحقوق بتاعتي وإيه المبلغ اللي المفروض أرفض إنه يتخصم؟ (تركيز على الحقوق والمبلغ المرفوض)؟
1529	"موقف القانون المصري إيه من الناس اللي بتشتغل أونلاين أو بتاخد شغل نص يوم؟ (هنا استخدام عبارات مثل ""موقف القانون"" و ""شغل نص يوم"" للتركيز على الجانب القانوني و طبيعة العمل)"
2066	بصراحة، مين الجهة أو الشخص اللي بيقوم بعملية احتساب الرواتب ودفعها، وكمان بيشيل مسؤولية الضرائب والتأمينات؟
3464	بصراحة، الأم اللي بترضع في الشغل، وقت الرضاعة دي بتتُعتبر لها شغل ولا بتضيع عليها؟
2103	لو سمحت، لو صاحب الشغل معطلش المرتب في الميعاد المتفق عليه، القانون بيقول إيه حقوقي؟
3148	"ممكن أعرف طيب، لو قررت ألغي الاستنصة اللي قدمتها، لازم أقدم حاجة زي إنذار الأول؟ والسؤال التاني، ممكن أرجع في الاستقالة دي لحد إمتى بالظبط حسب القانون؟ (هذا السؤال يستخدم كلمة ""إنذار"" ويسأل عن الحد الزمني للرجوع في الاستقالة).؟"
4208	"بصراحة، ماذا يعني ""إستمارة 6"" وإيه وضعها القانوني دلوقتي؟"
3178	ممكن أعرف أي اللي ممكن يحصل لو أنا استقلت والشركة رفضت الاستقالة بتاعتي؟ (تركيز على النتائج المحتملة)؟
2988	يعني إمتى بالظبط صاحب الشغل يقدر يمشي الموظف بتاعه؟ صحيح لازم حكم محكمة عشان الفصل يبقى رسمي؟
1284	يعني حقنا في السنة، كام يوم إجازة رسمية بيكونوا بفلوس؟
1320	يعني لو طلبوا مني أشتغل في يوم إجازة زي عيد الميلاد، ايه المقابل المادي اللي المفروض آخده؟
1022	بصراحة، طيب، الست اللي لسه والدة وبترضع البيبي، ليها إيه كم ساعة زيادة باليوم تاخدها عشان ترضع؟
4728	يعني لو حسيت إن فيه حاجة مش تمام في إجراءات الأمن والسلامة هنا، المفروض أبلغ بيها مين بالظبط؟ (تعبير أكثر تحفظًا وتحديدًا)؟
4788	يعني هل فيه كشف دوري من جهة طبية على مستشفى العمل؟ (هذا السؤال يركز على وجود فحص دوري بشكل عام)؟
1243	"طيب، ""إيه المعايير اللي بناءً عليها بتتمنح إجازة الحج؟ هل فيه عوامل زي العمر أو عدد سنوات الخبرة بتلعب دور في الموافقة عليها؟""؟"
1110	يعني هل ممكن أحول الإجازة المرضية لإجازة عمروية؟
888	"يعني الست اللي شغالة بتاخد كام شهر ""أمومة"" بعد مرور ما تخلف؟"
5005	طيب، ينفع اللي عندهم من 15 لـ 17 سنة يشتركوا في مشاريع صغيرة أو يخدموا المجتمع بشكل تطوعي؟ (تركيز على الإمكانية والجهات التي تقدم الفرص)؟
2599	طيب، طبقا للقانون الجديد، الواحد ممكن يطلع معاش من شغل القطاع الخاص على سن إيه عدد؟
4437	"لو سمحت، بعد قانون الوظيفة الجديد، لو الشركة مشيتني، أعمل ما هو بالظبط؟ وهل فيه حاجة بتمنعني أروح محكمة العمل على طول ولا التشريع سابها مفتوحة؟ (تستخدم كلمات أبسط مثل ""مشيتني"" و ""سابها مفتوحة""، وتركز على وجود مانع قانوني)؟"
2940	يعني لو عامل طلع معاش، يجوز يرجع يشتغل تاني عادي؟ ولا فيه حاجة بتمنعه أو بتصعب الموضوع عليه؟ (تركيز على إمكانية العودة للعمل والعقبات المحتملة)؟
2735	الراجل اللي شغال في شركة قطاع خاص، بعد ما يوصل سن الستين، بيكون له حقوق إيه؟ فيه معاش الشركة بتصرفه له، ولا الموضوع بيعتمد على التأمين بس؟
3203	يعني لو كسبت قضية وخدت تعويض، ممكن قيمة التعويض دي متزيدش عن حد معين عشان القانون عامل زي سقف كده؟
3053	لو وقعت استقالة تحت ضغوط ينفع ألغيها ولا القانون بيعتبرها نهائية؟
2869	طيب، العامل ليه الحق إنه يلزم ياخد فلوس المكافأة بتاعته اللي المفروض ياخدها لما يوصل سن المعاش، قبل ما يوصله فعلاً؟
1552	ممكن أعرف يعني العقد لازم يبقى عربي بس، حتى لو الشركة اللي طرف فيه مش مصرية؟ ولا ممكن يكون بلغتهم برضه؟
5402	بصراحة، هل القانون المصري بيعتبر التنمر أو التحرش في الشغل جريمة يعاقب عليها؟ (هذه الصياغة تركز على القانون المصري بشكل عام والعقوبة).؟
1503	لو سمحت، لو العقد اللي مدته معلومة انتهت وأنا مكمل شغل عادي، هل ده بيخليه عقد مفتوح بدون ما نعمل أي حاجة تانية؟ (تغيير في طريقة السؤال عن وجود إجراءات إضافية)؟
2284	"ممكن أعرف أفرض إني صرفت فلوس زيادة سواء كانت مستحقات أو قرض، وبعد كده المرتب رجع زي الأول، هل ممكن يعملوها حجة ويقولوا ""الوضع استدعى كده""؟"
1983	لو سمحت، يعني أقصى مبلغ يجوز يتخصم من مرتبي كام، شامل بقى سُلف أو أقساط أو أي حاجة تانية؟
4828	"ممكن أعرف يا ترى أصغر عمر ممكن الواحد يشتغل بيه قانوني في مصر كام؟ (تستخدم كلمة ""يا ترى"" للتقديم و ""قانوني"" للتأكيد على الجانب الرسمي)؟"
1386	يعني يا ترى القانون بيفرق بين كام نوع من عقود العمل لما تشتغل في القطاع الأهلي؟
3895	طيب، هل الشرع بيسمح لصاحب الشركة إنه يعاقب الموظف اللي رفع شكوى بسبب معاملة سيئة؟ ولا في حماية قانونية للضحية في الحالة دي؟
5425	طيب، هل فيه أي مواد في القانون بتنص على تجريم أفعال زي التنمر أو التحرش اللي يجوز تحصل بين الزملاء أو من الرؤساء في المؤسسة؟ (هذه الصياغة تحدد أكثر من قد يكون المتنمر أو المتحرش - الزملاء أو الرؤساء).؟
5382	"يعني هو القانون بيأمر الشركات بتوفير بيئة عمل كويسة للعاملين، فيها إضاءة كافية وتهوية سليمة، ولا الموضوع ده مش إجباري في القانون؟ (تبسيط اللغة والتركيز على ""إجباري"" أو ""غير إجباري"")؟"
4652	بصراحة، هو لازم على أي شركة أو مؤسسة تحط نظام أو سياسة تمنع أي حد يتحرش بحد تاني في الشغل؟ (هذا السؤال يسأل عن إلزامية وضع نظام أو سياسة)؟
5122	ممكن أعرف لما بيقولوا فيه زيادة 3% في السنة، الزيادة دي بتكون محسوبة على أساس الراتب الفعلي اللي بقبضه، ولا الراتب اللي بيتعمل عليه التأمين؟
2398	ممكن أعرف لو الشركة طلبت مني أدفع تمن العدة أو لبس العمل عن طريق الخصم من المرتب، ماذا الحقوق بتاعتي وإيه المبلغ اللي المفروض أرفض إنه يتخصم؟ (تركيز على الحقوق والمبلغ المرفوض)؟
950	بصراحة، إيه الوضع بالنسبة للمرأة اللي كانت شغالة وخلفت؟ هل ليها الحق ترجع تشتغل نفس الشغلانة تاني عقب الإجازة؟
2225	لو دربتني الشركة وفي عقد اتفقت أرجع فلوس التدريب لو استقلت، القانون بيخليها إيه؟
666	"يعني اللي بيشتغلوا في أماكن زي المناجم أو مصانع الكيماويات، يعني الشركة الخطر، بياخدوا كام يوم زيادة عن الإجازة العادية بتاعتهم؟ (تبسيط اللغة وتوضيح مفهوم ""الشغل الخطر"")؟"
2991	لو سمحت، إمتى بالظبط صاحب الشغل يقدر يمشي الموظف بتاعه؟ صحيح واجب حكم محكمة عشان الفصل يبقى رسمي؟
4319	"طيب لو فصلوني ظلم، أقدر آخد تعويض قد إيه؟ مفيش حد أقصى للتعويض ده في القانون ولا إيه؟ (تغيير في ترتيب الكلمات واستخدام ""قد إيه"" بدلاً من ""إزاي"")"
3303	لو سمحت، في موضوع الاستحددة ده، محكمة القضاء الإداري بتتعامل إزاي؟ إيه النظام اللي بيحكم حالات الاستقالة عندهم؟ (سؤال عام عن كيفية التعامل مع حالات الاستقالة)؟
4846	"ممكن أعرف ايه هو أقل عمر مسموح بيه للشغل في مصر حسب القانون؟ (تستخدم كلمة ""مسموح"" و ""حسب القانون"" للتعبير عن الجانب القانوني بشكل أكثر رسمية)؟"
2032	ممكن أعرف يجوز يستحقوا أكتر من ربع المرتب بتاعي خصومات؟
2605	طيب، يا ترى سن الخروج على المعاش في القطاع الخاص بقى كام سنة في القانون اللي لسه طالع؟
2156	بصراحة، الأجر الإضافي (وقت الوظيفة الإضافية) بيتُعد بنسبة كام ليلًا ونهارًا؟
1781	طريقة صرف المرتب ماشية إزاي؟ بتستلموه شهريًا، أسبوعيًا، ولا بتقبضوا باليوم؟
5421	"لو سمحت، بصفسحة كده، هل قانون العمل المصري فيه بند واضح وصريح بيجرم ويعاقب على التنمر والتحرش في أماكن المؤسسة؟ (هذه الصياغة أكثر مباشرة وتستخدم تعبيرات مثل ""بصراحة كده"").؟"
2929	طيب، هل فيه أي قيود على العامل اللي بيقبض معاش إنه يشتغل تاني؟ ولو اشتغل، ماذا التحديات اللي ممكن تقابله؟ (تركيز على القيود والتحديات المعينة)؟
1792	ممكن أعرف المرتب بيتُعد ويتدفع ازاي؟ دفعة واحدة كل شهر، على دفعات كل أسبوع، ولا حساب يوم بيوم؟
721	طيب، هل الزمن الحالية بتتحسب ضمن رصيد إجازتي السنوية ولا بتضاف كرصيد إضافي؟
1816	ممكن أعرف هو لازم المرتب يتصرف عن طريق البنك ولا ممكن الشركة تديني فلوسي كلها كاش من غير حساب؟
1385	يا ترى القانون بيفرق بين كام نوع من عقود العمل لما تشتغل في القطاع الخاص؟
5386	"ممكن أعرف هو القانون بيأمر الشركات بتوفير بيئة عمل كويسة للعاملينين، فيها إضاءة كافية وتهوية سليمة، ولا الموضوع ده مش إجباري في القانون؟ (تبسيط اللغة والتركيز على ""إجباري"" أو ""غير إجباري"")؟"
3775	طيب، هل في حد أدنى لتوفير وسائل الحماية بشكل قانوني؟ مثلًا خوذة أو زي حماية؟
882	يعني الواحدة اللي بتشتغل بعد مرور ما تولد، مسموح ليها تغيب كام شهر عن الشغل؟
551	بعد خدمة كام سنة في المؤسسة، الواحد بيوصل لمرحلة إن إجازته السنوية تبقى 30 يوم؟
2970	يعني إيه هيا المستندات الرسمية اللي المفروض أجهزها عشان أستحق المعاش؟ وهل فيه فترة انتظار بعد التقاعد لحد ما المعاش يبدأ؟ (تركز على المستندات اللازمة وفترة الانتظار)؟
2446	ممكن أعرف خصم تأمينات الاشتراك بيحسب في المرتب ولا لا؟
4338	"يعني لو الشركة مشيتني من غير سبب مقنع، ما هو الخطوات اللي لازم أتبعها علشان آخد تعويض؟ وهل فيه مبلغ محدد هو أقصى قيمة ممكن التعويض يوصلها؟ (استخدام ""خطوات لازم أتبعها"" بدلاً من ""بكسب تعويض إزاي"")؟"
1093	طيب، تمام، احنا عارفين إن أول تلات شهور في الإجازة المرضية بناخد قبضنا كمل، طب بالنسبة لباقي المدة، المرتب بيتقسم ولا بيتحسب ازاي؟
4812	يعني حد تبع وزارة الصحة بينزل يعمل تفتيش مفاجئ على المستشفى اللي بنشتغل فيها، ولا لأ؟ (يضيف عنصر المفاجأة في التفتيش)؟
4480	ممكن أعرف هو صاحب الشغل ملزم بتوفير إجراءات وقاية للعامل اللي عنده ولا لأ؟ ولو ملزم، القانون بينص على إيه بالظبط؟
4180	ممكن أعرف هل بيتم خصم فلوس للمعاش من مرتبنا؟ و بعد ما نطلع معاش، مين اللي بيقبض الفلوس دي؟ (تركيز على الخصم الفعلي ومن يستفيد من المعاش بعد التقاعد)؟
2639	بصراحة، فيه فرق بين سن الواحد لما يوصل للمعاش وبين السن اللي ممكن فيه عقد شغله ينتهي؟
4292	بصراحة، هل قانوناً لازم أروح مكتب العمل وأخليهم يوافقوا على الاستنصة بتاعتي عقب ما أقدمها؟ (تركيز على الجانب الشرعي والإلزام)؟
4628	بصراحة، في مصر، هل فيه قوانين بتمنع وتجرم أي تصرفات مؤذية أو مهينة بتحصل بين الزملا في الوظيفة؟ (تركز على منع التجريم)؟
4414	ممكن أعرف يعني لو أنا والشركة اتفقنا على إنهاء الخدمة عن طريق الاستذكرة، المكافأة بتاعة نهاية الخدمة دي بتروح عليا ولا ما هو؟ وإيه موقف النظام بالظبط من الموضوع ده؟ (تركز على ضياع المكافأة المحتمل)؟
799	"طيب، يعني لو طلبت إجازة عشان أذاكر وأمتحن، الإجازة دي هتبقى على حساب إجازتي العمروية ولا ببلاش كده؟ (تغيير كبير في التركيب: استخدام ""طلبت إجازة عشان أذاكر وأمتحن""، ""على حساب إجازتي السنوية"" بدلاً من ""تُطرح من الإجازة السنوية"").؟"
2068	ممكن أعرف مين الجهة أو الشخص اللي بيقوم بعملية احتساب الرواتب ودفعها، وكمان بيشيل مسؤولية الضرائب والتأمينات؟
5405	"هل توجد مادة قانونية بتجرم أي نوع من أنواع التنمر أو التحرش اللي بيحصل في محيط العمل؟ (هذه الصياغة تستخدم مصطلحات قانونية أكثر مثل ""مادة قانونية"" و ""محيط العمل"")."
4867	طيب، يعني اللي عنده 14 سنة، ممكن يشتغل شغلانة بفلوس ولا لازم يكون أكبر من كده؟ القانون بيقول أي بالظبط عن الموضوع ده؟
3055	طيب، لو وقعت استقالة تحت ضغوط ينفع ألغيها ولا النظام بيعتبرها نهائية؟
4209	"لو سمحت، إيه يعني ""إستمارة 6"" وإيه وضعها القانوني دلوقتي؟"
2466	"يعني قيمة الاشتراك في التأمينات بتتطرح من إجمالي المرتب قبل ما آخده، ولا إيه بالظبط؟ (تستخدم مصطلحات ""إجمالي المرتب"" و""تتطرح"" لتقديم وجهة نظر مختلفة للسؤال)؟"
2470	"ممكن أعرف يعني قيمة الاشتراك في التأمينات بتتطرح من إجمالي المرتب قبل ما آخده، ولا ما هو بالظبط؟ (تستخدم مصطلحات ""إجمالي المرتب"" و""تتطرح"" لتقديم وجهة نظر مختلفة للسؤال)؟"
3646	"ممكن أعرف ""ماذا المجالات اللي الشرع بتاع سنة 2025، اللي بيحمي الستات الحوامل من التمييز، بيغطيها؟""؟"
1188	يعني مدة إجازة الحج والعمرة قد أي، ويا ترى مين اللي ليه الحق ياخدها؟ (تغيير في التركيب واستخدام كلمات عامية أكثر)؟
4468	ممكن أعرف ما هو واجبات صاحب الشغل من ناحية توفير وسائل الأمان والحماية للعاملين؟ القانون بيحدد إيه بالظبط في الموضوع ده؟
3748	"ممكن أعرف لو حصلت خبطة أو حد اتعور، اللوم يقع على مين؟ (تستخدم كلمة ""خبطة"" للإشارة إلى الحادث، وتستبدل ""المسؤولية"" بـ ""اللوم"")؟"
3810	يعني القانون ينظم التفتيش والسلامة بشكل دوري؟ كل قد إيه؟
5437	طيب، مين اللي مسؤول عن إنه يوفر بيئة شغل آمنة من التحرش ويحمي سرية أي حد يشتكي؟ قصدي، صاحب الشغل عليه واجب يعمل كده؟
2919	لو سمحت، ينفع العامل يشتغل وهو بياخد معاش؟ ويا ترى هيلاقي مشاكل كتير؟ (تركيز على الإمكانية العملية والمشاكل المحتملة)؟
3071	"لو الاستقالة كانت بسبب ظروف صعبة، ينفع الواحد يلغيها بعد ما قدمها؟ ولا الاستقالة كده تعتبر رسمية ومش هينفع يعمل حاجة؟ (تستخدم ""ظروف صعبة"" بدلاً من ""ضغوط"" وتركز على الرسمية)"
1361	القانون بيحدد كام نوع لعقد العمل في القطاع الخاص؟
4590	يعني لو العامل شايف إن الشركة خطر على صحته أو حياته عشان مش متوفر له الحماية اللازمة، هل ده يعتبر سبب مشروع لرفضه الشغل؟
3396	يعني إيه وضع الحوامل بالنسبة للشغل الإضافي أو الساعات اللي إضافة إلى المعدل الطبيعي؟ القانون المصري بيسمح بكده ولا لأ؟ (تغيير في صياغة السؤال بشكل أكثر رسمية)؟
4199	"يعني، فيه جزء من فلوسنا بيروح للمعاش و لا دي حاجة تانية؟ و لو فيه معاش، مين اللي بيستلمه لما نخلص شغل؟ (استخدام ""يعني"" للتوضيح، وتركيز على طبيعة الخصم ومن يستلم المعاش في النهاية)"
2860	ممكن أعرف هل من حق الموظف إنه يقدم طلب لصرف مكافأة نهاية الخدمة بتاعته قبل ما يطلع على المعاش؟
1457	في قانون العمل، فترة الاختبار ممكن تمتد لحد قد إيه؟ (بيسأل عن المدة القانونية لفترة الاختبار)
1609	طيب، يعني لما بنيجي نعمل عقد شغل، لازم ناخد بالنا من حاجات أساسية زي المرتب وكل التفاصيل المهمة دي، ولا يمكن نتغاضى عن حاجة؟ (تركيز على عقد الشغل تحديدًا وإمكانية التغاضي عن بعض التفاصيل)؟
169	طيب، فيه احتمال إني أشتغل ورديات أطول من 8 ساعات في اليوم الواحد في الشغل ده؟ (تركيز على الوردية و طولها)؟
2046	يعني مين بيحسب المرتب ويصرفه، والضرائب والتأمين من عليه؟
1328	بصراحة، هل ليا يوم بديل ولا أجر مضاعف؟ لو اشتغلت يوم عطلة رسمية، ليَّ؟
2406	يعني لو وافقت على خصم معين في العقد، يفرق قانونًا عن حد الخصم النظامي؟
5299	طيب، هو القانون المصري بيضمن للعامل حرية تأسيس والانتماء لأي نقابة عمالية هو عاوزها؟ (استخدام كلمات أكثر رسمية مع الحفاظ على اللهجة)؟
5532	يعني لما حقوق العامل تتهدر في مكان شغله، المفروض يتوجه بشكواه فين؟ لوزارة الشركة ولا المحكمة المختصة؟
2281	"طيب، أفرض إني صرفت فلوس زيادة سواء كانت مستحقات أو قرض، وبعدين المرتب رجع زي الأول، هل ينفع يعملوها حجة ويقولوا ""الوضع استدعى كده""؟"
2188	"ممكن أعرف ماذا هو المعدل اللي بيضربوا فيه الأجر بتاعي لما اشتغل ساعات زيادة، وهل المعدل ده ثابت بالنهار والليل ولا بيختلف؟ (تركيز على مفهوم ""المعدل"" المستخدم في الحساب)؟"
2178	"يعني لو عملت شيفت زيادة، بيحسبولي الساعة الإضافية بكام في المية من مرتبي الأصلي؟ ده بيختلف لو بالليل أو بالنهار؟ (تركيز على ""نسبة مئوية"" من الراتب الأصلي)؟"
1478	بصراحة، لو العقد اللي ليه مدة معينة انتهى والشغل استمر عادي، كده العقد يبقى مفتوح على طول ولا إيه؟ (تغيير في التعبير عن الاستمرار والتلقائية)؟
2532	يعني لو سمحت، الاشتراكات دي بتتقسم بينهم ازاي؟ يعني العامل بيدفع كام في المية وصاحب الشغل كام في المية؟
1326	يعني هل ليا يوم بديل ولا أجر مضاعف؟ لو اشتغلت يوم عطلة رسمية، ليَّ؟
3129	لو سمحت، مفروض أسلم إشعار قبل ما أرجع؟ القانون حدد زمن الرجوع للاستقالة كم يوم؟
5134	ممكن أعرف بالنسبة للزيادة السنهوية اللي هي 3%، دي بتتحط على المرتب الأساسي بتاعي اللي مكتوب في العقد، ولا على المرتب اللي بيحسبوا عليه اشتراكات التأمين؟
1710	"يعني السؤال هنا، لو التغييرات اللي حصلت في العقد خلت الشغل مستحيل بالنسبة للعامل، هل من حقه إنه ياخد إجراءات تصعيدية؟ (هذه الصيغة تستخدم لغة أكثر رسمية، وتستبدل ""الاعتصام"" بـ ""إجراءات تصعيدية"".)؟"
4707	لو سمحت، يعني القانون بيوضح أي بالظبط عن تأمين الناس في الشغل، وهل لازم نعملهم فحص طبي كل فترة ولا دي حاجة اختيارية؟
5113	طيب، الـ 3% الزيادة السنوية دي بتتُعتبر على المرتب اللي باخده صافي، ولا المرتب اللي بيتسجل في التأمينات؟
5309	مش المفروض القانون بيأكد حق كل عامل في إنه يكون عضو في أي نقابة تعجبه أو حتى يعمل نقابة جديدة بنفسه؟ (تركيز على الحق الفردي ووجود بدائل)
4912	"ممكن أعرف القانون بيقول إيه بالنسبة لكمية ساعات شغل الشباب اللي تحت الـ 18 في النهار؟ فيه تحديد معين؟ (استخدام كلمة ""القانون"" والتأكيد على وجود ""تحديد معين"")؟"
673	طيب، الناس اللي شغالين في شغلانة زي التعدين أو الكيماويات، بيزيدوا كام يوم في إجازتهم بسبب طبيعة شغلهم الخطيرة؟ (تركيز على سبب الإجازة الإضافية وهو طبيعة الدوام الخطيرة)؟
5391	"لو سمحت، يعني قانون العمل بيلزم أصحاب الشركات إنهم يوفروا أماكن شغل نضيفة وآمنة للعمال، فيها إضاءة كافية وتهوية مظبوطة، ولا ده مش شرط أساسي في القانون؟ (تغيير في الفاعل من ""الشركات"" إلى ""أصحاب الشركات""، والتركيز على ""شرط أساسي"")؟"
2584	ممكن أعرف ينفع تشرحلي إزاي بيتم تحديد سقف الأجر التأميني، يعني إيه هو أقل رقم وأعلى رقم ممكن يتخصم منهم للتأمين؟
711	لو سمحت، بالظبط كده، الموظف يقدر يأخذ كام يوم في العمرة إجازة تحت بند الظروف الطارئة، زي مناسبة مفاجئة أو حاجة حصلت فجأة؟
4293	لو سمحت، هل قانوناً لازم أروح مكتب العمل وأخليهم يوافقوا على الاستقالة بتاعتي بعد ما أقدمها؟ (تركيز على الجانب القانوني والإلزام)؟
2228	بصراحة، لو دربتني الشركة وفي عقد اتفقت أرجع فلوس التدريب لو استقلت، القانون بيخليها ماذا؟
2041	طيب، فيه حد أقصى للخصومات من المرتب ولا ممكن يتخصم أكتر من ربع؟
4120	ممكن أعرف لو حصلتلي مشكلة صحية بسبب الشغل، هل أقدر أعتمد على التأمين الصحي بتاعي في العلاج؟ (تركيز على الاعتماد على التأمين)؟
3023	يعني مينفعش صاحب الشغل يمشي الموظف طوالي كده بدون وجه حق؟ هو القانون بيحمي الواحد من الفصل اللي زي ده؟
5232	يعني لو الإدارة مقرتش زيادة الأجور، التصرف ده قانوني ولا قرار إداري من حقهم؟
5433	لو سمحت، صاحب الشغل ملزم يأخذ إجراءات لمنع التحرش وضمان سرية الشكوى؟
3298	ممكن أعرف لما موظف يستقيل، محكمة القضاء الإداري بتشتغل بإيه؟ إيه الشرع اللي بيطبقوه على موضوع الاستقالة ده تحديدًا؟ (يركز على القانون المحدد الذي يتم تطبيقه)؟
265	طيب، القانون بينص على وقت راحة قد إيه للغداء خلال اليوم؟ عايزين نعرف المدة بالظبط.؟
4475	هو صاحب الشغل ملزم بتوفير إجراءات وقاية للعامل اللي عنده ولا لأ؟ ولو ملزم، القانون بينص على إيه بالظبط؟
4438	"ممكن أعرف بعد مرور قانون العمل الجديد، لو الشركة مشيتني، أعمل إيه بالظبط؟ وهل فيه حاجة بتمنعني أروح محكمة العمل على طول ولا القانون سابها مفتوحة؟ (تستخدم كلمات أبسط مثل ""مشيتني"" و ""سابها مفتوحة""، وتركز على وجود مانع قانوني)؟"
2186	"بصراحة، ماذا هو المعدل اللي بيضربوا فيه الأجر بتاعي لما اشتغل وقت زيادة، وهل المعدل ده ثابت بالنهار والليل ولا بيختلف؟ (تركيز على مفهوم ""المعدل"" المستخدم في الحساب)؟"
3620	بصراحة، فيه قيود معينة على شغل الستات الحوامل في الشركة دي؟ ولو فيه، القيود دي بتبدأ تطبق من أول ما عدد الموظفات يوصل لأد إيه؟
916	"ممكن أعرف قانونًا، الراجل يقدر ياخد أد إيه إجازة بمناسبة ولادة طفل ليه طول مسيرته المهنية؟ (إضافة كلمة ""قانونًا"" للتأكيد على الجانب القانوني، واستخدام ""مسيرته المهنية"" بدلاً من ""حياته المهنية"")؟"
691	طيب، قانون الشغل بيدي كم يوم إجازة عارضة في السنة الواحدة، يعني لو حصل ظرف طارئ؟
3193	طيب، لو أنا كتبت استقالتي وقدمتها، بس الشركة مرديش يمضي عليها، أقدر أعمل حاجة تانية؟ (تركيز على الخيارات المتاحة)؟
1598	بصراحة، هل فيه متطلبات قانونية معينة واجب تتضاف في العقد، زي المرتب وكل البيانات الضرورية عشان العقد يبقى تمام؟ (تركيز على المتطلبات حسب النظام وتمام العقد)؟
4827	"لو سمحت، يا ترى أصغر سنه ممكن الواحد يشتغل بيه قانوني في مصر كام؟ (تستخدم كلمة ""يا ترى"" للتقديم و ""قانوني"" للتأكيد على الجانب الرسمي)؟"
3635	"""قانون سنة 2025 اللي بيحارب التمييز بسبب الحمل ده، بيستهدف منع التمييز في إيه بالظبط؟"""
1629	لو سمحت، يا ترى ضروري نروح مكتب حكومي عشان نمضي العقد ولا ممكن نمضيه في أي مكان؟
1714	"ممكن أعرف السؤال هنا، لو التغييرات اللي حصلت في العقد خلت الوظيفة مستحيل بالنسبة للعامل، هل من حقه إنه ياخد إجراءات تصعيدية؟ (هذه الصيغة تستخدم لغة أكثر رسمية، وتستبدل ""الاعتصام"" بـ ""إجراءات تصعيدية"".)؟"
3348	يعني الحامل تبدأ تخفف شغلها اليومي من أول شهر أد إيه في الحمل؟
628	ممكن أعرف بالنسبة للإجازة السنهوية، هل في فرق بين اللي عنده إعاقة وبين أي موظف تاني؟ ولو فيه، الفرق ده كام يوم؟
587	إيه عدد أيام الإجازة السنوية المقررة للموظفين اللي فوق الخمسين؟ (أكثر رسمية بعض الشيء من الصيغة الأصلية).
2603	يا ترى سن الخروج على المعاش في القطاع الخاص بقى كام سنة في القانون اللي لسه طالع؟
5394	يعني فيه نص في القانون بيجرم التنمر أو التحرش داخل الوظيفة؟
4225	"طيب، ""استمارة ستة"" دي عبارة عن ما هو؟ والقانون بيقول إيه بخصوصها دلوقتي؟ (تستخدم كلمة ""عبارة عن إيه"" بشكل أكثر بساطة وعامية)؟"
4400	بصراحة، لو الشركة وافقت على استقالتي، يعني كله تمام بالتراضي، هل ده يغير حاجة في موضوع مكافأة نهاية الخدمة؟ التشريع بيقول إيه في حالة زي دي؟ (تركز على تأثير الموافقة على الاستقالة)؟
3509	لو ست اشتغلت بعد الولادة على طول، يا ترى القانون بيحمي حقوقها في الشغل، ولا الواقع حاجة تانية؟
4191	"لو سمحت، بصراحة كده، نسبة من مرتبنا بتروح فين بالظبط عشان المعاش؟ و بعد ما الواحد يوصل سن المعاش، مين اللي بيستفيد من الفلوس دي؟ (استخدام ""بصراحة كده"" لإضفاء طابع الجدية، وتركيز على الجهة المستفيدة)؟"
1945	طيب، يا ترى العلاوات والتحفيزات بتتضاف ضمن الأجر اللي بيتخصم منه التأمين الاجتماعي ولا لأ؟
2166	"يعني لو اشتغلت وقت إضافي، باخد كام ضعف أجري الأساسي على الساعة، سواء كان بالنهار أو بالليل؟ (تركيز على مفهوم ""كم ضعف الأجر"")؟"
5100	يعني الشرع بيوجب على الشركات تزود المرتبات كل سنهة بحد أدنى كام؟
402	يعني لو اشتغلوا يوم الأحد، يجوز ده يحسب بديل لدفع الإيجار أسبوعياًي؟ يا ترى التشريع بيسمح بحاجة زي دي ولا فيه موانع؟
1283	يعني حقنا في السنة، كام يوم إجازة رسمية بيكونوا بفلوس؟
5158	"ممكن أعرف معنى إن الحد الأدنى بقى أعلى بست آلاف وسبع آلاف جنيه، إن المفروض المرتبات تزيد، فليه الشركات دي لسه مدبسة الدنيا زي ما هي؟ (استخدام ""مدبسة الدنيا"" لوصف عدم التغيير بشكل ساخر)؟"
1585	طيب، يعني عشان العقد يبقى مظبوط وقانوني، لازم يكون فيه بنود أساسية زي المرتب ومواضيع تانية مهمة، صح كده؟ (تركيز على الشرعية والصحة الشرعية)؟
898	ممكن أعرف الرجل بيقدر ياخد إجازة ولادة كام مرة في حياته المهنية؟
2402	بصراحة، إيه هو الحد المباح به قانونًا لو الشركة خصمت من مرتبي مقابل الأدوات أو الملابس اللي بستعملها في الشغل؟ (تركيز على الحد القانوني واستخدام المعدات في الشغل)؟
2436	"يعني من الآخر كده، لو أنا وقعت على عقد والخصم اللي فيه مختلف عن اللي القانون قايله، يبقى العقد ده وضعه ما هو قانونًا؟ معتبر ولا ممكن يبقى فيه مشكلة؟ (تستخدم ""من الآخر كده"" لتقديم السؤال بشكل مباشر ومختصر، وتضيف تساؤلًا حول صلاحية العقد).؟"
310	ممكن أعرف الواحد المفروض يستريح كل كام ساعة شغل يعني؟
4646	بصراحة، يعني القانون بيُلزم أصحاب الشركات والمصانع إنهم ياخدوا خطوات عشان يحموا الموظفين من أي تحرش في مكان المؤسسة؟ (هذا السؤال يركز على إلزام القانون)؟
286	ممكن أعرف لازم بعد مرور كام ساعة شغل ناخد استراحة؟
3302	بصراحة، في موضوع الاستقالة ده، محكمة القضاء الإداري بتتعامل إزاي؟ إيه النظام اللي بيحكم حالات الاستقالة عندهم؟ (سؤال عام عن كيفية التعامل مع حالات الاستقالة)؟
1752	يعني هل من حق الموظف اللي بيشتغل في فترة تجريبية حسب العقد، إنه يرفض الاستمرار فيها وينهي شغله بدري؟
3229	طيب، لو التعويض اللي المفروض اخده كبير جدًا، هل ممكن الشرع يقلله عشان فيه قيمة خاصة مينفعش اتعداها؟
1599	لو سمحت، هل فيه متطلبات قانونية معينة لازم تتضاف في العقد، زي المرتب وكل البيانات الضرورية عشان العقد يبقى تمام؟ (تركيز على المتطلبات القانونية وتمام العقد)؟
4106	بصراحة، بالنسبة للتأمين الصحي، هل يشمل علاج أي أمراض الواحد ممكن يصاب بيها بسبب شغله؟ (تركيز على شمولية التأمين)؟
5310	يعني مش المفروض القانون بيأكد حق كل عامل في إنه يكون عضو في أي نقابة تعجبه أو حتى يعمل نقابة جديدة بنفسه؟ (تركيز على الحق الفردي ووجود بدائل)؟
649	طيب، يا ترى الناس اللي بتشتغل شغلانات فيها خطر زي المناجم ولا مصانع الكيماويات، بيأخذوا أجازة زيادة قد إيه بالظبط؟ (تركيز على مقدار الإجازة الزيادة)؟
4210	"ممكن أعرف إيه يعني ""إستمارة 6"" وإيه وضعها النظامي دلوقتي؟"
541	طيب، يا ترى بعد مرور قد إيه من الشغل في الشركة، الواحد بيأخذ إجازة 30 يوم في السنة؟
134	بصراحة، طبقا للقانون، اليومية بتاعة الشركة تتحدد على أساس قد إيه ساعة عمل؟
4831	"طيب، القانون المصري بيسمح للعيال تشتغل من سنه قد إيه بالظبط؟ (تستخدم كلمة ""العيال"" و ""بالظبط"" للتعبير عن الاستفسار بطريقة عامية وأكثر مباشرة)؟"
5431	طيب، صاحب العمل ملزم يأخذ إجراءات لمنع التحرش وضمان سرية الشكوى؟
2028	يعني ينفع ياخدوا أكتر من ربع المرتب بتاعي خصومات؟
2855	هل من حق الموظف إنه يقدم طلب لصرف مكافأة نهاية الخدمة بتاعته قبل ما يطلع على المعاش؟
2780	بصراحة، لو واحد اتقاعد وبعد مرورين اشتغل في مكان تاني مش بيدفع تأمينات، إيه النظام بتاعه؟
2548	ممكن أعرف بخصوص الاشتراكات، ممكن توضحلي مين بيدفع كام؟ يعني العامل بيساهم بقد إيه وصاحب الشغل بيكمل الباقي؟
2128	ممكن أعرف الفلوس بتاعة مرتبي اللي لسه ما قبضتهاش، بتختفي ولا بتضاف على مرتب العمرة الجاية؟
1253	كام يوم أجازات رسمية مدفوعة في السنة؟
3347	الحامل تبدأ تخفف شغلها اليومي من أول شهر كام في الحمل؟
300	يعني المفروض نشتغل كام ساعة قبل ما ناخد بريك؟
4512	يعني شرط أساسي يكون في المنشأة يا إما دكتور شغل يا إما واحد بيفهم في الإسعافات الأولية؟
2490	يعني هل إجباري على صاحب أي شركة إنه يعمل اشتراك تأمينات اجتماعية للعامل عنده من أول يوم توظيف؟
982	ممكن أعرف من أنهي مرحلة في الحمل، القانون بيسمح للمرأة العاملة بإنها تشتغل عدد ساعات أقل في اليوم الواحد؟
1087	طيب، أوكي، أول تلات شهور بناخد المرتب كله في الإجازة المرضية، وبعد كده نظام الأجر بيكون ماذا؟
4980	يعني بالنسبة لواحد لسه بيدرس في مدرسة ونفسه يشتغل كام ساعة في اليوم، أي هي الحدود المباحة؟
2171	"يا ترى مكافأة الشغل الإضافي (أوفر تايم) بتكون قد إيه بالنسبة للأجر العادي، لو اشتغلت بالليل أو بالنهار؟ (استخدام مصطلح ""مكافأة"" و ""أوفر تايم"")"
1711	"طيب، السؤال هنا، لو التغييرات اللي حصلت في العقد خلت الشغل مستحيل بالنسبة للعامل، هل من حقه إنه ياخد إجراءات تصعيدية؟ (هذه الصيغة تستخدم لغة أكثر رسمية، وتستبدل ""الاعتصام"" بـ ""إجراءات تصعيدية"".)؟"
469	طيب، في القطاع الخاص، العامل ليه كام يوم إجازة في السنة؟
5399	هل القانون المصري بيعتبر التنمر أو التحرش في الشغل جريمة يعاقب عليها؟ (هذه الصياغة تركز على القانون المصري بشكل عام والعقوبة).
3631	طيب، قانون 2025 ضد التمييز في الأمور المرتبطة بالحمل، لأي شكل؟
1364	بصراحة، القانون بيحدد أد إيه نوع لعقد الدوام في الشركات الخاصة؟
2143	طيب، باقي حساب مرتبي اللي ما قبضتوش، بيضيع ولا هينزل لي تعويض بيه العمرة اللي جاية؟
4689	لو سمحت، هو النظام محدد إزاي إجراءات السلامة في الشغل والكشف الدوري على صحة العمال ولا سايبها كده؟
2209	طيب، يجوز أعرف أقصى قيمة للخصومات اللي ممكن تتسحب من مرتبي؟
2141	باقي حساب مرتبي اللي ما قبضتوش، بيضيع ولا هينزل لي تعويض بيه السنة اللي جاية؟
753	لو سمحت، لو موظف ماسك امتحانات جامعية، بياخد كام يوم إجازة دراسة؟
3555	"لو سمحت، هل فيه أي مانع لو الشركة قدمت تسهيلات أو امتيازات للموظفة الحامل اللي واخده إجازة وضع أو اللي رجعت الشغل عقبها علطول؟ (هذه الصيغة تستخدم ""تسهيلات أو امتيازات"" وتوضح حالة الموظفة بشكل مفصل)؟"
878	بصراحة، قانون الشغل بيدي للست اللي جابت بيبي كام شهر إجازة أمومة مدفوعة الأجر؟
3368	بصراحة، في شهور الحمل، من أول شهر كام المفروض الست الحامل متشتغلش نفس كمية الوقت اللي كانت بتشتغلها قبل الحمل؟
3884	بصراحة، صاحب العمل مينفعش يعمل إجراء ضد الضحية لو اشتكت؟ القانون بيحمي الضحايا؟
2467	"طيب، يعني قيمة الاشتراك في التأمينات بتتطرح من إجمالي المرتب قبل ما آخده، ولا إيه بالظبط؟ (تستخدم مصطلحات ""إجمالي المرتب"" و""تتطرح"" لتقديم وجهة نظر مختلفة للسؤال)؟"
4871	واحد عنده أربعتاشر سنة، ممكن يلاقي شغل؟ ولا السن ده صغير قوي؟ سمعت إن فيه حاجة اسمها تدريب بيبدأ من السن ده، بس مش عارف التفاصيل.
755	بالنسبة لموظف مسؤول عن الامتحانات في الجامعة، كام يوم إجازة مسموح له ياخدهم علشان يذاكر؟ (تركيز على السماح وعدد الأيام)
1117	طيب، ينفع استبدل الإجازة المرضي بإجازة من رصيدي السنوي؟
1813	طيب، هو واجب المرتب يتصرف عن طريق البنك ولا ممكن الشركة تديني فلوسي كلها كاش من غير حساب؟
3778	ممكن أعرف هل في حد أدنى لتوفير وسائل الحماية بشكل قانوني؟ مثلًا خوذة أو زي حماية؟
1674	يعني في حالة إن صاحب الشغل عمل تعديلات في عقد الدوام من غير ما يرجع للعامل، هل كده هو ماشي صح ولا بيخالف القانون؟
1289	لو اشتغلت يوم أجازة رسمية (عيد أو شم النسيم)، هاخد تعويض كام؟
308	بصراحة، الواحد المفروض يستريح كل كام ساعة شغل يعني؟
497	السنة الأولى بيتاح 15 يوم إجازة، وبعدين في السنة التانية يبقى كام يوم؟
678	يعني الإجازة الاستثنائية (زي عرس أو موت) كام يوم في السنهة؟
1116	يعني ينفع استبدل الإجازة المرضي بإجازة من رصيدي السنوي؟
4683	لو سمحت، القانون فيه بنود بتنص على إيه بالظبط بخصوص أمان الشركة وكشف الصحة المنتظم على الناس اللي شغالة؟
1196	بصراحة، اللي رايح يعمل حج أو عمرة، إجازته بتكون قد إيه بالظبط؟ ويا ترى الإجازة دي حق لمين بالظبط؟ (تغيير في طريقة التعبير عن الغرض والتركيز على الشخص المسافر)؟
602	بصراحة، يا ترى، الموظف اللي عنده 50 سنة أو فوق، بياخد كام يوم إجازة مدفوعة الأجر في السنة؟ (تضيف تفصيلاً بأن الإجازة مدفوعة الأجر).؟
2011	طيب، هل جائز يخصم أكثر من ربع المرتب؟
3742	ممكن أعرف في حالة حادث أو إصابة مين بيتحمل المسئولية؟
4502	بصراحة، ضروري يبقى فيه دكتور شغل أو حد بتاع إسعافات أولية موجود جوه المكان؟
535	طيب، بعد قد إيه سنة مع الشركة الإجازة السنوية بتوصل 30 يوم؟
5512	ممكن أعرف لو الواحد اتظلم في شغله، يروح يرفع شكواه لمين؟ لوزارة القوى العاملة ولا المحكمة؟
2210	بصراحة، ممكن أعرف أقصى قيمة للخصومات اللي ممكن تتسحب من مرتبي؟
1618	ممكن أعرف هل العقد لازم يوقع عليه في مكتب الدوام أو جهة رسمية؟
3216	يعني هل لو كسبت تعويض في المحكمة، ممكن المبلغ اللي هيتدفع لي يكون أقل من اللي كنت متوقعه، عشان التشريع فيه سقف معين للتعويض؟
4734	يعني لو لاحظت أي حاجة خطر أو مخالفة لقواعد السلامة في مكان المؤسسة، مين المسؤول اللي المفروض أوصل له المعلومة دي؟ (تركيز على المسؤولية وتوصيل المعلومة)؟
4943	لو مينفعش نِشَغَّل الأطفال الصغيرين بالليل ولا في شغل خطر، يبقى القانون بتاع الشغل بيقول إيه بالظبط؟
1515	لو سمحت، شغل الأونلاين والوظايف النص نص، الدولة معترفة بيهم ولا لأ؟ (هنا التركيز على اللغة العامية أكثر واستخدام مصطلحات شائعة)؟
3108	"يعني إيه الحكمة من وجود حاجة اسمها ""استنصة"" وحاجة اسمها ""إنهاء خدمة""، ويا ترى إيه الفرق بينهم من ناحية النظام، وإمتى الموظف بيكون ليه حرية الاختيار؟ (هذا السؤال يستفسر عن الحكمة من وراء وجود المصطلحين، ويسأل عن الفرق القانوني بينهما وحرية اختيار الموظف.)؟"
5506	ممكن أعرف إذا حصل انتهاك للحقوق في مكان الشغل، نقدر نشتكي فين؟ (وزارة القوى العاملة أو المحكمة)؟
3043	طيب، يعني بالبلدي كده، مينفعش صاحب العمل يمشي حد من غير ذنب؟ القانون بيسمح بحاجة زي دي ولا بيحمي العامل من الظلم ده؟
1381	طيب، كم نوع من عقود العمل مُعترف بيه قانونًا لما تشتغل في شركة خاصة؟
3740	بصراحة، في حالة حادث أو إصابة مين بيتحمل المسئولية؟
2585	سن التقاعد في القطاع الخاص كام حسب القانون الجديد؟
1494	"يعني بعد نهاية العقد اللي محدد بمدة، لو استمريت في الشغل، هل ده معناه إن العقد اتحول لعقد دائم بشكل تلقائي؟ (استخدام كلمة ""دائم"" بدل ""مفتوح"" وتوضيح كلمة ""بشكل تلقائي"")؟"
936	يعني هو القانون بيسمح للموظفة ترجع شغلها بعد ما تخلص إجازة الولادة ولا إيه النظام؟
4489	طيب، بصراحة كده، هل القانون بيجبر صاحب العمل إنه يوفر للعاملين عنده كل وسائل الحماية والأمان اللازمة؟ وإيه هي بنود القانون في الموضوع ده؟
2084	بصراحة، لو صاحب الشغل اتأخر في صرف المرتب كام يوم، القانون قال ماذا؟
4710	يعني لو لقيت مخالفات سلامة في المصنع أو الشركة، أقدر أتظلم لمين؟
1901	هل الأهتمام بالزيادة السنوية (3%) شامل الأجر الأساسي أو الأجر التأميني؟
748	ممكن أعرف لو خدت إجازة في الفترة دي، ده هيقلل من رصيد إجازتي العمروية العادية، ولا ده وضع مختلف ومش هياثر عليها؟
346	ممكن أعرف أنا شغال 6 أيام أسبوعياً، طيب إجمالي مقدار ساعات الراحة في الأسبوع الواحدية بتاعتي كام؟
2921	طب لو واحد معاشه شغال، ده قانوني؟ وياترى بيواجه صعوبات في الشغل ده؟ (تركيز على الجانب القانوني والصعوبات التي تواجهه)
399	لو سمحت، ينفعوا يعوّضوا شغل الأحد بإيجار الأسبوع؟ يعني القانون سامح بكده ولا ما هو النظام بالظبط؟
1958	بصراحة، بالظبط كده، لما بيحسبوا مبلغ التأمين، بيأخذوا في الاعتبار الفلوس الزيادة اللي بتيجي من العلاوات والحوافز ولا بيحسبوا على المرتب الأساسي بس؟
1319	لو طلبوا مني أشتغل في يوم إجازة زي عيد الميلاد، ايه المقابل المادي اللي المفروض آخده؟
3829	طيب، التفتيش على السلامة ده، القانون بيحدده بيحصل بانتظام؟ لو آه، بيحصل كل قد أي تحديدا؟ (تأكيد على الانتظام والسؤال عن المدة المعينة)؟
2906	بصراحة، ببساطة كدة، المكافأة دي حاجة والتعويض ده حاجة تانية خالص، صح؟ طيب ماذا الفرق اللي بينهم علشان أفهم؟
1104	يعني ماشي، بالنسبة للإجازة المرضية، بناخد المرتب قد ماذال في أول تلات شهور، طب بعد مرور التلات شهور دول، وضع المرتب بيكون إيه بالظبط؟
2079	لو سمحت، مين اللي ماسك حسابات المرتبات وبيصرفها لينا، وياخد باله من قصة الضرايب والتأمين دي؟
1338	يعني لو اشتغلت يوم أجازة، هيعوضوني بيوم استراحة تاني ولاّ هيدفعولي أجر مضاعف؟ إيه النظام؟ (تركيز على التعويض بدلا من الحق، مع سؤال مباشر عن النظام المتبع)؟
2730	يعني العامل في شركة خاصة بيتقاضى إيه بعد سن الستين؟ هل في معاش من الشركة أو من التأمين؟
1287	لو سمحت، يعني حقنا في العمرة، كام يوم إجازة رسمية بيكونوا بفلوس؟
3617	فيه قيود معينة على شغل الستات الحوامل في الشركة دي؟ ولو فيه، القيود دي بتبدأ تطبق من أول ما عدد الموظفات يوصل لكام؟
2669	لو واحد عدى الستين وشغال، هل بيستحق ياخد مكافأة نهاية الخدمة عادي زي أي حد؟
2140	ممكن أعرف لو فيه جزء من مرتبي مخدتوش في وقته، كده خلاص خسرت الفلوس دي ولا هتنحسب ليا بعدين؟
225	لو سمحت، يعني الواحد لما بياخد وقت عشان ياكل أو يستريح شوية، بيتخصم من الـ 8 ساعة بتوع المؤسسة ولا محسوبين عليهم؟
3756	"يعني لو حصلت مشكلة أو حد اتأذى، مين اللي هيتحاسب؟ (تستخدم ""مشكلة"" بدل ""حادث""، و""اتأذى"" بدل ""إصابة""، و""يتحاسب"" للإشارة إلى تحمل العواقب)؟"
3898	ممكن أعرف هل القانون بيسمح لصاحب الشغل إنه يعاقب الموظف اللي رفع شكوى بسبب معاملة سيئة؟ ولا في حماية قانونية للضحية في الحالة دي؟
3732	يعني هل فيه أي قوانين بتوجب وجود دكتور مسؤول عن صحة العمال أو دكتور شغل جوة المصانع؟
2444	بصراحة، خصم تأمينات الاشتراك بيحسب في المرتب ولا لا؟
3242	بصراحة، طيب، الواحد بياخد تعويض عن ماذا كمية سنة شغل؟ وايه السبب اللي خلى الشرع ما يحددش المدة بالظبط؟ (تركز على العامل وأحقيته)؟
964	ممكن أعرف بعد إجازة الأمومة، الست العاملة ليها ضمان إنها هترجع لنفس منصبها ومسؤولياتها اللي كانت ماسكاها قبل كده؟
2768	بصراحة، اللي خرج على المعاش بعد اشتغل في جهة بس مش في التأمين، إيه اللي بيحصل؟
1185	لو سمحت، إجازة الحج والعمرة إيه عدد شهر ومين يستحقها؟
2463	لو سمحت، لما بيحسبوا المرتب بتاعي، يستحقون في الاعتبار خصم اشتراك التأمينات ولا كأنه مش موجود؟ (تسأل عما إذا كان الخصم جزءًا من عملية حساب المرتب)؟
3889	طيب، يعني لو حد اتعرض لأذية في شغله وراح اشتكى، مديره مبيقدرش يحصل على ضده أي إجراء؟ القانون واقف في صف اللي اتأذى فعلًا؟
2728	ممكن أعرف ياريت تفهمني طريقة حساب مكافأة نهاية الخدمة. يعني أنا عارف إن فيه حاجة اسمها نص شهر للسنة الأولى وشهرين للسنتين اللي بعديها، بس مش فاهم بتتضاف إزاي بالظبط.؟
287	كل قد إيه شغل الواحد محتاج يريح شوية؟
433	طيب، بالبلدي كدة، لما الحكومة بتدينا إجازة في يوم معين زي يوم الجمعة، الإجازة دي بتدخل جزء من حساب أيام شغل كل أسبوع ولا لأ؟ (تركيز على اللهجة العامية)؟
217	طيب، هل وقت الفسح، زي أكل العيش أو البريك، جزء من الـ 8 ساعات شغل الرسميين؟
4028	بصراحة، الفلوس دي بتصرف لو العامل استحدد عقب السن دي ولا بس لو اتفصل؟
5170	"ممكن أعرف دلوقتي الحد الأدنى زاد ست تلاف وسبع تلاف جنيه، ليه بقى الشركات دي مش راضية تدفع زياده؟ إيه اللي بيحصل بالظبط؟ (تركيز على عدم الرغبة في الدفع واستخدام ""إيه اللي بيحصل بالظبط؟"" للاستفسار بشكل أعمق)؟"
1483	"طيب، طب فرضنا العقد المؤقت خلص والراجل مِشيِش، العقد بيتقلب عقد دايم لوحده ولا ضروري إجراء تاني؟ (استخدام كلمة ""فرضنا"" و ""الراجل مِمشيش"" و""دايم"" بدلا من ""مفتوح"")؟"
3562	ممكن أعرف في قانون العمل الجديد، فين العلامات (التمييزية للحاملات) زي إيه؟
3052	ممكن أعرف لو شركة فصلت موظف من غير أي سبب مقنع، ده يعتبر مخالفة للقانون؟ القانون بيحمي الناس من الفصل اللي بدون حق ده ولا لأ؟
2658	يعني عامل علاوة على سنه الستين ينفع يتبقاله مكافأة نهاية الخدمة؟
2799	لو سمحت، لو موظف طلع على المعاش واشتغل في شغلانة تانية مش متسجلة في التأمينات، ده يأثر على إيه؟
4805	فيه فريق طبي تابع لجهة حكومية بيفتش على المستشفى عشان يطمنوا على صحة المكان؟ (يضيف تفصيلاً عن الفريق الطبي وجهة التفتيش)
3894	يعني هل القانون بيسمح لصاحب المؤسسة إنه يعاقب الموظف اللي رفع شكوى بسبب معاملة سيئة؟ ولا في حماية قانونية للضحية في الحالة دي؟
2479	طيب، لازم صاحب العمل يشترك في التأمين الاجتماعي من أول يوم عمل؟
2525	بالنسبة للاشتراكات، العامل بيتحمل جزء أد إيه منها وصاحب العمل بيتحمل الجزء الباقي؟ عايزين نعرف توزيع المساهمات بالضبط.
791	"لو خدت إجازة عشان الدراسة وقت الامتحانات، دي بتتخصم من رصيد إجازاتي السنوية ولا محسوبة ببلاش؟ (تغيير في التركيب والكلمات: استخدام ""لو خدت"" بدل ""إجازة دراسية""، ""دي بتتخصم"" بدلاً من ""بتتنقص""، ""محسوبة ببلاش"" بدلاً من ""مجانًا"")"
2726	بصراحة، ياريت تفهمني طريقة حساب مكافأة نهاية الخدمة. يعني أنا عارف إن فيه حاجة اسمها نص شهر للسنة الأولى وشهرين للسنتين اللي عقبيها، بس مش فاهم بتتضاف إزاي بالظبط.؟
2159	بالليل والنهار، الساعة الزيادة في الشغل بتتحسب بضرب الأجر الأساسي في كام؟ (تركيز على طريقة حساب الأجر الإضافي)
3933	لو سمحت، يا ترى القانون بيفرض على الشركات إنها تتأكد من خلو موظفينها من أي سوابق إجرامية، وده كله عشان الأمن والسلامة؟ (تغيير في الكلمات والمصطلحات المستخدمة، مع التركيز على الشركات بدلاً من صاحب الدوام).؟
5114	بصراحة، الـ 3% الزيادة السنوية دي بتتُحسب على المرتب اللي باخده صافي، ولا المرتب اللي بيتسجل في التأمينات؟
2617	طيب، بعد مرور التعديلات الجديدة في القانون، سن المعاش بقى أد أي للناس اللي شغالة في شركات خاصة؟
4060	ممكن أعرف السؤال بالبلدي: الفلوس دي بندفعها للموظف لو قرر يسيب الوظيفة بعد سن معين، ولا دي بس للناس اللي الشركة بتستغنى عنهم؟
4284	يعني لو سبت الشغل، لازم ختم أو موافقة من مكتب الوظيفة عشان الاستقالة تبقى تمام؟ (تركيز على الموافقة الرسمية)؟
613	طيب، يا ترى القانون بيقول إيه بخصوص عدد أيام الإجازة السنهوية اللي من حق أي حد عنده إعاقة؟
3594	يعني أقصى الوظيفة للحوامل يوافقوا عليه لو كمية الموظفات عندهم علاوة على كام؟
2357	لو اكتشفت إن فيه فرق في المرتب بسبب غلطة من الشركة، ممكن أطالب بتعديله بعد ما استلمته؟ والقانون بيحمي حقوقي ازاي في وضع زي ده؟
2702	بصراحة، إزاي طريقة حساب مكافأة نهاية الخدمة؟ يعني لو واحد اشتغل سنة يأخذ نص شهر، وبعد مرورها سنتين ياخد شهرين، الحسبة بتمشي إزاي بالظبط؟
905	"الراجل ممكن يستفيد من إجازة رعاية مولود جديد كام مرة في تاريخ وظيفته؟ (استخدام مصطلح ""إجازة رعاية مولود جديد"" واستبدال ""حياته المهنية"" بـ ""تاريخ وظيفته"")"
1127	لو سمحت، ممكن الإجازة اللي كنت واخدها علشان تعبان تتحسب إجازة سنوية عادية؟
4207	"طيب، إيه يعني ""إستمارة 6"" وإيه وضعها القانوني دلوقتي؟"
3974	بصراحة، إيه الحقوق المادية اللي بتيجي لواحد شغله لما يكمل الستين سنة؟ (زي مكافأة نهاية الخدمة)؟
2226	يعني لو دربتني الشركة وفي عقد اتفقت أرجع فلوس التدريب لو استقلت، القانون بيخليها أي؟
1518	يعني الوضع النظامي ما هو بالنسبة للشغل من البيت والوظايف اللي مش باليوم الإيه عددل؟ (هنا استخدام لغة أكثر رسمية نسبياً مع الحفاظ على اللهجة المصرية)؟
1024	ممكن أعرف طيب، الست اللي لسه والدة وبترضع البيبي، ليها إيه عدد ساعة زيادة باليوم تاخدها عشان ترضع؟
3006	يعني إيه الحقوق اللي بتدي لصاحب الشغل الحق إنه يفصل العامل؟ وهل لازم يستنى حكم المحكمة قبل ما ياخد القرار ده؟
1422	يعني لو سمحت، إيه الاختلافات الأساسية بين عقد الوظيفة اللي بيتحدد له مدة زمنية وعقد العمل اللي ملوش مدة مُحددة في القانون المصري؟
3847	طيب، القانون بيتكلم عن التحرش الجنسي في العمل؟
775	طيب، يا ترى، الموظفين اللي بيشتغلوا في قسم الامتحانات بالجامعة، ليهم قد ما هو يوم إجازة للمذاكرة قبل الامتحانات؟ (تركيز على قسم الامتحانات وتحديد الفترة الزمنية)؟
1346	بصراحة، طيب، لما بشتغل في العيد أو في أي مناسبة رسمية، بيحسبولي اليوم ده إزاي؟ بيوم إجازة زيادة ولا بفلوس إضافة إلى؟ (تحديد أنواع أيام العطلات بشكل أدق، مع سؤال عن طريقة الحساب)؟
4093	"طيب، لو شخص كان بيشتغل ومات فجأة، أهله ياخدوا مرتب شهر ولا ماذا اللي بيحصل بالضبط في الحالات دي؟ (ركزنا على إمكانية الحصول على ""مرتب شهر"" كمثال، مع استخدام عبارة ""إيه اللي بيحصل بالضبط"").؟"
2223	لو سمحت، يعني أخر الخصومات اللي ينفع تتخصم من الراتب كم بالظبط؟ ماذا الحد الأقصى؟
609	لو سمحت، الأشخاص ذوي الإعاقة يستحقون قد إيه يوم إجازة سنوية؟
5378	"بصراحة، طبقا لقانون الوظيفة، هل الشركات مجبرة إنها تلتزم بمعايير معينة للنضافة والأمان في مكان الشغل، زي مثلاً وجود إضاءة كافية وتهوية مناسبة؟ (استخدام مصطلحات أكثر رسمية مثل ""معايير"" و""مكان الشغل"")؟"
3850	ممكن أعرف القانون بيتكلم عن التحرش الجنسي في الشغل؟
4768	ممكن أعرف هو كل مصنع أو شركة كبيرة لازم يكون عندها لجنة مسئولة عن الأمان؟ ده بناءً على قانون ولا حاجة تانية؟
4895	بالنسبة للي لسه ما بلغوش الـ 18 سنة، هل فيه أي قوانين بتحدد مواعيد شغلهم في النهار؟ (تغيير في المفردات والتركيب)
3245	معلش، التعويض ده بيتحدد على أساس عدد سنين الشغل اللي قضيتها ولا إيه؟ وليه القانون مش قاطع في الموضوع ده ومحددهاش؟ (تركز على الغموض في القانون)
846	يعني لو خلفت، جوزي يقدر يستحق كام يوم استراحة من الشركة بمناسبة الوضع؟ (صياغة من وجهة نظر الزوجة، وتسأل عن الراحة من العمل)؟
2508	يعني بالبلدي كده، صاحب الشغل لازم يشترك للموظف بتاعه في التأمينات من أول يوم في الشغل، ولا الموضوع فيه كلام تاني؟
2721	لو سمحت، بفهم منين طريقة حساب مكافأة نهاية الخدمة؟ فيه كلام عن نص شهر للسنهة الأولى وشهرين للسنتين اللي بعد كده، بس مش عارف الحسبة دي بتتعمل إزاي.؟
2359	طيب، لو اكتشفت إن فيه فرق في المرتب بسبب غلطة من الشركة، ممكن أطالب بتعديله بعد مرور ما استلمته؟ والقانون بيحمي حقوقي ازاي في وضع زي ده؟
3296	بصراحة، لما موظف يستقيل، محكمة القضاء الإداري بتشتغل بأي؟ إيه التشريع اللي بيطبقوه على موضوع الاستقالة ده تحديدًا؟ (يركز على القانون المحدد الذي يتم تطبيقه)؟
626	بصراحة، بالنسبة للإجازة السنوية، هل في فرق بين اللي عنده إعاقة وبين أي موظف تاني؟ ولو فيه، الفرق ده كام يوم؟
1512	يعني شغل الأونلاين والوظايف النص نص، الدولة معترفة بيهم ولا لأ؟ (هنا التركيز على اللغة العامية أكثر واستخدام مصطلحات شائعة)؟
2220	يعني أخر الخصومات اللي ممكن تتخصم من الراتب كام بالظبط؟ ماذا الحد الأقصى؟
2886	يعني لو سمحت، ممكن توضح لي الفرق بين صرف المكافأة وصرف التعويض؟ أصل أنا مش فاهمة أوي أي الفرق بينهم.؟
4354	ممكن أعرف التعويض بيتحسب على كام سنين خدمة؟ ولا ما هو الشروط؟
1944	يعني يا ترى العلاوات والتحفيزات بتتُحسب في الأجر اللي بيتخصم منه التأمين الاجتماعي ولا لأ؟
3522	يعني هل ينفع الشركة تفضل الحامل وهي في إجازة الوضع أو بعدها مباشرة؟
2732	بصراحة، العامل في شركة خاصة بيتقاضى إيه بعد سن الستين؟ هل في معاش من الشركة أو من التأمين؟
1399	طيب، إيه الفرق بين العقد محدد المدة والعقد غير محدد المدة؟
614	بصراحة، يا ترى الشرع بيقول إيه بخصوص عدد أيام الإجازة العمروية اللي من حق أي حد عنده إعاقة؟
403	طيب، لو اشتغلوا يوم الأحد، ممكن ده يحسب بديل لدفع الإيجار كل أسبوعي؟ يا ترى النظام بيسمح بحاجة زي دي ولا فيه موانع؟
5311	طيب، مش المفروض الشرع بيأكد حق كل عامل في إنه يكون عضو في أي نقابة تعجبه أو حتى يعمل نقابة جديدة بنفسه؟ (تركيز على الحق الفردي ووجود بدائل)؟
1778	بصراحة، نظام قبض المرتب ماذا؟ بتاخدوه كل شهر، كل أسبوع، ولا على قد الشغل اللي اتعمل يومياً؟
3251	يعني التعويض بيتحسب على أساس كام سنة خدمة بالظبط؟ وايه الحكمة إن القانون ساب الموضوع عايم كده ومحددش عدد السنين؟ (تركز على الحكمة من عدم التحديد)
4594	ممكن أعرف لو العامل شايف إن الشركة خطر على صحته أو حياته عشان مش متوفر له الحماية اللازمة، هل ده يعتبر سبب مشروع لرفضه الشغل؟
2254	ممكن أعرف لو الشركة عملتلي كورسات ودفعتلي فلوسها، وفي العقد مكتوب إني لو سبتهم قبل مدة محددة هرجع الفلوس دي، التشريع بيسمح بكده ولا لأ؟ (يركز على أن الشركة هي التي دفعت تكاليف الكورسات).؟
3680	بصراحة، إيه واجبات صاحب الوظيفة ناحية تأمين العمال في الوظيفة؟ الشرع بينص على إيه في الموضوع ده؟
3045	لو سمحت، يعني بالبلدي كده، مينفعش صاحب العمل يمشي حد من غير ذنب؟ النظام بيسمح بحاجة زي دي ولا بيحمي العامل من الظلم ده؟
4504	ممكن أعرف ضروري يبقى فيه دكتور شغل أو حد بتاع إسعافات أولية موجود جوه المكان؟
4807	طيب، فيه فريق طبي تابع لجهة حكومية بيفتش على المستشفى عشان يطمنوا على صحة المكان؟ (يضيف تفصيلاً عن الفريق الطبي وجهة التفتيش)؟
5124	يعني الـ 3% زيادة اللي بتيجي كل عمرة، دي بتضاف على قيمة المرتب الأصلي اللي بآخده في إيدي، ولا قيمة المرتب اللي بتدخل في حسابات التأمينات؟
4880	بصراحة، لو طفل عنده 14 سنهة، ممكن نعتبره مؤهل للشغل؟ ولا لسه صغير على إنه يشتغل ويأخذ مرتب؟ يا ترى فيه قوانين خاصة بالسن ده؟
454	ممكن أعرف بصفسحة كدة، لما بناخد إجازة معتمدة من الدولة، زي يوم الجمعة، اليوم ده بيتُحسب علينا كأنه يوم اشتغلناه من ضمن الأسبوع ولاّ بيروح كدة من غير حساب؟ (تركيز على المصداقية والسؤال المباشر)؟
3529	طيب، ينفع قانونًا الشركة تميّز الحامل بالإيجاب وهي في إجازة ولادة أو بعد ما تخلص إجازتها علطول؟ (هذه الصيغة تركز على الجانب القانوني)؟
632	بصراحة، لو واحد عنده إعاقة شغال في شركة، كام يوم إجازة المفروض يأخذهم في السنة حسب القانون؟
2360	بصراحة، لو اكتشفت إن فيه فرق في المرتب بسبب غلطة من الشركة، ممكن أطالب بتعديله بعد ما استلمته؟ والقانون بيحمي حقوقي ازاي في وضع زي ده؟
3392	بصراحة، شغل الست الحامل بعد مواعيد الوظيفة الرسمية أو بأجر إضافي، مسموح بيه ولا مخالف للقانون؟ (تغيير في التركيز على نوع العمل)؟
2015	ينفع يتشال أكتر من 25% من الراتب؟
1612	ممكن أعرف يعني لما بنيجي نعمل عقد شغل، مفروض ناخد بالنا من حاجات أساسية زي المرتب وكل التفاصيل المهمة دي، ولا يمكن نتغاضى عن حاجة؟ (تركيز على عقد الشغل تحديدًا وإمكانية التغاضي عن بعض التفاصيل)؟
4457	صاحب العمل عليه يوفر وسائل حماية وقاية للعاملين؟ القانون قال إيه؟
4479	لو سمحت، هو صاحب المؤسسة ملزم بتوفير إجراءات وقاية للعاملين اللي عنده ولا لأ؟ ولو ملزم، القانون بينص على ماذا بالظبط؟
1579	طيب، العقد بيكون فيه عناصر قانونية معينة؟ مثل ذكر الراتب وكل التفاصيل الأساسية؟
208	ممكن أعرف لو واحد شغال باليومية، كام ساعة عمل في الأسبوع تعتبر قانونية؟
4084	"ممكن أعرف يعني لو الراجل كان شغال ومات، الورثة بتوعه ليهم معاش أو مستحقات معينة ولا خلاص كده؟ (استخدمنا مصطلح ""الورثة"" و""معاش"" لجعله أكثر تحديدًا).؟"
4668	يعني هل فيه مسؤولية قانونية على صاحب الشغل إنه يجزء من بيئة عمل آمنة وخالية من التحرش لكل العاملين عنده؟ (هذا السؤال يركز على المسؤولية التشريعية لصاحب الوظيفة وتوفير بيئة عمل آمنة)؟
1070	بصراحة، لو تعبت ومقدرتش أروح الوظيفة، هاخد قد أي يوم إجازة مرضي بفلوس؟ (تركيز على السيناريو المحتمل)؟
4012	ممكن أعرف ممكن تشرح لي آلية حساب تعويض نهاية الخدمة؟ بالذات الجزء بتاع نص المرتب عن كل عمرة في الأول وشهر المرتب بعد مرورين.؟
3345	لو سمحت، الست الحامل ساعات عملها اليومية بتقل ابتداءً من أي شهر في الحمل؟
5513	في حالة حقوقك مضاعت في الشغل، إيه الجهة اللي ممكن الواحد يلجأ ليها؟ وزارة العمل ولا القضاء؟
598	ممكن أعرف لو الموظف سنه علاوة على الـ50، القانون بيقول ياخد أد إيه يوم إجازة في السنة؟ (تركز على الجانب القانوني للإجازة).؟
1019	طيب، الست اللي لسه والدة وبترضع البيبي، ليها كام ساعة زيادة في اليوم تاخدها عشان ترضع؟
2184	"يعني إيه هو المعدل اللي بيضربوا فيه الأجر بتاعي لما اشتغل ساعة زيادة، وهل المعدل ده ثابت بالنهار والليل ولا بيختلف؟ (تركيز على مفهوم ""المعدل"" المستخدم في الحساب)؟"
1581	لو سمحت، العقد بيكون فيه عناصر قانونية معينة؟ مثل ذكر الراتب وكل التفاصيل الأساسية؟
3351	لو سمحت، الحامل تبدأ تخفف شغلها اليومي من أول شهر أد ماذا في الحمل؟
814	"ممكن أعرف بالظبط كده: لو الواحد واخد إجازة للمذاكرة في فترة الامتحانات، بيتُحسب عليه من إجازته العادية ولا بتكون إجازة خاصة مش بتأثر على الرصيد؟ (تقديم توضيح إضافي: ""فترة الامتحانات"" بدل ""أيام الامتحانات"",  ""إجازته العادية"" بدل ""الإجازة السنوية"" واستخدام ""إجازة خاصة مش بتأثر على الرصيد"")؟"
2713	طيب، عايز أعرف بالتفصيل إزاي بيحسبوا مكافأة نهاية الخدمة؟ سمعت إن فيه نظام معين، نص شهر للسنة الأولى وشهرين للسنتين اللي بعديها، ممكن توضح لي؟
4254	يعني كنت فاكر إني لازم أستنى عشرة أيام عشان أقدر أتراجع عن الاستنصة. بس القانون بيقول إيه بالظبط؟ مدة التفكير قبل ما الاستقالة تبقى نهائية قد إيه؟ (هذه الصيغة تركز على الاعتقاد الخاطئ و تسأل عن المدة النهائية للاستقالة)؟
3511	طيب، لو ست اشتغلت بعد الولادة على طول، يا ترى النظام بيحمي حقوقها في الشركة، ولا الواقع حاجة تانية؟
3016	ممكن أعرف امتى بالظبط يقدر صاحب الشغل يستغنى عن خدمات العامل؟ وهل القانون بيفرض وجود قرار من المحكمة علشان الفصل ده يكون سليم؟
5359	طيب، قانون الشغل بيجبر الشركات على الالتزام ببيئة عمل نظيفة وآمنة؟ مثلاً إضاءة وتهوية؟
1329	لو سمحت، هل ليا يوم بديل ولا أجر مضاعف؟ لو اشتغلت يوم عطلة رسمية، ليَّ؟
1290	يعني لو اشتغلت يوم أجازة رسمية (عيد أو شم النسيم)، هاخد تعويض كام؟
2321	"هل فيه إمكانية نوصل لتخفيضات أكبر من 25% في الضرايب والتأمين، ولا دي أقصى حاجة ممكنة؟ (يستخدم كلمة ""إمكانية"" للتأكيد على البحث عن فرص)"
4327	"طيب، دلوقتي أنا لو اترفت من العمل بدون وجه حق، التعويض بيتُعتبر ازاي؟ وهل القانون حاطط ليميت للتعويض اللي يمكن اخده؟ (استخدام كلمات بديلة مثل ""اترفت"" و ""وجه حق"" و ""ليمت"")؟"
366	يعني ينفع أطلب إجازة يوم في في الأسبوع الواحد الواحد بفلوسها؟
4154	بصراحة، في حالة إن حد اتعور عورة كبيرة في الشغل، مين المفروض يدفع له قيمة العلاج والتعويض؟
4704	يعني القانون بيوضح ما هو بالظبط عن تأمين الناس في المؤسسة، وهل لازم نعملهم فحص طبي كل وقت ولا دي حاجة اختيارية؟
2836	ممكن أعرف بصراحة، هل فيه أي طريقة تخلي الواحد هو اللي يحدد ميعاد خروجه من العمل للمعاش بإرادته؟ ويا ترى الطريقة دي عبارة عن إيه؟
1410	يعني إيه الفرق الجوهري بين عقد الشغل اللي فيه تاريخ نهاية وعقد العمل المفتوح اللي ملوش تاريخ نهاية؟
2894	بصراحة، عاوز أعرف، إيه اللي بيميز المكافأة عن التعويض لما نيجي نصرفهم؟ يعني إيه اللي بيخلي ده مكافأة وده تعويض؟
3420	يعني إيه حقوق الأم العاملة اللي بترضع طفلها في قانون الوظيفة من ناحية عدد ساعات الشغل أو وقت الرضاعة المخصص ليها في اليوم؟
460	ممكن أعرف فيه أيام الدولة بتديها لينا إجازة، زي يوم الجمعة. يا ترى، الإجازات دي بتعتبر جزء من أيام الشغل كل أسبوعية ولاّ لا تدخل في حساب الأسبوع أصلاً؟ (تركيز على البساطة والوضوح)؟
1924	ممكن أعرف لو سمحت، عايزين نفهم، الزيادة السنوية اللي هي 3% دي، بتتضاف على الراتب اللي بنقبضه كل شهر، ولا على الراتب اللي التأمينات بتتعامل بيه؟ (تركيز على شرح عملية الإضافة وأطراف التعامل)؟
3022	ممكن أعرف يعني مينفعش يفصله كده من غير سبب؟ التشريع حظر الفصل التعسفي؟
808	"ممكن أعرف لما الواحد يستحق إجازة عشان الدراسة وقت الامتحانات، الرصيد بتاعه بيقل ولا بياخدها من غير خصم؟ (تغيير في الأسلوب: استخدام ""الواحد ياخد إجازة""، ""الرصيد بتاعه بيقل"" بدلاً من ""تُخصم من رصيد الإجازات""، ""من غير خصم"" بدلاً من ""مجاني"").؟"
4050	يعني بالنسبة للمبالغ دي، هل ليها شروط متعلقة بسبب ترك المؤسسة؟ يعني لو الموظف استقال عقب عمر معين، هل يستحقها زي اللي اترفد؟
4586	بصراحة، هل العامل من حقه يقول لأ للشغلانة لو كانت هتعرضه للخطر عشان مفيش إجراءات وقاية أو أدوات سلامة؟
656	"بصراحة، أصحاب المهن اللي فيها خطورة عالية، زي شغل المنجم أو الكيماويات، ليهم كام يوم بريك زيادة عن غيرهم؟ (استخدام ""أصحاب المهن"" و ""راحة"" بدلاً من ""عمال"" و ""أجازة"")؟"
603	لو سمحت، يا ترى، الموظف اللي عنده 50 سنة أو أكتر، بياخد كام يوم إجازة مدفوعة الأجر في السنة؟ (تضيف تفصيلاً بأن الإجازة مدفوعة الأجر).؟
5199	"لو سمحت، ""هل فيه مادة في القانون أو نص قانوني بيأكد حق الموظفين في زيادة سنوية للمرتبات، زي ما حصل في الحكم بتاع الـ 3%؟"" (هذا السؤال يبحث تحديدًا عن مادة أو نص قانوني).؟"
4829	"القانون المصري بيسمح للعيال تشتغل من سن كام بالظبط؟ (تستخدم كلمة ""العيال"" و ""بالظبط"" للتعبير عن الاستفسار بطريقة عامية وأكثر مباشرة)"
2943	لو سمحت، لو عامل طلع معاش، مسموح يرجع يشتغل تاني عادي؟ ولا فيه حاجة بتمنعه أو بتصعب الموضوع عليه؟ (تركيز على إمكانية العودة للعمل والعقبات المحتملة)؟
1270	ممكن أعرف قوللي، في السنة كلها، كام يوم إجازة الحكومة بتدفع تمنهم؟
2607	لو سمحت، يا ترى سن الخروج على المعاش في الشركات الخاصة بقى كام سنة في القانون اللي لسه طالع؟
979	طيب، من أنهي مرحلة في الحمل، التشريع بيسمح للمرأة العاملة بإنها تشتغل كم وقت أقل في اليوم؟
1928	بصراحة، سؤالي بخصوص الزيادة الـ 3% العمروية: هل الزيادة دي بتدخل في حساب الراتب اللي بيتحط في التأمينات الاجتماعية، ولا ليها حسبة تانية بعيد عن التأمين؟ (تركيز على استقلالية الحساب أو ارتباطه بالتأمين)؟
2984	بصراحة، صاحب العمل يقدر يفصل العامل أمتى؟ التشريع نص الفصل واجب يكون بقرار من المحكمة؟
1167	لو سمحت، بالذمة، لو فيه صنايعي بتاع خلطة عيان بمرض ممكن يتنقل للناس، يبقى إجازة العزل بتاعته تبقى قد أي بالظبط؟ كام شهر يعني؟
3275	بالبلدي كده، لما واحد يستقيل، محكمة القضاء الإداري بتطبق قانون إيه بالظبط؟ إيه القانون اللي بيحكم الاستقالة دي؟ (تعبير بسيط ومباشر)
5208	"يعني ""يعني، هل فيه حاجة في القانون تدينا الحق في زيادة المرتب بشكل دوري، وتقريبا تكون بنفس قيمة الـ 3% اللي اتقررت قبل كده؟"" (هذا السؤال يسأل عن الحق القانوني في الزيادة الدورية وبقيمة مماثلة).؟"
5322	يعني لو في خلاف وظيفي أو تأخر مرتب، يمكن نشتغل إضراب؟ القانون ذكر ما هو عن الإضراب؟
2401	طيب، ماذا هو الحد المسموح به قانونًا لو الشركة خصمت من مرتبي مقابل الأدوات أو الملابس اللي بستعملها في المؤسسة؟ (تركيز على الحد الشرعي واستخدام المعدات في الشغل)؟
1686	يعني لو العامل ماقدرش يشتغل بنظام التغيرات اللي اتعملت في العقد، له الحق يعتصم؟
2221	طيب، يعني أخر الخصومات اللي يجوز تتخصم من الراتب كام بالظبط؟ إيه الحد الأقصى؟
5129	بالنسبة للزيادة السنوية اللي هي 3%، دي بتتحط على المرتب الأساسي بتاعي اللي مكتوب في العقد، ولا على المرتب اللي بيحسبوا عليه اشتراكات التأمين؟
4795	"طيب، حد من الصحة بييجي يتأكد من سلامة المستشفى اللي بنشتغل فيها؟ (يستخدم كلمة ""سلامة"" للتعبير عن الجودة)؟"
3114	"يعني ليه لما حد بيسيب شغل بنسمع عن ""استقالة"" و ""إنهاء خدمة""؟ وإيه المعنى القانوني لكل واحدة فيهم، وإمتى الواحد يقدر يختار الطريقة اللي يمشي بيها؟ (هذا السؤال يركز على سبب استخدام المصطلحين في حالة ترك الدوام، والمعنى القانوني لكل مصطلح، وحرية اختيار الموظف.)؟"
207	لو سمحت، لو واحد شغال باليومية، كام ساعة عمل في الأسبوع تعتبر قانونية؟
565	طيب، ما هو الفترة الزمنية اللي لازم الواحد يشتغلها في الشركة عشان يقدر يأخذ إجازة سنوية مدتها 30 يوم؟
5488	"ممكن أعرف هو القانون الجديد بيضمن إن الست تاخد زي الراجل بالملي لو بيشتغلوا نفس الشغل؟ ولا فيه لسه لعب؟ (إضافة عنصر الشك والتحقق وكلمة ""بالملي"" للتأكيد)؟"
1242	"يعني ""إيه المعايير اللي بناءً عليها بتتمنح إجازة الحج؟ هل فيه عوامل زي السنه أو مقدار سنوات الخبرة بتلعب دور في الموافقة عليها؟""؟"
2761	طيب، أنا عندي واحد شغال في شركة خاصة، وقرب على سنه الستين. عاوز أعرف، بعد كده هيقبض إيه؟ هل فيه معاش من الشركة نفسها، ولا كل حاجة بتروح للتأمين؟
1388	بصراحة، يا ترى التشريع بيفرق بين كام نوع من عقود الدوام لما تشتغل في القطاع الخاص؟
1731	لو سمحت، في حالة وجود بند فترة تجربة في عقد العمل، ينفع العامل يمشي قبل ما الفترة دي تخلص ولا واجب يكملها؟
5282	بصراحة، طبقا لقانون الوظيفة الجديد، إزاي بيتم مكافحة التمييز والمضايقات في بيئة العمل؟ إيه هي الخطوات اللي اتخذوها؟
2269	"طيب، لو قبضت فلوس زيادة عن حقي أو أخدت سلفة وبعد مرور كده رجعوني لمرتبي القديم، هل يجوز يحطّوا الموضوع ده تحت بند ""ظروف طارئة""؟"
3790	ممكن أعرف هل فيه متطلبات قانونية بتحدد مستوى معين من وسائل الوقاية الشخصية مطلوب تكون متاحة، زي الخوذ أو الملابس الواقية؟
5038	ممكن أعرف هل شهادة دراسية مفروضة قبل سنه 15؟
5266	ممكن أعرف إيه الآليات اللي حطها قانون المؤسسة الجديد عشان يحمي الموظفين من أي تفرقة أو معاملة وحشة في الشغل؟
4903	"طيب، اللي عمرهم أقل من 18 سنة، مسموح يشتغلوا أي عدد ساعة في النهار ولا فيه ضوابط؟ (إضافة خيار ""أي عدد ساعات"" وتغيير في الصياغة)؟"
3602	بصراحة، يا ترى لو الشركة فيها عدد موظفات يتخطى أد ماذا واحدة، بيكون أقصى شغل مسموح بيه للحوامل عندهم؟
1624	ممكن أعرف هو ضروري إن العقد يتختم في مكان زي وزارة القوى العاملة ولا مش شرط؟
1620	يعني هو ضروري إن العقد يتختم في مكان زي وزارة القوى العاملة ولا مش شرط؟
4027	طيب، الفلوس دي بتصرف لو العامل استقال بعد مرور العمر دي ولا بس لو اتفصل؟
2882	بصراحة، يعني إيه الفرق الجوهري بين لما أصرف مكافأة وبين لما أصرف تعويض؟ قصدي، إمتى دي وإمتى دي؟
729	لو سمحت، اللي بناخده إجازة دلوقتي بيتخصم من إجازتنا المعتادة بتاعت كل سنهة ولا بيعتبر إجازة زيادة مش من ضمنها؟
4020	يعني لو سمحت، ممكن تفهمني طريقة حساب مكافأة نهاية الخدمة؟ يعني النص شهر عن السنين اللي قضيتها في الأول والشهر الكامل بعد كده، بيتحسبوا بناءً على إيه؟
233	البريكات اللي بناخدها في الشغل، زي وقت الأكل، بتتضاف على الـ 8 ساعات شغل ولا لأ؟
2424	"يعني سؤال مهم: لو أنا مضيت على عقد فيه نسبة خصم خاصة، هل النسبة دي ليها قوة القانون حتى لو كانت بتخالف الحد الأقصى للخصومات اللي القانون بيسمح بيها؟ (تستخدم ""سؤال مهم"" لتقديم السؤال وتوضح فكرة ""قوة القانون"").؟"
1669	طيب، لو واحد شغال في مكان، وجه صاحب المكان وغير له شروط الشغل المتفق عليها من الأول، هل ده إجراء قانوني سليم؟
1584	يعني عشان العقد يبقى مظبوط وقانوني، لازم يكون فيه بنود أساسية زي المرتب ومواضيع تانية مهمة، صح كده؟ (تركيز على الشرعية والصحة القانونية)؟
1601	لو عايزين نعمل عقد رسمي، لازم نلتزم بحاجات معينة في كتابته، زي تفاصيل المرتب وكل المعلومات المهمة، ولا إيه؟ (تركيز على الرسمية والالتزام بمعايير كتابة العقد)
2743	طيب، لما موظف في شركة خاصة يبلغ الستين سنة، إيه وضعه بالنسبة للمعاش؟ الشركة بتدفع له حاجة ولا كل حاجة بتيجي من التأمينات؟
3289	طيب، في حالة الاستقالة، أي وضع محكمة القضاء الإداري؟ إيه القانون اللي بيحكم الاستقالات دي تبعهم؟ (يسأل عن اختصاص القضاء الإداري والقانون المطبق)؟
1067	لو تعبت ومقدرتش أروح الشغل، هاخد كام يوم إجازة مرضي بفلوس؟ (تركيز على السيناريو المحتمل)
376	ممكن أعرف فيه إمكانية إني أغيب يوم كامل كل أسبوع و المرتب بتاعي مينقصش؟
4405	طيب، أنا استقلت من شغلي بالاتفاق مع الشركة، بس عايز أفهم: هل ليا أي مستحقات قانونية أو مكافأة نهاية خدمة ولا خلاص كده؟ القانون بيحمي حقوقي إزاي في الحالة دي؟ (تعبير عن القلق بشأن الحقوق)؟
243	لو سمحت، لو باخد بريك غدا أو أي فسحة تانية في العمل، ده بيعتبر من ضمن الـ 8 ساعات بتوع الشغل ولاّ بيتحسب وقت إضافي؟
4454	"بصراحة، ماذا اللي بيحصل لما الواحد بيتطرد من شغله في ظل قانون العمل الجديد ومحكمة العمل؟ وهل فيه أي قيود بتمنعني من اللجوء للمحكمة مباشرةً ولا أقدر أروح في أي وقت؟ (تستخدم كلمة ""بيتطرد"" للتعبير عن الفصل و تركز على فكرة القيود التي تمنع اللجوء للمحكمة)؟"
3301	طيب، في موضوع الاستقالة ده، محكمة القضاء الإداري بتتعامل إزاي؟ إيه التشريع اللي بيحكم حالات الاستقالة عندهم؟ (سؤال عام عن كيفية التعامل مع حالات الاستقالة)؟
2878	ممكن أعرف إيه الفرق بين صرف المكافأة والتعويض؟
2589	لو سمحت، سنه التقاعد في القطاع الأهلي كام حسب القانون الجديد؟
3577	طيب، إيه اللي اختلف بالنسبة للستات الحوامل في قانون الوظيفة الجديد؟ إيه الجديد ليهم؟
4987	طيب، أيه هي المتطلبات المشروعة والإجرائية لو طالب في مراحل التعليم المختلفة حب يشتغل شغل بسيط بعد المدرسة؟
228	يعني هل وقت الراحة اللي بناخده في الوظيفة، سواء للغدا أو غيره، بنعتبره من ضمن مدة الشغل اللي هي 8 ساعات؟
756	يعني بالنسبة لموظف مسؤول عن الامتحانات في الجامعة، كام يوم إجازة ممكن له يحصل علىهم علشان يذاكر؟ (تركيز على السماح وعدد الأيام)؟
2883	لو سمحت، يعني إيه الفرق الجوهري بين لما أصرف مكافأة وبين لما أصرف تعويض؟ قصدي، إمتى دي وإمتى دي؟
3172	ممكن أعرف طب لو أنا مشيت وكتبت استقالتي، بس العمل مارضيش ياخد بيها، أعمل إيه؟ (تركيز على الإجراء التالي)؟
3626	بصراحة، يعني لو عدد الموظفات في الشركة زاد عن كام واحدة، بيكون فيه شروط خاصة أو تخفيف في الشغل بالنسبة للستات الحوامل؟
2202	يعني يا ترى، الخصومات متوصلش لفين من المرتب؟ يعني أعلى نسبة خصم كام؟
4909	"طيب، القانون بيقول إيه بالنسبة لعدد ساعة شغل الشباب اللي تحت الـ 18 في النهار؟ فيه تحديد معين؟ (استخدام كلمة ""القانون"" والتأكيد على وجود ""تحديد معين"")؟"
1764	يعني قبض المرتب بيكون شكله إيه؟ كل شهر مرة، ولا كل أسبوع، ولا باليومية؟
2712	يعني عايز أعرف بالتفصيل إزاي بيحسبوا مكافأة نهاية الخدمة؟ سمعت إن فيه نظام معين، نص شهر للسنة الأولى وشهرين للسنتين اللي بعد مروريها، ممكن توضح لي؟
2850	يعني هل قانوناً العامل يقدر يصرف المكافأة بتاعته قبل ما يتقاعد رسمياً، ولا لازم يستنى لحد المعاش؟
408	يعني هل فيه إمكانية إن شغل يوم الأحد يكون بديل للإيجار اللي بيدفعوه كل أسبوع؟ ما هو اللي بيقوله القانون في الموضوع ده بالتحديد؟
335	في حالة الشغل ستة أيام متواصلين، عدد ساعات الراحة الأسبوعية المتاحة بيكون كام؟
3792	يعني هل التشريع بيحدد إيه أقل حاجة لازم صاحب العمل يوفرها من ناحية أدوات الحماية زي الخوذة أو اللبس الواقي؟
4963	طيب، لو طالب في المدرسة عايز يشتغل جزئي، الشروط إيه؟
1225	"طيب، ""ما هو المتطلبات اللي لازم تتحقق علشان الواحد يقدر يطلع ياخد إجازة حج؟ فيه شروط متعلقة بالعمر مثلًا، أو كم سنين الشغل؟""؟"
1882	ممكن أعرف هو المرتبات لازم تزيد كل عمرة غصب عن الشركة ولا لأ؟ ولو الكلام ده صح، نسبة الزيادة اللي القانون بيحددها كام؟ (تركيز على إجبارية الزيادة ونسبة القانون)؟
3736	ممكن أعرف هل فيه أي قوانين بتوجب وجود دكتور مسؤول عن صحة العمال أو دكتور شغل جوة المصانع؟
1545	لو سمحت، لازم العقد يكون مكتوب باللغة العربية بس؟ ولا لو الشركة أجنبية يكتب باللغة التانية؟
3078	"يعني لو الاستقالة طلعت مني وأنا متوتر ومجبور، أقدر أرجع في كلامي وأقول مش عايز استقيل؟ ولا القانون بيقول خلاص كده الاستقالة تمت ومينفعش أغير فيها؟ (تستخدم ""متوتر ومجبور"" لتوضيح الضغط وتشدد على الرغبة في التراجع)؟"
4166	بصراحة، لو واحد بيشتغل واتعرض لإصابة جسيمة، مين اللي بيتحمل مسؤولية علاجه وتعويضه عن اللي حصله؟
1932	يعني معلش، ينفع توضيح بسيط؟ الزيادة العمروية اللي بنسمع عنها، الـ 3% دي، محسوبة على الراتب الأساسي اللي بيطلع بيه الرقم بتاع التأمين، ولا على الراتب التاني اللي بنستلمه في إيدينا؟ (تركيز على التوضيح والتبسيط مع إشارة إلى الاستلام الفعلي)؟
1540	ممكن أعرف هل الدولة بتعترف بالشغل اللي بيتعمل عن طريق الإنترنت والشغل اللي مش بيكون طول اليوم ولا لسه مفيش اعتراف رسمي؟ (هنا تفصيل أكبر لوصف طبيعة الدوام مع التأكيد على الاعتراف الرسمي)؟
1919	لو سمحت، عايزين نفهم، الزيادة السنوية اللي هي 3% دي، بتتضاف على الراتب اللي بنقبضه كل شهر، ولا على الراتب اللي التأمينات بتتعامل بيه؟ (تركيز على شرح عملية الإضافة وأطراف التعامل)
2926	ممكن أعرف طب لو واحد معاشه شغال، ده قانوني؟ وياترى بيواجه صعوبات في الوظيفة ده؟ (تركيز على الجانب النظامي والصعوبات التي تواجهه)؟
783	لو سمحت، فيه نظام معين لإجازات المذاكرة للموظفين اللي بيديروا الامتحانات في الجامعة؟ يعني، أد إيه يوم إجازة يستحقون؟ (تركيز على وجود نظام محدد والسؤال عن عدد الأيام كجزء من النظام)؟
1846	ممكن أعرف آخر قرار بخصوص الحد الأدنى للمرتبات في شغل القطاع الخاص كان أد أي؟
3040	ممكن أعرف أفهم من كده إنه لو واحد اتطرد من الشغل فجأة بدون مبرر، يبقى القانون بيقف جنبه؟ مفيش صاحب شغل يقدر يعمل كده بمزاجه؟
3968	بصراحة، الراجل اللي سنهه أكبر من 60 سنة، القانون بيقول له ماذا لما يتقاعد؟ (بمعنى مكافأة التقاعد)؟
5102	بصراحة، يعني القانون بيوجب على الشركات تزود المرتبات كل سنة بحد أدنى كام؟
1356	"يعني دلوقتي، لو اشتغلت في يوم إجازة رسمي، آخد يوم بريك قصاده ولاّ بيحسبوه بضعف المرتب؟ يعني المفروض أي اللي يحصل؟ (تقديم خيارات ""يوم راحة قصاده"" و""ضعف المرتب"" بشكل مباشر وأكثر وضوحًا)؟"
1311	لو سمحت، لو اضطريت أشتغل في يوم إجازة زي العيد الكبير، الشركة هتعوضني بكام فلوس زيادة على مرتبي؟
2808	يعني هل قانونًا الواحد يقدر يحدد بنفسه ميعاد خروجه على المعاش؟ وإيه هي الطريقة اللي يقدر يعمل بيها كده؟
4188	"يعني بصاستراحة كده، نسبة من مرتبنا بتروح فين بالظبط عشان المعاش؟ و بعد ما الواحد يوصل سن المعاش، مين اللي بيستفيد من الفلوس دي؟ (استخدام ""بصراحة كده"" لإضفاء طابع الجدية، وتركيز على الجهة المستفيدة)؟"
428	بصراحة، في أيام معينة السلطات تمنح فيها راحة (جمعة مثلا)، وقت الراحة دي بتنحسب ضمن أسبوع شغل؟
3833	التفتيشات اللي بتتعمل عشان نتأكد من السلامة، ليها جدول زمني محدد في القانون؟ يعني بيفتشوا كل كام شهر أو سنة؟ (تحديد أكثر للفترة الزمنية المحتملة)
1416	يعني ممكن تشرح لي الفرق بين نوعين عقود الشركة: عقد بمدة خاصة وعقد مفتوح المدة؟
1304	بصراحة، طيب، لو اشتغلت في مناسبة رسمية زي شم النسيم، هيتحسب لي قد إيه زيادة على المرتب الأساسي؟
2335	طيب، لو في خطأ من الشركة في صرف المرتب، ممكن يتعدل بعدين؟ القانون إيه؟
4421	محكمة العمل الجديدة بتشتغل إزاي لو فرضًا اتفصلت؟ ليه حالًا حق أروح المحكمة بدون موافقة الحكومة؟
3469	طيب، بالنسبة للموظفة اللي بترضع، ساعات الرضاعة دي من ضمن ساعات عملها الأساسية ولا لأ؟
4094	"بصراحة، لو شخص كان بيشتغل ومات فجأة، أهله ياخدوا مرتب شهر ولا إيه اللي بيحصل بالضبط في الحالات دي؟ (ركزنا على إمكانية الحصول على ""مرتب شهر"" كمثال، مع استخدام عبارة ""إيه اللي بيحصل بالضبط"").؟"
4591	طيب، لو العامل شايف إن الشغل خطر على صحته أو حياته عشان مش متوفر له الحماية الواجبة، هل ده يعتبر سبب مشروع لرفضه الشغل؟
424	ممكن أعرف هل فيه تصريح أو سماح إنهم يشتغلوا يوم الأحد كنوع من المقاصة لإيجارهم الأسبوعي؟ إيه الوضع النظامي للحكاية دي؟
1839	لو سمحت، يا ترى الحد الأدنى للأجور في الشركات الخاصة اتحدد آخر مرة بكام بالظبط؟
3769	"طيب، مين الطرف اللي هيكون مسؤول عن أي حاجة تحصل لو حد اتخبط أو حصل له ضرر؟ (تستخدم ""الطرف"" بدلا من ""مين""، و""اتخبط"" بدلا من ""حادث""، و""ضرر"" بدلا من ""إصابة"")؟"
439	طيب، لو خدنا يوم إجازة رسمي من الدولة، زي الجمعة، هل اليوم ده بيتحسب من ضمن أيام الوظيفة في الأسبوع الواحدية بتاعتنا ولاّ يعتبر بره الحسبة؟ (تركيز على الرسمية والإيضاح)؟
4537	طيب، مين المسؤول عن تكاليف العلاج والتعويضات لو حصل حادثة شغل أو إصابة أثناء الشغل؟
4990	ممكن أعرف أيه هي المتطلبات الشرعية والإجرائية لو طالب في مراحل التعليم المختلفة حب يشتغل شغل بسيط بعد المدرسة؟
2227	طيب، لو دربتني الشركة وفي عقد اتفقت أرجع فلوس التدريب لو استقلت، القانون بيخليها إيه؟
3366	يعني في شهور الحمل، من أول شهر كم المفروض الست الحامل متشتغلش نفس كمية الساعات اللي كانت بتشتغلها قبل الحمل؟
1605	لو سمحت، لو عايزين نعمل عقد رسمي، لازم نلتزم بحاجات معينة في كتابته، زي تفاصيل المرتب وكل المعلومات المهمة، ولا ماذا؟ (تركيز على الرسمية والالتزام بمعايير كتابة العقد)؟
4185	"لو سمحت، يا ترى، في جزء من مرتبنا بيروح لحساب المعاشات؟ و لو طلعنا على المعاش، الفلوس دي بتروح لمين بالظبط؟ (استخدام ""يا ترى"" لإضفاء طابع الاستفسار، وتركيز على وجهة الأموال)؟"
2935	طيب، ماذا وضع العامل اللي بيجمع بين المعاش والشغل؟ وهل الموضوع ده سهل ولا فيه تعقيدات؟ (تركيز على الوضع القانوني والتعقيدات المحتملة)؟
5115	لو سمحت، الـ 3% الزيادة السنوية دي بتتحسب على المرتب اللي باخده صافي، ولا المرتب اللي بيتسجل في التأمينات؟
5022	يعني ممكن الأطفال اللي داخلين في مرحلة المراهقة، يعني اللي عمرهم من 15 لـ 17، يأخذوا دور في مشاريع تنموية أو يشتغلوا شغل تطوعي يخدم الناس؟ (توضيح للمرحلة العمرية وأنواع المشاركة)؟
1489	"طيب، يعني لو العقد بوقت معين خلص وأنا كملت شغل زي ما أنا، كده العقد بيعتبر عقد مفتوح المدة ولا ليها حسبة تانية؟ (تغيير في بنية السؤال و استخدام كلمة ""حسبة تانية"")؟"
4550	بصراحة، مين الجهة اللي بتتكفل بمصاريف علاج العامل وبتعوضه لو اتعرض لإصابة أو حادثة في الشغل؟
4065	لو سمحت، لو الواحد مات وهو شغال، المستحقين ليه يأخذوا إيه؟
3145	"طيب، لو قررت ألغي الاستقالة اللي قدمتها، لازم أقدم حاجة زي إنذار الأول؟ والسؤال التاني، يمكن أرجع في الاستقالة دي لحد إمتى بالظبط حسب القانون؟ (هذا السؤال يستخدم كلمة ""إنذار"" ويسأل عن الحد الزمني للرجوع في الاستقالة).؟"
1739	بخصوص فترة التجربة اللي بتكون مكتوبة في العقد، هل العامل ليه الحق ينهيها قبل معادها ويمشي ولا ملزم بيها؟
1890	يعني فيه حاجة في التشريع بتلزم الشركات بزيادة المرتبات كل سنة؟ ولو فيه، نسبة الزيادة دي القانون بيقول عليها أي بالظبط؟ (التركيز على إلزام الشركات ونسبة الزيادة المُحددة)؟
1608	يعني لما بنيجي نعمل عقد شغل، مفروض ناخد بالنا من حاجات أساسية زي المرتب وكل التفاصيل المهمة دي، ولا ممكن نتغاضى عن حاجة؟ (تركيز على عقد العمل تحديدًا وإمكانية التغاضي عن بعض التفاصيل)؟
5092	ممكن أعرف القانون بيقول ما هو بخصوص الزيادة السنوية في المرتب؟ نسبة الزيادة كم في المية؟
610	ممكن أعرف الأشخاص ذوي الإعاقة بياخدوا كام يوم إجازة سنوية؟
1220	بصراحة، شرط إيه علشان أقدر أخد إجازة الحج؟ سن معين أو سنوات خدمة؟
4677	لو سمحت، هل النظام ذكر أي ضوابط للسلامة المهنيّة أو الفحص الدوري للصحة للموظفين؟
2786	بصراحة، إيه وضع اللي بيوصل لسن المعاش وياخد معاشه، وبعد كده بيشتغل في حتة ملهاش علاقة بالتأمين؟
3647	"""القانون اللي طالع سنة 2025 عشان يمنع التمييز ضد الحوامل، عايز يحل مشكلة التمييز في أي ناحية من نواحي الحياة؟"""
4566	يعني هل من حق العامل يرفض ينفذ شغل يشكل خطورة عليه؟ مثلاً ملوش أدوات حماية؟
5259	لو سمحت، يعني إيه بالظبط الإجراءات اللي بيفرضها قانون العمل الجديد عشان يمنع العنصرية والتحرش في مكان الشغل؟
4160	بصراحة، مين الجهة اللي بتتكفل بمصاريف علاج وتعويضات العامل لو اتصاب إصابة بالغة أثناء شغله؟
4540	ممكن أعرف مين المسؤول عن تكاليف العلاج والتعويضات لو حصل حادثة شغل أو إصابة أثناء الوظيفة؟
1272	يعني طيب، المفروض الواحد ياخد كام يوم إجازة رسمية في السنة وياخد فلوسه كاملة؟
883	طيب، الواحدة اللي بتشتغل بعد ما تولد، ممكن ليها تغيب كم شهر عن الشغل؟
2750	بصراحة، طيب، اللي بيشتغل في شركة خاصة، لما يعدي الستين، بيستحق معاش منين؟ هل الشركة بتصرف له معاش خاص، ولا التأمين هو اللي بيتولى الموضوع ده؟
3186	يعني فرضًا أنا سيبت الشغل وقدمت استحددتي، بس الإدارة رفضت تمشيها، كده يعتبروني لسه شغال ولا إيه بالظبط؟ (تركيز على الحالة الوظيفية)؟
250	ممكن أعرف القانون بيقول ناخد فترة استراحة (غداء) قد إيه ساعة في اليوم الواحد؟
1138	ممكن أعرف هل قانونًا مباح إني أبَدِّل الإجازة بتاعت العيا اللي خدتها بإجازة من حقي العمروية؟
5123	الـ 3% زيادة اللي بتيجي كل سنة، دي بتضاف على قيمة المرتب الأصلي اللي بآخده في إيدي، ولا قيمة المرتب اللي بتدخل في حسابات التأمينات؟
2325	"لو سمحت، هل فيه إمكانية نوصل لتخفيضات أكبر من 25% في الضرايب والتأمين، ولا دي أقصى حاجة ممكنة؟ (يستخدم كلمة ""إمكانية"" للتأكيد على البحث عن فرص)؟"
4952	بصراحة، القانون بيوضح إيه بخصوص منع الأطفال من الشغل بالليل أو في أعمال فيها خطورة عليهم؟ عايزين نعرف التفاصيل.؟
4962	يعني لو طالب في المدرسة عايز يشتغل جزئي، الشروط ماذا؟
2212	ممكن أعرف ينفع أعرف أقصى قيمة للخصومات اللي ممكن تتسحب من مرتبي؟
3958	ممكن أعرف عامل فوق 60 عمرة بيأخذ إيه بدل مكان الشغل؟ (مكافأة نهاية الخدمة)؟
5187	"لو سمحت، ""هل فيه أساس قانوني يلزم بزيادات المرتبات كل عمرة، زي النسبة اللي اتحددت في الحكم بتاع الـ 3% ده؟"" (هذا السؤال يركز على الإلزام القانوني وعلى أساس تحديد النسبة).؟"
272	بصراحة، أي المدة القانونية اللي المفروض ناخدها كاستراحة غداء في اليوم الواحد؟
3845	القانون بيتكلم عن التحرش الجنسي في الشغل؟
3341	الست الحامل ساعات عملها اليومية بتقل ابتداءً من أي شهر في الحمل؟
4463	إيه واجبات صاحب الشغل من ناحية توفير وسائل الأمان والحماية للعاملين؟ القانون بيحدد إيه بالظبط في الموضوع ده؟
926	"بصراحة، في شغله، الراجل ليه الحق في كام إجازة ولادة؟ يعني يقدر يحصل علىها كام مرة في حياته الوظيفية؟ (تقسيم السؤال إلى جزأين لتوضيح المعنى، واستخدام ""حياته الوظيفية"" كمرادف لـ ""حياته المهنية"")؟"
1302	يعني طيب، لو اشتغلت في مناسبة رسمية زي شم النسيم، هيتُعتبر لي أي كم زيادة على المرتب الأساسي؟
252	يعني بصراحة، حسب القانون، وقت الراحة (الغداء) المفروض يكون قد إيه في اليوم الواحد؟
1975	طيب، الخصومات (زي سلفة أو مدفوعات) ما ينفع تأخذ من المرتب أد إيه؟
3764	"بصراحة، لما تحصل مصيبة أو حد يتصاب، مين اللي هيتحط عليه الحق؟ (تستخدم ""مصيبة"" بدل ""حادث""، و""يتصاب"" بدل ""إصابة""، و""يتحط عليه الحق"" كتعبير عن تحمل المسؤولية)؟"
3033	لو سمحت، طب هو لو اترفد فجأة بدون ما يكون عمل حاجة غلط، يبقى كده الشركة خالفت القانون ولا إيه؟ الفصل ده يبقى تعسفي؟
359	هو أنا من حقي آخد يوم إجازة مدفوعة الأجر كل أسبوع؟
5320	ممكن أعرف طبقا للقانون، هل العمال يقدروا يعملوا نقابات وينضموا ليها بمزاجهم من غير ما حد يتدخل؟ (تركيز على عدم التدخل والحرية الشخصية)؟
3424	ممكن أعرف إيه حقوق الأم العاملة اللي بترضع طفلها في قانون الوظيفة من ناحية كمية ساعات الوظيفة أو وقت الرضاعة المخصص ليها يومياً؟
847	طيب، لو خلفت، جوزي يقدر ياخد كم يوم بريك من الشغل بمناسبة الوضع؟ (صياغة من وجهة نظر الزوجة، وتسأل عن الراحة من العمل)؟
2688	يعني لو واحد سنه كبير شوية (علاوة على الستين) واشتغل فترة وعقبين مشي، المفروض ياخد مكافأة نهاية خدمة ولا عشان سنه كبير مياخدش؟
4602	يعني التشريع بيجرم التنمر والسلوكيات المسيئة في مكان العمل؟
2949	لو سمحت، ماذا نماذج التقديم المعتمدة في المعاش؟ وهل بيطلع بعد المعاش بمدة؟
2004	يعني إيه أقصى نسبة أو مبلغ ممكن يتخصم من مرتبي الشهري كديون أو سُلف؟ عايز أعرف المباح بيه قانونًا.؟
2905	طيب، ببساطة كدة، المكافأة دي حاجة والتعويض ده حاجة تانية خالص، صح؟ طيب إيه الفرق اللي بينهم علشان أفهم؟
4119	لو سمحت، لو حصلتلي مشكلة صحية بسبب الوظيفة، هل أقدر أعتمد على التأمين الصحي بتاعي في العلاج؟ (تركيز على الاعتماد على التأمين)؟
3502	ممكن أعرف واحدة ولدت ورجعت شغلها في فترة قصيرة، هل ده حقها قانونًا، وهل نظام المؤسسة بيسمح بكده فعلاً؟
818	"بصراحة، سؤال مهم: لما يكون فيه امتحانات وأنا محتاج آخد إجازة عشان أذاكر، هل دي بتعتبر إجازة رسمية بتتخصم من رصيدي السنهوي ولا إيه نظامها بالظبط؟ (تقديم مقدمة ""سؤال مهم""، استخدام ""إجازة رسمية"" بدلاً من ""إجازة دراسية""، ""إيه نظامها بالظبط"" لإضافة توضيح.)؟"
2733	لو سمحت، العامل في شركة خاصة بيتقاضى إيه بعد عمر الستين؟ هل في معاش من الشركة أو من التأمين؟
3433	طيب، في قانون الوظيفة المصري، إيه هي المدة الزمنية اللي المفروض تشتغلها الست اللي بترضع، و كام مرة تقدر تاخد بريك للرضاعة في اليوم؟
1487	"يعني لو العقد بوقت معين خلص وأنا كملت شغل زي ما أنا، كده العقد بيعتبر عقد مفتوح المدة ولا ليها حسبة تانية؟ (تغيير في بنية السؤال و استخدام كلمة ""حسبة تانية"")"
2337	لو سمحت، لو في خطأ من الشركة في صرف المرتب، ينفع يتعدل عقبين؟ القانون إيه؟
1544	بصراحة، ضروري العقد يكون مكتوب باللغة العربية بس؟ ولا لو الشركة أجنبية يكتب باللغة التانية؟
282	يعني مطلوب عقب كام ساعة شغل ناخد استراحة؟
647	يا ترى الناس اللي بتشتغل شغلانات فيها خطر زي المناجم ولا مصانع الكيماويات، بياخدوا أجازة زيادة قد إيه بالظبط؟ (تركيز على مقدار الإجازة الزيادة)
1462	ممكن أعرف في قانون العمل، زمن الاختبار ممكن تمتد لحد قد إيه؟ (بيسأل عن المدة الشرعية لفترة الاختبار)؟
3200	بصراحة، لو حصلت على حكم في قضية تعويض لأنه القانون حددش سقف التعويض؟
4253	كنت فاكر إني لازم أستنى عشرة أيام عشان أقدر أتراجع عن الاستقالة. بس القانون بيقول إيه بالظبط؟ مدة التفكير قبل ما الاستقالة تبقى نهائية قد إيه؟ (هذه الصيغة تركز على الاعتقاد الخاطئ و تسأل عن المدة النهائية للاستقالة)
2484	يعني قانونيًا كده، صاحب الشغل مُلزم يشترك للتأمين على الموظف من أول ما يبتدي شغل معاه؟
3261	لو سمحت، بالبلدي كده، لما الواحد ييجي يحصل على تعويض، بيحسبوا له التعويض ده على كام سنهة اشتغلها؟ وايه اللي خلى القانون ما يحددش المدة دي بشكل واضح؟ (تستخدم كلمات أكثر بساطة وعامية)؟
525	لو سمحت، الموظف الجديد بياخد 15 يوم إجازة في أول سنة. بعد كده، لما يبقى في السنة التانية، عدد أيام الإجازة بيتغير وبيبقى إيه عدد؟
5212	"ممكن أعرف ""يعني، هل فيه حاجة في القانون تدينا الحق في زيادة المرتب بشكل دوري، وتقريبا تكون بنفس قيمة الـ 3% اللي اتقررت قبل كده؟"" (هذا السؤال يسأل عن الحق القانوني في الزيادة الدورية وبقيمة مماثلة).؟"
4353	لو سمحت، التعويض بيتُعد على كم سنين خدمة؟ ولا ما هو الشروط؟
3103	"طيب، ليه بنلاقي مصطلحات زي ""استقالة"" و ""إنهاء خدمة"" موجودة، وماذا اللي بيخلي فيه منهم حاجات ماشية بالنظام وحاجات تانية بتبقى بمزاج الموظف نفسه؟ (هذا السؤال يركز على سبب وجود المصطلحات المختلفة، ويوضح أن بعضها يعتمد على القانون بينما البعض الآخر يعتمد على رغبة الموظف.)؟"
1088	بصراحة، أوكي، أول تلات شهور بناخد المرتب كله في الإجازة المرضية، وبعد مرور كده نظام الأجر بيكون إيه؟
1513	طيب، شغل الأونلاين والوظايف النص نص، الدولة معترفة بيهم ولا لأ؟ (هنا التركيز على اللغة العامية أكثر واستخدام مصطلحات شائعة)؟
377	هل من النظام إني أريح يوم كل أسبوع و اليوم ده يتحسب لي فلوس؟
3330	"يعني المحكمة اللي عاملينها مخصوص لقضايا الشغل دي، إيه نوع المشاكل اللي بتتعامل معاها؟ ولو اترفدت من الشغل، ينفع أروح أقدم شكوى هناك على طول، ولا واجب أستنى موافقة من جهة حكومية؟ (تستخدم كلمة ""أقدم شكوى"" بدلاً من ""أروح المحكمة"" وتؤكد على فكرة ""الجهة الحكومية"")؟"
5086	ممكن أعرف طبقا للقانون، المفروض المرتب بتاعي يزيد كل سنة بمقدار قد إيه؟
4460	بصراحة، صاحب العمل عليه يوفر وسائل حماية وقاية للعاملين؟ القانون ذكر إيه؟
3162	يعني لو قدمت استذكرتي بس بعد مرور كده الوظيفة أو الجهة الإدارية رفضوا يعتمدوا عليها؟
4334	بصراحة، بفرض إني مشيت من الشركة بطريقة غير قانونية، ماذا هي الإجراءات اللي أعملها عشان أخد حقي كتعويض؟ وهل فيه سقف معين للتعويضات دي في مصر؟ (تغيير كبير في الصياغة مع التركيز على الإجراءات)؟
1630	ممكن أعرف يا ترى لازم نروح مكتب حكومي عشان نمضي العقد ولا ممكن نمضيه في أي مكان؟
1685	لو العامل ماقدرش يشتغل بنظام التغيرات اللي اتعملت في العقد، له الحق يعتصم؟
2704	ممكن أعرف إزاي طريقة حساب مكافأة نهاية الخدمة؟ يعني لو واحد اشتغل سنة يستحق نص شهر، وبعدها سنتين ياخد شهرين، الحسبة بتمشي إزاي بالظبط؟
3882	يعني صاحب الدوام مينفعش يعمل إجراء ضد الضحية لو اشتكت؟ القانون بيحمي الضحايا؟
2026	ممكن أعرف هل قانوني إن يتخصموا زيادة عن رُبع القبض؟
3678	يعني إيه واجبات صاحب العمل ناحية تأمين العمال في الشغل؟ النظام بينص على إيه في الموضوع ده؟
1700	"بصراحة، بص، لو الشغلانة بقت صعبة على العامل بسبب تغييرات العقد، يقدر يعمل وقفة احتجاجية؟ (هذه الصيغة تستخدم كلمات أكثر عامية، وتستبدل ""الاعتصام"" بـ ""وقفة احتجاجية"".)؟"
4808	بصراحة، فيه فريق طبي تابع لجهة حكومية بيفتش على المستشفى عشان يطمنوا على صحة المكان؟ (يضيف تفصيلاً عن الفريق الطبي وجهة التفتيش)؟
2370	يعني خصم قيمة الأدوات أو زي الدوام من المرتب جائز تاخد كام؟
4876	ممكن أعرف واحد عنده أربعتاشر سنة، ممكن يلاقي شغل؟ ولا السن ده صغير قوي؟ سمعت إن فيه حاجة اسمها تدريب بيبدأ من السن ده، بس مش عارف التفاصيل.؟
3322	"ممكن أعرف يعني لما يقولوا محكمة عمل، معناها بتنظر في قضايا ما هو بالظبط؟ ولو حصل معايا مشكلة في شغلي واترفدت، أقدر أشتكي هناك على طول ولا لازم واسطة من الحكومة الأول؟ (تستخدم كلمة ""تشتكي"" بدلاً من ""أروح المحكمة"" وتضيف فكرة ""الواسطة"")؟"
4054	ممكن أعرف بالنسبة للمبالغ دي، هل ليها شروط متعلقة بسبب ترك الشغل؟ يعني لو الموظف استقال بعد مرور عمر معين، هل يستحقها زي اللي اترفد؟
2329	"طيب، الـ 25% اللي بيتخصموا من الضرايب والتأمين دول، مسموح يبقوا أكتر من كده؟ ولا خلاص، دي النهاية؟ (يسأل بأسلوب مباشر وبسيط، مع التركيز على كلمة ""النهاية"" للتأكيد على الحد الأقصى)؟"
2255	أنا دخلت تدريب تبع الشركة، بس خايف أمشي بعد كده عشان العقد بيقول إني هرجع تمن التدريب لو استقلت. إيه اللي القانون بيقول عليه في حالة زي دي؟ (يعبر عن القلق بشأن الاستقالة المحتملة).
378	يعني هل من النظام إني أريح يوم كل أسبوع و اليوم ده يتُحسب لي فلوس؟
4849	"طيب، مينفعش تشتغل قبل سنه كام في مصر؟ ده قانون ولا ايه؟ (تستخدم عبارة ""مينفعش"" للتعبير عن المنع و ""ده قانون ولا ايه؟"" للتأكد من أن الأمر يتعلق بقانون)؟"
2245	"طيب، فيه تدريب خدته من الشركة بتاعتي، والعقد فيه شرط جزائي إني لو استقيلت قبل ما أخلص مدة معينة أدفع فلوس التدريب. إيه وضع الشرط ده من ناحية النظام؟ (يستخدم مصطلح ""شرط جزائي"" لإضافة دقة قانونية أكثر).؟"
451	طيب، بصراحة كدة، لما بناخد إجازة معتمدة من الدولة، زي يوم الجمعة، اليوم ده بيتُعتبر علينا كأنه يوم اشتغلناه ضمن الأسبوع ولاّ بيروح كدة من غير حساب؟ (تركيز على المصداقية والسؤال المباشر)؟
2838	يعني هل العامل من حقه يلزم صرف المكافأة قبل التقاعد؟
5117	لما بيقولوا فيه زيادة 3% في السنة، الزيادة دي بتكون محسوبة على أساس الراتب الفعلي اللي بقبضه، ولا الراتب اللي بيتعمل عليه التأمين؟
5522	بصراحة، لو صاحب الشغل داس على حقوقك، فين المكان الصح اللي تقدم فيه تظلمك؟ القوى العاملة ولا المحكمة؟
1807	طيب، يعني مفيش أمل آخد المرتب بتاعي كله كاش؟ ضروري جزء منه ينزل في حساب بنكي؟
2438	"بصراحة، من الآخر كده، لو أنا وقعت على عقد والخصم اللي فيه مختلف عن اللي القانون قايله، يبقى العقد ده وضعه إيه قانونًا؟ معتبر ولا ممكن يبقى فيه مشكلة؟ (تستخدم ""من الآخر كده"" لتقديم السؤال بشكل مباشر ومختصر، وتضيف تساؤلًا حول صلاحية العقد).؟"
1086	يعني أوكي، أول تلات شهور بناخد المرتب كله في الإجازة المرضية، وبعد مرور كده نظام الأجر بيكون إيه؟
1546	ممكن أعرف مطلوب العقد يكون مكتوب باللغة العربية بس؟ ولا لو الشركة أجنبية يكتب باللغة التانية؟
2619	لو سمحت، عقب التعديلات الجديدة في القانون، سن المعاش بقى كم للناس اللي شغالة في شركات خاصة؟
107	الشغلانة المفروض الواحد يشتغلها في اليوم بتاخد كام ساعة حسب القانون؟
4157	مين الجهة اللي بتتكفل بمصاريف علاج وتعويضات العامل لو اتصاب إصابة بالغة أثناء شغله؟
1294	ممكن أعرف لو اشتغلت يوم أجازة رسمية (عيد أو شم النسيم)، هاخد تعويض كام؟
689	قانون الشغل بيدي كام يوم إجازة عارضة في السنة الواحدة، يعني لو حصل ظرف طارئ؟
3044	بصراحة، يعني بالبلدي كده، مينفعش صاحب العمل يمشي حد من غير ذنب؟ القانون بيسمح بحاجة زي دي ولا بيحمي العامل من الظلم ده؟
1091	تمام، احنا عارفين إن أول تلات شهور في الإجازة المرضية بناخد قبضنا كامل، طب بالنسبة لباقي المدة، المرتب بيتقسم ولا بيتحسب ازاي؟
2456	"بصراحة، التأمينات بتُخصم من الراتب الشهري اللي بقبضه، ولا دي حاجة تانية خالص؟ (تستخدم كلمة ""بقبضه"" لزيادة اللهجة العامية، وتتساءل عما إذا كان الخصم جزءًا من الراتب أم لا)؟"
2211	لو سمحت، ممكن أعرف أقصى قيمة للخصومات اللي ممكن تتسحب من مرتبي؟
2689	طيب، يعني لو واحد سنهه كبير شوية (إضافة إلى الستين) واشتغل زمن وبعد مرورين مشي، المفروض ياخد مكافأة نهاية خدمة ولا عشان سنه كبير مياخدش؟
168	يعني فيه احتمال إني أشتغل ورديات أطول من 8 ساعة في اليوم الواحد في الوظيفة ده؟ (تركيز على الوردية و طولها)؟
2296	"ممكن أعرف لو صرفت فلوس زيادة عن مرتبي الأساسي سواء كانت مستحقات أو قرض، وبعد مرورها رجعوا المرتب زي زمان، هل يقدروا يزقوا الموضوع ده تحت مسمى ""إجراء لازم""؟"
5381	"هو القانون بيأمر الشركات بتوفير بيئة عمل كويسة للعاملين، فيها إضاءة كافية وتهوية سليمة، ولا الموضوع ده مش إجباري في القانون؟ (تبسيط اللغة والتركيز على ""إجباري"" أو ""غير إجباري"")"
2148	يعني الجزء اللي اتبقى لي من مرتبي اللي ما صرفتوش، بيروح كده على الشركة ولا هيرجع لي في مرتب السنة الجديدة؟
3528	يعني ينفع قانونًا الشركة تميّز الحامل بالإيجاب وهي في إجازة ولادة أو بعد ما تخلص إجازتها علطول؟ (هذه الصيغة تركز على الجانب النظامي)؟
555	لو سمحت، بعد مرور خدمة كام سنة في المؤسسة، الواحد بيوصل لمرحلة إن إجازته السنوية تبقى 30 يوم؟
5319	لو سمحت، طبقا للقانون، هل العمال يقدروا يعملوا نقابات وينضموا ليها بمزاجهم من غير ما حد يتدخل؟ (تركيز على عدم التدخل والحرية الشخصية)؟
1973	الخصومات (زي سلفة أو مدفوعات) ما ينفع تأخذ من المرتب كام؟
2652	يعني هل فيه تماثل بين العمر اللي بيحقلي أخد فيه معاش وبين العمر اللي يمكن صاحب العمل يقولي مع السلامة؟
3352	ممكن أعرف الحامل تبدأ تخفف شغلها اليومي من أول شهر كام في الحمل؟
2718	يعني بفهم منين طريقة حساب مكافأة نهاية الخدمة؟ فيه كلام عن نص شهر للسنة الأولى وشهرين للسنتين اللي عقب كده، بس مش عارف الحسبة دي بتتعمل إزاي.؟
1820	بصراحة، مفيش طريقة أقبض مرتبي بالكامل يدوي؟ ولا لازم الشركة تحوله على حساب بنكي ليا؟
1077	لو سمحت، بعد أول 3 شهور بأجر كامل، بقية الإجازة المرضية بتتوزع إزاي؟
296	بصراحة، بعد مرور شغل مدته قد إيه واجب نفصل ونريح أعصابنا؟
5245	طيب، لو الإدارة فضلت على المرتب القديم ومغيرتش، يبقى كده عملوا حاجة غلط قانونًا ولا هما أحرار في قراراتهم دي؟
1334	بصراحة، لو نزلت شغل في إجازة رسمية، المفروض آخد يوم تاني أجازة بداله ولاّ فلوس زيادة على مرتبي؟ إيه حقي بالظبط؟ (تغيير كبير في التركيب وتقديم خيارات بديلة بشكل أوضح)؟
1074	يعني عقب أول 3 شهور بأجر كامل، بقية الإجازة المرضية بتتوزع إزاي؟
4535	مين المسؤول عن تكاليف العلاج والتعويضات لو حصل حادثة شغل أو إصابة أثناء الشغل؟
4384	ممكن أعرف مسموح تفهموني، التعويض ده بيعتمد على كم سنهة الواحد قضاها في شغله؟ وما هو هي الشروط اللي بيحطوها عشان الواحد يستفيد بيه؟
556	ممكن أعرف عقب خدمة كام سنة في المؤسسة، الواحد بيوصل لمرحلة إن إجازته السنوية تبقى 30 يوم؟
4904	"بصراحة، اللي عمرهم أقل من 18 عمرة، مسموح يشتغلوا أي عدد وقت في النهار ولا فيه ضوابط؟ (إضافة خيار ""أي عدد ساعات"" وتغيير في الصياغة)؟"
2262	يعني لو أخدت مستحقات زيادة أو قرض وعقبين رجعوني للوراء، يمكتبوها ضرورة؟
4397	لو الشركة وافقت على استقالتي، يعني كله تمام بالتراضي، هل ده يغير حاجة في موضوع مكافأة نهاية الخدمة؟ القانون بيقول إيه في حالة زي دي؟ (تركز على تأثير الموافقة على الاستقالة)
3079	"طيب، لو الاستذكرة طلعت مني وأنا متوتر ومجبور، أقدر أرجع في كلامي وأقول مش عايز استقيل؟ ولا التشريع بيقول خلاص كده الاستقالة تمت ومينفعش أغير فيها؟ (تستخدم ""متوتر ومجبور"" لتوضيح الضغط وتشدد على الرغبة في التراجع)؟"
4753	طيب، يا ترى كل منشأة كبيرة لازم يكون فيها لجنة مختصة بالسلامة؟ هو فيه قانون بيلزم بكده ولا ما هو؟
4532	بصراحة، في حالة حادث أو إصابة عمل، مين بيتحمل العلاج والتعويض؟
3861	لو سمحت، هو القانون المصري بيغطي موضوع التحرش الجنسي اللي ينفع الواحد يتعرض له وهو شغال؟
984	يعني إمتى بالضبط الست الحامل تقدر تستفيد من قانون تخفيف ساعات الشغل أثناء مدة الحمل؟
4097	التأمين الصحي: هل بيغطي علاج الأمراض اللي بتحصل في الشغل؟
178	ممكن أعرف كام عدد ساعة العمل القانونية في الأسبوع؟
425	في أيام محددة السلطات بتتيح فيها راحة (جمعة مثلا)، ساعات الراحة دي بتنحسب ضمن أسبوع شغل؟
4571	لو العامل شغله خطر عليه ومفيش وسائل أمان، هل القانون بيسمح له إنه ميعملش الشغل ده؟
2621	هل في فرق بين سن المعاش وبين سن إنهاء عقد العمل؟
4256	بصراحة، كنت فاكر إني مفروض أستنى عشرة أيام عشان أقدر أتراجع عن الاستذكرة. بس القانون بيقول إيه بالظبط؟ مدة التفكير قبل ما الاستقالة تبقى نهائية قد إيه؟ (هذه الصيغة تركز على الاعتقاد الخاطئ و تسأل عن المدة النهائية للاستقالة)؟
3863	يعني القانون بيحمي الناس من التحرش الجنسي في الشغل ولا الموضوع ده مالوش تغطية قانونية؟
2990	بصراحة، إمتى بالظبط صاحب الشغل يقدر يمشي الموظف بتاعه؟ صحيح لازم حكم محكمة عشان الفصل يبقى رسمي؟
5452	ممكن أعرف يعني قانون العمل بيقول ما هو؟ هل بيقول إن صاحب الشغل مفروض يتصرف ويتخذ خطوات عشان يحمي الموظفين من التحرش ويحافظ على سرية اللي بيقدم بلاغ؟
5096	بصراحة، ماذا النسبة اللي القانون فرضها كزيادة عمروية إجبارية على المرتبات؟
3505	طيب، بعد الولادة مباشرةً، لو الموظفة رجعت لشغلها بسرعة، هل القانون بيضمن لها وظيفتها، وهل ده بيحصل في الشركات فعلًا؟
2952	يعني إيه الأوراق المطلوبة عشان أقدم على المعاش؟ ويا ترى المعاش بييجي بعد قد إيه من التقاعد؟ (تركز على الأوراق المطلوبة والمدة الزمنية)؟
2036	بصراحة، هل فيه أي مشكلة لو الخصومات زادت عن الربع في المرتب؟
4386	يعني لو مشيت الشركة بالتراضى (استقالة), ليه مكافأة نهاية خدمة؟ الشرع إزاي بيتعامل مع الاستقالة؟
4045	طيب، هو لو حد مشي من الشغل بمزاجه عقب العمر ده، يحصل على مستحقاته دي ولا لأ؟ المستحقات دي مرتبطة بالاستقالة ولا الفصل؟
257	يا ترى القانون محدد فترة استراحة غداء مدتها قد إيه في شغل اليوم؟
4949	القانون بيوضح إيه بخصوص منع الأطفال من الشغل بالليل أو في أعمال فيها خطورة عليهم؟ عايزين نعرف التفاصيل.
699	لو سمحت، لو الواحد عنده مناسبة خاصة أو حالة وفاة لا قدر الله، يقدر يستحق كام يوم إجازة في السنة تبع الإجازات الطارئة؟
5434	ممكن أعرف صاحب الشغل ملزم يأخذ إجراءات لمنع التحرش وضمان سرية الشكوى؟
1474	ممكن أعرف لو خلص عقد محدد المدة واستمر الشغل، هل يتحول تلقائيًا لعقد مفتوح؟
4818	يعني الحد الأدنى لسن العمل قد إيه سنة في مصر؟
3028	ممكن أعرف يعني مينفعش صاحب المؤسسة يمشي الموظف طوالي كده بدون وجه حق؟ هو القانون بيحمي الواحد من الفصل اللي زي ده؟
3538	"ممكن أعرف مسموح للشركة تدي ميزات أو معاملة خاصة للموظفة الحامل سواء في فترة إجازة الوضع أو أول ما ترجع شغل؟ (هذه الصيغة تستخدم كلمة ""مسموح"" وتوضح المقصود بـ""تفضل"" باستخدام ""ميزات أو معاملة خاصة"")؟"
506	بصراحة، في أول سنهة شغل، الموظف بياخد 15 يوم إجازة. طيب، السنة اللي عقبها، مقدار أيام الإجازة بيكون قد ما هو؟
1406	بصراحة، يعني إيه الفرق بين عقد الشغل اللي مدته معروفة وعقد الشغل اللي ملوش مدة انتهاء محددة؟
4756	ممكن أعرف يا ترى كل منشأة كبيرة مطلوب يكون فيها لجنة مختصة بالسلامة؟ هو فيه قانون بيلزم بكده ولا ماذا؟
1020	يعني طيب، الست اللي لسه والدة وبترضع البيبي، ليها كام ساعة زيادة في اليوم تاخدها عشان ترضع؟
1636	ممكن أعرف فيه إلزام قانوني إن توقيع العقد يكون في مكان معتمد زي مكتب العمل ولا التوقيع العادي كفاية؟
435	لو سمحت، بالبلدي كدة، لما الحكومة بتدينا إجازة في يوم معين زي يوم الجمعة، الإجازة دي بتدخل جزء من حساب أيام شغل الأسبوع ولا لأ؟ (تركيز على اللهجة العامية)؟
1682	بصراحة، هل يحق لصاحب العمل إنه يبدل في الشروط المكتوبة في العقد من غير ما يستأذن العامل أو ياخد موافقته؟
1066	ممكن أعرف فيه كام يوم ممكنلي أغيب بسبب المرض مع الحفاظ على مرتبي كامل؟ (تركيز على الحق المتاح)؟
1632	يعني فيه إلزام قانوني إن توقيع العقد يكون في مكان معتمد زي مكتب الشغل ولا التوقيع العادي كفاية؟
2157	لو سمحت، الأجر الإضافي (ساعات العمل الإضافية) بيتُعتبر بنسبة كام ليلًا ونهارًا؟
1724	بصراحة، العقد الجزء المتعلق بفترة التجربة، هل من حق العامل يرفض إكمالها؟
319	طيب، الفسحة الأسبوعية كام ساعة عقب 6 أيام شغل متصلة؟
1800	يعني مينفعش استلم مرتبي كله فلوس في إيدي؟ ضروري يبقى فيه حساب في البنك؟
210	يعني وقت الراحة (زي الغداء أو فترات راحة) بتتحسب ضمن الـ8 ساعات؟
4108	ممكن أعرف بالنسبة للتأمين الصحي، هل يشمل علاج أي أمراض الواحد ممكن يصاب بيها بسبب شغله؟ (تركيز على شمولية التأمين)؟
3724	ممكن أعرف هل القوانين بتفرض وجود دكتور مهني أو دكتور متخصص تبع المصنع نفسه؟
1948	ممكن أعرف يا ترى العلاوات والتحفيزات بتتحسب ضمن الأجر اللي بيتخصم منه التأمين الاجتماعي ولا لأ؟
5206	"ممكن أعرف ""بصبريك، هل فيه أي سند قانوني يخلينا متأكدين إننا هناخد زيادة في المرتب كل سنة، بنفس الطريقة اللي حكمت بيها المحكمة بنسبة الـ 3%؟"" (هذا السؤال يركز على التأكيد التشريعي على الزيادة).؟"
1010	بصراحة، بالنسبة للأم اللي بترضع طفلها، القانون بيديها كام وقت زيادة تستريح فيه عشان الرضاعة؟
5477	"القانون الجديد ده بيأكد إن مفيش فرق في المرتب بين الرجالة والستات لو بيعملوا نفس الوظيفة؟ (تأكيد على نفي التفرقة واستخدام كلمة ""وظيفة"" بدل ""عمل"")"
5521	طيب، لو صاحب الوظيفة داس على حقوقك، فين المكان الصح اللي تقدم فيه تظلمك؟ القوى العاملة ولا المحكمة؟
4440	"يعني لو حصل فصل تعسفي، إزاي الواحد يقدر يستفيد من محكمة العمل الجديدة دي؟ وهل ممكن أقدم شكوى على طول ولا لازم أعدّي على جهة تانية الأول؟ (تستخدم مصطلح ""فصل تعسفي"" و تركز على وجود جهة وسيطة قبل المحكمة)؟"
704	بصراحة، ماذا عدد أيام الإجازات الطارئة اللي ممكن الموظف ياخدها في السنة، زي إجازة زواج أو عزاء؟
2203	طيب، يا ترى، الخصومات متوصلش لفين من المرتب؟ يعني أعلى نسبة خصم كم؟
3809	القانون ينظم التفتيش والسلامة بشكل دوري؟ كل قد إيه؟
4596	يعني طب فرضاً العامل مطلوب منه شغل ممكن يضره عشان مفيش أدوات أمان، هل ده يخليه مش ملزم يشتغل الوظيفة ده؟
1218	يعني شرط أي علشان أقدر أخد إجازة الحج؟ سن معين أو سنوات خدمة؟
5234	بصراحة، لو الإدارة مقرتش زيادة الأجور، التصرف ده قانوني ولا قرار إداري من حقهم؟
3226	ممكن أعرف طب فرضًا كسبت قضية تعويض، هل فيه احتمال إني ماخدش المبلغ اللي بستحقه بالكامل بسبب وجود حد أقصى للتعويضات في النظام؟
444	يعني لما السلطات بتعلن عن يوم راحة إجباري، زي يوم الجمعة، هل اليوم ده يعتبر يوم عمل محسوب في أيام الأسبوع ولاّ بيكون يوم منفصل؟ (تركيز على الطابع الرسمي والشمولي)؟
4162	ممكن أعرف مين الجهة اللي بتتكفل بمصاريف علاج وتعويضات العامل لو اتصاب إصابة بالغة أثناء شغله؟
4947	لو سمحت، لو مينفعش نِشَغَّل الأطفال الصغيرين بالليل ولا في شغل خطر، يبقى النظام بتاع المؤسسة بيقول إيه بالظبط؟
3587	إيه هي أوجه الاختلاف أو التمييز اللي القانون الجديد عملها لصالح الستات الحوامل في الشغل؟
2214	يعني فيه ليميت للخصومات اللي بتنزل من المرتب ولا مباح تتخصم أي حاجة؟ لو فيه، الليميت ده كام؟
4266	يعني ليه ما قدرتش أصبر عشر أيام؟ هو فيه قانون بيحدد المدة اللي ممكن الواحد يرجع فيها عن استقالته؟ يا ترى المدة دي كام يوم؟ (هذه الصيغة تتساءل عن سبب عدم الصبر وتسأل بشكل مباشر عن المدة المُحددة قانونًا)؟
3014	بصراحة، امتى بالظبط يقدر صاحب الشغل يستغنى عن خدمات العامل؟ وهل القانون بيفرض وجود قرار من المحكمة علشان الفصل ده يكون سليم؟
4738	ممكن أعرف لو لاحظت أي حاجة خطر أو مخالفة لقواعد السلامة في مكان الشركة، مين المسؤول اللي المفروض أوصل له المعلومة دي؟ (تركيز على المسؤولية وتوصيل المعلومة)؟
4350	يعني التعويض بيتحسب على كم عمرين خدمة؟ ولا ما هو الشروط؟
1621	طيب، هو ضروري إن العقد يتختم في مكان زي وزارة القوى العاملة ولا مش شرط؟
3681	لو سمحت، إيه واجبات صاحب الشركة ناحية تأمين العمال في الشغل؟ القانون بينص على إيه في الموضوع ده؟
4800	"يعني يا ترى في حد متخصص في الصحة بيراقب أوضاع المستشفى بتاعتنا؟ (كلمة ""يراقب"" تعطي معنى أوسع من الفحص)؟"
2727	لو سمحت، ياريت تفهمني طريقة حساب مكافأة نهاية الخدمة. يعني أنا عارف إن فيه حاجة اسمها نص شهر للعمرة الأولى وشهرين للسنتين اللي بعديها، بس مش فاهم بتتُعتبر إزاي بالظبط.؟
314	بصراحة، أحسنه حاجة الواحد ياخد راحة بعد كام ساعة شغل متواصل؟
1125	لو سمحت، فيه إمكانية إني أخد إجازة اعتيادية بدل الإجازة المرضية اللي واخدها؟
3676	ممكن أعرف إيه هي إجراءات السلامة اللي المفروض صاحب الشغل يوفرها للعمال حسب القانون؟
5356	"ممكن أعرف سؤال، لو حصلت أي خلافات في الشغل، زي مثلاً تأخير في صرف الرواتب، هل ممكن نلجأ للإضراب كوسيلة احتجاج؟ وإيه موقف القانون من التصعيد ده؟ (استخدام كلمة ""تصعيد"" للإشارة إلى الإضراب وسؤال عن موقف القانون من هذا التصعيد)؟"
4757	هو شرط أساسي وجود لجنة سلامة في كل مكان شغل كبير؟ القانون قال لازم نعمل كده يعني؟
3382	ممكن أعرف الست الحامل ممنوع تشتغل إضافة إلى الساعات العادية أو إضافي أثناء الحمل؟ القانون قال ما هو؟
918	"يعني الراجل يقدر يحصل على إجازة عشان مراته خلفت كام مرة في خلال شغله؟ (إعادة صياغة السؤال بشكل أوضح، مع التركيز على سبب الإجازة وهو ولادة زوجته، واستخدام كلمة ""خلفت"" باللهجة المصرية العامية)؟"
5050	ممكن أعرف ينفع الواحد يشتغل أو يدخل شغل من غير شهادة وهو عنده أقل من 15 سنة؟ (تركز على علاقة الشهادة بسوق الوظيفة أو فرص الشغل لمن هم دون الـ 15)؟
764	بصراحة، لو فيه حد شغال في تنظيم امتحانات الجامعة، بيستحق إجازة مذاكرة مدتها قد إيه؟ (تركيز على الاستحقاق ومدة الإجازة)؟
1815	لو سمحت، هو لازم المرتب يتصرف عن طريق البنك ولا يمكن الشركة تديني فلوسي كلها كاش من غير حساب؟
2261	لو أخدت مستحقات زيادة أو قرض وبعدين رجعوني للوراء، يمكتبوها ضرورة؟
4777	طيب، بصبريك، كل منشأة كبيرة مفروض يكون فيها لجنة سلامة؟ الكلام ده في القانون ولا دي مجرد توصيات؟
1665	لو سمحت، لو مدير الشركة قرر يعدل في العقد اللي بينه وبين الموظف بمزاجه، هل ده صح أصلاً؟
3288	يعني طيب، في حالة الاستنصة، أي وضع محكمة القضاء الإداري؟ إيه الشرع اللي بيحكم الاستقالات دي تبعهم؟ (يسأل عن اختصاص القضاء الإداري والقانون المطبق)؟
1255	طيب، قد ما هو يوم أجازات رسمية مدفوعة في السنة؟
4471	طيب، يا ترى التشريع بيقول إيه عن مسؤولية صاحب العمل في إنه يدي للموظفين بتوعه كل أدوات السلامة والوقاية اللازمة؟
4573	طيب، لو العامل شغله خطر عليه ومفيش وسائل أمان، هل الشرع بيسمح له إنه ميعملش العمل ده؟
5326	ممكن أعرف لو في خلاف وظيفي أو تأخر مرتب، مسموح نشتغل إضراب؟ القانون ذكر ماذا عن الإضراب؟
5256	يعني إيه بالظبط الإجراءات اللي بيفرضها قانون الدوام الجديد عشان يمنع العنصرية والتحرش في مكان الشغل؟
3976	ممكن أعرف ما هو الحقوق المادية اللي بتيجي لواحد شغله لما يكمل الستين عمرة؟ (زي مكافأة نهاية الخدمة)؟
1607	يعني لما بنيجي نعمل عقد شغل، لازم ناخد بالنا من حاجات أساسية زي المرتب وكل التفاصيل المهمة دي، ولا ممكن نتغاضى عن حاجة؟ (تركيز على عقد الشغل تحديدًا وإمكانية التغاضي عن بعض التفاصيل)
4111	طيب، لو الواحد جاله مرض نتيجة شغله، هل التأمين الصحي بيتحمل تكاليف علاجه؟ (تركيز على تحمل التكاليف)؟
5072	بصراحة، الشرع قال إن لازم كل سنة مرتبك يزود أي عدد؟
4325	"دلوقتي أنا لو اترفت من الشغل بدون وجه حق، التعويض بيتحسب ازاي؟ وهل القانون حاطط ليميت للتعويض اللي ممكن اخده؟ (استخدام كلمات بديلة مثل ""اترفت"" و ""وجه حق"" و ""ليمت"")"
2022	يعني هل قانوني إن يتخصموا زيادة عن رُبع القبض؟
3313	طيب، محكمة الشغل الجديدة دي شغلها إيه بالظبط؟ وإفرض يعني الشركة طردتني، إيه اللي يخليني أقدر أروح المحكمة دي من غير ما أستأذن الحكومة؟ (تركز على التوضيح والشرح البسيط)؟
4792	ممكن أعرف هل فيه كشف دوري من جهة طبية على مستشفى الشركة؟ (هذا السؤال يركز على وجود فحص دوري بشكل عام)؟
4258	ممكن أعرف كنت فاكر إني ضروري أستنى عشرة أيام عشان أقدر أتراجع عن الاستقالة. بس القانون بيقول إيه بالظبط؟ مدة التفكير قبل ما الاستقالة تبقى نهائية قد إيه؟ (هذه الصيغة تركز على الاعتقاد الخاطئ و تسأل عن المدة النهائية للاستقالة)؟
4772	بصراحة، بالذمة، أي مكان كبير بيشتغل فيه ناس كتير لازم يكون عامل لجنة علشان تحافظ على السلامة؟ ده إجباري ولا اختياري؟
4610	بصراحة، يا ترى فيه قانون بيحمي الموظفين من البلطجة والمعاملة الوحشة في الشغل؟ (تركز على حماية الموظفين)؟
1059	لو سمحت، الشركة بتديني قد إيه يوم إجازة مرضية بمرتب كامل لو احتجت؟ (تركيز على سياسة الشركة)؟
4078	"ممكن أعرف لو واحد اتوفى وهو على رأس عمله، الناس اللي كانوا بيعتمدوا عليه، يستحقوا تعويضات أو حاجة؟ (ركزنا على فكرة الاعتماد المالي واستخدام كلمة ""تعويضات"").؟"
3311	طيب، محكمة الشغل الجديدة دي شغلها إيه بالظبط؟ وإفرض يعني الشركة طردتني، إيه اللي يخليني أقدر أروح المحكمة دي من غير ما أستأذن الحكومة؟ (تركز على التوضيح والشرح البسيط)
4282	ممكن أعرف لو قدمت استنصتي، لازم أصل مكتب العمل أو الجهات الإدارية يصدقوا عليها؟
4231	"طيب، إيه هي ""الاستمارة 6"" دي أصلاً؟ وإيه اللي بينص عليه القانون حالياً بخصوصها؟ (تستخدم ""إيه اللي بينص عليه"" لإعطاء انطباع أقوى عن البحث عن التفاصيل القانونية)؟"
1268	بصراحة، قوللي، في السنة كلها، كم يوم إجازة الحكومة بتدفع تمنهم؟
5104	ممكن أعرف يعني التشريع بيوجب على الشركات تزود المرتبات كل عمرة بحد أدنى كام؟
1920	يعني لو سمحت، عايزين نفهم، الزيادة العمروية اللي هي 3% دي، بتتضاف على الراتب اللي بنقبضه كل شهر، ولا على الراتب اللي التأمينات بتتعامل بيه؟ (تركيز على شرح عملية الإضافة وأطراف التعامل)؟
1073	بعد أول 3 شهور بأجر كامل، بقية الإجازة المرضية بتتوزع إزاي؟
3048	يعني لو شركة فصلت موظف من غير أي سبب مقنع، ده يعتبر مخالفة للقانون؟ الشرع بيحمي الناس من الفصل اللي بدون حق ده ولا لأ؟
2871	لو سمحت، العامل ليه الحق إنه يطلب ياخد فلوس المكافأة بتاعته اللي المفروض ياخدها لما يوصل سن المعاش، قبل ما يوصله فعلاً؟
1593	لو سمحت، العقد ده لازم يتجزء من حاجات أساسية عشان يبقى معترف بيه، زي المرتب وكل التفاصيل اللي مينفعش ننساها؟ (تركيز على الاعتراف القانوني وأهمية التفاصيل)؟
1783	طيب، طريقة صرف المرتب ماشية إزاي؟ بتستلموه شهريًا، أسبوعيًا، ولا بتقبضوا باليوم؟
279	لو سمحت، يعني القانون بيحدد وقت راحة للغداء كام ساعة في اليوم الواحد؟ عشان بس نبقى عارفين حقنا.؟
4999	طيب، هل من 15 ل17 سنة يُمكنهم الاشتراك في مشروع صغير أو خدمة المجتمع؟
3054	يعني لو وقعت استحددة تحت ضغوط ينفع ألغيها ولا القانون بيعتبرها نهائية؟
779	فيه نظام معين لإجازات المذاكرة للموظفين اللي بيديروا الامتحانات في الجامعة؟ يعني، كام يوم إجازة بياخدوا؟ (تركيز على وجود نظام محدد والسؤال عن عدد الأيام كجزء من النظام)
3798	يعني هل فيه لسته قانونية بأقل الإمكانيات اللي لازم تكون موجودة لحماية العمال، زي توفير خوذة أو لبس مخصوص؟
3414	يعني الست المرضعة يحق لها قانونًا العمل نص يوم أد ماذا قرارات رضاعة في اليوم؟
4605	لو سمحت، التشريع بيجرم التنمر والسلوكيات المسيئة في مكان العمل؟
3259	طيب، بالبلدي كده، لما الواحد ييجي ياخد تعويض، بيحسبوا له التعويض ده على أي كمية سنة اشتغلها؟ وايه اللي خلى التشريع ما يحددش المدة دي بشكل واضح؟ (تستخدم كلمات أكثر بساطة وعامية)؟
2938	ممكن أعرف إيه وضع العامل اللي بيجمع بين المعاش والشغل؟ وهل الموضوع ده سهل ولا فيه تعقيدات؟ (تركيز على الوضع الشرعي والتعقيدات المحتملة)؟
3506	بصراحة، بعد الولادة مباشرةً، لو الموظفة رجعت لشغلها بسرعة، هل القانون بيضمن لها وظيفتها، وهل ده بيحصل في الشركات فعلًا؟
5426	بصراحة، هل فيه أي مواد في القانون بتنص على تجريم أفعال زي التنمر أو التحرش اللي ممكن تحصل بين الزملاء أو من الرؤساء في الشغل؟ (هذه الصياغة تحدد أكثر من قد يكون المتنمر أو المتحرش - الزملاء أو الرؤساء).؟
765	لو سمحت، لو فيه حد شغال في تنظيم امتحانات الجامعة، بيستحق إجازة مذاكرة مدتها قد أي؟ (تركيز على الاستحقاق ومدة الإجازة)؟
732	يعني الإجازة اللي بناخدها في الوقت ده: هل هي جزء من الإجازة العمروية بتاعتنا، ولا دي حاجة تانية غيرها؟
1644	يعني هل الشرع بيشترط إننا نمضي العقد قدام موظف في مكتب الشغل أو أي جهة حكومية تانية ولا ده مش إجباري؟
4936	ممكن أعرف يا ترى الشرع بينص على إيه بخصوص منع شغل القصّر في الليل أو في الشغل اللي فيه خطر؟
637	طيب، بصراحة كده، إيه عدد يوم إجازة سنهوية بتتصرف للناس اللي ربنا ابتلاهم بإعاقة؟ هل ليهم معاملة خاصة في الموضوع ده؟
4142	بصراحة، مين المسؤول عن دفع تكاليف العلاج والتعويضات لو حد حصله إصابة خطيرة وهو بيشتغل؟
3921	لو سمحت، القانون بيلزم صاحب العمل إنه يفحص السجل الجنائي للموظفين لسبب السلامة؟
4606	ممكن أعرف التشريع بيجرم التنمر والسلوكيات المسيئة في مكان العمل؟
1480	ممكن أعرف لو العقد اللي ليه مدة معينة انتهى والشغل استمر عادي، كده العقد يبقى مفتوح على طول ولا ما هو؟ (تغيير في التعبير عن الاستمرار والتلقائية)؟
2812	ممكن أعرف هل قانونًا الواحد يقدر يحدد بنفسه ميعاد خروجه على المعاش؟ وإيه هي الطريقة اللي يقدر يعمل بيها كده؟
4049	بالنسبة للمبالغ دي، هل ليها شروط متعلقة بسبب ترك الشغل؟ يعني لو الموظف استقال بعد سن معين، هل يستحقها زي اللي اترفد؟
3934	ممكن أعرف يا ترى القانون بيفرض على الشركات إنها تتأكد من خلو موظفينها من أي سوابق إجرامية، وده كله عشان الأمن والسلامة؟ (تغيير في الكلمات والمصطلحات المستخدمة، مع التركيز على الشركات بدلاً من صاحب العمل).؟
5518	ممكن أعرف في حالة حقوقك مضاعت في الشغل، إيه الجهة اللي مسموح الواحد يلجأ ليها؟ وزارة الشغل ولا القضاء؟
3126	يعني مفروض أسلم إشعار قبل ما أرجع؟ التشريع قال فترة الرجوع للاستقالة كام يوم؟
3521	هل ينفع الشركة تفضل الحامل وهي في إجازة الوضع أو بعدها مباشرة؟
2311	طيب، يعني مفيش أي طريقة نخلي الضرايب والتأمين يقلوا أكتر من ربع المبلغ، صح كده؟ (يسأل بشكل مباشر عن وجود أي طرق لزيادة التخفيض)؟
3258	يعني بالبلدي كده، لما الواحد ييجي يستحق تعويض، بيحسبوا له التعويض ده على كام سنة اشتغلها؟ وايه اللي خلى القانون ما يحددش المدة دي بشكل واضح؟ (تستخدم كلمات أكثر بساطة وعامية)؟
2180	"بصراحة، يعني لو عملت شيفت زيادة، بيحسبولي الساعة الإضافية بكام في المية من مرتبي الأصلي؟ ده بيختلف لو بالليل أو بالنهار؟ (تركيز على ""نسبة مئوية"" من الراتب الأصلي)؟"
4362	يعني عشان الواحد يستحق التعويض، لازم يكون اشتغل أد ماذا سنة بالظبط؟ وإيه هي المحددات اللي بيحطوها في الاعتبار؟
3329	"المحكمة اللي عاملينها مخصوص لقضايا الشغل دي، إيه نوع المشاكل اللي بتتعامل معاها؟ ولو اترفدت من الشغل، ينفع أروح أقدم شكوى هناك على طول، ولا لازم أستنى موافقة من جهة حكومية؟ (تستخدم كلمة ""أقدم شكوى"" بدلاً من ""أروح المحكمة"" وتؤكد على فكرة ""الجهة الحكومية"")"
5461	طيب، هل صاحب المؤسسة في مصر عليه أي مسؤولية قانونية إنه يواجه التحرش في مكان الشغل، ويضمن إن اللي بيبلغ عن التحرش اسمه ما يظهرش؟
1312	ممكن أعرف لو اضطريت أشتغل في يوم إجازة زي العيد الكبير، الشركة هتعوضني بإيه كم فلوس زيادة على مرتبي؟
417	لو سمحت، طيب، لو جم يشتغلوا يوم الأحد، ممكن ده يتخصم من إيجار الأسبوع بتاعهم؟ القانون بيعتبر الموضوع ده إزاي يعني؟
4968	يعني إيه هي الضوابط والقواعد اللي لازم يعرفها أي طالب بيدرس وعاوز يشتغل شغلانة نص دوام؟
5191	"طيب، ""طيب، هو القانون بيسمح أو بيوجب إن المرتبات تزيد بنسبة ثابتة كل سنهة، زي ما شفنا في قضية الـ 3% دي ولا لأ؟"" (هذا السؤال يسأل عما إذا كان القانون يسمح أو يوجب الزيادة).؟"
1028	بصراحة، في الوظيفة، الست اللي بترضع طبيعي، ليها أد ماذا استبريك زيادة عن باقي الموظفين عشان ترضع البيبي؟
887	"يعني الست اللي شغالة بتاخد كام شهر ""أمومة"" بعد ما تخلف؟"
2092	ممكن أعرف إيه موقف الشرع لو المرتب اتأخر عن ميعاده أد إيه يوم من صاحب الشغل؟
3239	طيب، الواحد بياخد تعويض عن كام سنة شغل؟ وايه السبب اللي خلى القانون ما يحددش المدة بالظبط؟ (تركز على العامل وأحقيته)
1500	يعني لو العقد اللي مدته معلومة انتهت وأنا مكمل شغل عادي، هل ده بيخليه عقد مفتوح بدون ما نعمل أي حاجة تانية؟ (تغيير في طريقة السؤال عن وجود إجراءات إضافية)؟
978	يعني من أنهي مرحلة في الحمل، النظام بيسمح للمرأة العاملة بإنها تشتغل عدد ساعات أقل في اليوم؟
4443	"لو سمحت، لو حصل فصل تعسفي، إزاي الواحد يقدر يستفيد من محكمة الوظيفة الجديدة دي؟ وهل ممكن أقدم شكوى على طول ولا لازم أعدّي على جهة تانية الأول؟ (تستخدم مصطلح ""فصل تعسفي"" و تركز على وجود جهة وسيطة قبل المحكمة)؟"
4387	طيب، لو مشيت الشركة بالتراضى (استحددة), ليه مكافأة نهاية خدمة؟ القانون إزاي بيتعامل مع الاستقالة؟
1586	بصراحة، يعني عشان العقد يبقى مظبوط وقانوني، لازم يكون فيه بنود أساسية زي المرتب ومواضيع تانية مهمة، صح كده؟ (تركيز على الشرعية والصحة القانونية)؟
175	طيب، كم كمية ساعات العمل القانونية في الأسبوع؟
4137	لو سمحت، إذا الواحد اتصاب جدي في الشغل، مين بيتصرف العلاج والتعويض؟
2183	"إيه هو المعدل اللي بيضربوا فيه الأجر بتاعي لما اشتغل ساعات زيادة، وهل المعدل ده ثابت بالنهار والليل ولا بيختلف؟ (تركيز على مفهوم ""المعدل"" المستخدم في الحساب)"
1835	يا ترى الحد الأدنى للأجور في القطاع الخاص اتحدد آخر مرة بكام بالظبط؟
2847	لو سمحت، ينفع العامل ياخد مكافأة نهاية الخدمة قبل ما يوصل عمر المعاش ولا ده مش من حقه؟
5240	بصراحة، لو الإدارة ثبتت المرتبات ومزودتش، ده كده بيخالفوا النظام ولا ده نظام شغلهم عادي؟
483	لو سمحت، لو واحد شغال في شركة خاصة، ماذا مقدار أيام الإجازة اللي المفروض ياخدها في السنة؟
2257	طيب، أنا دخلت تدريب تبع الشركة، بس خايف أمشي بعد كده عشان العقد بيقول إني هرجع تمن التدريب لو استقلت. إيه اللي القانون بيقول عليه في حالة زي دي؟ (يعبر عن القلق بشأن الاستحددة المحتملة).؟
3838	ممكن أعرف التفتيشات اللي بتتعمل عشان نتأكد من السلامة، ليها جدول زمني محدد في القانون؟ يعني بيفتشوا كل كام شهر أو سنهة؟ (تحديد أكثر للفترة الزمنية المحتملة)؟
2908	ممكن أعرف ببساطة كدة، المكافأة دي حاجة والتعويض ده حاجة تانية خالص، صح؟ طيب إيه الفرق اللي بينهم علشان أفهم؟
4030	ممكن أعرف الفلوس دي بتصرف لو العامل استقال عقب السن دي ولا بس لو اتفصل؟
5010	يعني بالنسبة للمرحلة العمرية من 15 لـ 17 سنهة، هل مسموح ليهم يشتغلوا في مشاريع صغيرة أو يشاركوا في أعمال لخدمة المجتمع؟ (تركيز على السماح النظامي أو التنظيمي)؟
2979	لو سمحت، عايز أعرف إيه هي النماذج والاستمارات المطلوبة عشان أقدم على المعاش؟ و يا ترى فيه وقت معين عشان المعاش يبتدي ينزل بعد ما اتقاعد؟ (تستخدم كلمات أكثر رسمية وتؤكد على بداية صرف المعاش)؟
2845	طيب، ينفع العامل يحصل على مكافأة نهاية الخدمة قبل ما يوصل سن المعاش ولا ده مش من حقه؟
624	يعني بالنسبة للإجازة السنوية، هل في فرق بين اللي عنده إعاقة وبين أي موظف تاني؟ ولو فيه، الفرق ده كم يوم؟
3431	في قانون الشغل المصري، إيه هي المدة الزمنية اللي المفروض تشتغلها الست اللي بترضع، و كام مرة تقدر تاخد بريك للرضاعة في اليوم؟
1446	يعني أطول فترة ممكن الواحد يشتغلها تحت نظام التجربة هي قد أي؟ (بيركز على فترة العمل بنظام التجربة)؟
4462	ممكن أعرف صاحب العمل عليه يوفر وسائل حماية وقاية للعاملين؟ القانون ذكر إيه؟
2736	يعني الراجل اللي شغال في شركة قطاع خاص، بعد ما يوصل سن الستين، بيكون له حقوق ما هو؟ فيه معاش الشركة بتصرفه له، ولا الموضوع بيعتمد على التأمين بس؟
1643	هل القانون بيشترط إننا نمضي العقد قدام موظف في مكتب العمل أو أي جهة حكومية تانية ولا ده مش إجباري؟
2390	بصراحة، بخصوص خصم تمن الخامات أو اللبس الخاص بالشركة من المرتب، أي النسبة اللي ممكن تتخصم مني بشكل قانوني؟ (تركيز على النسبة حسب القانون)؟
5252	بصراحة، قانون الوظيفة الجديد بيمنع التمييز والمضايقات في المؤسسة، إزاي؟
448	ممكن أعرف لما السلطات بتعلن عن يوم راحة إجباري، زي يوم الجمعة، هل اليوم ده يعتبر يوم عمل محسوب ضمن أيام الأسبوع ولاّ بيكون يوم منفصل؟ (تركيز على الطابع الرسمي والشمولي)؟
3943	"طيب، هل فيه نص في القانون بيقول إن صاحب الشغل لازم يعمل زي كشف جنائي على اللي بيشتغلوا عنده، وده بهدف إنه يفي بيئة عمل آمنة؟ (تغيير في الكلمات والتعبير عن ""الفحص"" بـ ""كشف جنائي"" مع التركيز على ضمان بيئة عمل آمنة).؟"
3004	ممكن أعرف تحت أي ظروف يقدر رب العمل يسرح العامل اللي عنده؟ وهل ضروري يبقى فيه حكم من المحكمة عشان التسريح ده يبقى قانوني؟
2538	يعني عايزين نعرف بالتفصيل، لما بندفع اشتراكات، نصيب العامل منها بيبقى قد إيه بالظبط ونصيب صاحب العمل كام؟
629	لو واحد عنده إعاقة شغال في شركة، كام يوم إجازة المفروض ياخدهم في السنة حسب القانون؟
1706	"بصراحة، يعني لو العامل شايف إن التعديلات اللي في العقد دي مش ماشية معاه، مباح له يوقف شغله ويعترض؟ (هذه الصيغة تستخدم تعبير ""مش ماشية معاه"" للتعبير عن عدم القدرة على العمل، وتستخدم مصطلح ""يوقف شغله ويعترض"" بدلا من الاعتصام.)؟"
5090	بصراحة، النظام بيقول إيه بخصوص الزيادة السنوية في المرتب؟ نسبة الزيادة كام في المية؟
2961	لو سمحت، إزاي أقدر أقدم طلب صرف المعاش؟ وهل فيه وقت محدد بين نهاية الخدمة واستلام المعاش؟ (تركز على كيفية التقديم ووجود فترة مُحددة)؟
4407	لو سمحت، أنا استقلت من شغلي بالاتفاق مع الشركة، بس عايز أفهم: هل ليا أي مستحقات قانونية أو مكافأة نهاية خدمة ولا خلاص كده؟ النظام بيحمي حقوقي إزاي في الحالة دي؟ (تعبير عن القلق بشأن الحقوق)؟
4124	بصراحة، التأمين الصحي اللي معايا ده، هل بيغطي أي علاج أنا محتاجه لو تعبت من الشغل؟ (تركيز على التأمين المحدد للشخص)؟
1533	"لو سمحت، موقف القانون المصري إيه من الناس اللي بتشتغل أونلاين أو بتاخد شغل نص يوم؟ (هنا استخدام عبارات مثل ""موقف القانون"" و ""شغل نص يوم"" للتركيز على الجانب القانوني و طبيعة العمل)؟"
5202	"يعني ""بصراحة، هل فيه أي سنهد قانوني يخلينا متأكدين إننا هناخد زيادة في المرتب كل سنة، بنفس الطريقة اللي حكمت بيها المحكمة بنسبة الـ 3%؟"" (هذا السؤال يركز على التأكيد القانوني على الزيادة).؟"
680	بصراحة، الإجازة المفاجئة (زي زواج أو عزاء) كام يوم في السنهة؟
2819	يعني، هل الشخص يقدر يقرر وقت ما ياخد معاشه بإرادته الكاملة؟ ولو الإجابة بنعم، ازاي يقدر يحقق ده؟
2487	لو سمحت، يعني قانونيًا كده، صاحب الشغل مُلزم يشترك للتأمين على الموظف من أول ما يبتدي شغل معاه؟
434	بصراحة، بالبلدي كدة، لما الحكومة بتدينا إجازة في يوم معين زي يوم الجمعة، الإجازة دي بتدخل ضمن حساب أيام شغل الأسبوع ولا لأ؟ (تركيز على اللهجة العامية)؟
1466	بصراحة، أعلى مدة ممكنة لعقد تحت الاختبار بتكون كام شهر؟ (بيركز على أعلى مدة ممكنة لعقد تحت الاختبار)؟
716	بصراحة، الأيام دي تُخصم من الإجازة السنوية ولا تحسب علاوة على السنوية؟
3677	إيه واجبات صاحب العمل ناحية تأمين العمال في الشغل؟ القانون بينص على إيه في الموضوع ده؟
2569	طيب، إيه المعايير اللي بيستخدموها عشان يحددوا الحد الأدنى والحد الأقصى للأجر اللي بيتأمن عليه؟
3813	لو سمحت، الشرع ينظم التفتيش والسلامة بشكل دوري؟ كل قد إيه؟
5098	ممكن أعرف إيه النسبة اللي الشرع فرضها كزيادة سنهوية إجبارية على المرتبات؟
3589	طيب، ماذا هي أوجه الاختلاف أو التمييز اللي الشرع الجديد عملها لصالح الستات الحوامل في الشركة؟
3065	"لو حد استقال غصب عنه، يقدر يسحب الاستقالة دي تاني؟ ولا القانون بيحكم إن خلاص الاستقالة اتقبلت ومفيش كلام تاني؟ (تستبدل ""ضغوط"" بـ ""غصب عنه"" وتوضح فكرة ""السحب"")"
1133	هل قانونًا مسموح إني أبَدِّل الإجازة بتاعت العيا اللي خدتها بإجازة من حقي السنوية؟
1264	ممكن أعرف يعني، كام يوم في العمرة بناخدهم إجازة رسمية بمرتب؟
1684	ممكن أعرف هل يحق لصاحب الدوام إنه يبدل في الشروط المكتوبة في العقد من غير ما يستأذن العامل أو يستحق موافقته؟
2879	يعني إيه الفرق الجوهري بين لما أصرف مكافأة وبين لما أصرف تعويض؟ قصدي، إمتى دي وإمتى دي؟
2386	ممكن أعرف هل قانوني إن الشركة تخصم فلوس الأدوات أو اليونيفورم من الراتب، ولو قانوني، أي الحد الأقصى للخصم؟ (تركيز على الجانب التشريعي والحد الأقصى)؟
488	بصراحة، يا ترى كمية أيام الراحة السنوية اللي بياخدها الموظف في الشركات الخاصة بيكون كام؟
1451	عقد التجربة ممكن يوصل لحد كام شهر؟ (بيستفسر عن الحد الأعلى لمدة عقد التجربة)
370	ممكن أعرف ينفع أطلب إجازة يوم في كل أسبوع الواحد بفلوسها؟
1471	طيب، لو خلص عقد محدد المدة واستمر الشغل، هل يتحول تلقائيًا لعقد مفتوح؟
2752	ممكن أعرف طيب، اللي بيشتغل في شركة خاصة، لما يعدي الستين، بياخد معاش منين؟ هل الشركة بتصرف له معاش خاص، ولا التأمين هو اللي بيتولى الموضوع ده؟
4773	لو سمحت، بالذمة، أي مكان كبير بيشتغل فيه ناس كتير مفروض يكون عامل لجنة علشان تحافظ على السلامة؟ ده إجباري ولا اختياري؟
4420	ممكن أعرف أي اللي بيحصل بالنسبة لمكافأة نهاية الخدمة لما الواحد يستقيل بمزاجه، والشركة توافق؟ القانون بيحكم الموضوع ده إزاي؟ يعني أستحقها ولا مش من حقي؟ (تركز على آلية عمل القانون في حالة الاستقالة)؟
315	لو سمحت، أحسن حاجة الواحد ياخد راحة بعد كام ساعة شغل متواصل؟
2549	الحد الأدنى والأقصى للأجر التأميني بيتحدد إزاي؟
2881	طيب، يعني ما هو الفرق الجوهري بين لما أصرف مكافأة وبين لما أصرف تعويض؟ قصدي، إمتى دي وإمتى دي؟
1486	"ممكن أعرف طب فرضنا العقد المؤقت خلص والراجل مِشيِش، العقد بيتقلب عقد دايم لوحده ولا مطلوب إجراء تاني؟ (استخدام كلمة ""فرضنا"" و ""الراجل مِمشيش"" و""دايم"" بدلا من ""مفتوح"")؟"
3273	لو سمحت، محكمة القضاء الإداري (استحددة) ولا خدمة؟ خدمة القانون اللى بيتعامل مع الاستقالة؟
4197	"لو سمحت، هو مرتبنا بيتخصم منه عشان المعاش ولا لأ؟ ولو بيتخصم، مين اللي هيحصل على المعاش ده بعد مرور ما نتقاعد؟ (صياغة مباشرة باستخدام ""هو"" و ""ولا لأ""، وتركيز على عملية الخصم نفسها)؟"
1687	طيب، لو العامل ماقدرش يشتغل بنظام التغيرات اللي اتعملت في العقد، له الحق يعتصم؟
1259	يعني، كام يوم في السنة بناخدهم إجازة رسمية بمرتب؟
3860	بصراحة، هو القانون المصري بيغطي موضوع التحرش الجنسي اللي مسموح الواحد يتعرض له وهو شغال؟
1628	بصراحة، يا ترى مطلوب نروح مكتب حكومي عشان نمضي العقد ولا يمكن نمضيه في أي مكان؟
1591	طيب، العقد ده لازم يتضمن حاجات أساسية عشان يبقى معترف بيه، زي المرتب وكل التفاصيل اللي مينفعش ننساها؟ (تركيز على الاعتراف القانوني وأهمية التفاصيل)؟
751	طيب، لو موظف ماسك امتحانات جامعية، بياخد كام يوم إجازة تحضير؟
2598	يعني طبقا للقانون الجديد، الواحد ممكن يطلع معاش من شغل الشركات الخاصة على عمر كام؟
2242	"ممكن أعرف يعني لو الشركة عملتلي تأهيل أو تدريب، و أنا مضيت على ورق إني هدفع تمن التدريب ده لو سبت الشركة بدري، الكلام ده يمشي قانونًا ولا أي؟ (يستخدم كلمة ""تأهيل"" بدلاً من ""تدريب"" ويؤكد على توقيع الأوراق).؟"
4128	يعني هل فيه أي تغطية من التأمين الصحي للأمراض اللي ممكن الواحد يصاب بيها نتيجة ظروف العمل؟ (تركيز على ظروف العمل)؟
5448	يعني قانون الشغل بيقول إيه؟ هل بيقول إن صاحب الشغل واجب يتصرف ويتخذ خطوات عشان يحمي الموظفين من التحرش ويحافظ على سرية اللي بيقدم بلاغ؟
1894	ممكن أعرف فيه حاجة في القانون بتلزم الشركات بزيادة المرتبات كل سنة؟ ولو فيه، نسبة الزيادة دي القانون بيقول عليها ما هو بالظبط؟ (التركيز على إلزام الشركات ونسبة الزيادة المعينة)؟
2999	تحت أي ظروف يقدر رب العمل يسرح العامل اللي عنده؟ وهل ضروري يبقى فيه حكم من المحكمة عشان التسريح ده يبقى قانوني؟
1115	ينفع استبدل الإجازة المرضي بإجازة من رصيدي السنوي؟
4942	ممكن أعرف إيه اللي القانون قاله تحديدا عن حظر تشغيل الأطفال بالليل أو في أي شغلانة مسموح تضرهم؟
807	"لو سمحت، لما الواحد يستحق إجازة عشان الدراسة وقت الامتحانات، الرصيد بتاعه بيقل ولا بياخدها من غير خصم؟ (تغيير في الأسلوب: استخدام ""الواحد ياخد إجازة""، ""الرصيد بتاعه بيقل"" بدلاً من ""تُخصم من الرصيد السنوي""، ""من غير خصم"" بدلاً من ""بدون خصم"").؟"
2747	طيب، اللي بيشتغل في شركة خاصة، لما يعدي الستين، بياخد معاش منين؟ هل الشركة بتصرف له معاش خاص، ولا التأمين هو اللي بيتولى الموضوع ده؟
4897	طيب، بالنسبة للي لسه ما بلغوش الـ 18 سنة، هل فيه أي قوانين بتحدد مواعيد شغلهم في النهار؟ (تغيير في المفردات والتركيب)؟
446	بصراحة، لما الدولة بتعلن عن يوم راحة إجباري، زي يوم الجمعة، هل اليوم ده يعتبر يوم عمل محسوب ضمن أيام الأسبوع ولاّ بيكون يوم منفصل؟ (تركيز على الطابع الرسمي والشمولي)؟
3026	بصراحة، يعني مينفعش صاحب الشغل يمشي الموظف طوالي كده بدون وجه حق؟ هو القانون بيحمي الواحد من الفصل اللي زي ده؟
1507	طيب، التعاقد عن بُعد أو بنظام الدوام الجزئي الشرع اعترف به؟
3530	بصراحة، ينفع قانونًا الشركة تميّز الحامل بالإيجاب وهي في إجازة ولادة أو عقب ما تخلص إجازتها علطول؟ (هذه الصيغة تركز على الجانب النظامي)؟
3783	لو سمحت، يعني القانون بيفرض حد أدنى من إجراءات السلامة والأمان؟ زي مثلًا لبس معين أو خوذة واجب الشركة توفرها؟
3422	بصراحة، إيه حقوق الأم العاملة اللي بترضع طفلها في قانون الوظيفة من ناحية كم وقت الشغل أو وقت الرضاعة المخصص ليها في اليوم؟
524	بصراحة، الموظف الجديد بيأخذ 15 يوم إجازة في أول سنة. بعد كده، لما يبقى في السنة التانية، عدد أيام الإجازة بيتغير وبيبقى كام؟
1946	بصراحة، يا ترى العلاوات والتحفيزات بتتُعد ضمن الأجر اللي بيتخصم منه التأمين الاجتماعي ولا لأ؟
354	يعني ليّ يوم راحة كامل كل أسبوع بأجره؟
5278	ممكن أعرف ما هو هي بنود قانون الشغل الجديد اللي بتتكلم عن منع التمييز والإهانة في الشغل؟ ممكن تشرحها بشكل مبسط؟
4347	"لو سمحت، في حالة لو تم إنهاء خدمتي بشكل تعسفي، إزاي مسموح أطالب بتعويض؟ وهل القانون المصري فيه حد أقصى لقيمة التعويض في حالات الفصل التعسفي؟ (استخدام مصطلحات قانونية مثل ""إنهاء خدمتي بشكل تعسفي"" لزيادة الاختلاف)؟"
2049	لو سمحت، مين بيحسب المرتب ويصرفه، والضرائب والتأمين من عليه؟
5184	"يعني ""هل فيه أساس قانوني يلزم بزيادات المرتبات كل سنة، زي النسبة اللي اتحددت في الحكم بتاع الـ 3% ده؟"" (هذا السؤال يركز على الإلزام القانوني وعلى أساس تحديد النسبة).؟"
1417	طيب، ممكن تشرح لي الفرق بين نوعين عقود المؤسسة: عقد بمدة محددة وعقد مفتوح المدة؟
872	بصراحة، لما واحدة ست بتشتغل تخلف، بتاخد كم شهر بريك من الشغل عشان البيبي؟
2770	ممكن أعرف اللي خرج على المعاش عقب اشتغل في جهة بس مش في التأمين، ما هو اللي بيحصل؟
2442	يعني خصم تأمينات الاشتراك بيحسب في المرتب ولا لا؟
3418	ممكن أعرف الست المرضعة يحق لها قانونًا الشغل نص يوم أد إيه قرارات رضاعة في اليوم؟
3824	بصراحة، فيه قانون بينظم مواعيد التفتيش على السلامة؟ يعني التفتيش ده بيتعمل كل فترة زمنية معينة؟ الفترة دي أد ماذا؟ (تركيز على وجود قانون ينظم المواعيد)؟
1943	يا ترى العلاوات والتحفيزات بتتحسب ضمن الأجر اللي بيتخصم منه التأمين الاجتماعي ولا لأ؟
269	إيه المدة القانونية اللي المفروض ناخدها كاستراحة غداء في اليوم الواحد؟
3770	"بصراحة، مين الطرف اللي هيكون مسؤول عن أي حاجة تحصل لو حد اتخبط أو حصل له ضرر؟ (تستخدم ""الطرف"" بدلا من ""مين""، و""اتخبط"" بدلا من ""حادث""، و""ضرر"" بدلا من ""إصابة"")؟"
3127	طيب، مفروض أسلم إشعار قبل ما أرجع؟ التشريع حدد فترة الرجوع للاستقالة كام يوم؟
3344	بصراحة، الست الحامل وقت عملها اليومية بتقل ابتداءً من أي شهر في الحمل؟
4009	طيب، يمكن تشرح لي آلية حساب تعويض نهاية الخدمة؟ بالذات الجزء بتاع نص المرتب عن كل عمرة في الأول وشهر المرتب بعدين.؟
2371	طيب، خصم قيمة الأدوات أو زي الشغل من المرتب ممكن تاخد كام؟
2478	يعني مطلوب صاحب الدوام يشترك في التأمين الاجتماعي من أول يوم عمل؟
1996	ممكن أعرف ماذا الحد الأقصى اللي ممكن يتشال من مرتبي كخصومات بأنواعها؟ زي السُلفة اللي خدتها أو أي مبالغ تانية بدفعها؟
1675	طيب، في حالة إن صاحب الشغل عمل تعديلات في عقد الشغل من غير ما يرجع للموظف، هل كده هو ماشي صح ولا بيخالف القانون؟
2177	"يعني لو عملت شيفت زيادة، بيحسبولي الساعة الإضافية بكام في المية من مرتبي الأصلي؟ ده بيختلف لو بالليل أو بالنهار؟ (تركيز على ""نسبة مئوية"" من الراتب الأصلي)"
2534	بصراحة، لو سمحت، الاشتراكات دي بتتقسم بينهم ازاي؟ يعني العامل بيدفع كام في المية وصاحب الشغل كام في المية؟
4676	بصراحة، هل التشريع ذكر أي ضوابط للسلامة المهنيّة أو الفحص الدوري للصحة للموظفين؟
470	بصراحة، في الشركات الخاصة، العامل ليه كام يوم إجازة في السنة؟
5149	"طيب، طب لو الحد الأدنى للأجور زاد ست تلاف وسبع تلاف جنيه، إشمعنى الشركات دي لسه ماشية على نفس النظام؟ (تركيز على ""إشمعنى"" لإبراز الاستغراب)؟"
4069	"طيب، طب فرضًا واحد كان بيشتغل وربنا افتكره، أهله ياخدوا حقوقه ولا إيه النظام؟ (هنا استخدمنا تعابير مثل ""ربنا افتكره"" و ""إيه النظام"" لتقريبها للهجة المصرية).؟"
4661	يا ترى القانون المصري بيفرض على أصحاب الشغل يعملوا إيه بالظبط عشان يواجهوا مشكلة التحرش الجنسي في أماكن العمل؟ (هذا السؤال يركز على تفاصيل الإجراءات المطلوبة من صاحب العمل)
415	طيب، لو جم يشتغلوا يوم الأحد، يمكن ده يتخصم من إيجار الأسبوع بتاعهم؟ الشرع بيعتبر الموضوع ده إزاي يعني؟
1276	ممكن أعرف طيب، المفروض الواحد يأخذ كام يوم إجازة رسمية في السنهة وياخد فلوسه كاملة؟
4948	ممكن أعرف لو مينفعش نِشَغَّل الأطفال الصغيرين بالليل ولا في شغل خطر، يبقى القانون بتاع الشركة بيقول ماذا بالظبط؟
4739	في حالة وجود أي تقصير أو إهمال في إجراءات السلامة شايفه بيحصل قدامي، مين الشخص أو الجهة اللي أقدر أرفع لها الموضوع ده؟ (تركيز على التقصير والإهمال ورفع الموضوع)
334	ممكن أعرف لو اشتغلت 6 أيام في كل أسبوع من غير فاصل، يبقى ليا كام ساعة راحة أسبوعية؟
255	لو سمحت، بصاستراحة، حسب القانون، وقت الراحة (الغداء) المفروض يكون قد إيه في اليوم الواحد؟
1952	بصراحة، هل المكافآت والتشجيعات اللي باخدها في العمل بتدخل في المبلغ اللي بيتاخد منه فلوس التأمين؟
1992	يعني ما هو الحد الأقصى اللي ممكن يتشال من مرتبي كخصومات بأنواعها؟ زي السُلفة اللي خدتها أو أي مبالغ تانية بدفعها؟
1372	ممكن أعرف إيه هي أنواع عقود الشغل اللي النظام المصري قايل عليها في الشركات الخاصة؟
4621	طيب، هو القانون المصري بيعتبر التحرش والإهانة في بيئة العمل جريمة ولا لأ؟ (تركز على اعتبار السلوك جريمة)؟
2179	"طيب، يعني لو عملت شيفت زيادة، بيحسبولي الساعة الإضافية بكام في المية من مرتبي الأصلي؟ ده بيختلف لو بالليل أو بالنهار؟ (تركيز على ""نسبة مئوية"" من الراتب الأصلي)؟"
1542	يعني لازم العقد يكون مكتوب باللغة العربية بس؟ ولا لو الشركة أجنبية يكتب باللغة التانية؟
331	طيب، لو اشتغلت 6 أيام في أسبوعياً من غير فاصل، يبقى ليا كام ساعة راحة أسبوعية؟
5051	القانون بيسمح لحد عنده أقل من 15 سنة يشتغل أو يمارس أي نشاط من غير شهادة تعليمية؟ (تركز على الجانب القانوني وإمكانية ممارسة أنشطة معينة بدون شهادة لمن هم دون الـ 15)
1226	"بصراحة، ""إيه المتطلبات اللي لازم تتحقق علشان الواحد يقدر يطلع يحصل على إجازة حج؟ فيه شروط متعلقة بالعمر مثلًا، أو عدد سنهين الشركة؟""؟"
4370	بصراحة، معلش، عاوز أعرف التعويض بيتُعد بناءً على ماذا عدد سنة شغل؟ ويا ترى فيه أي حاجة تانية لازم الواحد يكون عارفها؟
1341	لو سمحت، يعني لو اشتغلت يوم أجازة، هيعوضوني بيوم راحة تاني ولاّ هيدفعولي أجر مضاعف؟ ماذا النظام؟ (تركيز على التعويض بدلا من الحق، مع سؤال مباشر عن النظام المتبع)؟
2687	يعني لو واحد سنه كبير شوية (فوق الستين) واشتغل فترة وبعدين مشي، المفروض ياخد مكافأة نهاية خدمة ولا عشان سنه كبير مياخدش؟
1912	ممكن أعرف بالبلدي كده، الزيادة السنوية الـ 3% تُعتبر على المرتب الأساسي ولا المرتب اللي بنأمن بيه؟ (تركيز على التعبير العامي والوضوح)؟
4966	ممكن أعرف لو طالب في المدرسة عايز يشتغل جزئي، الشروط إيه؟
380	بصراحة، هل من النظام إني أريح يوم كل أسبوع و اليوم ده يتحسب لي فلوس؟
1902	يعني هل الأهتمام بالزيادة السنوية (3%) شامل الأجر الأساسي أو الأجر التأميني؟
719	هل الفترة الحالية بتتحسب ضمن رصيد إجازتي السنوية ولا بتضاف كرصيد إضافي؟
4481	إيه اللي لازم صاحب الشغل يعمله عشان يحمي العاملين عنده ويأمنهم من المخاطر؟ القانون بيفرض عليه إيه في الحالة دي؟
5078	بصراحة، يا ترى النظام بيحدد زيادة سنوية للمرتبات بنسبة قد إيه؟
4662	يعني يا ترى النظام المصري بيفرض على أصحاب العمل يعملوا ماذا بالظبط عشان يواجهوا مشكلة التحرش الجنسي في أماكن العمل؟ (هذا السؤال يركز على تفاصيل الإجراءات المطلوبة من صاحب العمل)؟
5152	"ممكن أعرف طب لو الحد الأدنى للأجور زاد ست تلاف وسبع تلاف جنيه، إشمعنى الشركات دي لسه ماشية على نفس النظام؟ (تركيز على ""إشمعنى"" لإبراز الاستغراب)؟"
2659	طيب، عامل فوق عمر الستين ينفع يتبقاله مكافأة نهاية الخدمة؟
2703	لو سمحت، إزاي طريقة حساب مكافأة نهاية الخدمة؟ يعني لو واحد اشتغل سنة ياخد نص شهر، وبعدها سنتين ياخد شهرين، الحسبة بتمشي إزاي بالظبط؟
2734	ممكن أعرف العامل في شركة خاصة بيتقاضى إيه بعد عمر الستين؟ هل في معاش من الشركة أو من التأمين؟
2413	"طيب، بصراحة كده، لو أنا و اللي قدامي اتفقنا في العقد على نسبة خصم معينة، ده ليه وضع قانوني مختلف عن الحد الأقصى للخصم اللي التشريع بيقول عليه؟ (تستخدم كلمات عامية أكثر مثل ""بصراحة كده"" و ""اللي قدامي"" لإضفاء طابع مصري عفوي).؟"
3713	هل فيه إلزام بتعيين دكتور خاص بالشغل أو دكتور متخصص جوة المصانع ولا لأ؟
3886	ممكن أعرف صاحب العمل مينفعش يعمل إجراء ضد الضحية لو اشتكت؟ القانون بيحمي الضحايا؟
2890	ممكن أعرف لو سمحت، يجوز توضح لي الفرق بين صرف المكافأة وصرف التعويض؟ أصل أنا مش فاهمة أوي إيه الفرق بينهم.؟
1939	طيب، العلاوات والحوافز بتدخل في حساب المرتب للتأمين ولا لا؟
2474	"بصراحة، هل بند استقطاع التأمينات ده بيتضاف ضمن تفاصيل المرتب اللي بستلمه، ولا بيتعاملوا معاه بشكل مختلف؟ (تركز على ""بند استقطاع التأمينات"" و ""تفاصيل المرتب"" لتقديم منظور أكثر تفصيلاً.)؟"
5497	طيب، هو القانون الجديد ده هيقضي على التمييز في المرتبات بين الرجالة والستات اللي بيشتغلوا نفس الشغل؟ (التركيز على القضاء على التمييز كهدف للقانون)؟
2410	ممكن أعرف لو وافقت على خصم معين في العقد، يفرق قانونًا عن حد الخصم النظامي؟
4560	يعني مين الطرف اللي بيتحمل قيمة العلاج والتعويضات للعامل لو حصل له أي مكروه أو إصابة وهو بيشتغل؟
2001	لو سمحت، لو عليا فلوس وبسدّدها من مرتبي، أو واخد سُلفة، أقدر أدفع منها قد إيه في الشهر كحد أقصى؟
2124	يعني الفلوس بتاعة مرتبي اللي لسه ما قبضتهاش، بتختفي ولا بتضاف على مرتب السنهة الجاية؟
2673	لو سمحت، لو واحد عدى الستين وشغال، هل بيستحق ياخد مكافأة نهاية الخدمة عادي زي أي حد؟
3266	بصراحة، طيب سؤال، لما أجي أقبض التعويض بتاعي، بيحسبوه على عدد سنين خدمتي كلها ولا فيه عدد سنين معين؟ واشمعنى الشرع ما بينصش على عدد السنين دي بالتفصيل؟ (تركز على عملية قبض التعويض)؟
3997	طيب، إزاي بيتم حساب مبلغ نهاية الخدمة؟ قصدي، النص شهر عن السنهين الأولى والشهر الكامل بعد كدة بيتُعتبروا إزاي بالظبط؟
826	ممكن أعرف إجازة الوضع للأب (إجازة الوالد عند ولادة الطفل) كام يوم؟
409	طيب، هل فيه إمكانية إن شغل يوم الأحد يكون بديل للإيجار اللي بيدفعوه كل أسبوع؟ أي اللي بيقوله القانون في الموضوع ده بالتحديد؟
2785	طيب، إيه وضع اللي بيوصل لسن المعاش وياخد معاشه، وعقب كده بيشتغل في حتة ملهاش علاقة بالتأمين؟
3210	يعني لو القانون حاطط ليميت أو حد أقصى للتعويضات، ده معناه إن حتى لو القضية تستاهل أكتر، مش هاخد غير المبلغ اللي القانون محدده؟
4994	بصراحة، أيه هي الإرشادات اللي بتنصحوا بيها أي طالب في أي مرحلة تعليمية لو قرر يشتغل شغلانة بارت تايم؟
727	طيب، اللي بناخده إجازة دلوقتي بيتخصم من إجازتنا المعتادة بتاعت كل سنة ولا بيعتبر إجازة زيادة مش من ضمنها؟
2568	يعني إيه المعايير اللي بيستخدموها عشان يحددوا الحد الأدنى والحد الأقصى للأجر اللي بيتأمن عليه؟
811	"طيب، بالظبط كده: لو الواحد واخد إجازة للمذاكرة في فترة الامتحانات، بيتُحسب عليه من إجازته العادية ولا بتكون إجازة خاصة مش بتأثر على الرصيد؟ (تقديم توضيح إضافي: ""فترة الامتحانات"" بدل ""أيام الامتحانات"",  ""إجازته العادية"" بدل ""الإجازة السنوية"" واستخدام ""إجازة خاصة مش بتأثر على الرصيد"")؟"
909	"لو سمحت، الراجل ممكن يستفيد من إجازة رعاية مولود جديد أد إيه مرة في تاريخ وظيفته؟ (استخدام مصطلح ""إجازة رعاية مولود جديد"" واستبدال ""حياته المهنية"" بـ ""تاريخ وظيفته"")؟"
1149	لو سمحت، لو عامل خالط مريض معدٍ، ينفع يأخذ إجازة حجر صحي كام شهر؟
700	ممكن أعرف لو الواحد عنده مناسبة خاصة أو حالة وفاة لا قدر الله، يقدر ياخد أد إيه يوم إجازة في السنة تبع الإجازات الطارئة؟
4265	ليه ما قدرتش أصبر عشر أيام؟ هو فيه قانون بيحدد المدة اللي ممكن الواحد يرجع فيها عن استقالته؟ يا ترى المدة دي كام يوم؟ (هذه الصيغة تتساءل عن سبب عدم الصبر وتسأل بشكل مباشر عن المدة المحددة قانونًا)
1068	يعني لو تعبت ومقدرتش أروح المؤسسة، هاخد إيه عدد يوم إجازة مرضي بفلوس؟ (تركيز على السيناريو المحتمل)؟
705	لو سمحت، إيه عدد أيام الإجازات الطارئة اللي ممكن الموظف ياخدها في السنة، زي إجازة فرح أو جنازة؟
3439	طيب، الست اللي بتشتغل وبترضع طفلها، القانون بيقول ما هو عن مقدار ساعات شغلها اليومية وحقوقها في أوقات مخصصة للرضاعة؟
2744	بصراحة، لما موظف في شركة خاصة يبلغ الستين سنة، إيه وضعه بالنسبة للمعاش؟ الشركة بتدفع له حاجة ولا كل حاجة بتيجي من التأمينات؟
3455	وقت الرضاعة الطبيعية للأم العاملة بيتخصم من وقت الشغل ولا يعتبر جزء من الدوام؟
4025	الفلوس دي بتصرف لو العامل استقال بعد السن دي ولا بس لو اتفصل؟
3080	"بصراحة، لو الاستقالة طلعت مني وأنا متوتر ومجبور، أقدر أرجع في كلامي وأقول مش عايز استقيل؟ ولا القانون بيقول خلاص كده الاستقالة تمت ومينفعش أغير فيها؟ (تستخدم ""متوتر ومجبور"" لتوضيح الضغط وتشدد على الرغبة في التراجع)؟"
4439	"لو حصل فصل تعسفي، إزاي الواحد يقدر يستفيد من محكمة العمل الجديدة دي؟ وهل ممكن أقدم شكوى على طول ولا لازم أعدّي على جهة تانية الأول؟ (تستخدم مصطلح ""فصل تعسفي"" و تركز على وجود جهة وسيطة قبل المحكمة)"
1532	"بصراحة، موقف القانون المصري ما هو من الناس اللي بتشتغل أونلاين أو بتاخد شغل نص يوم؟ (هنا استخدام عبارات مثل ""موقف القانون"" و ""شغل نص يوم"" للتركيز على الجانب القانوني و طبيعة الدوام)؟"
3280	ممكن أعرف بالبلدي كده، لما واحد يستقيل، محكمة القضاء الإداري بتطبق قانون إيه بالظبط؟ إيه القانون اللي بيحكم الاستحددة دي؟ (تعبير بسيط ومباشر)؟
3811	طيب، الشرع ينظم التفتيش والسلامة بشكل دوري؟ كل قد ما هو؟
5301	لو سمحت، هو القانون المصري بيجزء من للعامل حرية تأسيس والانتماء لأي نقابة عمالية هو عاوزها؟ (استخدام كلمات أكثر رسمية مع الحفاظ على اللهجة)؟
4283	لو سبت الشغل، لازم ختم أو موافقة من مكتب العمل عشان الاستقالة تبقى تمام؟ (تركيز على الموافقة الرسمية)
4336	ممكن أعرف بفرض إني مشيت من الشغل بطريقة غير قانونية، ماذا هي الإجراءات اللي أعملها عشان أخد حقي كتعويض؟ وهل فيه سقف معين للتعويضات دي في مصر؟ (تغيير كبير في الصياغة مع التركيز على الإجراءات)؟
568	ممكن أعرف إيه الفترة الزمنية اللي لازم الواحد يشتغلها في الشركة عشان يقدر يأخذ إجازة سنهوية مدتها 30 يوم؟
2694	يعني كيف بتحسب مكافأة نهاية الخدمة؟ (نصف شهر للسنة الأولى وشهرين للسنتين اللي عقب كده)؟
2191	طيب، الخصومات: الحد الأقصى للخصم من المرتب كام؟
413	طيب، لو جم يشتغلوا يوم الأحد، ممكن ده يتخصم من إيجار الأسبوع بتاعهم؟ القانون بيعتبر الموضوع ده إزاي يعني؟
789	لو سمحت، إجازة دراسية في أيام الامتحانات تُطرح من الرصيد العمروي ولا مجاني؟
3292	ممكن أعرف طيب، في حالة الاستقالة، ما هو وضع محكمة القضاء الإداري؟ إيه القانون اللي بيحكم الاستقالات دي تبعهم؟ (يسأل عن اختصاص القضاء الإداري والقانون المطبق)؟
1465	طيب، أعلى مدة ممكنة لعقد تحت الاختبار بتكون كام شهر؟ (بيركز على أعلى مدة ممكنة لعقد تحت الاختبار)؟
1008	يعني بالنسبة للأم اللي بترضع طفلها، القانون بيديها كام وقت زيادة تستريح فيه عشان الرضاعة؟
5027	هل فيه أي مانع إن الشباب الصغير اللي أعمارهم بين 15 و 17 سنة، يشاركوا في مبادرات مجتمعية أو مشاريع ناشئة؟ (تركيز على وجود موانع والمبادرات)
3155	بصراحة، أنا محتار، لو عايز أتراجع عن الاستقالة، أبلغهم إزاي الأول؟ ويا ترى القانون سامحلي بفترة أد إيه عشان أغير رأيي في موضوع الاستقالة ده؟ (هذا السؤال يعبر عن الحيرة ويسأل عن طريقة التبليغ والفترة المتاحة لتغيير الرأي).
1371	لو سمحت، إيه هي أنواع عقود الشغل اللي القانون المصري قايل عليها في الشركات الخاصة؟
3666	يعني صاحب العمل عليه يوفر وسائل حماية للعمال؟ التشريع قال ما هو؟
1722	يعني العقد الجزء المتعلق بوقت التجربة، هل من حق العامل يرفض إكمالها؟
4449	لو سمحت، يعني لو اترفدت من الشغل، محكمة الوظيفة دي بتفيدني في إيه تحديدًا؟ وهل القانون بيديلي الحق أرفع قضية من غير ما أرجع لأي جهة حكومية تانية؟ (توضح أكثر فائدة المحكمة و تركز على عدم الحاجة لجهات حكومية وسيطة)؟
2247	"لو سمحت، فيه تدريب خدته من الشركة بتاعتي، والعقد فيه شرط جزائي إني لو استقيلت قبل ما أخلص مدة معينة أدفع فلوس التدريب. أي وضع الشرط ده من ناحية التشريع؟ (يستخدم مصطلح ""شرط جزائي"" لإضافة دقة قانونية أكثر).؟"
1741	طيب، بخصوص وقت التجربة اللي بتكون مكتوبة في العقد، هل العامل ليه الحق ينهيها قبل معادها ويمشي ولا ملزم بيها؟
2513	الاشتراكات: بتتقسم كام للعامل وكام لصاحب العمل؟
1885	"طيب، يا ترى فيه زيادة سنوية إجبارية على الأجور ولا الموضوع اختياري؟ وإذا كانت إجبارية، القانون حدد نسبة الزيادة دي بكام في المية؟ (استخدام ""يا ترى"" وتركيز على الاختيارية مقابل الإجبارية)؟"
1097	تمام، في أول تلات شهور من الإجازة المرضية بيكون المرتب كامل، طب بعد كده، المرتب بيقل ولا بيبقى فيه نظام تاني؟
534	يعني بعد كام سنة لدى الشركة الإجازة السنوية تصير 30 يوم؟
3560	بصراحة، في قانون الوظيفة الجديد، فين العلامات (التمييزية للحاملات) زي إيه؟
1889	فيه حاجة في القانون بتلزم الشركات بزيادة المرتبات كل سنة؟ ولو فيه، نسبة الزيادة دي القانون بيقول عليها إيه بالظبط؟ (التركيز على إلزام الشركات ونسبة الزيادة المحددة)
461	كام عدد أيام الإجازة السنوية للعامل في القطاع الخاص؟
1583	يعني عشان العقد يبقى مظبوط وقانوني، لازم يكون فيه بنود أساسية زي المرتب ومواضيع تانية مهمة، صح كده؟ (تركيز على الشرعية والصحة القانونية)
3868	ممكن أعرف يعني القانون بيحمي الناس من التحرش الجنسي في الشغل ولا الموضوع ده مالوش تغطية قانونية؟
2925	لو سمحت، طب لو واحد معاشه شغال، ده قانوني؟ وياترى بيواجه صعوبات في الشغل ده؟ (تركيز على الجانب القانوني والصعوبات التي تواجهه)؟
5029	طيب، هل فيه أي مانع إن الشباب الصغير اللي أعمارهم بين 15 و 17 سنة، يشاركوا في مبادرات مجتمعية أو مشاريع ناشئة؟ (تركيز على وجود موانع والمبادرات)؟
1985	فيه حدود أد إيه للخصومات اللي ممكن تتسحب من مرتبي كل شهر؟ بتكلم على السلف والمدفوعات والكلام ده.
4243	طيب، مقدرتش استنى عشرة أيام للتراجع؟ الشرع حدد فترة التراجع للاستحددة ما هو كمية يوم؟
3982	ممكن أعرف لو موظف سنه فوق الستين، المفروض ياخد كام قرش لما يسيب الوظيفة؟ (يعني تعويض نهاية الخدمة)؟
4733	لو لاحظت أي حاجة خطر أو مخالفة لقواعد السلامة في مكان الشغل، مين المسؤول اللي المفروض أوصل له المعلومة دي؟ (تركيز على المسؤولية وتوصيل المعلومة)
804	"يعني لما الواحد ياخد إجازة عشان الدراسة وقت الامتحانات، الرصيد بتاعه بيقل ولا بياخدها من غير خصم؟ (تغيير في الأسلوب: استخدام ""الواحد ياخد إجازة""، ""الرصيد بتاعه بيقل"" بدلاً من ""تُطرح من الرصيد السنوي""، ""من غير خصم"" بدلاً من ""ببلاش"").؟"
1431	لو سمحت، إيه الفروق اللي بتميز عقد العمل اللي بيكون ليه مدة معينة عن عقد العمل الدائم أو المستمر؟
4058	بصراحة، السؤال بالبلدي: الفلوس دي بندفعها للموظف لو قرر يسيب الشغل بعد سن معين، ولا دي بس للناس اللي الشركة بتستغنى عنهم؟
186	يعني النظام بيقول إننا المفروض نشتغل أد ما هو ساعة في كل أسبوع كحد أقصى؟
1760	بصراحة، المرتب بيتصرف إزاي؟ شهريًا ولا أسبوعيًا ولا أجر يومي؟
572	بصراحة، الموظف لو عدّى سن الـ50، ياخد كام يوم سنوية؟
4189	"طيب، بصبريك كده، نسبة من مرتبنا بتروح فين بالظبط عشان المعاش؟ و بعد ما الواحد يوصل سن المعاش، مين اللي بيستفيد من الفلوس دي؟ (استخدام ""بصراحة كده"" لإضفاء طابع الجدية، وتركيز على الجهة المستفيدة)؟"
1811	هو لازم المرتب يتصرف عن طريق البنك ولا ممكن الشركة تديني فلوسي كلها كاش من غير حساب؟
2723	ياريت تفهمني طريقة حساب مكافأة نهاية الخدمة. يعني أنا عارف إن فيه حاجة اسمها نص شهر للسنة الأولى وشهرين للسنتين اللي بعديها، بس مش فاهم بتتحسب إزاي بالظبط.
4814	بصراحة، حد تبع وزارة الصحة بينزل يعمل تفتيش مفاجئ على المستشفى اللي بنشتغل فيها، ولا لأ؟ (يضيف عنصر المفاجأة في التفتيش)؟
1757	المرتب بيتصرف إزاي؟ شهريًا ولا أسبوعيًا ولا أجر يومي؟
2449	طيب، هل استقطاع التأمينات الاجتماعية بيظهر في حساب المرتب، ولا بيتم بشكل منفصل؟ (تركز على ظهور الاستقطاع في كشف المرتب)؟
1859	أعلى قيمة وصل ليها الحد الأدنى للأجور في القطاع الخاص كانت كام جنيه، وده كان امتى؟
2459	لما بيحسبوا المرتب بتاعي، بياخدوا في الاعتبار خصم اشتراك التأمينات ولا كأنه مش موجود؟ (تسأل عما إذا كان الخصم جزءًا من عملية حساب المرتب)
4701	لو سمحت، هل القانون فيه أي كلام عن قواعد للأمان في مكان الوظيفة، وهل فيه إلزام بالكشف الطبي المنتظم على العاملين ولا لأ؟
5300	بصراحة، هو القانون المصري بيضمن للعاملين حرية تأسيس والانتماء لأي نقابة عمالية هو عاوزها؟ (استخدام كلمات أكثر رسمية مع الحفاظ على اللهجة)؟
419	هل فيه تصريح أو سماح إنهم يشتغلوا يوم الأحد كنوع من المقاصة لإيجارهم الأسبوعي؟ إيه الوضع القانوني للحكاية دي؟
3874	ممكن أعرف فيه نصوص قانونية بتتعامل مع حالات التحرش الجنسي اللي بتحصل جوه الشركات والمؤسسات؟
1984	ممكن أعرف يعني أقصى مبلغ ممكن يتخصم من مرتبي كام، شامل بقى سُلف أو أقساط أو أي حاجة تانية؟
4484	بصراحة، أي اللي لازم صاحب الشغل يعمله عشان يحمي العاملين عنده ويأمنهم من المخاطر؟ التشريع بيفرض عليه إيه في الحالة دي؟
1887	"لو سمحت، يا ترى فيه زيادة سنهوية إجبارية على الأجور ولا الموضوع اختياري؟ وإذا كانت إجبارية، القانون حدد نسبة الزيادة دي بكام في المية؟ (استخدام ""يا ترى"" وتركيز على الاختيارية مقابل الإجبارية)؟"
274	ممكن أعرف ماذا المدة المعتمدة اللي المفروض ناخدها كاستراحة غداء في اليوم الواحد؟
4389	لو سمحت، لو مشيت الشركة بالتراضى (استقالة), ليه مكافأة نهاية خدمة؟ الشرع إزاي بيتعامل مع الاستقالة؟
3630	يعني قانون 2025 ضد التمييز في الأمور المرتبطة بالحمل، لأي شكل؟
1727	في حالة وجود بند فترة تجربة في عقد العمل، ينفع العامل يمشي قبل ما الفترة دي تخلص ولا لازم يكملها؟
5142	يعني لو عرف الحد الأدنى يزيد 6000 و7000 من ورا، ليه الشركات دي نفس الكلام؟
5121	لو سمحت، لما بيقولوا فيه زيادة 3% في السنة، الزيادة دي بتكون محسوبة على أساس الراتب الفعلي اللي بقبضه، ولا الراتب اللي بيتعمل عليه التأمين؟
3403	طيب، لو واحدة حامل شغالة، هل ينفع صاحب الشغل يشغلها وقت زيادة أو إضافي ولا ده ممنوع بالتشريع؟ (تغيير في التركيز على مسؤولية صاحب الوظيفة)؟
2837	هل العامل من حقه يطلب صرف المكافأة قبل التقاعد؟
3514	ممكن أعرف لو ست اشتغلت بعد مرور الولادة على طول، يا ترى التشريع بيحمي حقوقها في الشغل، ولا الواقع حاجة تانية؟
2389	طيب، بخصوص خصم تمن الخامات أو اللبس الخاص بالشغل من المرتب، إيه النسبة اللي ممكن تتخصم مني بشكل قانوني؟ (تركيز على النسبة القانونية)؟
2150	بصراحة، الجزء اللي اتبقى لي من مرتبي اللي ما صرفتوش، بيروح كده على الشركة ولا هيرجع لي في مرتب العمرة الجديدة؟
1043	قانون الشغل بيقول إيه عن عدد أيام الإجازة المرضية المدفوعة؟ (تركيز على القانون)
4781	موظف صحي بيفحص مستشفى العمل؟
2282	"بصراحة، أفرض إني صرفت فلوس زيادة سواء كانت مستحقات أو قرض، ثم المرتب رجع زي الأول، هل يمكن يعملوها حجة ويقولوا ""الوضع استدعى كده""؟"
4453	"طيب، إيه اللي بيحصل لما الواحد بيتطرد من شغله في ظل قانون العمل الجديد ومحكمة العمل؟ وهل فيه أي قيود بتمنعني من اللجوء للمحكمة مباشرةً ولا أقدر أروح في أي وقت؟ (تستخدم كلمة ""بيتطرد"" للتعبير عن الفصل و تركز على فكرة القيود التي تمنع اللجوء للمحكمة)؟"
630	يعني لو واحد عنده إعاقة شغال في شركة، كام يوم إجازة المفروض ياخدهم في السنة حسب القانون؟
820	"ممكن أعرف سؤال مهم: لما يكون فيه امتحانات وأنا محتاج آخد إجازة عشان أذاكر، هل دي بتعتبر إجازة رسمية بتتخصم من رصيدي العمروي ولا إيه نظامها بالظبط؟ (تقديم مقدمة ""سؤال مهم""، استخدام ""إجازة رسمية"" بدلاً من ""إجازة دراسية""، ""إيه نظامها بالظبط"" لإضافة توضيح.)؟"
5501	إذا حصل انتهاك للحقوق في مكان الشغل، نقدر نشتكي فين؟ (وزارة القوى العاملة أو المحكمة)
5340	يعني لو فيه مشاكل في الشغل، زي مشاكل بين الموظفين والإدارة، أو المرتبات مش بتيجي في ميعادها، هل الإضراب يعتبر حل قانوني؟ القانون المصري بيسمح بالإضراب في ظروف زي دي ولا لأ؟ (تركيز على الإضراب كحل قانوني واستفسار مباشر عن سماح القانون المصري)؟
2138	بصراحة، لو فيه جزء من مرتبي مخدتوش في وقته، كده خلاص خسرت الفلوس دي ولا هتنحسب ليا عقبين؟
132	يعني طبقا للقانون، اليومية بتاعة الشغل تتحدد على أساس كام ساعة عمل؟
4271	أنا ما اديتش لنفسي فرصة العشر أيام اللي المفروض أفكر فيهم قبل الاستقالة. دلوقتي عايز أعرف، المدة القانونية اللي بتديني الحق أرجع في كلامي عن الاستقالة هي أد إيه؟ (هذه الصيغة تؤكد على أهمية فترة التفكير وتسأل عن الحق القانوني في الرجوع عن القرار)
1444	ممكن أعرف أقصى مدة لعقد التجربة بتكون قد إيه بالظبط؟ (بيسأل عن الحد الأقصى لعقد التجربة بشكل مباشر ومحدد)؟
4349	التعويض بيتحسب على كام سنين خدمة؟ ولا إيه الشروط؟
1147	طيب، لو عامل خالط مريض معدٍ، ينفع ياخد إجازة حجر صحي كام شهر؟
3231	لو سمحت، لو التعويض اللي المفروض اخده كبير جدًا، هل ممكن القانون يقلله عشان فيه قيمة محددة مينفعش اتعداها؟
4357	طيب، لما الواحد ياخد تعويض، بيحسبوا عدد سنين خدمته من أول كام سنة اشتغلها؟ وإيه هي بقى الضوابط اللي واجب تكون موجودة؟
3244	ممكن أعرف طيب، الواحد بياخد تعويض عن كام سنهة شغل؟ وايه السبب اللي خلى القانون ما يحددش المدة بالظبط؟ (تركز على العامل وأحقيته)؟
966	يعني الست في الحمل تاخد تخفيض في ساعات العمل من امتى؟
5307	لو سمحت، القانون بيقول إن العمال ليهم مطلق الحرية في تشكيل نقابات والانضمام ليها، صح كده؟ (تأكيد أكثر مع طلب الموافقة)؟
2570	بصراحة، إيه المعايير اللي بيستخدموها عشان يحددوا الحد الأدنى والحد الأقصى للأجر اللي بيتأمن عليه؟
1775	نظام قبض المرتب إيه؟ بتاخدوه كل شهر، كل أسبوع، ولا على قد الشغل اللي اتعمل في اليوم؟
163	طيب، الشغل ينفع يوصل لعدد وقت أكتر من 8 ساعات في اليوم؟ (تركيز على إمكانية وصول عدد الساعات إلى أكثر من 8)؟
549	لو سمحت، لو اشتغلت في الشركة دي، محتاج اشتغل أد ماذا سنة عشان استحق إجازة سنوية مدتها شهر كامل؟
3338	"بصراحة، بالتفصيل كده، محكمة العمل دي بتفصل في ماذا؟ ولو الشركة فصلتني تعسفيًا، إزاي أقدر أوصل لحقي عن طريق المحكمة دي من غير ما أدخل الحكومة في الموضوع؟ (تستخدم كلمة ""تفصل في إيه"" بدلاً من ""بتختص بإيه"" وتضيف كلمة ""تعسفيًا"" لوصف الفصل)؟"
4931	يا ترى القانون بينص على إيه بخصوص منع شغل القصّر في الليل أو في الشغل اللي فيه خطر؟
4752	يعني يا ترى كل منشأة كبيرة لازم يكون فيها لجنة مختصة بالسلامة؟ هو فيه قانون بيلزم بكده ولا إيه؟
2627	يا ترى فيه اختلاف بين السن اللي بيطلع فيه الواحد معاش والسن اللي ممكن صاحب الشغل يمشيك فيه من الشغل؟
5253	لو سمحت، قانون العمل الجديد بيمنع التمييز والمضايقات في الشغل، إزاي؟
2421	"لو سمحت، طيب، فرضًا إني عملت عقد واتفقنا على خصم معين، هل الاتفاق ده له تأثير قانوني غير اللي القانون محدده كأعلى نسبة خصم ممكنة؟ (تستخدم كلمة ""فرضًا"" وتستبدل ""يفرق"" بـ""له تأثير قانوني غير"").؟"
1009	طيب، بالنسبة للأم اللي بترضع طفلها، النظام بيديها كام وقت زيادة تستريح فيه عشان الرضاعة؟
5036	بصراحة، هل شهادة دراسية مفروضة قبل سن 15؟
4563	لو سمحت، مين الطرف اللي بيتحمل قيمة العلاج والتعويضات للعامل لو حصل له أي مكروه أو إصابة وهو بيشتغل؟
1033	طيب، أي هي المدة الإضافية اللي بتاخدها الست العاملة اللي بترضع طفلها في شغلها عشان الرضاعة؟
1866	يعني هل في زيادة سنوية إلزامية للرواتب؟ التشريع نص كام بالمية؟
2338	ممكن أعرف لو في خطأ من الشركة في صرف المرتب، ممكن يتعدل عقبين؟ القانون ماذا؟
3493	طيب، لو الست نزلت الشغل على طول بعد مرور ما خلفت، هل القانون والواقع العملي بيحموا حقها الوظيفي؟
4613	هل فيه مواد في القانون بتعاقب اللي بيتنمر أو بيهين زمايله في الشغل؟ (تركز على العقوبات القانونية)
4926	يعني ممنوع تشغيل القصر ليلا أو في أعمال خطيرة، القانون ذكر إيه؟
3574	ممكن أعرف إيه هي الحقوق والميزات اللي القانون الجديد للشغل بيديها للستات الحوامل بالتحديد؟
3730	ممكن أعرف يا ترى المصانع لازم يكون عندها دكتور متخصص في صحة العاملين أو دكتور شغل؟
2330	"بصراحة، الـ 25% اللي بيتخصموا من الضرايب والتأمين دول، ممكن يبقوا أكتر من كده؟ ولا خلاص، دي النهاية؟ (يسأل بأسلوب مباشر وبسيط، مع التركيز على كلمة ""النهاية"" للتأكيد على الحد الأقصى)؟"
769	طيب، الموظف اللي بيشرف على الامتحانات الجامعية، ايه عدد أيام إجازة المذاكرة اللي بياخدها في العادة؟ (تركيز على العادة وعدد الأيام المتعارف عليه)؟
508	ممكن أعرف في أول سنة شغل، الموظف بيستحق 15 يوم إجازة. طيب، السنة اللي بعدها، عدد أيام الإجازة بيكون قد أي؟
4227	"لو سمحت، ""استمارة ستة"" دي عبارة عن إيه؟ والقانون بيقول إيه بخصوصها دلوقتي؟ (تستخدم كلمة ""عبارة عن إيه"" بشكل أكثر بساطة وعامية)؟"
1375	طيب، حسب التشريع، عقد الشركة في الشركات الخاصة ليه قد إيه شكل أو نوع؟
531	لو سمحت، أول سنة ليك في الوظيفة ليك 15 يوم إجازة. السؤال بقى، في السنة التانية هتاخد كام يوم إجازة؟
796	"ممكن أعرف لو خدت إجازة عشان الدراسة وقت الامتحانات، دي بتتخصم من رصيد إجازاتي السنوية ولا محسوبة ببلاش؟ (تغيير في التركيب والكلمات: استخدام ""لو خدت"" بدل ""إجازة دراسية""، ""دي بتتخصم"" بدلاً من ""تقل""، ""محسوبة ببلاش"" بدلاً من ""مجانًا"")؟"
4507	طيب، هل مطلوب نوفر جوه المنشأة حد متخصص زي دكتور متخصص في طب الوظيفة أو مسعف؟
2653	طيب، هل فيه تماثل بين العمر اللي بيحقلي أخد فيه معاش وبين العمر اللي ممكن صاحب الشغل يقولي مع السلامة؟
3132	يعني هل ضروري أبلغ قبل ما أرجع في استذكرتي؟ ويا ترى النظام محددلي مدة معينة عشان أقدر أتراجع عن الاستقالة ولا لأ؟ (هذا السؤال يستخدم كلمات أكثر تفصيلاً ويسأل بشكل مباشر عن وجود فترة مُحددة).؟
5237	لو الإدارة ثبتت المرتبات ومزودتش، ده كده بيخالفوا القانون ولا ده نظام شغلهم عادي؟
2893	طيب، عاوز أعرف، ما هو اللي بيميز المكافأة عن التعويض لما نيجي نصرفهم؟ يعني إيه اللي بيخلي ده مكافأة وده تعويض؟
4301	لو قررت امشي من الشركة، هل فيه ورق أو تصديق لازم اخده من مكتب العمل عشان اضمن حقي بعد كده؟ (تركيز على الحقوق بعد الاستقالة)
3540	"يعني هل فيه مشكلة لو الشركة أدت أفضلية للموظفة اللي لسة والدة، سواء كانت لسة في إجازة الوضع أو رجعت الشركة قريب؟ (هذه الصيغة تستخدم كلمة ""مشكلة"" وتوضح ""أفضلية"" بدلاً من ""تفضل"")؟"
3182	بصراحة، لو أنا قدمت طلب استقالتي وجهة العمل ما وافقتش عليه، الوضع القانوني ساعتها بيكون ما هو؟ (تركيز على الجانب القانوني)؟
1863	لو سمحت، أعلى قيمة وصل ليها الحد الأدنى للأجور في القطاع الخاص كانت كام جنيه، وده كان امتى؟
852	يعني إيه نظام إجازة الأبوة في مصر؟ يعني الأب بيستحق كام يوم لما مراته تجيب طفل؟ (تستفسر عن النظام بشكل عام ثم تحدد المدة)؟
352	ممكن أعرف لو الدوام 6 أيام في كل أسبوع، إيه هو الحد الأدنى لساعة البريك اللي المفروض آخدها أسبوعياً؟
1263	لو سمحت، يعني، قد إيه يوم في السنة بناخدهم إجازة رسمية بمرتب؟
671	طيب، الناس اللي شغالين في شغلانة زي التعدين أو الكيماويات، بيزيدوا كام يوم في إجازتهم بسبب طبيعة شغلهم الخطيرة؟ (تركيز على سبب الإجازة الإضافية وهو طبيعة العمل الخطيرة)
3384	يعني الواحدة اللي حامل ينفع تشتغل ساعات زيادة أو تعمل شغل إضافي وهي حامل ولا الشرع مانعها؟ (تغيير في الأسلوب والكلمات المستخدمة)؟
1274	بصراحة، طيب، المفروض الواحد يستحق كام يوم إجازة رسمية في السنة وياخد فلوسه كاملة؟
4648	ممكن أعرف يعني القانون بيُلزم أصحاب الشركات والمصانع إنهم ياخدوا خطوات عشان يحموا الموظفين من أي تحرش في مكان الشغل؟ (هذا السؤال يركز على إلزام القانون)؟
151	طيب، ممكن الشغل يلزمني إني أداوم زيادة من 8 ساعات يومياً؟ (تركيز على الإلزام و المداومة)؟
2976	يعني لو سمحت، عايز أعرف أي هي النماذج والاستمارات المطلوبة عشان أقدم على المعاش؟ و يا ترى فيه وقت معين عشان المعاش يبتدي ينزل بعد ما اتقاعد؟ (تستخدم كلمات أكثر رسمية وتؤكد على بداية صرف المعاش)؟
2884	ممكن أعرف يعني إيه الفرق الجوهري بين لما أصرف مكافأة وبين لما أصرف تعويض؟ قصدي، إمتى دي وإمتى دي؟
2632	ممكن أعرف يا ترى فيه اختلاف بين السنه اللي بيطلع فيه الواحد معاش والسن اللي ممكن صاحب الشغل يمشيك فيه من الشغل؟
2339	طيب لو حصل لخبطة في حساب المرتب من طرف الشركة، ينفع نصلح الغلط ده بعد كده؟ وإيه اللي بيقوله القانون في الموضوع ده؟
1578	يعني العقد بيكون فيه عناصر قانونية معينة؟ مثل ذكر الراتب وكل التفاصيل الأساسية؟
4835	"علشان الواحد يشتغل شغلانة في مصر، لازم يكون عنده كام سنة على الأقل؟ (تستخدم عبارة ""علشان الواحد يشتغل شغلانة"" للتوضيح و ""على الأقل"" للتأكيد على الحد الأدنى)"
2291	"لو صرفت فلوس زيادة عن مرتبي الأساسي سواء كانت مستحقات أو قرض، وبعدها رجعوا المرتب زي زمان، هل يقدروا يزقوا الموضوع ده تحت مسمى ""إجراء لازم""؟"
316	ممكن أعرف أحسن حاجة الواحد ياخد استراحة بعد كام ساعة شغل متواصل؟
3616	ممكن أعرف إيه هو الحد الأقصى للشغل اللي يمكن الست الحامل تعمله في الشركة دي؟ وهل الرقم ده بيتحدد على حسب عدد الموظفات اللي شغالين، يعني لو العدد وصل لكام موظفة؟
1953	لو سمحت، هل المكافآت والتشجيعات اللي باخدها في الشغل بتدخل في المبلغ اللي بيتاخد منه فلوس التأمين؟
5097	لو سمحت، أي النسبة اللي القانون فرضها كزيادة سنوية إجبارية على المرتبات؟
1042	ممكن أعرف أد إيه يوم إجازة مرضية بأجر كامل؟
3112	"ممكن أعرف إيه الحكمة من وجود حاجة اسمها ""استقالة"" وحاجة اسمها ""إنهاء خدمة""، ويا ترى إيه الفرق بينهم من ناحية النظام، وإمتى الموظف بيكون ليه حرية الاختيار؟ (هذا السؤال يستفسر عن الحكمة من وراء وجود المصطلحين، ويسأل عن الفرق القانوني بينهما وحرية اختيار الموظف.)؟"
2969	إيه هيا المستندات الرسمية اللي المفروض أجهزها عشان أستحق المعاش؟ وهل فيه فترة انتظار بعد التقاعد لحد ما المعاش يبدأ؟ (تركز على المستندات اللازمة وفترة الانتظار)
987	لو سمحت، إمتى بالضبط الست الحامل تقدر تستفيد من قانون تخفيف ساعات الشغل أثناء زمن الحمل؟
1938	يعني العلاوات والحوافز بتدخل في حساب المرتب للتأمين ولا لا؟
4051	طيب، بالنسبة للمبالغ دي، هل ليها شروط متعلقة بسبب ترك الشركة؟ يعني لو الموظف استقال بعد مرور عمر معين، هل يستحقها زي اللي اترفد؟
1368	يعني أي هي أنواع عقود الوظيفة اللي الشرع المصري قايل عليها في الشركات الخاصة؟
1843	طيب، آخر قرار بخصوص الحد الأدنى للمرتبات في شغل القطاع الخاص كان كم؟
4257	لو سمحت، كنت فاكر إني مطلوب أستنى عشرة أيام عشان أقدر أتراجع عن الاستقالة. بس القانون بيقول إيه بالظبط؟ مدة التفكير قبل ما الاستقالة تبقى نهائية قد إيه؟ (هذه الصيغة تركز على الاعتقاد الخاطئ و تسأل عن المدة النهائية للاستقالة)؟
5178	يعني هل في فرضية قانونية لضمان زيادات سنهوية (زي ما حصل حكم 3%)؟
2981	صاحب العمل يقدر يفصل العامل أمتى؟ القانون قال الفصل لازم يكون بقرار من المحكمة؟
2660	بصراحة، عامل فوق سن الستين ينفع يتبنصه مكافأة نهاية الخدمة؟
4482	يعني إيه اللي مطلوب صاحب الشركة يعمله عشان يحمي العاملين عنده ويأمنهم من المخاطر؟ القانون بيفرض عليه إيه في الحالة دي؟
522	يعني الموظف الجديد بياخد 15 يوم إجازة في أول سنة. بعد كده، لما يبقى في السنة التانية، كم أيام الإجازة بيتغير وبيبقى قد إيه؟
3565	طيب، يعني أي الحاجات اللي بتميز حقوق الستات الحوامل في قانون الوظيفة الجديد؟
2997	لو سمحت، إيه هي الحالات اللي تسمح لصاحب العمل إنه ينهي خدمة العامل؟ و هل القانون بيشترط قرار قضائي لإنهاء الخدمة ده؟
4553	في حالة وقوع حادث أو إصابة أثناء العمل، على مين تقع مسؤولية تغطية العلاج والتعويضات المستحقة؟
1102	ممكن أعرف تمام، في أول تلات شهور من الإجازة المرضية بيكون المرتب كامل، طب بعد كده، المرتب بيقل ولا بيبقى فيه نظام تاني؟
2801	هو الواحد من حقه يختار يتقاعد إمتى بإرادته؟ إزاي؟
592	ممكن أعرف إيه كمية أيام الإجازة العمروية المقررة للموظفين اللي علاوة على الخمسين؟ (أكثر رسمية بعض الشيء من الصيغة الأصلية).؟
1166	بصراحة، بالذمة، لو فيه صنايعي بتاع خلطة عيان بمرض ممكن يتنقل للناس، يبقى إجازة العزل بتاعته تبقى قد إيه بالظبط؟ إيه كمية شهر يعني؟
3153	لو سمحت، هل في إجراءات معينة مطلوب أعملها قبل ما أقول إني رجعت في كلامي عن الاستذكرة؟ وياترى القانون بيسمحلي أرجع في الاستقالة دي لحد مدة قد ماذا؟ (هذا السؤال يركز على الإجراءات المطلوبة ويسأل عن المدة التي يسمح بها القانون).؟
892	"ممكن أعرف يعني الست اللي شغالة بتاخد إيه مقدار شهر ""أمومة"" بعد ما تخلف؟"
3638	"بصراحة، ""قانون سنهة 2025 اللي بيحارب التمييز بسبب الحمل ده، بيستهدف منع التمييز في إيه بالظبط؟""؟"
4597	طيب، طب فرضاً العامل مطلوب منه شغل ممكن يضره عشان مفيش أدوات أمان، هل ده يخليه مش ملزم يشتغل الشغل ده؟
800	"بصراحة، يعني لو طلبت إجازة عشان أذاكر وأمتحن، الإجازة دي هتبقى على حساب إجازتي السنوية ولا ببلاش كده؟ (تغيير كبير في التركيب: استخدام ""طلبت إجازة عشان أذاكر وأمتحن""، ""على حساب إجازتي السنوية"" بدلاً من ""تُطرح من رصيد الإجازات"").؟"
4645	طيب، يعني القانون بيُلزم أصحاب الشركات والمصانع إنهم يستحقوا خطوات عشان يحموا الموظفين من أي تحرش في مكان الشغل؟ (هذا السؤال يركز على إلزام القانون)؟
650	بصراحة، يا ترى الناس اللي بتشتغل شغلانات فيها خطر زي المناجم ولا مصانع الكيماويات، يستحقون أجازة زيادة قد إيه بالظبط؟ (تركيز على مقدار الإجازة الزيادة)؟
3986	بصراحة، أي اللي بيستحقه أي حد سنه عدا الستين وبيشتغل، لما يمشي من الشغل؟ (أقصد مكافأة نهاية الخدمة)؟
1351	طيب، بصفسحة، أنا عايز أعرف لو اشتغلت في يوم إجازة، ليا حق في يوم بديل ولاّ المفروض آخد فلوس ضعف اليوم؟ إيه الصح؟ (التعبير عن الرغبة في معرفة الحق، مع التأكيد على وجود معيار صحيح)؟
3167	طب لو أنا مشيت وكتبت استقالتي، بس الشغل مارضيش ياخد بيها، أعمل إيه؟ (تركيز على الإجراء التالي)
2189	الخصومات: الحد الأقصى للخصم من المرتب كام؟
4286	بصراحة، لو سبت الشغل، لازم ختم أو موافقة من مكتب العمل عشان الاستحددة تبقى تمام؟ (تركيز على الموافقة الرسمية)؟
3597	لو سمحت، أقصى الشغل للحوامل يوافقوا عليه لو عدد الموظفات عندهم إضافة إلى كام؟
2661	لو سمحت، عامل فوق سنه الستين ينفع يتبقاله مكافأة نهاية الخدمة؟
879	لو سمحت، قانون الشغل بيدي للست اللي جابت بيبي كام شهر إجازة أمومة مدفوعة الأجر؟
3508	ممكن أعرف عقب الولادة مباشرةً، لو الموظفة رجعت لشغلها بسرعة، هل الشرع بيضمن لها وظيفتها، وهل ده بيحصل في الشركات فعلًا؟
3367	طيب، في شهور الحمل، من أول شهر كام المفروض الست الحامل متشتغلش نفس كم الوقت اللي كانت بتشتغلها قبل الحمل؟
3816	يعني القانون بيقول إن فيه تفتيش دوري على السلامة، صح؟ طيب، التفتيش ده بيكون كل مدة قد إيه بالظبط؟ (تغيير في ترتيب السؤال وتفصيل بسيط)؟
2877	لو سمحت، إيه الفرق بين صرف المكافأة والتعويض؟
3490	ممكن أعرف بعد الولادة لو رجعت شغلها بسرعة القانون بيدّي الحق الواقع الوظيفي يفي كده؟
1972	ممكن أعرف يعني، هل لما بييجوا يحسبوا التأمينات الاجتماعية، بيبصوا على المرتب بتاعي شامل العلاوات والحوافز ولا بيعتبروا المرتب الأساسي بس هو الأساس؟
3800	بصراحة، هل فيه لسته قانونية بأقل الإمكانيات اللي مطلوب تكون موجودة لحماية العمال، زي توفير خوذة أو لبس مخصوص؟
3624	يعني لو عدد الموظفات في الشركة زاد عن كام واحدة، بيكون فيه شروط خاصة أو تخفيف في الشغل بالنسبة للستات الحوامل؟
1862	بصراحة، أعلى قيمة وصل ليها الحد الأدنى للأجور في القطاع الخاص كانت أد ماذا جنيه، وده كان امتى؟
4879	طيب، لو طفل عنده 14 سنهة، ممكن نعتبره مؤهل للشغل؟ ولا لسه صغير على إنه يشتغل ويستحق مرتب؟ يا ترى فيه قوانين خاصة بالسن ده؟
4727	يعني لو حسيت إن فيه حاجة مش تمام في إجراءات الأمن والسلامة هنا، المفروض أبلغ بيها مين بالظبط؟ (تعبير أكثر تحفظًا وتحديدًا)
3625	طيب، يعني لو عدد الموظفات في الشركة زاد عن كام واحدة، بيكون فيه شروط خاصة أو تخفيف في الشغل بالنسبة للستات الحوامل؟
4242	يعني مقدرتش استنى عشرة أيام للتراجع؟ النظام حدد وقت التراجع للاستقالة كام يوم؟
4390	ممكن أعرف لو مشيت الشركة بالتراضى (استذكرة), ليه مكافأة نهاية خدمة؟ القانون إزاي بيتعامل مع الاستقالة؟
2516	بصراحة، الاشتراكات: بتتقسم كام للعامل وكام لصاحب العمل؟
3221	طب فرضًا كسبت قضية تعويض، هل فيه احتمال إني ماخدش المبلغ اللي بستحقه بالكامل بسبب وجود حد أقصى للتعويضات في القانون؟
2764	ممكن أعرف أنا عندي واحد شغال في شركة خاصة، وقرب على سنه الستين. عاوز أعرف، بعد مرور كده هيقبض إيه؟ هل فيه معاش من الشركة نفسها، ولا كل حاجة بتروح للتأمين؟
2353	طيب، افرض الشركة حسبت مرتبي غلط، هل فيه طريقة لتصحيح الخطأ ده بعد مرور ما قبضت؟ وما هو موقف النظام من حاجة زي كده؟
1134	يعني هل قانونًا ممكن إني أبَدِّل الإجازة بتاعت العيا اللي خدتها بإجازة من حقي السنوية؟
639	لو سمحت، بصراحة كده، كم يوم إجازة عمروية بتتصرف للناس اللي ربنا ابتلاهم بإعاقة؟ هل ليهم معاملة خاصة في الموضوع ده؟
1316	بصراحة، لو داومت في يوم إجازة رسمية زي عيد الأضحى، هاخد قد أي تعويض بدل اليوم ده؟
2739	لو سمحت، الراجل اللي شغال في شركة قطاع خاص، بعد ما يوصل سن الستين، بيكون له حقوق ما هو؟ فيه معاش الشركة بتصرفه له، ولا الموضوع بيعتمد على التأمين بس؟
762	يعني لو فيه حد شغال في تنظيم امتحانات الجامعة، بيستحق إجازة مذاكرة مدتها قد إيه؟ (تركيز على الاستحقاق ومدة الإجازة)؟
703	طيب، ماذا مقدار أيام الإجازات الطارئة اللي ينفع الموظف ياخدها في السنهة، زي إجازة فرح أو عزاء؟
3734	بصراحة، هل فيه أي قوانين بتوجب وجود دكتور مسؤول عن صحة العمال أو دكتور شغل جوة المصانع؟
4117	طيب، لو حصلتلي مشكلة صحية بسبب الشغل، هل أقدر أعتمد على التأمين الصحي بتاعي في العلاج؟ (تركيز على الاعتماد على التأمين)؟
985	طيب، إمتى بالضبط الست الحامل تقدر تستفيد من قانون تخفيف ساعات الشغل أثناء فترة الحمل؟
3593	أقصى العمل للحوامل يوافقوا عليه لو عدد الموظفات عندهم فوق كام؟
3391	طيب، شغل الست الحامل بعد مواعيد الوظيفة الرسمية أو بأجر إضافي، مسموح بيه ولا مخالف للقانون؟ (تغيير في التركيز على نوع العمل)؟
4024	ممكن أعرف لو سمحت، ينفع تفهمني طريقة حساب مكافأة نهاية الخدمة؟ يعني النص شهر عن العمرين اللي قضيتها في الأول والشهر القد إيهل بعد كده، بيتحسبوا بناءً على إيه؟
599	يا ترى، الموظف اللي عنده 50 سنة أو أكتر، بياخد كام يوم إجازة مدفوعة الأجر في السنة؟ (تضيف تفصيلاً بأن الإجازة مدفوعة الأجر).
356	بصراحة، يعني ليّ يوم استراحة إيه عددل كل أسبوع بأجره؟
3853	طيب، يا ترى التشريع فيه كلام عن التحرش الجنسي اللي بيحصل في أماكن الشغل؟
4858	ممكن أعرف هل 14 سنهة ينفع يشتغل؟ النظام نصت للتدريب من 14 والتوظيف من 15؟
5491	"طيب، بالبلدي كده، القانون الجديد هيخلي مرتبات الرجالة والستات تبقى زي بعض بالظبط طالما بيشتغلوا نفس العملانة؟ (استخدام تعبير ""بالبلدي كده"" لتوضيح الرغبة في فهم مبسط)؟"
1915	طيب، يعني لما يقولوا زيادة سنوية 3%، قصدهم الزيادة دي بتنزل على الراتب اللي هو صافي بتاعي، ولا الراتب اللي متسجل في التأمينات؟ (تركيز على التفريق بين صافي الراتب والرقم المسجل)؟
4228	"ممكن أعرف ""استمارة ستة"" دي عبارة عن ماذا؟ والشرع بيقول إيه بخصوصها دلوقتي؟ (تستخدم كلمة ""عبارة عن إيه"" بشكل أكثر بساطة وعامية)؟"
3803	القانون بيقول إيه عن أقل مستوى من الحماية لازم يتوفر للعمال؟ يعني لازم يكون فيه خوذة أو لبس حماية ولا لأ؟
994	ممكن أعرف بعد مرور مرور قد إيه من الحمل، الست العاملة مسموح تطلب تقليل ساعات العمل بتاعتها؟
4305	لو سمحت، لو قررت امشي من الشركة، هل فيه ورق أو تصديق لازم اخده من مكتب الوظيفة عشان اضمن حقي بعد كده؟ (تركيز على الحقوق بعد الاستحددة)؟
5420	"بصراحة، بصاستراحة كده، هل قانون الوظيفة المصري فيه بند واضح وصريح بيجرم ويعاقب على التنمر والتحرش في أماكن المؤسسة؟ (هذه الصياغة أكثر مباشرة وتستخدم تعبيرات مثل ""بصراحة كده"").؟"
3773	هل في حد أدنى لتوفير وسائل الحماية بشكل قانوني؟ مثلًا خوذة أو زي حماية؟
4002	يعني عاوز أعرف طريقة احتساب مكافأة نهاية الخدمة. يعني، لو اشتغلت قد إيه سنة، النص شهر ده والشهر اللي عقبه بيتجابوا إزاي؟
5407	"طيب، هل توجد مادة قانونية بتجرم أي نوع من أنواع التنمر أو التحرش اللي بيحصل في محيط الدوام؟ (هذه الصياغة تستخدم مصطلحات قانونية أكثر مثل ""مادة قانونية"" و ""محيط العمل"").؟"
1032	يعني إيه هي المدة الإضافية اللي بتاخدها الست العاملة اللي بترضع طفلها في شغلها عشان الرضاعة؟
3549	"لو سمحت، الشركة ليها الحق إنها تعامل الموظفة الحامل أو اللي لسة والدة معاملة أحسن وهي في إجازة الوضع أو بعد الولادة بفترة بسيطة؟ (هذه الصيغة تسأل عن ""الحق"" وتستخدم ""معاملة أحسن"" لتوضيح المقصود)؟"
1139	ممكن أقدم طلب علشان الإجازة المرضي دي تتحول لإجازة من الرصيد بتاعي العادي بتاع كل سنة؟
530	بصراحة، أول سنة ليك في الوظيفة ليك 15 يوم إجازة. السؤال بقى، في السنة التانية هتاخد كام يوم إجازة؟
2274	"يعني لو استلمت مبالغ زيادة سواء كانت مستحقات متأخرة أو قرض، وبعد مرورين رجعوا مرتبى زي ما كان قبل كده، هل فيه إمكانية إنهم يقولوا إن ده ""إجراء اضطراري""؟"
1528	ممكن أعرف هو قانون الشغل وافق على عقود الشغل اللي بتكون من بعيد أو عدد ساعات أقل ولا لسه؟ (هنا التركيز على قانون الدوام بشكل مباشر)؟
230	بصراحة، هل وقت الراحة اللي بناخده في الشركة، سواء للغدا أو غيره، بنعتبره من من ضمن مدة الشغل اللي هي 8 ساعات؟
2753	واحد شغال في شركة خاصة وصل سن الستين، يا ترى إيه اللي بيستحقه بعد كده؟ هل في أي مبالغ بتتصرف له من الشركة، ولا هو ماشي تبع نظام التأمين وخلاص؟
5315	طبقا للقانون، هل العمال يقدروا يعملوا نقابات وينضموا ليها بمزاجهم من غير ما حد يتدخل؟ (تركيز على عدم التدخل والحرية الشخصية)
3035	أفهم من كده إنه لو واحد اتطرد من الشغل فجأة بدون مبرر، يبقى القانون بيقف جنبه؟ مفيش صاحب شغل يقدر يعمل كده بمزاجه؟
222	يعني الواحد لما بياخد وقت عشان ياكل أو يستريح شوية، بيتخصم من الـ 8 ساعات بتوع الشغل ولا محسوبين عليهم؟
1180	ممكن أعرف السؤال: لو فيه واحد بيشتغل في مصنع وبيخلط حاجات، وعنده مرض بينتشر، يقعد في الحجر أد ماذا شهر لحد ما يبقى كويس؟
4659	لو سمحت، مش المفروض صاحب الوظيفة يعمل اللي عليه ويحمي الموظفين بتوعه من أي مضايقات جنسية ممكن تحصل في الشغل؟ (هذا السؤال يستخدم صيغة أقرب للاستنكار والتأكيد على واجب صاحب العمل)؟
1001	الست المرضعة لها حق كام فترة راحة إضافية للرضاعة؟
1530	"يعني موقف القانون المصري ما هو من الناس اللي بتشتغل أونلاين أو بتاخد شغل نص يوم؟ (هنا استخدام عبارات مثل ""موقف القانون"" و ""شغل نص يوم"" للتركيز على الجانب القانوني و طبيعة الوظيفة)؟"
5397	لو سمحت، فيه نص في القانون بيجرم التنمر أو التحرش داخل الوظيفة؟
1165	طيب، بالذمة، لو فيه صنايعي بتاع خلطة عيان بمرض ينفع يتنقل للناس، يبقى إجازة العزل بتاعته تبقى قد إيه بالظبط؟ كام شهر يعني؟
1286	بصراحة، يعني حقنا في العمرة، كام يوم إجازة رسمية بيكونوا بفلوس؟
4974	يعني لو فيه ولد أو بنت في ثانوي أو إعدادي نفسه يشتغل شغلانة جنب الدراسية، ماذا التعليمات اللي المفروض يلتزم بيها؟
124	ممكن أعرف يعني لو الواحد اشتغل باليومية، القانون محدد كام ساعة شغل في اليوم الواحد؟
5003	ينفع اللي عندهم من 15 لـ 17 سنة يشتركوا في مشاريع صغيرة أو يخدموا المجتمع بشكل تطوعي؟ (تركيز على الإمكانية والجهات التي تقدم الفرص)
4526	بصراحة، فيه إلزام بوجود حد زي طبيب الشركة أو مسعف جوه المنشأة ولا لأ؟
2009	هل مسموح يخصم أكثر من ربع المرتب؟
1870	ممكن أعرف هل في زيادة سنوية إلزامية للرواتب؟ القانون قال كام بالمية؟
1798	ممكن أعرف مطلوب يكون في حساب بنكي لصرف المرتب ولا يجوز كاش بالإيه عددل؟
5514	يعني في حالة حقوقك مضاعت في الشغل، أي الجهة اللي يمكن الواحد يلجأ ليها؟ وزارة الدوام ولا القضاء؟
1782	يعني طريقة صرف المرتب ماشية إزاي؟ بتستلموه شهريًا، أسبوعيًا، ولا بتقبضوا باليوم؟
1132	ممكن أعرف لو سمحت، ممكن الإجازة اللي كنت واخدها علشان تعبان تتُحسب إجازة سنوية عادية؟
2096	بصراحة، لو الشركة أو صاحب العمل مِسَلَّمِش المرتب في وقته، التشريع بيحمي العامل إزاي؟
5155	"طيب، معنى إن الحد الأدنى بقى أعلى بست آلاف وسبع آلاف جنيه، إن المفروض المرتبات تزيد، فليه الشركات دي لسه مدبسة الدنيا زي ما هي؟ (استخدام ""مدبسة الدنيا"" لوصف عدم التغيير بشكل ساخر)؟"
5274	يعني أي هي بنود قانون الوظيفة الجديد اللي بتتكلم عن منع التمييز والإهانة في المؤسسة؟ جائز تشرحها بشكل مبسط؟
275	يعني القانون بيحدد وقت راحة للغداء كام ساعة في اليوم؟ عشان بس نبقى عارفين حقنا.
4815	لو سمحت، حد تبع وزارة الصحة بينزل يعمل تفتيش مفاجئ على المستشفى اللي بنشتغل فيها، ولا لأ؟ (يضيف عنصر المفاجأة في التفتيش)؟
851	إيه نظام إجازة الأبوة في مصر؟ يعني الأب بياخد كام يوم لما مراته تجيب طفل؟ (تستفسر عن النظام بشكل عام ثم تحدد المدة)
4416	يعني إيه اللي بيحصل بالنسبة لمكافأة نهاية الخدمة لما الواحد يستقيل بمزاجه، والشركة توافق؟ القانون بيحكم الموضوع ده إزاي؟ يعني أستحقها ولا مش من حقي؟ (تركز على آلية عمل القانون في حالة الاستقالة)؟
1101	لو سمحت، تمام، في أول تلات شهور من الإجازة المرضية بيكون المرتب أد إيهل، طب بعد كده، المرتب بيقل ولا بيبقى فيه نظام تاني؟
1655	هل قانوناً يجوز لصاحب العمل تغيير بنود الاتفاقية من طرف واحد، يعني بدون ما ياخد رأي الموظف؟
2361	لو سمحت، لو اكتشفت إن فيه فرق في المرتب بسبب غلطة من الشركة، ممكن أطالب بتعديله بعد ما استلمته؟ والقانون بيحمي حقوقي ازاي في وضع زي ده؟
3362	بصراحة، ابتداءً من شهر قد إيه، الشغل اليومي بتاع الحامل المفروض يقل؟
5293	طيب، يعني القانون بيدي العمال الحق يعملوا نقابات وينضموا لها من غير قيود؟ (تعبير أبسط وأكثر مباشرة)؟
3039	لو سمحت، أفهم من كده إنه لو واحد اتطرد من المؤسسة فجأة بدون مبرر، يبقى النظام بيقف جنبه؟ مفيش صاحب شغل يقدر يعمل كده بمزاجه؟
3110	"بصراحة، إيه الحكمة من وجود حاجة اسمها ""استنصة"" وحاجة اسمها ""إنهاء خدمة""، ويا ترى إيه الفرق بينهم من ناحية التشريع، وإمتى الموظف بيكون ليه حرية الاختيار؟ (هذا السؤال يستفسر عن الحكمة من وراء وجود المصطلحين، ويسأل عن الفرق القانوني بينهما وحرية اختيار الموظف.)؟"
914	"بصراحة، قانونًا، الراجل يقدر ياخد قد إيه إجازة بمناسبة ولادة طفل ليه طول مسيرته المهنية؟ (إضافة كلمة ""قانونًا"" للتأكيد على الجانب القانوني، واستخدام ""مسيرته المهنية"" بدلاً من ""حياته المهنية"")؟"
3072	"يعني لو الاستقالة كانت بسبب ظروف صعبة، ينفع الواحد يلغيها عقب ما قدمها؟ ولا الاستقالة كده تعتبر رسمية ومش هينفع يعمل حاجة؟ (تستخدم ""ظروف صعبة"" بدلاً من ""ضغوط"" وتركز على الرسمية)؟"
2035	طيب، هل فيه أي مشكلة لو الخصومات زادت عن الربع في المرتب؟
3743	"لو حصلت خبطة أو حد اتعور، اللوم يقع على مين؟ (تستخدم كلمة ""خبطة"" للإشارة إلى الحادث، وتستبدل ""المسؤولية"" بـ ""اللوم"")"
3733	طيب، هل فيه أي قوانين بتوجب وجود دكتور مسؤول عن صحة العمال أو دكتور شغل جوة المصانع؟
1880	بصراحة، هو المرتبات لازم تزيد كل سنة غصب عن الشركة ولا لأ؟ ولو الكلام ده صح، نسبة الزيادة اللي القانون بيحددها كام؟ (تركيز على إجبارية الزيادة ونسبة القانون)؟
4851	"لو سمحت، مينفعش تشتغل قبل سنه كام في مصر؟ ده قانون ولا ايه؟ (تستخدم عبارة ""مينفعش"" للتعبير عن المنع و ""ده قانون ولا ايه؟"" للتأكد من أن الأمر يتعلق بقانون)؟"
369	لو سمحت، ينفع أطلب إجازة يوم في أسبوعياً الواحد بفلوسها؟
2392	ممكن أعرف بخصوص خصم تمن الخامات أو اللبس الخاص بالعمل من المرتب، إيه النسبة اللي ممكن تتخصم مني بشكل قانوني؟ (تركيز على النسبة القانونية)؟
3444	يعني إيه اللي بينص عليه قانون الوظيفة بخصوص عدد ساعات عمل الأم المرضعة كل يوم، وعدد مرات الرضاعة المسموح بيها خلال الدوام؟
4109	لو الواحد جاله مرض نتيجة شغله، هل التأمين الصحي بيتحمل تكاليف علاجه؟ (تركيز على تحمل التكاليف)
912	"يعني قانونًا، الراجل يقدر ياخد كم إجازة بمناسبة ولادة طفل ليه طول مسيرته المهنية؟ (إضافة كلمة ""قانونًا"" للتأكيد على الجانب النظامي، واستخدام ""مسيرته المهنية"" بدلاً من ""حياته المهنية"")؟"
4953	لو سمحت، القانون بيوضح إيه بخصوص منع الأطفال من الشغل بالليل أو في أعمال فيها خطورة عليهم؟ عايزين نعرف التفاصيل.؟
1366	ممكن أعرف التشريع بيحدد كام نوع لعقد العمل في القطاع الأهلي؟
3534	"يعني مسموح للشركة تدي ميزات أو معاملة خاصة للموظفة الحامل سواء في فترة إجازة الوضع أو أول ما ترجع شغل؟ (هذه الصيغة تستخدم كلمة ""مسموح"" وتوضح المقصود بـ""تفضل"" باستخدام ""ميزات أو معاملة خاصة"")؟"
3140	"بصراحة، يعني لازم أعمل إخطار رسمي لو حبيت أسحب استحددتي؟ وكمان، في مهلة قانونية للرجوع في الاستقالة دي ولا الوضع مفتوح؟ (هذا السؤال يستخدم كلمة ""إخطار رسمي"" ويعبر عن القلق بشأن وجود مهلة محددة).؟"
5389	"طيب، يعني قانون الوظيفة بيلزم أصحاب الشركات إنهم يوفروا أماكن شغل نضيفة وآمنة للعمال، فيها إضاءة كافية وتهوية مظبوطة، ولا ده مش شرط أساسي في القانون؟ (تغيير في الفاعل من ""الشركات"" إلى ""أصحاب الشركات""، والتركيز على ""شرط أساسي"")؟"
3284	بصراحة، يعني لما حد يقدم استقالته، القضاء الإداري بيشوف الموضوع ده ازاي؟ إيه النظام اللي بيستندوا عليه في حالات الاستقالة؟ (يركز على كيفية تعامل القضاء الإداري مع الأمر)؟
4911	"لو سمحت، القانون بيقول أي بالنسبة لكمية ساعات شغل الشباب اللي تحت الـ 18 في النهار؟ فيه تحديد معين؟ (استخدام كلمة ""القانون"" والتأكيد على وجود ""تحديد معين"")؟"
4893	لو سمحت، تحت سن 18، فيه قيود على ساعات العمل النهارية؟
897	لو سمحت، الرجل بيقدر ياخد إجازة ولادة كام مرة في حياته المهنية؟
1052	بصراحة، لو عييت، أقدر اخد أد إيه يوم مرضي بفلوسي كاملة؟ (تركيز على تجربة شخصية للمتحدث)؟
4136	بصراحة، إذا الواحد اتصاب جدي في الشغل، مين بيتصرف العلاج والتعويض؟
2594	بصراحة، النظام الجديد بيقول، سن المعاش في شركات الشركات الخاصة بقى قد إيه دلوقتي؟
405	لو سمحت، لو اشتغلوا يوم الأحد، يجوز ده يحسب بديل لدفع الإيجار كل أسبوعي؟ يا ترى التشريع بيسمح بحاجة زي دي ولا فيه موانع؟
472	ممكن أعرف في القطاع الخاص، العامل ليه كام يوم إجازة في السنهة؟
1246	"ممكن أعرف ""ماذا المعايير اللي بناءً عليها بتتمنح إجازة الحج؟ هل فيه عوامل زي السن أو عدد سنوات الخبرة بتلعب دور في الموافقة عليها؟""؟"
1056	يعني الشركة بتديني ماذا مقدار يوم إجازة مرضية بمرتب كامل لو احتجت؟ (تركيز على سياسة الشركة)؟
3445	طيب، إيه اللي بينص عليه قانون الوظيفة بخصوص عدد ساعات عمل الأم المرضعة في اليوم، وعدد مرات الرضاعة الجائز بيها خلال الدوام؟
2576	بصراحة، مين المسؤول عن تحديد أقل وأعلى قيمة للأجور اللي بيتخصم منها اشتراكات التأمين، وبيعملوا كده على أساس ما هو؟
3904	ممكن أعرف طب لو موظف قدم شكوى ضد مديره بسبب مضايقات أو أذية، هل كده بيمن ضمن إن مفيش أي انتقام هيحصل من صاحب الشغل؟ القانون بيأمنه يعني؟
618	يعني إيه وضع الناس اللي عندهم ظروف خاصة من ناحية الإجازات السنوية؟ يعني كام يوم المفروض يحصل علىوا في السنة؟
1914	يعني لما يقولوا زيادة سنهوية 3%، قصدهم الزيادة دي بتنزل على الراتب اللي هو صافي بتاعي، ولا الراتب اللي متسجل في التأمينات؟ (تركيز على التفريق بين صافي الراتب والرقم المسجل)؟
2788	ممكن أعرف ماذا وضع اللي بيوصل لسن المعاش وياخد معاشه، وعقب كده بيشتغل في حتة ملهاش علاقة بالتأمين؟
306	يعني الواحد المفروض يستريح كل كام ساعة شغل يعني؟
3963	لو سمحت، واحد عدى الستين واشتغل، ياخد تعويض إيه لما يبطل شغل؟ (نهاية خدمة يعني)؟
2016	يعني ينفع يتشال أكتر من 25% من الراتب؟
988	ممكن أعرف إمتى بالضبط الست الحامل تقدر تستفيد من قانون تخفيف ساعة الشغل أثناء فترة الحمل؟
3144	"يعني طيب، لو قررت ألغي الاستنصة اللي قدمتها، مطلوب أقدم حاجة زي إنذار الأول؟ والسؤال التاني، ممكن أرجع في الاستقالة دي لحد إمتى بالظبط حسب الشرع؟ (هذا السؤال يستخدم كلمة ""إنذار"" ويسأل عن الحد الزمني للرجوع في الاستقالة).؟"
3222	يعني طب فرضًا كسبت قضية تعويض، هل فيه احتمال إني ماخدش المبلغ اللي بستحقه بالكامل بسبب وجود حد أقصى للتعويضات في القانون؟
2248	"ممكن أعرف فيه تدريب خدته من الشركة بتاعتي، والعقد فيه شرط جزائي إني لو استقيلت قبل ما أخلص مدة معينة أدفع فلوس التدريب. إيه وضع الشرط ده من ناحية النظام؟ (يستخدم مصطلح ""شرط جزائي"" لإضافة دقة قانونية أكثر).؟"
3120	"يعني إيه السبب في إننا بنستخدم كلمتين مختلفتين زي ""الاستقالة"" و""إنهاء الخدمة"" لما حد بيسيب العمل؟ وإزاي التشريع بيتعامل مع كل واحدة فيهم؟ وهل الموظف دايمًا بيكون عنده حرية الاختيار بين الطريقتين؟ (هذا السؤال يركز على سبب استخدام كلمتين مختلفتين، وكيف يتعامل القانون مع كل منهما، وما إذا كان الموظف لديه دائمًا حرية الاختيار.)؟"
4630	ممكن أعرف في مصر، هل فيه قوانين بتمنع وتجرم أي تصرفات مؤذية أو مهينة بتحصل بين الزملا في الشغل؟ (تركز على منع التجريم)؟
1113	لو سمحت، هل مسموح أحول الإجازة المرضية لإجازة عمروية؟
5176	ممكن أعرف بعد الزيادة اللي حصلت في الحد الأدنى للأجور، اللي وصلت لستة وسبعة آلاف جنيه، ليه مفيش أي استجابة من الشركات دي؟ ليه مفيش أي تغيير في المرتبات؟ (تركيز على غياب الاستجابة والتغيير في المرتبات)؟
215	هل وقت الفسح، زي أكل العيش أو البريك، جزء من الـ 8 ساعات شغل الرسميين؟
3333	"لو سمحت، المحكمة اللي عاملينها مخصوص لقضايا الشغل دي، ما هو نوع المشاكل اللي بتتعامل معاها؟ ولو اترفدت من الشغل، ينفع أروح أقدم شكوى هناك على طول، ولا واجب أستنى موافقة من جهة حكومية؟ (تستخدم كلمة ""أقدم شكوى"" بدلاً من ""أروح المحكمة"" وتؤكد على فكرة ""الجهة الحكومية"")؟"
840	يعني بعد الولادة، الزوج المفروض يقعد أد أي يوم إجازة من شغله عشان يساعد مراته؟ (تركز على دور المساعدة بعد الولادة)؟
3097	طيب، إيه الفرق بين الاستنصة وإنهاء الخدمة، وإزاي فيه أنواع منها قانونية والنوع التاني برغبة الموظف؟ (هذا السؤال يركز على الفروق الجوهرية بين المفهومين وكيفية اختلافهما من حيث المشروعة والاختيارية.)؟
3356	بصراحة، من أنهي شهر في الحمل المفروض الست تبدأ تقلل عدد ساعات شغلها في اليوم؟
4720	ممكن أعرف لو فيه مشاكل في الأمان اكتشفتها في الشركة، أروح أشتكي لمين عشان الموضوع يتصلح؟ (تركيز على الشكوى والتصليح)؟
1254	يعني كم يوم أجازات رسمية مدفوعة في السنهة؟
5145	لو سمحت، لو عرف الحد الأدنى يزيد 6000 و7000 من ورا، ليه الشركات دي نفس الكلام؟
3937	طيب، في إلزام قانوني على أصحاب المصانع والمحلات إنهم يعرفوا تاريخ الموظفين الإجرامي قبل ما يشغلوهم، ولا ده مش ضروري عشان إجراءات السلامة؟ (تغيير في الكلمات والتعبير عن ضرورة معرفة التاريخ الإجرامي للموظف).؟
1044	يعني قانون الوظيفة بيقول إيه عن مقدار أيام الإجازة المرضية المدفوعة؟ (تركيز على القانون)؟
2875	طيب، إيه الفرق بين صرف المكافأة والتعويض؟
4442	"بصراحة، لو حصل فصل تعسفي، إزاي الواحد يقدر يستفيد من محكمة العمل الجديدة دي؟ وهل ممكن أقدم شكوى على طول ولا ضروري أعدّي على جهة تانية الأول؟ (تستخدم مصطلح ""فصل تعسفي"" و تركز على وجود جهة وسيطة قبل المحكمة)؟"
4048	ممكن أعرف هو لو حد مشي من الشغل بمزاجه بعد مرور العمر ده، ياخد مستحقاته دي ولا لأ؟ المستحقات دي مرتبطة بالاستقالة ولا الفصل؟
2206	ممكن أعرف يا ترى، الخصومات متوصلش لفين من المرتب؟ يعني أعلى نسبة خصم أد إيه؟
1448	بصراحة، أطول فترة ممكن الواحد يشتغلها تحت نظام التجربة هي قد ما هو؟ (بيركز على فترة العمل بنظام التجربة)؟
2333	لو في خطأ من الشركة في صرف المرتب، ممكن يتعدل بعدين؟ القانون إيه؟
4211	"يعني إيه بالظبط ""نموذج 6""؟ وإيه القانون بيقول فيه حالياً؟ (تركز على المصطلح ""نموذج"" بدلاً من ""استمارة"" واستخدام كلمة ""القانون"" بدلًا من ""الوضع القانوني"")"
3098	بصراحة، أي الفرق بين الاستنصة وإنهاء الخدمة، وإزاي فيه أنواع منها قانونية والنوع التاني برغبة الموظف؟ (هذا السؤال يركز على الفروق الجوهرية بين المفهومين وكيفية اختلافهما من حيث الشرعية والاختيارية.)؟
1183	طيب، إجازة الحج والعمرة قد أي شهر ومين يستحقها؟
1745	لو واحد شغال تحت فترة اختبار متسجلة في العقد، ممكن ببساطة يسيب الشغل ويمشي ولا في التزامات عليه؟
1539	لو سمحت، هل الدولة بتعترف بالشغل اللي بيتعمل عن طريق الإنترنت والشغل اللي مش بيكون طول اليوم ولا لسه مفيش اعتراف رسمي؟ (هنا تفصيل أكبر لوصف طبيعة العمل مع التأكيد على الاعتراف الرسمي)؟
4587	لو سمحت، هل العامل من حقه يقول لأ للشغلانة لو كانت هتعرضه للخطر عشان مفيش إجراءات وقاية أو أدوات سلامة؟
2777	لو واحد اتقاعد وبعدين اشتغل في مكان تاني مش بيدفع تأمينات، إيه النظام بتاعه؟
2518	ممكن أعرف الاشتراكات: بتتقسم أد أي للعامل وكام لصاحب العمل؟
839	بعد الولادة، الزوج المفروض يقعد كام يوم إجازة من شغله عشان يساعد مراته؟ (تركز على دور المساعدة بعد الولادة)
1177	طيب، السؤال: لو فيه واحد بيشتغل في مصنع وبيخلط حاجات، وعنده مرض بينتشر، يقعد في الحجر قد إيه شهر لحد ما يبقى كويس؟
5467	طيب، القانون الجديد يفي المساواة في الأجر بين الموظفين نفس الوظيفة (رجالة وستات)؟
374	بصراحة، فيه إمكانية إني أغيب يوم أد إيهل كل أسبوع و المرتب بتاعي مينقصش؟
3712	ممكن أعرف ضروري يبقى فيه دكتور شغل أو دكتور متخصص موجود في المصانع؟
2631	لو سمحت، يا ترى فيه اختلاف بين العمر اللي بيطلع فيه الواحد معاش والسن اللي ممكن صاحب الشغل يمشيك فيه من الشغل؟
