101	كام عدد ساعات العمل القانونية في اليوم؟
102	يعني كام كمية ساعة العمل الرسمية باليوم؟
103	طيب، قد إيه كم ساعات العمل المعتمدة يومياً؟
104	بصراحة، أد ماذا عدد ساعات العمل النظامية كل يوم؟
105	لو سمحت، كام عدد ساعات الوظيفة التشريعية في اليوم؟
106	ممكن أعرف كم عدد ساعات العمل حسب الشرع في اليوم؟
107	الشغلانة المفروض الواحد يشتغلها في اليوم بتاخد كام ساعة حسب القانون؟
108	يعني الشغلانة المفروض الواحد يشتغلها باليوم بتاخد كام ساعة حسب القانون؟
109	طيب، الشركةانة المفروض الواحد يشتغلها في اليوم بتاخد كام ساعة حسب التشريع؟
110	بصراحة، المؤسسةانة المفروض الواحد يشتغلها في اليوم بتاخد كام ساعة حسب القانون؟
111	لو سمحت، المؤسسةانة المفروض الواحد يشتغلها في اليوم بتاخد إيه عدد ساعة حسب التشريع؟
112	ممكن أعرف الشغلانة المفروض الواحد يشتغلها في اليوم بتاخد كم ساعة حسب القانون؟
113	القانون بيقول الواحد يشتغل كام ساعة في اليوم بحد أقصى؟
114	يعني القانون بيقول الواحد يشتغل كام ساعة في اليوم بحد أقصى؟
115	طيب، التشريع بيقول الواحد يشتغل كام ساعة في اليوم بحد أقصى؟
116	بصراحة، القانون بيقول الواحد يشتغل كم ساعة في اليوم بحد أقصى؟
117	لو سمحت، القانون بيقول الواحد يشتغل أي عدد ساعة في اليوم بحد أقصى؟
118	ممكن أعرف القانون بيقول الواحد يشتغل كام ساعة في اليوم بحد أقصى؟
119	يعني لو الواحد اشتغل باليومية، القانون محدد كام ساعة شغل في اليوم الواحد؟
120	يعني لو الواحد اشتغل باليومية، التشريع محدد كم ساعة شغل في اليوم الواحد؟
121	طيب، يعني لو الواحد اشتغل باليومية، القانون محدد كام ساعة شغل كل يوم الواحد؟
122	بصراحة، يعني لو الواحد اشتغل باليومية، الشرع محدد أد ما هو ساعة شغل في اليوم الواحد؟
123	لو سمحت، يعني لو الواحد اشتغل باليومية، النظام محدد كام ساعة شغل في اليوم الواحد؟
124	ممكن أعرف يعني لو الواحد اشتغل باليومية، القانون محدد كام ساعة شغل في اليوم الواحد؟
125	أقل حاجة الواحد لازم يشتغلها في اليوم كام ساعة عشان تبقى قانونية ومفيش مخالفة؟
126	يعني أقل حاجة الواحد لازم يشتغلها كل يوم كام ساعة عشان تبقى قانونية ومفيش مخالفة؟
127	طيب، أقل حاجة الواحد ضروري يشتغلها باليوم كام ساعة عشان تبقى قانونية ومفيش مخالفة؟
128	بصراحة، أقل حاجة الواحد مطلوب يشتغلها كل يوم كام ساعة عشان تبقى قانونية ومفيش مخالفة؟
129	لو سمحت، أقل حاجة الواحد مطلوب يشتغلها يومياً أد إيه ساعة عشان تبقى قانونية ومفيش مخالفة؟
130	ممكن أعرف أقل حاجة الواحد لازم يشتغلها في اليوم كام ساعة عشان تبقى قانونية ومفيش مخالفة؟
131	طبقا للقانون، اليومية بتاعة الشغل تتحدد على أساس كام ساعة عمل؟
132	يعني طبقا للقانون، اليومية بتاعة الشغل تتحدد على أساس كام ساعة عمل؟
133	طيب، طبقا للقانون، اليومية بتاعة الشغل تتحدد على أساس كام ساعة عمل؟
134	بصراحة، طبقا للقانون، اليومية بتاعة الشركة تتحدد على أساس قد إيه ساعة عمل؟
135	لو سمحت، طبقا للقانون، اليومية بتاعة الشغل تتحدد على أساس قد إيه ساعة عمل؟
136	ممكن أعرف طبقا للقانون، اليومية بتاعة الوظيفة تتحدد على أساس إيه كم ساعة عمل؟
137	هل ممكن يطلب مني الشغل أكتر من 8 ساعات في اليوم؟
138	يعني هل ممكن يطلب مني المؤسسة أكتر من 8 ساعات في اليوم؟
139	طيب، هل ممكن يطلب مني الشغل زيادة من 8 ساعات في اليوم؟
140	بصراحة، هل ممكن يطالب مني المؤسسة أكثر من 8 وقت في اليوم؟
141	لو سمحت، هل ممكن يطلب مني الشركة أكتر من 8 ساعات في اليوم؟
142	ممكن أعرف هل ممكن يطلب مني الشغل فوق من 8 ساعات في اليوم؟
143	ينفع الشركة تطلب مني أشتغل فوق الـ 8 ساعات في اليوم الواحد؟ (تركيز على إمكانية الطلب من الشركة)
144	يعني ينفع الشركة تطلب مني أشتغل فوق الـ 8 ساعات في اليوم الواحد؟ (تركيز على إمكانية الطلب من الشركة)؟
145	طيب، ينفع الشركة تطلب مني أشتغل إضافة إلى الـ 8 ساعات باليوم الواحد؟ (تركيز على إمكانية الطلب من الشركة)؟
146	بصراحة، ينفع الشركة تطلب مني أشتغل فوق الـ 8 ساعة في اليوم الواحد؟ (تركيز على إمكانية الطلب من الشركة)؟
147	لو سمحت، ينفع الشركة تطلب مني أشتغل فوق الـ 8 ساعة في اليوم الواحد؟ (تركيز على إمكانية الطلب من الشركة)؟
148	ممكن أعرف ينفع الشركة تطلب مني أشتغل فوق الـ 8 ساعات في اليوم الواحد؟ (تركيز على إمكانية الطلب من الشركة)؟
149	ممكن الشغل يلزمني إني أداوم أكتر من 8 ساعات يومياً؟ (تركيز على الإلزام و المداومة)
150	يعني يجوز الشغل يلزمني إني أداوم فوق من 8 ساعة يومياً؟ (تركيز على الإلزام و المداومة)؟
151	طيب، ممكن الشغل يلزمني إني أداوم زيادة من 8 ساعات يومياً؟ (تركيز على الإلزام و المداومة)؟
152	بصراحة، ممكن المؤسسة يلزمني إني أداوم فوق من 8 ساعات يومياً؟ (تركيز على الإلزام و المداومة)؟
153	لو سمحت، ممكن الشغل يلزمني إني أداوم أعلى من 8 ساعات يومياً؟ (تركيز على الإلزام و المداومة)؟
154	ممكن أعرف يمكن الشغل يلزمني إني أداوم أكتر من 8 ساعة يومياً؟ (تركيز على الإلزام و المداومة)؟
155	هل وارد إني أضطر أشتغل زيادة عن الـ 8 ساعات في اليوم في الشغل ده؟ (تركيز على احتمال الاضطرار و الزيادة)
156	يعني هل وارد إني أضطر أشتغل زيادة عن الـ 8 ساعات في اليوم في الشغل ده؟ (تركيز على احتمال الاضطرار و الزيادة)؟
157	طيب، هل وارد إني أضطر أشتغل زيادة عن الـ 8 ساعة في اليوم في الشغل ده؟ (تركيز على احتمال الاضطرار و الزيادة)؟
158	بصراحة، هل وارد إني أضطر أشتغل زيادة عن الـ 8 وقت في اليوم في الشغل ده؟ (تركيز على احتمال الاضطرار و الزيادة)؟
159	لو سمحت، هل وارد إني أضطر أشتغل زيادة عن الـ 8 ساعات في اليوم في الوظيفة ده؟ (تركيز على احتمال الاضطرار و الزيادة)؟
160	ممكن أعرف هل وارد إني أضطر أشتغل زيادة عن الـ 8 ساعات في اليوم في الشغل ده؟ (تركيز على احتمال الاضطرار و الزيادة)؟
161	الشغل ممكن يوصل لعدد ساعات أكتر من 8 ساعات في اليوم؟ (تركيز على إمكانية وصول عدد الساعات إلى أكثر من 8)
162	يعني الشغل ممكن يوصل لكمية ساعة أكثر من 8 ساعات في اليوم؟ (تركيز على إمكانية وصول عدد الساعات إلى أكثر من 8)؟
163	طيب، الشغل ينفع يوصل لعدد وقت أكتر من 8 ساعات في اليوم؟ (تركيز على إمكانية وصول عدد الساعات إلى أكثر من 8)؟
164	بصراحة، العمل ممكن يوصل لعدد ساعات أكثر من 8 ساعات باليوم؟ (تركيز على إمكانية وصول عدد الساعات إلى أكثر من 8)؟
165	لو سمحت، العمل ممكن يوصل لعدد ساعة أكتر من 8 ساعات في اليوم الواحد؟ (تركيز على إمكانية وصول عدد الساعات إلى أكثر من 8)؟
166	ممكن أعرف الشغل ممكن يوصل لمقدار ساعات فوق من 8 ساعات في اليوم؟ (تركيز على إمكانية وصول عدد الساعات إلى أكثر من 8)؟
167	فيه احتمال إني أشتغل ورديات أطول من 8 ساعات في اليوم الواحد في الشغل ده؟ (تركيز على الوردية و طولها)
168	يعني فيه احتمال إني أشتغل ورديات أطول من 8 ساعة في اليوم الواحد في الوظيفة ده؟ (تركيز على الوردية و طولها)؟
169	طيب، فيه احتمال إني أشتغل ورديات أطول من 8 ساعات في اليوم الواحد في الشغل ده؟ (تركيز على الوردية و طولها)؟
170	بصراحة، فيه احتمال إني أشتغل ورديات أطول من 8 ساعة باليوم الواحد في الشغل ده؟ (تركيز على الوردية و طولها)؟
171	لو سمحت، فيه احتمال إني أشتغل ورديات أطول من 8 ساعات في اليوم الواحد في الوظيفة ده؟ (تركيز على الوردية و طولها)؟
172	ممكن أعرف فيه احتمال إني أشتغل ورديات أطول من 8 ساعة في اليوم الواحد في الشغل ده؟ (تركيز على الوردية و طولها)؟
173	كام عدد ساعات العمل القانونية في الأسبوع؟
174	يعني أد إيه عدد ساعات الوظيفة الرسمية في كل أسبوع؟
175	طيب، كم كمية ساعات العمل القانونية في الأسبوع؟
176	بصراحة، كام عدد ساعة العمل الشرعية في كل أسبوع؟
177	لو سمحت، كام عدد ساعات العمل القانونية في في الأسبوع الواحد؟
178	ممكن أعرف كام عدد ساعة العمل القانونية في الأسبوع؟
179	الشغل المفروض نشتغله في الأسبوع كام ساعة حسب القانون؟
180	يعني الشغل المفروض نشتغله في في الأسبوع الواحد كام ساعة حسب النظام؟
181	طيب، الشغل المفروض نشتغله في الأسبوع كام ساعة حسب القانون؟
182	بصراحة، الشغل المفروض نشتغله في أسبوعياً كام ساعة حسب القانون؟
183	لو سمحت، المؤسسة المفروض نشتغله في الأسبوع أد إيه ساعة حسب النظام؟
184	ممكن أعرف الشغل المفروض نشتغله في الأسبوع كم ساعة حسب القانون؟
185	القانون بيقول إننا المفروض نشتغل كام ساعة في الأسبوع كحد أقصى؟
186	يعني النظام بيقول إننا المفروض نشتغل أد ما هو ساعة في كل أسبوع كحد أقصى؟
187	طيب، القانون بيقول إننا المفروض نشتغل كام ساعة في الأسبوع كحد أقصى؟
188	بصراحة، القانون بيقول إننا المفروض نشتغل كام ساعة في الأسبوع كحد أقصى؟
189	لو سمحت، القانون بيقول إننا المفروض نشتغل كام ساعة في أسبوعياً كحد أقصى؟
190	ممكن أعرف القانون بيقول إننا المفروض نشتغل كام ساعة في الأسبوع كحد أقصى؟
191	عدد ساعات العمل الأسبوعية اللي القانون بيحددها أد إيه؟
192	يعني كم ساعات العمل في الأسبوع الواحدية اللي التشريع بيحددها أد أي؟
193	طيب، عدد ساعات العمل كل أسبوعية اللي القانون بيحددها أد إيه؟
194	بصراحة، عدد ساعات العمل كل أسبوعية اللي القانون بيحددها أد أي؟
195	لو سمحت، كم ساعات العمل الأسبوعية اللي التشريع بيحددها أد ماذا؟
196	ممكن أعرف عدد ساعة الوظيفة في الأسبوع الواحدية اللي القانون بيحددها أد إيه؟
197	مسموح لينا نشتغل كام ساعة في الأسبوع بالكتير من غير مخالفة للقانون؟
198	يعني ممكن لينا نشتغل كم ساعة في أسبوعياً بالكتير من غير مخالفة للقانون؟
199	طيب، مباح لينا نشتغل كام ساعة في الأسبوع بالكتير من غير مخالفة للقانون؟
200	بصراحة، مسموح لينا نشتغل أد ماذا ساعة في الأسبوع بالكتير من غير مخالفة للقانون؟
201	لو سمحت، مسموح لينا نشتغل قد أي ساعة في كل أسبوع بالكتير من غير مخالفة للقانون؟
202	ممكن أعرف مسموح لينا نشتغل كام ساعة في الأسبوع بالكتير من غير مخالفة للقانون؟
203	لو واحد شغال باليومية، كام ساعة عمل في الأسبوع تعتبر قانونية؟
204	يعني لو واحد شغال باليومية، كام ساعة عمل في أسبوعياً تعتبر قانونية؟
205	طيب، لو واحد شغال باليومية، كام ساعة عمل في الأسبوع تعتبر قانونية؟
206	بصراحة، لو واحد شغال باليومية، أد ماذا ساعة عمل في الأسبوع تعتبر قانونية؟
207	لو سمحت، لو واحد شغال باليومية، كام ساعة عمل في الأسبوع تعتبر قانونية؟
208	ممكن أعرف لو واحد شغال باليومية، كام ساعة عمل في الأسبوع تعتبر قانونية؟
209	ساعات الراحة (زي الغداء أو فترات راحة) بتتحسب ضمن الـ8 ساعات؟
210	يعني وقت الراحة (زي الغداء أو فترات راحة) بتتحسب ضمن الـ8 ساعات؟
211	طيب، وقت الاستراحة (زي الغداء أو فترات راحة) بتتحسب ضمن الـ8 ساعات؟
212	بصراحة، ساعة الراحة (زي الغداء أو فترات راحة) بتتحسب من ضمن الـ8 ساعات؟
213	لو سمحت، ساعة الراحة (زي الغداء أو فترات راحة) تحسب ضمن الـ8 ساعات؟
214	ممكن أعرف ساعات الراحة (زي الغداء أو فترات راحة) بتتحسب ضمن الـ8 ساعات؟
215	هل وقت الفسح، زي أكل العيش أو البريك، جزء من الـ 8 ساعات شغل الرسميين؟
216	يعني هل وقت الفسح، زي أكل العيش أو البريك، جزء من الـ 8 ساعات شغل الرسميين؟
217	طيب، هل وقت الفسح، زي أكل العيش أو البريك، جزء من الـ 8 ساعات شغل الرسميين؟
218	بصراحة، هل وقت الفسح، زي أكل العيش أو البريك، جزء من الـ 8 ساعات شغل الرسميين؟
219	لو سمحت، هل وقت الفسح، زي أكل العيش أو البريك، جزء من الـ 8 وقت شغل الرسميين؟
220	ممكن أعرف هل وقت الفسح، زي أكل العيش أو البريك، جزء من الـ 8 ساعة شغل الرسميين؟
221	يعني الواحد لما بياخد وقت عشان ياكل أو يستريح شوية، بيتخصم من الـ 8 ساعات بتوع الشغل ولا محسوبين عليهم؟
222	يعني الواحد لما بياخد وقت عشان ياكل أو يستريح شوية، بيتخصم من الـ 8 ساعات بتوع الشغل ولا محسوبين عليهم؟
223	طيب، يعني الواحد لما بياخد وقت عشان ياكل أو يستريح شوية، بيتخصم من الـ 8 وقت بتوع الشغل ولا محسوبين عليهم؟
224	بصراحة، يعني الواحد لما بياخد وقت عشان ياكل أو يستريح شوية، بيتخصم من الـ 8 وقت بتوع الشغل ولا محسوبين عليهم؟
225	لو سمحت، يعني الواحد لما بياخد وقت عشان ياكل أو يستريح شوية، بيتخصم من الـ 8 ساعة بتوع المؤسسة ولا محسوبين عليهم؟
226	ممكن أعرف يعني الواحد لما بياخد وقت عشان ياكل أو يستريح شوية، بيتخصم من الـ 8 ساعات بتوع الشركة ولا محسوبين عليهم؟
227	هل وقت الراحة اللي بناخده في الشغل، سواء للغدا أو غيره، بنعتبره من ضمن مدة الشغل اللي هي 8 ساعات؟
228	يعني هل وقت الراحة اللي بناخده في الوظيفة، سواء للغدا أو غيره، بنعتبره من ضمن مدة الشغل اللي هي 8 ساعات؟
229	طيب، هل وقت الفسحة اللي بناخده في العمل، سواء للغدا أو غيره، بنعتبره من ضمن مدة الشغل اللي هي 8 ساعات؟
230	بصراحة، هل وقت الراحة اللي بناخده في الشركة، سواء للغدا أو غيره، بنعتبره من من ضمن مدة الشغل اللي هي 8 ساعات؟
231	لو سمحت، هل وقت البريك اللي بناخده في الشغل، سواء للغدا أو غيره، بنعتبره من ضمن مدة الشغل اللي هي 8 وقت؟
232	ممكن أعرف هل وقت الراحة اللي بناخده في الشغل، سواء للغدا أو غيره، بنعتبره من ضمن مدة الشغل اللي هي 8 ساعات؟
233	البريكات اللي بناخدها في الشغل، زي وقت الأكل، بتتضاف على الـ 8 ساعات شغل ولا لأ؟
234	يعني البريكات اللي بناخدها في الشغل، زي وقت الأكل، بتتضاف على الـ 8 ساعة شغل ولا لأ؟
235	طيب، البريكات اللي بناخدها في الشغل، زي وقت الأكل، بتتضاف على الـ 8 ساعات شغل ولا لأ؟
236	بصراحة، البريكات اللي بناخدها في العمل، زي وقت الأكل، بتتضاف على الـ 8 ساعات شغل ولا لأ؟
237	لو سمحت، البريكات اللي بناخدها في العمل، زي وقت الأكل، بتتضاف على الـ 8 وقت شغل ولا لأ؟
238	ممكن أعرف البريكات اللي بناخدها في الوظيفة، زي وقت الأكل، بتتضاف على الـ 8 ساعات شغل ولا لأ؟
239	لو باخد بريك غدا أو أي راحة تانية في الشغل، ده بيعتبر من ضمن الـ 8 ساعات بتوع الشغل ولاّ بيتحسب وقت إضافي؟
240	يعني لو باخد بريك غدا أو أي فسحة تانية في الوظيفة، ده بيعتبر من جزء من الـ 8 ساعات بتوع الشغل ولاّ بيتُعتبر وقت إضافي؟
241	طيب، لو باخد بريك غدا أو أي راحة تانية في الشغل، ده بيعتبر من في الـ 8 ساعة بتوع الشغل ولاّ بيتحسب وقت إضافي؟
242	بصراحة، لو باخد بريك غدا أو أي استراحة تانية في الشغل، ده بيعتبر من ضمن الـ 8 وقت بتوع الشغل ولاّ بيتحسب وقت إضافي؟
243	لو سمحت، لو باخد بريك غدا أو أي فسحة تانية في العمل، ده بيعتبر من ضمن الـ 8 ساعات بتوع الشغل ولاّ بيتحسب وقت إضافي؟
244	ممكن أعرف لو باخد بريك غدا أو أي راحة تانية في العمل، ده بيعتبر من ضمن الـ 8 ساعات بتوع الشغل ولاّ بيتحسب وقت إضافي؟
245	القانون بيقول ناخد فترة راحة (غداء) كام ساعة في اليوم؟
246	يعني القانون بيقول ناخد زمن راحة (غداء) كام ساعة في اليوم الواحد؟
247	طيب، القانون بيقول ناخد فترة راحة (غداء) قد ماذا ساعة في اليوم؟
248	بصراحة، التشريع بيقول ناخد زمن راحة (غداء) كم ساعة في اليوم؟
249	لو سمحت، القانون بيقول ناخد فترة راحة (غداء) كام ساعة في اليوم؟
250	ممكن أعرف القانون بيقول ناخد فترة استراحة (غداء) قد إيه ساعة في اليوم الواحد؟
251	بصراحة، حسب القانون، وقت الراحة (الغداء) المفروض يكون قد إيه في اليوم الواحد؟
252	يعني بصراحة، حسب القانون، وقت الراحة (الغداء) المفروض يكون قد إيه في اليوم الواحد؟
253	طيب، بصراحة، حسب التشريع، وقت الراحة (الغداء) المفروض يكون قد إيه في اليوم الواحد؟
254	بصراحة، حسب القانون، وقت الراحة (الغداء) المفروض يكون قد إيه باليوم الواحد؟
255	لو سمحت، بصاستراحة، حسب القانون، وقت الراحة (الغداء) المفروض يكون قد إيه في اليوم الواحد؟
256	ممكن أعرف بصاستراحة، حسب القانون، وقت الراحة (الغداء) المفروض يكون قد ماذا في اليوم الواحد الواحد؟
257	يا ترى القانون محدد فترة استراحة غداء مدتها قد إيه في شغل اليوم؟
258	يعني يا ترى القانون محدد فترة استراحة غداء مدتها قد ما هو في شغل اليوم؟
259	طيب، يا ترى القانون محدد فترة استبريك غداء مدتها قد إيه في شغل اليوم؟
260	بصراحة، يا ترى الشرع محدد وقت استراحة غداء مدتها قد ما هو في شغل اليوم؟
261	لو سمحت، يا ترى النظام محدد فترة استراحة غداء مدتها قد إيه في شغل اليوم؟
262	ممكن أعرف يا ترى القانون محدد وقت استراحة غداء مدتها قد ماذا في شغل اليوم؟
263	القانون بينص على وقت راحة قد إيه للغداء خلال اليوم؟ عايزين نعرف المدة بالظبط.
264	يعني القانون بينص على وقت راحة قد ما هو للغداء خلال اليوم؟ عايزين نعرف المدة بالظبط.؟
265	طيب، القانون بينص على وقت راحة قد إيه للغداء خلال اليوم؟ عايزين نعرف المدة بالظبط.؟
266	بصراحة، التشريع بينص على وقت بريك قد إيه للغداء خلال اليوم؟ عايزين نعرف المدة بالظبط.؟
267	لو سمحت، القانون بينص على وقت راحة قد إيه للغداء خلال اليوم؟ عايزين نعرف المدة بالظبط.؟
268	ممكن أعرف القانون بينص على وقت بريك قد أي للغداء خلال اليوم؟ عايزين نعرف المدة بالظبط.؟
269	إيه المدة القانونية اللي المفروض ناخدها كاستراحة غداء في اليوم الواحد؟
270	يعني ما هو المدة النظامية اللي المفروض ناخدها كاستراحة غداء في اليوم الواحد؟
271	طيب، ماذا المدة القانونية اللي المفروض ناخدها كاستراحة غداء في اليوم الواحد؟
272	بصراحة، أي المدة القانونية اللي المفروض ناخدها كاستراحة غداء في اليوم الواحد؟
273	لو سمحت، إيه المدة القانونية اللي المفروض ناخدها كاستراحة غداء في اليوم الواحد الواحد؟
274	ممكن أعرف ماذا المدة المعتمدة اللي المفروض ناخدها كاستراحة غداء في اليوم الواحد؟
275	يعني القانون بيحدد وقت راحة للغداء كام ساعة في اليوم؟ عشان بس نبقى عارفين حقنا.
276	يعني الشرع بيحدد وقت راحة للغداء قد ما هو ساعة كل يوم؟ عشان بس نبقى عارفين حقنا.؟
277	طيب، يعني القانون بيحدد وقت فسحة للغداء كام ساعة في اليوم؟ عشان بس نبقى عارفين حقنا.؟
278	بصراحة، يعني القانون بيحدد وقت فسحة للغداء أد إيه ساعة يومياً؟ عشان بس نبقى عارفين حقنا.؟
279	لو سمحت، يعني القانون بيحدد وقت راحة للغداء كام ساعة في اليوم الواحد؟ عشان بس نبقى عارفين حقنا.؟
280	ممكن أعرف يعني القانون بيحدد وقت راحة للغداء كام ساعة باليوم؟ عشان بس نبقى عارفين حقنا.؟
281	لازم بعد كام ساعة شغل ناخد استراحة؟
282	يعني مطلوب عقب كام ساعة شغل ناخد استراحة؟
283	طيب، لازم بعد مرور كام ساعة شغل ناخد استراحة؟
284	بصراحة، لازم بعد كام ساعة شغل ناخد استراحة؟
285	لو سمحت، مطلوب بعد كام ساعة شغل ناخد استراحة؟
286	ممكن أعرف لازم بعد مرور كام ساعة شغل ناخد استراحة؟
287	كل قد إيه شغل الواحد محتاج يريح شوية؟
288	يعني كل قد ماذا شغل الواحد محتاج يريح شوية؟
289	طيب، كل قد إيه شغل الواحد محتاج يريح شوية؟
290	بصراحة، كل قد إيه شغل الواحد محتاج يريح شوية؟
291	لو سمحت، كل قد إيه شغل الواحد محتاج يريح شوية؟
292	ممكن أعرف كل قد ماذا شغل الواحد محتاج يريح شوية؟
293	بعد شغل مدته قد إيه لازم نفصل ونريح أعصابنا؟
294	يعني بعد شغل مدته قد إيه مفروض نفصل ونريح أعصابنا؟
295	طيب، بعد شغل مدته قد ما هو لازم نفصل ونريح أعصابنا؟
296	بصراحة، بعد مرور شغل مدته قد إيه واجب نفصل ونريح أعصابنا؟
297	لو سمحت، عقب شغل مدته قد ماذا لازم نفصل ونريح أعصابنا؟
298	ممكن أعرف عقب شغل مدته قد إيه لازم نفصل ونريح أعصابنا؟
299	يعني المفروض نشتغل كام ساعة قبل ما ناخد بريك؟
300	يعني المفروض نشتغل كام ساعة قبل ما ناخد بريك؟
301	طيب، يعني المفروض نشتغل كام ساعة قبل ما ناخد بريك؟
302	بصراحة، يعني المفروض نشتغل كم ساعة قبل ما ناخد بريك؟
303	لو سمحت، يعني المفروض نشتغل كام ساعة قبل ما ناخد بريك؟
304	ممكن أعرف يعني المفروض نشتغل ماذا عدد ساعة قبل ما ناخد بريك؟
305	الواحد المفروض يستريح كل كام ساعة شغل يعني؟
306	يعني الواحد المفروض يستريح كل كام ساعة شغل يعني؟
307	طيب، الواحد المفروض يستريح كل كام ساعة شغل يعني؟
308	بصراحة، الواحد المفروض يستريح كل كام ساعة شغل يعني؟
309	لو سمحت، الواحد المفروض يستريح كل كام ساعة شغل يعني؟
310	ممكن أعرف الواحد المفروض يستريح كل كام ساعة شغل يعني؟
311	أحسن حاجة الواحد ياخد راحة بعد كام ساعة شغل متواصل؟
312	يعني أحسنه حاجة الواحد ياخد فسحة بعد كام ساعة شغل متواصل؟
313	طيب، أحسن حاجة الواحد يستحق بريك بعد مرور كام ساعة شغل متواصل؟
314	بصراحة، أحسنه حاجة الواحد ياخد راحة بعد كام ساعة شغل متواصل؟
315	لو سمحت، أحسن حاجة الواحد ياخد راحة بعد كام ساعة شغل متواصل؟
316	ممكن أعرف أحسن حاجة الواحد ياخد استراحة بعد كام ساعة شغل متواصل؟
317	الراحة الأسبوعية كام ساعة بعد 6 أيام شغل متصلة؟
318	يعني الراحة الأسبوعية قد ماذا ساعة بعد مرور 6 أيام شغل متصلة؟
319	طيب، الفسحة الأسبوعية كام ساعة عقب 6 أيام شغل متصلة؟
320	بصراحة، البريك الأسبوعية كام ساعة بعد 6 أيام شغل على التوالي؟
321	لو سمحت، الراحة الأسبوعية كام ساعة بعد 6 أيام شغل ورا بعض؟
322	ممكن أعرف الراحة الأسبوعية إيه عدد ساعة بعد 6 أيام شغل ورا بعض؟
323	بعد ستة أيام شغل ورا بعض، المفروض آخد راحة قد إيه في الأسبوع؟
324	يعني بعد مرور ستة أيام شغل ورا بعض، المفروض آخد راحة قد أي في كل أسبوع؟
325	طيب، بعد ستة أيام شغل ورا بعض، المفروض آخد راحة قد ماذا في الأسبوع؟
326	بصراحة، بعد مرور ستة أيام شغل ورا بعض، المفروض آخد راحة قد ما هو في في الأسبوع الواحد؟
327	لو سمحت، بعد ستة أيام شغل ورا بعض، المفروض آخد راحة قد إيه في أسبوعياً؟
328	ممكن أعرف بعد ستة أيام شغل ورا بعض، المفروض آخد بريك قد إيه في الأسبوع؟
329	لو اشتغلت 6 أيام في الأسبوع من غير فاصل، يبقى ليا كام ساعة راحة أسبوعية؟
330	يعني لو اشتغلت 6 أيام في الأسبوع من غير فاصل، يبقى ليا أد إيه ساعة استراحة أسبوعية؟
331	طيب، لو اشتغلت 6 أيام في أسبوعياً من غير فاصل، يبقى ليا كام ساعة راحة أسبوعية؟
332	بصراحة، لو اشتغلت 6 أيام في الأسبوع من غير فاصل، يبقى ليا كام ساعة راحة أسبوعية؟
333	لو سمحت، لو اشتغلت 6 أيام في الأسبوع من غير فاصل، يبقى ليا كام ساعة راحة أسبوعية؟
334	ممكن أعرف لو اشتغلت 6 أيام في كل أسبوع من غير فاصل، يبقى ليا كام ساعة راحة أسبوعية؟
335	في حالة الشغل ستة أيام متواصلين، عدد ساعات الراحة الأسبوعية المتاحة بيكون كام؟
336	يعني في حالة الشركة ستة أيام متواصلين، عدد ساعات الراحة الأسبوعية المتاحة بيكون قد ما هو؟
337	طيب، في حالة الشغل ستة أيام متواصلين، كم ساعة الفسحة الأسبوعية المتاحة بيكون كام؟
338	بصراحة، في حالة العمل ستة أيام متواصلين، عدد ساعات الراحة الأسبوعية المتاحة بيكون ماذا عدد؟
339	لو سمحت، في حالة الشغل ستة أيام متواصلين، عدد ساعة البريك الأسبوعية المتاحة بيكون كم؟
340	ممكن أعرف في حالة الشركة ستة أيام متواصلين، عدد وقت الراحة الأسبوعية المتاحة بيكون ما هو عدد؟
341	أنا شغال 6 أيام أسبوعياً، طيب إجمالي عدد ساعات الراحة الأسبوعية بتاعتي كام؟
342	يعني أنا شغال 6 أيام أسبوعياً، طيب إجمالي مقدار وقت البريك كل أسبوعية بتاعتي أد إيه؟
343	طيب، أنا شغال 6 أيام أسبوعياً، طيب إجمالي كم ساعة الفسحة الأسبوعية بتاعتي كام؟
344	بصراحة، أنا شغال 6 أيام أسبوعياً، طيب إجمالي كمية وقت البريك في الأسبوع الواحدية بتاعتي كام؟
345	لو سمحت، أنا شغال 6 أيام أسبوعياً، طيب إجمالي عدد ساعات الراحة كل أسبوعية بتاعتي أي عدد؟
346	ممكن أعرف أنا شغال 6 أيام أسبوعياً، طيب إجمالي مقدار ساعات الراحة في الأسبوع الواحدية بتاعتي كام؟
347	لو الدوام 6 أيام في الأسبوع، إيه هو الحد الأدنى لساعات الراحة اللي المفروض آخدها أسبوعياً؟
348	يعني لو الدوام 6 أيام في أسبوعياً، إيه هو الحد الأدنى لساعات الفسحة اللي المفروض آخدها أسبوعياً؟
349	طيب، لو الدوام 6 أيام في كل أسبوع، إيه هو الحد الأدنى لوقت الراحة اللي المفروض آخدها أسبوعياً؟
350	بصراحة، لو الدوام 6 أيام في أسبوعياً، أي هو الحد الأدنى لساعة الراحة اللي المفروض آخدها أسبوعياً؟
351	لو سمحت، لو الدوام 6 أيام في أسبوعياً، إيه هو الحد الأدنى لساعة الراحة اللي المفروض آخدها أسبوعياً؟
352	ممكن أعرف لو الدوام 6 أيام في كل أسبوع، إيه هو الحد الأدنى لساعة البريك اللي المفروض آخدها أسبوعياً؟
353	يعني ليّ يوم راحة كامل كل أسبوع بأجره؟
354	يعني ليّ يوم راحة كامل كل أسبوع بأجره؟
355	طيب، يعني ليّ يوم راحة كامل كل أسبوع بأجره؟
356	بصراحة، يعني ليّ يوم استراحة إيه عددل كل أسبوع بأجره؟
357	لو سمحت، يعني ليّ يوم راحة قد إيهل كل أسبوع بأجره؟
358	ممكن أعرف يعني ليّ يوم راحة أد أيل كل أسبوع بأجره؟
359	هو أنا من حقي آخد يوم إجازة مدفوعة الأجر كل أسبوع؟
360	يعني هو أنا من حقي آخد يوم إجازة مدفوعة الأجر كل أسبوع؟
361	طيب، هو أنا من حقي آخد يوم إجازة مدفوعة الأجر كل أسبوع؟
362	بصراحة، هو أنا من حقي آخد يوم إجازة مدفوعة الأجر كل أسبوع؟
363	لو سمحت، هو أنا من حقي آخد يوم إجازة مدفوعة الأجر كل أسبوع؟
364	ممكن أعرف هو أنا من حقي آخد يوم إجازة مدفوعة الأجر كل أسبوع؟
365	ينفع أطلب إجازة يوم في الأسبوع الواحد بفلوسها؟
366	يعني ينفع أطلب إجازة يوم في في الأسبوع الواحد الواحد بفلوسها؟
367	طيب، ينفع أطلب إجازة يوم في الأسبوع الواحد بفلوسها؟
368	بصراحة، ينفع أطلب إجازة يوم في أسبوعياً الواحد بفلوسها؟
369	لو سمحت، ينفع أطلب إجازة يوم في أسبوعياً الواحد بفلوسها؟
370	ممكن أعرف ينفع أطلب إجازة يوم في كل أسبوع الواحد بفلوسها؟
371	فيه إمكانية إني أغيب يوم كامل كل أسبوع و المرتب بتاعي مينقصش؟
372	يعني فيه إمكانية إني أغيب يوم إيه كميةل كل أسبوع و المرتب بتاعي مينقصش؟
373	طيب، فيه إمكانية إني أغيب يوم كامل كل أسبوع و المرتب بتاعي مينقصش؟
374	بصراحة، فيه إمكانية إني أغيب يوم أد إيهل كل أسبوع و المرتب بتاعي مينقصش؟
375	لو سمحت، فيه إمكانية إني أغيب يوم كامل كل أسبوع و المرتب بتاعي مينقصش؟
376	ممكن أعرف فيه إمكانية إني أغيب يوم كامل كل أسبوع و المرتب بتاعي مينقصش؟
377	هل من النظام إني أريح يوم كل أسبوع و اليوم ده يتحسب لي فلوس؟
378	يعني هل من النظام إني أريح يوم كل أسبوع و اليوم ده يتُحسب لي فلوس؟
379	طيب، هل من النظام إني أريح يوم كل أسبوع و اليوم ده يتُعتبر لي فلوس؟
380	بصراحة، هل من النظام إني أريح يوم كل أسبوع و اليوم ده يتحسب لي فلوس؟
381	لو سمحت، هل من النظام إني أريح يوم كل أسبوع و اليوم ده يتحسب لي فلوس؟
382	ممكن أعرف هل من النظام إني أريح يوم كل أسبوع و اليوم ده يتحسب لي فلوس؟
383	ممكن أعرف، ينفع آخد يوم أجازة بأجر كامل كل أسبوع ولا لأ؟
384	يعني ممكن أعرف، ينفع آخد يوم أجازة بأجر كامل كل أسبوع ولا لأ؟
385	طيب، ممكن أعرف، ينفع آخد يوم أجازة بأجر كامل كل أسبوع ولا لأ؟
386	بصراحة، مسموح أعرف، ينفع آخد يوم أجازة بأجر كامل كل أسبوع ولا لأ؟
387	لو سمحت، ممكن أعرف، ينفع آخد يوم أجازة بأجر كامل كل أسبوع ولا لأ؟
388	ممكن أعرف، ينفع آخد يوم أجازة بأجر كامل كل أسبوع ولا لأ؟
389	هل مسموح لهم يشتغلوا يوم الأحد مثلاً بدل إجارتهم الأسبوعية؟ القانون قال إيه؟
390	يعني هل مسموح لهم يشتغلوا يوم الأحد مثلاً بدل إجارتهم الأسبوعية؟ القانون قال ماذا؟
391	طيب، هل مسموح لهم يشتغلوا يوم الأحد مثلاً بدل إجارتهم الأسبوعية؟ التشريع نص ما هو؟
392	بصراحة، هل جائز لهم يشتغلوا يوم الأحد مثلاً بدل إجارتهم الأسبوعية؟ القانون قال إيه؟
393	لو سمحت، هل مسموح لهم يشتغلوا يوم الأحد مثلاً بدل إجارتهم الأسبوعية؟ القانون نص إيه؟
394	ممكن أعرف هل مسموح لهم يشتغلوا يوم الأحد مثلاً بدل إجارتهم في الأسبوع الواحدية؟ الشرع قال ماذا؟
395	ينفعوا يعوّضوا شغل الأحد بإيجار الأسبوع؟ يعني القانون سامح بكده ولا إيه النظام بالظبط؟
396	يعني ينفعوا يعوّضوا شغل الأحد بإيجار كل أسبوع؟ يعني القانون سامح بكده ولا إيه النظام بالظبط؟
397	طيب، ينفعوا يعوّضوا شغل الأحد بإيجار أسبوعياً؟ يعني القانون سامح بكده ولا إيه النظام بالظبط؟
398	بصراحة، ينفعوا يعوّضوا شغل الأحد بإيجار في الأسبوع الواحد؟ يعني القانون سامح بكده ولا إيه النظام بالظبط؟
399	لو سمحت، ينفعوا يعوّضوا شغل الأحد بإيجار الأسبوع؟ يعني القانون سامح بكده ولا ما هو النظام بالظبط؟
400	ممكن أعرف ينفعوا يعوّضوا شغل الأحد بإيجار في الأسبوع الواحد؟ يعني التشريع سامح بكده ولا ماذا النظام بالظبط؟
401	لو اشتغلوا يوم الأحد، ممكن ده يحسب بديل لدفع الإيجار الأسبوعي؟ يا ترى القانون بيسمح بحاجة زي دي ولا فيه موانع؟
402	يعني لو اشتغلوا يوم الأحد، يجوز ده يحسب بديل لدفع الإيجار أسبوعياًي؟ يا ترى التشريع بيسمح بحاجة زي دي ولا فيه موانع؟
403	طيب، لو اشتغلوا يوم الأحد، ممكن ده يحسب بديل لدفع الإيجار كل أسبوعي؟ يا ترى النظام بيسمح بحاجة زي دي ولا فيه موانع؟
404	بصراحة، لو اشتغلوا يوم الأحد، يجوز ده يحسب بديل لدفع الإيجار أسبوعياًي؟ يا ترى النظام بيسمح بحاجة زي دي ولا فيه موانع؟
405	لو سمحت، لو اشتغلوا يوم الأحد، يجوز ده يحسب بديل لدفع الإيجار كل أسبوعي؟ يا ترى التشريع بيسمح بحاجة زي دي ولا فيه موانع؟
406	ممكن أعرف لو اشتغلوا يوم الأحد، يمكن ده يحسب بديل لدفع الإيجار في الأسبوع الواحدي؟ يا ترى القانون بيسمح بحاجة زي دي ولا فيه موانع؟
407	هل فيه إمكانية إن شغل يوم الأحد يكون بديل للإيجار اللي بيدفعوه كل أسبوع؟ إيه اللي بيقوله القانون في الموضوع ده بالتحديد؟
408	يعني هل فيه إمكانية إن شغل يوم الأحد يكون بديل للإيجار اللي بيدفعوه كل أسبوع؟ ما هو اللي بيقوله القانون في الموضوع ده بالتحديد؟
409	طيب، هل فيه إمكانية إن شغل يوم الأحد يكون بديل للإيجار اللي بيدفعوه كل أسبوع؟ أي اللي بيقوله القانون في الموضوع ده بالتحديد؟
410	بصراحة، هل فيه إمكانية إن شغل يوم الأحد يكون بديل للإيجار اللي بيدفعوه كل أسبوع؟ أي اللي بيقوله النظام في الموضوع ده بالتحديد؟
411	لو سمحت، هل فيه إمكانية إن شغل يوم الأحد يكون بديل للإيجار اللي بيدفعوه كل أسبوع؟ ماذا اللي بيقوله القانون في الموضوع ده بالتحديد؟
412	ممكن أعرف هل فيه إمكانية إن شغل يوم الأحد يكون بديل للإيجار اللي بيدفعوه كل أسبوع؟ ما هو اللي بيقوله التشريع في الموضوع ده بالتحديد؟
413	طيب، لو جم يشتغلوا يوم الأحد، ممكن ده يتخصم من إيجار الأسبوع بتاعهم؟ القانون بيعتبر الموضوع ده إزاي يعني؟
414	يعني طيب، لو جم يشتغلوا يوم الأحد، ممكن ده يتخصم من إيجار في الأسبوع الواحد بتاعهم؟ القانون بيعتبر الموضوع ده إزاي يعني؟
415	طيب، لو جم يشتغلوا يوم الأحد، يمكن ده يتخصم من إيجار الأسبوع بتاعهم؟ الشرع بيعتبر الموضوع ده إزاي يعني؟
416	بصراحة، طيب، لو جم يشتغلوا يوم الأحد، ينفع ده يتخصم من إيجار الأسبوع بتاعهم؟ النظام بيعتبر الموضوع ده إزاي يعني؟
417	لو سمحت، طيب، لو جم يشتغلوا يوم الأحد، ممكن ده يتخصم من إيجار الأسبوع بتاعهم؟ القانون بيعتبر الموضوع ده إزاي يعني؟
418	ممكن أعرف طيب، لو جم يشتغلوا يوم الأحد، ممكن ده يتخصم من إيجار في الأسبوع الواحد بتاعهم؟ القانون بيعتبر الموضوع ده إزاي يعني؟
419	هل فيه تصريح أو سماح إنهم يشتغلوا يوم الأحد كنوع من المقاصة لإيجارهم الأسبوعي؟ إيه الوضع القانوني للحكاية دي؟
420	يعني هل فيه تصريح أو سماح إنهم يشتغلوا يوم الأحد كنوع من المقاصة لإيجارهم في الأسبوع الواحدي؟ ما هو الوضع التشريعي للحكاية دي؟
421	طيب، هل فيه تصريح أو سماح إنهم يشتغلوا يوم الأحد كنوع من المقاصة لإيجارهم الأسبوعي؟ ما هو الوضع النظامي للحكاية دي؟
422	بصراحة، هل فيه تصريح أو سماح إنهم يشتغلوا يوم الأحد كنوع من المقاصة لإيجارهم الأسبوعي؟ إيه الوضع القانوني للحكاية دي؟
423	لو سمحت، هل فيه تصريح أو سماح إنهم يشتغلوا يوم الأحد كنوع من المقاصة لإيجارهم الأسبوعي؟ إيه الوضع القانوني للحكاية دي؟
424	ممكن أعرف هل فيه تصريح أو سماح إنهم يشتغلوا يوم الأحد كنوع من المقاصة لإيجارهم الأسبوعي؟ إيه الوضع النظامي للحكاية دي؟
425	في أيام محددة السلطات بتتيح فيها راحة (جمعة مثلا)، ساعات الراحة دي بتنحسب ضمن أسبوع شغل؟
426	يعني في أيام خاصة السلطات بتتيح فيها استراحة (جمعة مثلا)، ساعة الراحة دي بتنحسب في أسبوع شغل؟
427	طيب، في أيام مُحددة السلطات بتتيح فيها بريك (جمعة مثلا)، ساعات الراحة دي بتنحسب جزء من أسبوع شغل؟
428	بصراحة، في أيام معينة السلطات تمنح فيها راحة (جمعة مثلا)، وقت الراحة دي بتنحسب ضمن أسبوع شغل؟
429	لو سمحت، في أيام محددة الدولة بتتيح فيها بريك (جمعة مثلا)، ساعات الراحة دي بتنحسب ضمن أسبوع شغل؟
430	ممكن أعرف في أيام محددة السلطات توفر فيها راحة (جمعة مثلا)، ساعات الراحة دي بتنحسب في أسبوع شغل؟
431	بالبلدي كدة، لما الحكومة بتدينا إجازة في يوم معين زي يوم الجمعة، الإجازة دي بتدخل ضمن حساب أيام شغل الأسبوع ولا لأ؟ (تركيز على اللهجة العامية)
432	يعني بالبلدي كدة، لما الحكومة بتدينا إجازة في يوم معين زي يوم الجمعة، الإجازة دي بتدخل ضمن حساب أيام شغل الأسبوع ولا لأ؟ (تركيز على اللهجة العامية)؟
433	طيب، بالبلدي كدة، لما الحكومة بتدينا إجازة في يوم معين زي يوم الجمعة، الإجازة دي بتدخل جزء من حساب أيام شغل كل أسبوع ولا لأ؟ (تركيز على اللهجة العامية)؟
434	بصراحة، بالبلدي كدة، لما الحكومة بتدينا إجازة في يوم معين زي يوم الجمعة، الإجازة دي بتدخل ضمن حساب أيام شغل الأسبوع ولا لأ؟ (تركيز على اللهجة العامية)؟
435	لو سمحت، بالبلدي كدة، لما الحكومة بتدينا إجازة في يوم معين زي يوم الجمعة، الإجازة دي بتدخل جزء من حساب أيام شغل الأسبوع ولا لأ؟ (تركيز على اللهجة العامية)؟
436	ممكن أعرف بالبلدي كدة، لما الحكومة بتدينا إجازة في يوم معين زي يوم الجمعة، الإجازة دي بتدخل ضمن حساب أيام شغل في الأسبوع الواحد ولا لأ؟ (تركيز على اللهجة العامية)؟
437	لو خدنا يوم إجازة رسمي من الدولة، زي الجمعة، هل اليوم ده بيتحسب من ضمن أيام العمل الأسبوعية بتاعتنا ولاّ يعتبر بره الحسبة؟ (تركيز على الرسمية والإيضاح)
438	يعني لو خدنا يوم إجازة رسمي من الدولة، زي الجمعة، هل اليوم ده بيتُعد من ضمن أيام العمل في الأسبوع الواحدية بتاعتنا ولاّ يعتبر بره الحسبة؟ (تركيز على الرسمية والإيضاح)؟
439	طيب، لو خدنا يوم إجازة رسمي من الدولة، زي الجمعة، هل اليوم ده بيتحسب من ضمن أيام الوظيفة في الأسبوع الواحدية بتاعتنا ولاّ يعتبر بره الحسبة؟ (تركيز على الرسمية والإيضاح)؟
440	بصراحة، لو خدنا يوم إجازة رسمي من الدولة، زي الجمعة، هل اليوم ده بيتُعتبر من من ضمن أيام العمل في الأسبوع الواحدية بتاعتنا ولاّ يعتبر بره الحسبة؟ (تركيز على الرسمية والإيضاح)؟
441	لو سمحت، لو خدنا يوم إجازة رسمي من الدولة، زي الجمعة، هل اليوم ده بيتحسب من في أيام العمل في الأسبوع الواحدية بتاعتنا ولاّ يعتبر بره الحسبة؟ (تركيز على الرسمية والإيضاح)؟
442	ممكن أعرف لو خدنا يوم إجازة رسمي من الدولة، زي الجمعة، هل اليوم ده بيتحسب من من ضمن أيام الوظيفة الأسبوعية بتاعتنا ولاّ يعتبر بره الحسبة؟ (تركيز على الرسمية والإيضاح)؟
443	لما السلطات بتعلن عن يوم راحة إجباري، زي يوم الجمعة، هل اليوم ده يعتبر يوم عمل محسوب ضمن أيام الأسبوع ولاّ بيكون يوم منفصل؟ (تركيز على الطابع الرسمي والشمولي)
444	يعني لما السلطات بتعلن عن يوم راحة إجباري، زي يوم الجمعة، هل اليوم ده يعتبر يوم عمل محسوب في أيام الأسبوع ولاّ بيكون يوم منفصل؟ (تركيز على الطابع الرسمي والشمولي)؟
445	طيب، لما المسؤولين بتعلن عن يوم راحة إجباري، زي يوم الجمعة، هل اليوم ده يعتبر يوم عمل محسوب من ضمن أيام كل أسبوع ولاّ بيكون يوم منفصل؟ (تركيز على الطابع الرسمي والشمولي)؟
446	بصراحة، لما الدولة بتعلن عن يوم راحة إجباري، زي يوم الجمعة، هل اليوم ده يعتبر يوم عمل محسوب ضمن أيام الأسبوع ولاّ بيكون يوم منفصل؟ (تركيز على الطابع الرسمي والشمولي)؟
447	لو سمحت، لما السلطات بتعلن عن يوم راحة إجباري، زي يوم الجمعة، هل اليوم ده يعتبر يوم عمل محسوب ضمن أيام كل أسبوع ولاّ بيكون يوم منفصل؟ (تركيز على الطابع الرسمي والشمولي)؟
448	ممكن أعرف لما السلطات بتعلن عن يوم راحة إجباري، زي يوم الجمعة، هل اليوم ده يعتبر يوم عمل محسوب ضمن أيام الأسبوع ولاّ بيكون يوم منفصل؟ (تركيز على الطابع الرسمي والشمولي)؟
449	بصراحة كدة، لما بناخد إجازة معتمدة من الدولة، زي يوم الجمعة، اليوم ده بيتحسب علينا كأنه يوم اشتغلناه ضمن الأسبوع ولاّ بيروح كدة من غير حساب؟ (تركيز على المصداقية والسؤال المباشر)
450	يعني بصراحة كدة، لما بناخد إجازة معتمدة من الدولة، زي يوم الجمعة، اليوم ده بيتُعتبر علينا كأنه يوم اشتغلناه ضمن الأسبوع ولاّ بيروح كدة من غير حساب؟ (تركيز على المصداقية والسؤال المباشر)؟
451	طيب، بصراحة كدة، لما بناخد إجازة معتمدة من الدولة، زي يوم الجمعة، اليوم ده بيتُعتبر علينا كأنه يوم اشتغلناه ضمن الأسبوع ولاّ بيروح كدة من غير حساب؟ (تركيز على المصداقية والسؤال المباشر)؟
452	بصراحة كدة، لما بناخد إجازة معتمدة من الدولة، زي يوم الجمعة، اليوم ده بيتُحسب علينا كأنه يوم اشتغلناه من ضمن الأسبوع ولاّ بيروح كدة من غير حساب؟ (تركيز على المصداقية والسؤال المباشر)؟
453	لو سمحت، بصبريك كدة، لما بناخد إجازة معتمدة من الدولة، زي يوم الجمعة، اليوم ده بيتحسب علينا كأنه يوم اشتغلناه ضمن في الأسبوع الواحد ولاّ بيروح كدة من غير حساب؟ (تركيز على المصداقية والسؤال المباشر)؟
454	ممكن أعرف بصفسحة كدة، لما بناخد إجازة معتمدة من الدولة، زي يوم الجمعة، اليوم ده بيتُحسب علينا كأنه يوم اشتغلناه من ضمن الأسبوع ولاّ بيروح كدة من غير حساب؟ (تركيز على المصداقية والسؤال المباشر)؟
455	فيه أيام الدولة بتديها لينا إجازة، زي يوم الجمعة. يا ترى، الإجازات دي بتعتبر جزء من أيام الشغل الأسبوعية ولاّ لا تدخل في حساب الأسبوع أصلاً؟ (تركيز على البساطة والوضوح)
456	يعني فيه أيام الدولة بتديها لينا إجازة، زي يوم الجمعة. يا ترى، الإجازات دي بتعتبر جزء من أيام الشغل الأسبوعية ولاّ لا تدخل في حساب الأسبوع أصلاً؟ (تركيز على البساطة والوضوح)؟
457	طيب، فيه أيام الدولة بتديها لينا إجازة، زي يوم الجمعة. يا ترى، الإجازات دي بتعتبر جزء من أيام الشغل الأسبوعية ولاّ لا تدخل في حساب الأسبوع أصلاً؟ (تركيز على البساطة والوضوح)؟
458	بصراحة، فيه أيام الدولة بتديها لينا إجازة، زي يوم الجمعة. يا ترى، الإجازات دي بتعتبر جزء من أيام الشغل الأسبوعية ولاّ لا تدخل في حساب الأسبوع أصلاً؟ (تركيز على البساطة والوضوح)؟
459	لو سمحت، فيه أيام الدولة بتديها لينا إجازة، زي يوم الجمعة. يا ترى، الإجازات دي بتعتبر جزء من أيام العمل الأسبوعية ولاّ لا تدخل في حساب الأسبوع أصلاً؟ (تركيز على البساطة والوضوح)؟
460	ممكن أعرف فيه أيام الدولة بتديها لينا إجازة، زي يوم الجمعة. يا ترى، الإجازات دي بتعتبر جزء من أيام الشغل كل أسبوعية ولاّ لا تدخل في حساب الأسبوع أصلاً؟ (تركيز على البساطة والوضوح)؟
461	كام عدد أيام الإجازة السنوية للعامل في القطاع الخاص؟
462	يعني أي كمية عدد أيام الإجازة السنهوية للشغال في القطاع الخاص؟
463	طيب، كام مقدار أيام الإجازة السنهوية للشغال في الشركات الخاصة؟
464	بصراحة، كام كم أيام الإجازة السنوية للعامل في القطاع الخاص؟
465	لو سمحت، كام عدد أيام الإجازة السنوية للشغال في القطاع الأهلي؟
466	ممكن أعرف كام عدد أيام الإجازة السنوية للعامل في القطاع الخاص؟
467	في القطاع الخاص، العامل ليه كام يوم إجازة في السنة؟
468	يعني في القطاع الأهلي، العامل ليه كام يوم إجازة في العمرة؟
469	طيب، في القطاع الخاص، العامل ليه كام يوم إجازة في السنة؟
470	بصراحة، في الشركات الخاصة، العامل ليه كام يوم إجازة في السنة؟
471	لو سمحت، في القطاع الأهلي، العامل ليه كم يوم إجازة في العمرة؟
472	ممكن أعرف في القطاع الخاص، العامل ليه كام يوم إجازة في السنهة؟
473	قانون الشغل بيقول إيه عن عدد أيام الإجازة السنوية للناس اللي بتشتغل في شركات خاصة؟
474	يعني قانون المؤسسة بيقول ما هو عن كم أيام الإجازة السنهوية للناس اللي بتشتغل في شركات خاصة؟
475	طيب، قانون الشغل بيقول إيه عن عدد أيام الإجازة العمروية للناس اللي بتشتغل في شركات خاصة؟
476	بصراحة، قانون العمل بيقول ماذا عن عدد أيام الإجازة العمروية للناس اللي بتشتغل في شركات خاصة؟
477	لو سمحت، قانون الشركة بيقول إيه عن عدد أيام الإجازة السنوية للناس اللي بتشتغل في شركات خاصة؟
478	ممكن أعرف قانون العمل بيقول ماذا عن مقدار أيام الإجازة السنوية للناس اللي بتشتغل في شركات خاصة؟
479	لو واحد شغال في شركة خاصة، إيه عدد أيام الإجازة اللي المفروض ياخدها في السنة؟
480	يعني لو واحد شغال في شركة خاصة، ماذا عدد أيام الإجازة اللي المفروض يأخذها في السنة؟
481	طيب، لو واحد شغال في شركة خاصة، إيه عدد أيام الإجازة اللي المفروض ياخدها في السنة؟
482	بصراحة، لو واحد شغال في شركة خاصة، ماذا مقدار أيام الإجازة اللي المفروض ياخدها في السنهة؟
483	لو سمحت، لو واحد شغال في شركة خاصة، ماذا مقدار أيام الإجازة اللي المفروض ياخدها في السنة؟
484	ممكن أعرف لو واحد شغال في شركة خاصة، إيه كمية أيام الإجازة اللي المفروض ياخدها في العمرة؟
485	يا ترى عدد أيام الراحة السنوية اللي بياخدها الموظف في الشركات الخاصة بيكون كام؟
486	يعني يا ترى عدد أيام الراحة السنهوية اللي بيحصل علىها الموظف في الشركات الخاصة بيكون قد إيه؟
487	طيب، يا ترى عدد أيام الراحة السنوية اللي بياخدها الموظف في الشركات الخاصة بيكون كام؟
488	بصراحة، يا ترى كمية أيام الراحة السنوية اللي بياخدها الموظف في الشركات الخاصة بيكون كام؟
489	لو سمحت، يا ترى كمية أيام الراحة العمروية اللي بيحصل علىها الموظف في الشركات الخاصة بيكون أد ماذا؟
490	ممكن أعرف يا ترى عدد أيام الراحة السنهوية اللي بيستحقها الموظف في الشركات الخاصة بيكون أد إيه؟
491	إيه هو عدد أيام الإجازة اللي من حق أي حد شغال في القطاع الخاص ياخدها كل سنة؟
492	يعني ماذا هو عدد أيام الإجازة اللي من حق أي حد شغال في القطاع الأهلي يستحقها كل سنهة؟
493	طيب، إيه هو عدد أيام الإجازة اللي من حق أي حد شغال في القطاع الأهلي ياخدها كل سنة؟
494	بصراحة، إيه هو كم أيام الإجازة اللي من حق أي حد شغال في الشركات الخاصة يستحقها كل سنهة؟
495	لو سمحت، إيه هو عدد أيام الإجازة اللي من حق أي حد شغال في القطاع الخاص ياخدها كل عمرة؟
496	ممكن أعرف إيه هو عدد أيام الإجازة اللي من حق أي حد شغال في القطاع الخاص ياخدها كل سنهة؟
497	السنة الأولى بيتاح 15 يوم إجازة، وبعدين في السنة التانية يبقى كام يوم؟
498	يعني العمرة الأولى بيتاح 15 يوم إجازة، وبعدين في السنة التانية يبقى كام يوم؟
499	طيب، السنة الأولى يُسمح 15 يوم إجازة، وبعد مرورين في السنة التانية يبقى كام يوم؟
500	بصراحة، السنهة الأولى متاح 15 يوم إجازة، وبعد كده في السنة التانية يبقى أي عدد يوم؟
501	لو سمحت، السنهة الأولى يُسمح 15 يوم إجازة، وبعدين في السنة التانية يبقى كام يوم؟
502	ممكن أعرف السنة الأولى بيتاح 15 يوم إجازة، وبعد مرورين في السنة التانية يبقى كام يوم؟
503	في أول سنة شغل، الموظف بياخد 15 يوم إجازة. طيب، السنة اللي بعدها، عدد أيام الإجازة بيكون قد إيه؟
504	يعني في أول سنة شغل، الموظف بياخد 15 يوم إجازة. طيب، السنة اللي بعدها، كم أيام الإجازة بيكون قد ما هو؟
505	طيب، في أول عمرة شغل، الموظف بياخد 15 يوم إجازة. طيب، السنة اللي بعدها، عدد أيام الإجازة بيكون قد ما هو؟
506	بصراحة، في أول سنهة شغل، الموظف بياخد 15 يوم إجازة. طيب، السنة اللي عقبها، مقدار أيام الإجازة بيكون قد ما هو؟
507	لو سمحت، في أول سنة شغل، الموظف بيأخذ 15 يوم إجازة. طيب، السنة اللي عقبها، كم أيام الإجازة بيكون قد ما هو؟
508	ممكن أعرف في أول سنة شغل، الموظف بيستحق 15 يوم إجازة. طيب، السنة اللي بعدها، عدد أيام الإجازة بيكون قد أي؟
509	أول سنة في الشغل بيكون ليك 15 يوم إجازة. طب لما تدخل السنة التانية، إجازاتك هتبقى كام يوم بالظبط؟
510	يعني أول سنة في الشغل بيكون ليك 15 يوم إجازة. طب لما تدخل السنة التانية، إجازاتك هتبقى كام يوم بالظبط؟
511	طيب، أول سنة في الشغل بيكون ليك 15 يوم إجازة. طب لما تدخل السنة التانية، إجازاتك هتبقى كام يوم بالظبط؟
512	بصراحة، أول عمرة في الشغل بيكون ليك 15 يوم إجازة. طب لما تدخل السنة التانية، إجازاتك هتبقى أد إيه يوم بالظبط؟
513	لو سمحت، أول سنة في الشغل بيكون ليك 15 يوم إجازة. طب لما تدخل السنة التانية، إجازاتك هتبقى كام يوم بالظبط؟
514	ممكن أعرف أول سنة في الشغل بيكون ليك 15 يوم إجازة. طب لما تدخل السنة التانية، إجازاتك هتبقى كام يوم بالظبط؟
515	لو أول سنة شغلك ليك فيها 15 يوم إجازة، فالسنة اللي وراها هتاخد كام يوم إجازة؟
516	يعني لو أول سنة شغلك ليك فيها 15 يوم إجازة، فالسنة اللي وراها هتاخد كام يوم إجازة؟
517	طيب، لو أول عمرة شغلك ليك فيها 15 يوم إجازة، فالسنة اللي وراها هتاخد كام يوم إجازة؟
518	بصراحة، لو أول سنة شغلك ليك فيها 15 يوم إجازة، فالسنة اللي وراها هتاخد كم يوم إجازة؟
519	لو سمحت، لو أول سنة شغلك ليك فيها 15 يوم إجازة، فالسنة اللي وراها هتاخد أد ما هو يوم إجازة؟
520	ممكن أعرف لو أول سنة شغلك ليك فيها 15 يوم إجازة، فالسنة اللي وراها هتاخد كام يوم إجازة؟
521	الموظف الجديد بياخد 15 يوم إجازة في أول سنة. بعد كده، لما يبقى في السنة التانية، عدد أيام الإجازة بيتغير وبيبقى كام؟
522	يعني الموظف الجديد بياخد 15 يوم إجازة في أول سنة. بعد كده، لما يبقى في السنة التانية، كم أيام الإجازة بيتغير وبيبقى قد إيه؟
523	طيب، الموظف الجديد بيحصل على 15 يوم إجازة في أول سنة. بعد كده، لما يبقى في السنة التانية، عدد أيام الإجازة بيتغير وبيبقى قد إيه؟
524	بصراحة، الموظف الجديد بيأخذ 15 يوم إجازة في أول سنة. بعد كده، لما يبقى في السنة التانية، عدد أيام الإجازة بيتغير وبيبقى كام؟
525	لو سمحت، الموظف الجديد بياخد 15 يوم إجازة في أول سنة. بعد كده، لما يبقى في السنة التانية، عدد أيام الإجازة بيتغير وبيبقى إيه عدد؟
526	ممكن أعرف الموظف الجديد بياخد 15 يوم إجازة في أول سنة. بعد كده، لما يبقى في السنة التانية، مقدار أيام الإجازة بيتغير وبيبقى كام؟
527	أول سنة ليك في الوظيفة ليك 15 يوم إجازة. السؤال بقى، في السنة التانية هتاخد كام يوم إجازة؟
528	يعني أول سنة ليك في الوظيفة ليك 15 يوم إجازة. السؤال بقى، في السنة التانية هتاخد كام يوم إجازة؟
529	طيب، أول سنة ليك في الوظيفة ليك 15 يوم إجازة. السؤال بقى، في السنة التانية هتاخد قد ماذا يوم إجازة؟
530	بصراحة، أول سنة ليك في الوظيفة ليك 15 يوم إجازة. السؤال بقى، في السنة التانية هتاخد كام يوم إجازة؟
531	لو سمحت، أول سنة ليك في الوظيفة ليك 15 يوم إجازة. السؤال بقى، في السنة التانية هتاخد كام يوم إجازة؟
532	ممكن أعرف أول عمرة ليك في الوظيفة ليك 15 يوم إجازة. السؤال بقى، في السنة التانية هتاخد أي عدد يوم إجازة؟
533	بعد كام سنة مع الشركة الإجازة السنوية بتوصل 30 يوم؟
534	يعني بعد كام سنة لدى الشركة الإجازة السنوية تصير 30 يوم؟
535	طيب، بعد قد إيه سنة مع الشركة الإجازة السنوية بتوصل 30 يوم؟
536	بصراحة، بعد مرور كام سنة لدى الشركة الإجازة السنوية بتوصل 30 يوم؟
537	لو سمحت، عقب كام عمرة مع الشركة الإجازة السنوية بتوصل 30 يوم؟
538	ممكن أعرف بعد قد إيه سنهة مع الشركة الإجازة السنوية تصير 30 يوم؟
539	يا ترى بعد مرور قد إيه من الشغل في الشركة، الواحد بياخد إجازة 30 يوم في السنة؟
540	يعني يا ترى بعد مرور قد إيه من الشغل في الشركة، الواحد بيستحق إجازة 30 يوم في السنهة؟
541	طيب، يا ترى بعد مرور قد إيه من الشغل في الشركة، الواحد بيأخذ إجازة 30 يوم في السنة؟
542	بصراحة، يا ترى بعد مرور قد إيه من الشغل في الشركة، الواحد بياخد إجازة 30 يوم في العمرة؟
543	لو سمحت، يا ترى بعد مرور قد إيه من المؤسسة في الشركة، الواحد بيأخذ إجازة 30 يوم في السنة؟
544	ممكن أعرف يا ترى بعد مرور قد ماذا من الشغل في الشركة، الواحد بياخد إجازة 30 يوم في السنة؟
545	لو اشتغلت في الشركة دي، محتاج اشتغل كام سنة عشان استحق إجازة سنوية مدتها شهر كامل؟
546	يعني لو اشتغلت في الشركة دي، محتاج اشتغل إيه عدد عمرة عشان استحق إجازة سنوية مدتها شهر كامل؟
547	طيب، لو اشتغلت في الشركة دي، محتاج اشتغل كام عمرة عشان استحق إجازة سنوية مدتها شهر كامل؟
548	بصراحة، لو اشتغلت في الشركة دي، محتاج اشتغل كام سنهة عشان استحق إجازة سنوية مدتها شهر كامل؟
549	لو سمحت، لو اشتغلت في الشركة دي، محتاج اشتغل أد ماذا سنة عشان استحق إجازة سنوية مدتها شهر كامل؟
550	ممكن أعرف لو اشتغلت في الشركة دي، محتاج اشتغل كام عمرة عشان استحق إجازة سنوية مدتها شهر كامل؟
551	بعد خدمة كام سنة في المؤسسة، الواحد بيوصل لمرحلة إن إجازته السنوية تبقى 30 يوم؟
552	يعني بعد مرور خدمة كام سنة في المؤسسة، الواحد بيوصل لمرحلة إن إجازته السنوية تبقى 30 يوم؟
553	طيب، بعد خدمة كام سنة في المؤسسة، الواحد بيوصل لمرحلة إن إجازته السنوية تبقى 30 يوم؟
554	بصراحة، عقب خدمة كام سنة في المؤسسة، الواحد بيوصل لمرحلة إن إجازته السنوية تبقى 30 يوم؟
555	لو سمحت، بعد مرور خدمة كام سنة في المؤسسة، الواحد بيوصل لمرحلة إن إجازته السنوية تبقى 30 يوم؟
556	ممكن أعرف عقب خدمة كام سنة في المؤسسة، الواحد بيوصل لمرحلة إن إجازته السنوية تبقى 30 يوم؟
557	أعرف منين المدة اللي لازم أقضيها في الشركة عشان الإجازة السنوية بتاعتي تزيد وتبقى 30 يوم؟
558	يعني أعرف منين المدة اللي لازم أقضيها في الشركة عشان الإجازة العمروية بتاعتي تزيد وتبقى 30 يوم؟
559	طيب، أعرف منين المدة اللي لازم أقضيها في الشركة عشان الإجازة السنوية بتاعتي تزيد وتبقى 30 يوم؟
560	بصراحة، أعرف منين المدة اللي لازم أقضيها في الشركة عشان الإجازة السنوية بتاعتي تزيد وتبقى 30 يوم؟
561	لو سمحت، أعرف منين المدة اللي لازم أقضيها في الشركة عشان الإجازة العمروية بتاعتي تزيد وتبقى 30 يوم؟
562	ممكن أعرف أعرف منين المدة اللي لازم أقضيها في الشركة عشان الإجازة السنهوية بتاعتي تزيد وتبقى 30 يوم؟
563	إيه الفترة الزمنية اللي لازم الواحد يشتغلها في الشركة عشان يقدر ياخد إجازة سنوية مدتها 30 يوم؟
564	يعني ماذا الفترة الزمنية اللي لازم الواحد يشتغلها في الشركة عشان يقدر ياخد إجازة عمروية مدتها 30 يوم؟
565	طيب، ما هو الفترة الزمنية اللي لازم الواحد يشتغلها في الشركة عشان يقدر يأخذ إجازة سنوية مدتها 30 يوم؟
566	بصراحة، ماذا الوقت الزمنية اللي ضروري الواحد يشتغلها في الشركة عشان يقدر يستحق إجازة سنوية مدتها 30 يوم؟
567	لو سمحت، إيه الفترة الزمنية اللي لازم الواحد يشتغلها في الشركة عشان يقدر ياخد إجازة سنهوية مدتها 30 يوم؟
568	ممكن أعرف إيه الفترة الزمنية اللي لازم الواحد يشتغلها في الشركة عشان يقدر يأخذ إجازة سنهوية مدتها 30 يوم؟
569	الموظف لو عدّى سن الـ50، ياخد كام يوم سنوية؟
570	يعني الموظف لو عدّى سن الـ50، ياخد كام يوم سنوية؟
571	طيب، الموظف لو عدّى سن الـ50، يحصل على كام يوم سنوية؟
572	بصراحة، الموظف لو عدّى سن الـ50، ياخد كام يوم سنوية؟
573	لو سمحت، الموظف لو عدّى عمر الـ50، ياخد كام يوم سنوية؟
574	ممكن أعرف الموظف لو وصل سنه الـ50، يأخذ كام يوم سنوية؟
575	بعد سن الخمسين، حق الموظف كام يوم إجازة في السنة؟ (تركز على حق الموظف في الإجازة)
576	يعني بعد سن الخمسين، حق الموظف كام يوم إجازة في السنة؟ (تركز على حق الموظف في الإجازة)؟
577	طيب، عقب عمر الخمسين، حق الموظف كام يوم إجازة في السنة؟ (تركز على حق الموظف في الإجازة)؟
578	بصراحة، بعد مرور سن الخمسين، حق الموظف قد إيه يوم إجازة في السنة؟ (تركز على حق الموظف في الإجازة)؟
579	لو سمحت، بعد سنه الخمسين، حق الموظف قد إيه يوم إجازة في السنة؟ (تركز على حق الموظف في الإجازة)؟
580	ممكن أعرف بعد عمر الخمسين، حق الموظف كم يوم إجازة في السنة؟ (تركز على حق الموظف في الإجازة)؟
581	"الواحد لما يوصل لـ50 سنة شغل، يستحق كام يوم إجازة سنوية؟ (تستخدم كلمة ""الواحد"" للإشارة إلى الموظف بشكل عام، وتركز على الاستحقاق)."
582	"يعني الواحد لما يوصل لـ50 سنة شغل، يستحق قد أي يوم إجازة سنوية؟ (تستخدم كلمة ""الواحد"" للإشارة إلى الموظف بشكل عام، وتركز على الاستحقاق).؟"
583	"طيب، الواحد لما يوصل لـ50 سنة شغل، يستحق كام يوم إجازة سنوية؟ (تستخدم كلمة ""الواحد"" للإشارة إلى الموظف بشكل عام، وتركز على الاستحقاق).؟"
584	"بصراحة، الواحد لما يوصل لـ50 سنة شغل، يستحق أي عدد يوم إجازة سنوية؟ (تستخدم كلمة ""الواحد"" للإشارة إلى الموظف بشكل عام، وتركز على الاستحقاق).؟"
585	"لو سمحت، الواحد لما يوصل لـ50 سنة شغل، يستحق قد إيه يوم إجازة سنوية؟ (تستخدم كلمة ""الواحد"" للإشارة إلى الموظف بشكل عام، وتركز على الاستحقاق).؟"
586	"ممكن أعرف الواحد لما يوصل لـ50 سنهة شغل، يستحق كام يوم إجازة سنوية؟ (تستخدم كلمة ""الواحد"" للإشارة إلى الموظف بشكل عام، وتركز على الاستحقاق).؟"
587	إيه عدد أيام الإجازة السنوية المقررة للموظفين اللي فوق الخمسين؟ (أكثر رسمية بعض الشيء من الصيغة الأصلية).
588	يعني إيه كم أيام الإجازة السنوية المقررة للموظفين اللي فوق الخمسين؟ (أكثر رسمية بعض الشيء من الصيغة الأصلية).؟
589	طيب، إيه عدد أيام الإجازة السنهوية المقررة للموظفين اللي فوق الخمسين؟ (أكثر رسمية بعض الشيء من الصيغة الأصلية).؟
590	بصراحة، إيه عدد أيام الإجازة السنوية المقررة للموظفين اللي فوق الخمسين؟ (أكثر رسمية بعض الشيء من الصيغة الأصلية).؟
591	لو سمحت، إيه عدد أيام الإجازة السنوية المقررة للموظفين اللي إضافة إلى الخمسين؟ (أكثر رسمية بعض الشيء من الصيغة الأصلية).؟
592	ممكن أعرف إيه كمية أيام الإجازة العمروية المقررة للموظفين اللي علاوة على الخمسين؟ (أكثر رسمية بعض الشيء من الصيغة الأصلية).؟
593	لو الموظف سنه فوق الـ50، القانون بيقول ياخد كام يوم إجازة في السنة؟ (تركز على الجانب القانوني للإجازة).
594	يعني لو الموظف سنهه فوق الـ50، التشريع بيقول ياخد كام يوم إجازة في السنة؟ (تركز على الجانب القانوني للإجازة).؟
595	طيب، لو الموظف سنه فوق الـ50، الشرع بيقول ياخد أي مقدار يوم إجازة في السنة؟ (تركز على الجانب القانوني للإجازة).؟
596	بصراحة، لو الموظف سنه فوق الـ50، القانون بيقول يستحق كام يوم إجازة في السنة؟ (تركز على الجانب القانوني للإجازة).؟
597	لو سمحت، لو الموظف عمره فوق الـ50، القانون بيقول يستحق كام يوم إجازة في السنة؟ (تركز على الجانب القانوني للإجازة).؟
598	ممكن أعرف لو الموظف سنه علاوة على الـ50، القانون بيقول ياخد أد إيه يوم إجازة في السنة؟ (تركز على الجانب القانوني للإجازة).؟
599	يا ترى، الموظف اللي عنده 50 سنة أو أكتر، بياخد كام يوم إجازة مدفوعة الأجر في السنة؟ (تضيف تفصيلاً بأن الإجازة مدفوعة الأجر).
600	يعني يا ترى، الموظف اللي عنده 50 سنهة أو أكتر، بياخد كام يوم إجازة مدفوعة الأجر في السنة؟ (تضيف تفصيلاً بأن الإجازة مدفوعة الأجر).؟
601	طيب، يا ترى، الموظف اللي عنده 50 عمرة أو أكتر، بيأخذ قد إيه يوم إجازة مدفوعة الأجر في السنة؟ (تضيف تفصيلاً بأن الإجازة مدفوعة الأجر).؟
602	بصراحة، يا ترى، الموظف اللي عنده 50 سنة أو فوق، بياخد كام يوم إجازة مدفوعة الأجر في السنة؟ (تضيف تفصيلاً بأن الإجازة مدفوعة الأجر).؟
603	لو سمحت، يا ترى، الموظف اللي عنده 50 سنة أو أكتر، بياخد كام يوم إجازة مدفوعة الأجر في السنة؟ (تضيف تفصيلاً بأن الإجازة مدفوعة الأجر).؟
604	ممكن أعرف يا ترى، الموظف اللي عنده 50 سنهة أو أكثر، بيحصل على كام يوم إجازة مدفوعة الأجر في السنة؟ (تضيف تفصيلاً بأن الإجازة مدفوعة الأجر).؟
605	الأشخاص ذوي الإعاقة بياخدوا كام يوم إجازة سنوية؟
606	يعني الأشخاص المعاقين يأخذون كام يوم إجازة سنوية؟
607	طيب، الأشخاص أصحاب الإعاقة بيستحقوا كام يوم إجازة سنوية؟
608	بصراحة، الأشخاص ذوي الإعاقة بيحصل علىوا قد ماذا يوم إجازة سنهوية؟
609	لو سمحت، الأشخاص ذوي الإعاقة يستحقون قد إيه يوم إجازة سنوية؟
610	ممكن أعرف الأشخاص ذوي الإعاقة بياخدوا كام يوم إجازة سنوية؟
611	يا ترى القانون بيقول إيه بخصوص عدد أيام الإجازة السنوية اللي من حق أي حد عنده إعاقة؟
612	يعني يا ترى القانون بيقول إيه بخصوص كمية أيام الإجازة السنهوية اللي من حق أي حد عنده إعاقة؟
613	طيب، يا ترى القانون بيقول إيه بخصوص عدد أيام الإجازة السنهوية اللي من حق أي حد عنده إعاقة؟
614	بصراحة، يا ترى الشرع بيقول إيه بخصوص عدد أيام الإجازة العمروية اللي من حق أي حد عنده إعاقة؟
615	لو سمحت، يا ترى القانون بيقول ماذا بخصوص كمية أيام الإجازة السنوية اللي من حق أي حد عنده إعاقة؟
616	ممكن أعرف يا ترى القانون بيقول ما هو بخصوص عدد أيام الإجازة السنوية اللي من حق أي حد عنده إعاقة؟
617	إيه وضع الناس اللي عندهم ظروف خاصة من ناحية الإجازات السنوية؟ يعني كام يوم المفروض ياخدوا في السنة؟
618	يعني إيه وضع الناس اللي عندهم ظروف خاصة من ناحية الإجازات السنوية؟ يعني كام يوم المفروض يحصل علىوا في السنة؟
619	طيب، ماذا وضع الناس اللي عندهم ظروف خاصة من ناحية الإجازات السنوية؟ يعني كام يوم المفروض يحصل علىوا في السنة؟
620	بصراحة، ما هو وضع الناس اللي عندهم ظروف خاصة من ناحية الإجازات السنهوية؟ يعني كام يوم المفروض ياخدوا في السنة؟
621	لو سمحت، ماذا وضع الناس اللي عندهم ظروف خاصة من ناحية الإجازات العمروية؟ يعني إيه كم يوم المفروض يستحقوا في السنة؟
622	ممكن أعرف إيه وضع الناس اللي عندهم ظروف خاصة من ناحية الإجازات السنهوية؟ يعني أد إيه يوم المفروض يحصل علىوا في السنة؟
623	بالنسبة للإجازة السنوية، هل في فرق بين اللي عنده إعاقة وبين أي موظف تاني؟ ولو فيه، الفرق ده كام يوم؟
624	يعني بالنسبة للإجازة السنوية، هل في فرق بين اللي عنده إعاقة وبين أي موظف تاني؟ ولو فيه، الفرق ده كم يوم؟
625	طيب، بالنسبة للإجازة السنهوية، هل في فرق بين اللي عنده إعاقة وبين أي موظف تاني؟ ولو فيه، الفرق ده أد إيه يوم؟
626	بصراحة، بالنسبة للإجازة السنوية، هل في فرق بين اللي عنده إعاقة وبين أي موظف تاني؟ ولو فيه، الفرق ده كام يوم؟
627	لو سمحت، بالنسبة للإجازة السنهوية، هل في فرق بين اللي عنده إعاقة وبين أي موظف تاني؟ ولو فيه، الفرق ده أد إيه يوم؟
628	ممكن أعرف بالنسبة للإجازة السنهوية، هل في فرق بين اللي عنده إعاقة وبين أي موظف تاني؟ ولو فيه، الفرق ده كام يوم؟
629	لو واحد عنده إعاقة شغال في شركة، كام يوم إجازة المفروض ياخدهم في السنة حسب القانون؟
630	يعني لو واحد عنده إعاقة شغال في شركة، كام يوم إجازة المفروض ياخدهم في السنة حسب القانون؟
631	طيب، لو واحد عنده إعاقة شغال في شركة، كم يوم إجازة المفروض يحصل علىهم في السنة حسب القانون؟
632	بصراحة، لو واحد عنده إعاقة شغال في شركة، كام يوم إجازة المفروض يأخذهم في السنة حسب القانون؟
633	لو سمحت، لو واحد عنده إعاقة شغال في شركة، كام يوم إجازة المفروض يستحقهم في السنة حسب الشرع؟
634	ممكن أعرف لو واحد عنده إعاقة شغال في شركة، إيه عدد يوم إجازة المفروض يأخذهم في السنهة حسب النظام؟
635	بصراحة كده، كام يوم إجازة سنوية بتتصرف للناس اللي ربنا ابتلاهم بإعاقة؟ هل ليهم معاملة خاصة في الموضوع ده؟
636	يعني بصاستراحة كده، كم يوم إجازة سنوية بتتصرف للناس اللي ربنا ابتلاهم بإعاقة؟ هل ليهم معاملة خاصة في الموضوع ده؟
637	طيب، بصراحة كده، إيه عدد يوم إجازة سنهوية بتتصرف للناس اللي ربنا ابتلاهم بإعاقة؟ هل ليهم معاملة خاصة في الموضوع ده؟
638	بصراحة كده، كام يوم إجازة سنوية بتتصرف للناس اللي ربنا ابتلاهم بإعاقة؟ هل ليهم معاملة خاصة في الموضوع ده؟
639	لو سمحت، بصراحة كده، كم يوم إجازة عمروية بتتصرف للناس اللي ربنا ابتلاهم بإعاقة؟ هل ليهم معاملة خاصة في الموضوع ده؟
640	ممكن أعرف بصراحة كده، كم يوم إجازة سنوية بتتصرف للناس اللي ربنا ابتلاهم بإعاقة؟ هل ليهم معاملة خاصة في الموضوع ده؟
641	العمال في الأعمال الخطرة زي التعدين أو الكيماويات بياخدوا كام يوم إضافية؟
642	يعني العمال في الأعمال فيها خطر زي التعدين أو الكيماويات بياخدوا كام يوم إضافية؟
643	طيب، العمال في الأعمال الخطرة زي التعدين أو الكيماويات يأخذون أد إيه يوم إضافية؟
644	بصراحة، العمال في الأعمال الخطرة زي التعدين أو الكيماويات بيستحقوا كام يوم إضافية؟
645	لو سمحت، العمال في الأعمال الخطرة زي التعدين أو الكيماويات بياخدوا كام يوم إضافية؟
646	ممكن أعرف العمال في الأعمال الخطرة زي التعدين أو الكيماويات يحصلون على قد ماذا يوم إضافية؟
647	يا ترى الناس اللي بتشتغل شغلانات فيها خطر زي المناجم ولا مصانع الكيماويات، بياخدوا أجازة زيادة قد إيه بالظبط؟ (تركيز على مقدار الإجازة الزيادة)
648	يعني يا ترى الناس اللي بتشتغل شغلانات فيها خطر زي المناجم ولا مصانع الكيماويات، يحصلون على أجازة زيادة قد إيه بالظبط؟ (تركيز على مقدار الإجازة الزيادة)؟
649	طيب، يا ترى الناس اللي بتشتغل شغلانات فيها خطر زي المناجم ولا مصانع الكيماويات، بيأخذوا أجازة زيادة قد إيه بالظبط؟ (تركيز على مقدار الإجازة الزيادة)؟
650	بصراحة، يا ترى الناس اللي بتشتغل شغلانات فيها خطر زي المناجم ولا مصانع الكيماويات، يستحقون أجازة زيادة قد إيه بالظبط؟ (تركيز على مقدار الإجازة الزيادة)؟
651	لو سمحت، يا ترى الناس اللي بتشتغل شغلانات فيها خطر زي المناجم ولا مصانع الكيماويات، يحصلون على أجازة زيادة قد إيه بالظبط؟ (تركيز على مقدار الإجازة الزيادة)؟
652	ممكن أعرف يا ترى الناس اللي بتشتغل شغلانات فيها خطر زي المناجم ولا مصانع الكيماويات، بيأخذوا أجازة زيادة قد إيه بالظبط؟ (تركيز على مقدار الإجازة الزيادة)؟
653	"أصحاب المهن اللي فيها خطورة عالية، زي شغل المنجم أو الكيماويات، ليهم كام يوم راحة زيادة عن غيرهم؟ (استخدام ""أصحاب المهن"" و ""راحة"" بدلاً من ""عمال"" و ""أجازة"")"
654	"يعني أصحاب المهن اللي فيها خطورة عالية، زي شغل المنجم أو الكيماويات، ليهم إيه مقدار يوم راحة زيادة عن غيرهم؟ (استخدام ""أصحاب المهن"" و ""راحة"" بدلاً من ""عمال"" و ""أجازة"")؟"
655	"طيب، أصحاب المهن اللي فيها خطورة عالية، زي شغل المنجم أو الكيماويات، ليهم كام يوم راحة زيادة عن غيرهم؟ (استخدام ""أصحاب المهن"" و ""راحة"" بدلاً من ""عمال"" و ""أجازة"")؟"
656	"بصراحة، أصحاب المهن اللي فيها خطورة عالية، زي شغل المنجم أو الكيماويات، ليهم كام يوم بريك زيادة عن غيرهم؟ (استخدام ""أصحاب المهن"" و ""راحة"" بدلاً من ""عمال"" و ""أجازة"")؟"
657	"لو سمحت، أصحاب المهن اللي فيها خطورة عالية، زي شغل المنجم أو الكيماويات، ليهم كام يوم فسحة زيادة عن غيرهم؟ (استخدام ""أصحاب المهن"" و ""راحة"" بدلاً من ""عمال"" و ""أجازة"")؟"
658	"ممكن أعرف أصحاب المهن اللي فيها خطورة عالية، زي شغل المنجم أو الكيماويات، ليهم كام يوم راحة زيادة عن غيرهم؟ (استخدام ""أصحاب المهن"" و ""راحة"" بدلاً من ""عمال"" و ""أجازة"")؟"
659	بالنسبة للناس اللي شغلهم فيه نسبة خطورة عالية زي شغل الكيماويات أو التعدين، بياخدوا كام يوم إضافي على رصيد إجازاتهم السنوية؟ (توضيح أن الإجازة الإضافية مرتبطة بالرصيد السنوي)
660	يعني بالنسبة للناس اللي شغلهم فيه نسبة خطورة عالية زي شغل الكيماويات أو التعدين، بياخدوا كام يوم إضافي على رصيد إجازاتهم السنهوية؟ (توضيح أن الإجازة الإضافية مرتبطة برصيد الإجازات)؟
661	طيب، بالنسبة للناس اللي شغلهم فيه نسبة خطورة عالية زي شغل الكيماويات أو التعدين، بيستحقوا كام يوم إضافي على رصيد إجازاتهم السنوية؟ (توضيح أن الإجازة الإضافية مرتبطة برصيد الإجازات)؟
662	بصراحة، بالنسبة للناس اللي شغلهم فيه نسبة خطورة عالية زي شغل الكيماويات أو التعدين، بياخدوا كام يوم إضافي على رصيد إجازاتهم السنوية؟ (توضيح أن الإجازة الإضافية مرتبطة بالرصيد السنوي)؟
663	لو سمحت، بالنسبة للناس اللي شغلهم فيه نسبة خطورة عالية زي شغل الكيماويات أو التعدين، يأخذون قد ما هو يوم إضافي على رصيد إجازاتهم السنوية؟ (توضيح أن الإجازة الإضافية مرتبطة بالرصيد السنوي)؟
664	ممكن أعرف بالنسبة للناس اللي شغلهم فيه نسبة خطورة عالية زي شغل الكيماويات أو التعدين، يحصلون على كام يوم إضافي على رصيد إجازاتهم السنوية؟ (توضيح أن الإجازة الإضافية مرتبطة برصيد الإجازات)؟
665	"اللي بيشتغلوا في أماكن زي المناجم أو مصانع الكيماويات، يعني الشغل الخطر، بياخدوا كام يوم زيادة عن الإجازة العادية بتاعتهم؟ (تبسيط اللغة وتوضيح مفهوم ""الشغل الخطر"")"
666	"يعني اللي بيشتغلوا في أماكن زي المناجم أو مصانع الكيماويات، يعني الشركة الخطر، بياخدوا كام يوم زيادة عن الإجازة العادية بتاعتهم؟ (تبسيط اللغة وتوضيح مفهوم ""الشغل الخطر"")؟"
667	"طيب، اللي بيشتغلوا في أماكن زي المناجم أو مصانع الكيماويات، يعني الشركة الخطر، يحصلون على كم يوم زيادة عن الإجازة العادية بتاعتهم؟ (تبسيط اللغة وتوضيح مفهوم ""الشغل الخطر"")؟"
668	"بصراحة، اللي بيشتغلوا في أماكن زي المناجم أو مصانع الكيماويات، يعني الوظيفة الخطر، بياخدوا كام يوم زيادة عن الإجازة العادية بتاعتهم؟ (تبسيط اللغة وتوضيح مفهوم ""الشغل الخطر"")؟"
669	"لو سمحت، اللي بيشتغلوا في أماكن زي المناجم أو مصانع الكيماويات، يعني الشغل الخطر، بيحصل علىوا أي كم يوم زيادة عن الإجازة العادية بتاعتهم؟ (تبسيط اللغة وتوضيح مفهوم ""الشغل الخطر"")؟"
670	"ممكن أعرف اللي بيشتغلوا في أماكن زي المناجم أو مصانع الكيماويات، يعني الشغل الخطر، بياخدوا كام يوم زيادة عن الإجازة العادية بتاعتهم؟ (تبسيط اللغة وتوضيح مفهوم ""الشغل الخطر"")؟"
671	طيب، الناس اللي شغالين في شغلانة زي التعدين أو الكيماويات، بيزيدوا كام يوم في إجازتهم بسبب طبيعة شغلهم الخطيرة؟ (تركيز على سبب الإجازة الإضافية وهو طبيعة العمل الخطيرة)
672	يعني طيب، الناس اللي شغالين في شغلانة زي التعدين أو الكيماويات، بيزيدوا إيه عدد يوم في إجازتهم بسبب طبيعة شغلهم الخطيرة؟ (تركيز على سبب الإجازة الإضافية وهو طبيعة الشركة الخطيرة)؟
673	طيب، الناس اللي شغالين في شغلانة زي التعدين أو الكيماويات، بيزيدوا كام يوم في إجازتهم بسبب طبيعة شغلهم الخطيرة؟ (تركيز على سبب الإجازة الإضافية وهو طبيعة الدوام الخطيرة)؟
674	بصراحة، طيب، الناس اللي شغالين في شغلانة زي التعدين أو الكيماويات، بيزيدوا كام يوم في إجازتهم بسبب طبيعة شغلهم الخطيرة؟ (تركيز على سبب الإجازة الإضافية وهو طبيعة الشغل الخطيرة)؟
675	لو سمحت، طيب، الناس اللي شغالين في شغلانة زي التعدين أو الكيماويات، بيزيدوا كام يوم في إجازتهم بسبب طبيعة شغلهم الخطيرة؟ (تركيز على سبب الإجازة الإضافية وهو طبيعة العمل الخطيرة)؟
676	ممكن أعرف طيب، الناس اللي شغالين في شغلانة زي التعدين أو الكيماويات، بيزيدوا قد أي يوم في إجازتهم بسبب طبيعة شغلهم الخطيرة؟ (تركيز على سبب الإجازة الإضافية وهو طبيعة الدوام الخطيرة)؟
677	الإجازة العارضة (زي فرح أو عزاء) كام يوم في السنة؟
678	يعني الإجازة الاستثنائية (زي عرس أو موت) كام يوم في السنهة؟
679	طيب، الإجازة العارضة (زي فرح أو عزاء) كام يوم في السنة؟
680	بصراحة، الإجازة المفاجئة (زي زواج أو عزاء) كام يوم في السنهة؟
681	لو سمحت، الإجازة العارضة (زي زفاف أو عزاء) كام يوم في السنة؟
682	ممكن أعرف الإجازة المفاجئة (زي فرح أو جنازة) ما هو عدد يوم في السنة؟
683	يعني الواحد ليه كام يوم إجازة طارئة في السنة، زي مثلاً مناسبة مفاجئة أو حاجة ضرورية؟
684	يعني الواحد ليه كام يوم إجازة طارئة في العمرة، زي مثلاً مناسبة مفاجئة أو حاجة ضرورية؟
685	طيب، يعني الواحد ليه أد إيه يوم إجازة طارئة في السنة، زي مثلاً مناسبة مفاجئة أو حاجة ضرورية؟
686	بصراحة، يعني الواحد ليه كام يوم إجازة طارئة في السنهة، زي مثلاً مناسبة مفاجئة أو حاجة ضرورية؟
687	لو سمحت، يعني الواحد ليه كام يوم إجازة طارئة في السنة، زي مثلاً مناسبة مفاجئة أو حاجة ضرورية؟
688	ممكن أعرف يعني الواحد ليه أد أي يوم إجازة طارئة في السنة، زي مثلاً مناسبة مفاجئة أو حاجة ضرورية؟
689	قانون الشغل بيدي كام يوم إجازة عارضة في السنة الواحدة، يعني لو حصل ظرف طارئ؟
690	يعني قانون الشغل بيدي كام يوم إجازة عارضة في العمرة الواحدة، يعني لو حصل ظرف طارئ؟
691	طيب، قانون الشغل بيدي كم يوم إجازة عارضة في السنة الواحدة، يعني لو حصل ظرف طارئ؟
692	بصراحة، قانون الشغل بيدي كام يوم إجازة عارضة في السنة الواحدة، يعني لو حصل ظرف طارئ؟
693	لو سمحت، قانون الشغل بيدي كم يوم إجازة عارضة في السنهة الواحدة، يعني لو حصل ظرف طارئ؟
694	ممكن أعرف قانون المؤسسة بيدي كم يوم إجازة عارضة في السنة الواحدة، يعني لو حصل ظرف طارئ؟
695	لو الواحد عنده مناسبة خاصة أو حالة وفاة لا قدر الله، يقدر ياخد كام يوم إجازة في السنة تبع الإجازات العارضة؟
696	يعني لو الواحد عنده مناسبة خاصة أو حالة وفاة لا قدر الله، يقدر يأخذ ماذا عدد يوم إجازة في السنة تبع الإجازات العارضة؟
697	طيب، لو الواحد عنده مناسبة خاصة أو حالة وفاة لا قدر الله، يقدر يستحق كام يوم إجازة في السنة تبع الإجازات العارضة؟
698	بصراحة، لو الواحد عنده مناسبة خاصة أو حالة وفاة لا قدر الله، يقدر ياخد كام يوم إجازة في العمرة تبع الإجازات المفاجئة؟
699	لو سمحت، لو الواحد عنده مناسبة خاصة أو حالة وفاة لا قدر الله، يقدر يستحق كام يوم إجازة في السنة تبع الإجازات الطارئة؟
700	ممكن أعرف لو الواحد عنده مناسبة خاصة أو حالة وفاة لا قدر الله، يقدر ياخد أد إيه يوم إجازة في السنة تبع الإجازات الطارئة؟
701	إيه عدد أيام الإجازات الطارئة اللي ممكن الموظف ياخدها في السنة، زي إجازة فرح أو عزاء؟
702	يعني أي عدد أيام الإجازات الطارئة اللي ممكن الموظف ياخدها في العمرة، زي إجازة زفاف أو عزاء؟
703	طيب، ماذا مقدار أيام الإجازات الطارئة اللي ينفع الموظف ياخدها في السنهة، زي إجازة فرح أو عزاء؟
704	بصراحة، ماذا عدد أيام الإجازات الطارئة اللي ممكن الموظف ياخدها في السنة، زي إجازة زواج أو عزاء؟
705	لو سمحت، إيه عدد أيام الإجازات الطارئة اللي ممكن الموظف ياخدها في السنة، زي إجازة فرح أو جنازة؟
706	ممكن أعرف إيه مقدار أيام الإجازات الطارئة اللي يجوز الموظف ياخدها في السنة، زي إجازة فرح أو جنازة؟
707	بالظبط كده، الموظف يقدر ياخد كام يوم في السنة إجازة تحت بند الظروف الطارئة، زي مناسبة مفاجئة أو حاجة حصلت فجأة؟
708	يعني بالظبط كده، الموظف يقدر ياخد كام يوم في السنة إجازة تحت بند الظروف الطارئة، زي مناسبة مفاجئة أو حاجة حصلت فجأة؟
709	طيب، بالظبط كده، الموظف يقدر يستحق أد إيه يوم في السنة إجازة تحت بند الظروف الطارئة، زي مناسبة مفاجئة أو حاجة حصلت فجأة؟
710	بصراحة، بالظبط كده، الموظف يقدر ياخد كام يوم في السنة إجازة تحت بند الظروف الطارئة، زي مناسبة مفاجئة أو حاجة حصلت فجأة؟
711	لو سمحت، بالظبط كده، الموظف يقدر يأخذ كام يوم في العمرة إجازة تحت بند الظروف الطارئة، زي مناسبة مفاجئة أو حاجة حصلت فجأة؟
712	ممكن أعرف بالظبط كده، الموظف يقدر يستحق كام يوم في السنة إجازة تحت بند الظروف الطارئة، زي مناسبة مفاجئة أو حاجة حصلت فجأة؟
713	الأيام دي بتخصم من الإجازة السنوية ولا تحسب فوق السنوية؟
714	يعني الأيام دي بتخصم من الإجازة السنوية ولا تُعد علاوة على السنوية؟
715	طيب، الأيام دي بتخصم من الإجازة السنوية ولا تُعتبر إضافة إلى السنوية؟
716	بصراحة، الأيام دي تُخصم من الإجازة السنوية ولا تحسب علاوة على السنوية؟
717	لو سمحت، الأيام دي تُخصم من الإجازة السنوية ولا تحسب إضافة إلى السنوية؟
718	ممكن أعرف الأيام دي بتخصم من الإجازة السنوية ولا تحسب فوق السنوية؟
719	هل الفترة الحالية بتتحسب ضمن رصيد إجازتي السنوية ولا بتضاف كرصيد إضافي؟
720	يعني هل الفترة الحالية بتتحسب جزء من رصيد إجازتي السنوية ولا بتضاف كرصيد إضافي؟
721	طيب، هل الزمن الحالية بتتحسب ضمن رصيد إجازتي السنوية ولا بتضاف كرصيد إضافي؟
722	بصراحة، هل المدة الحالية بتتحسب ضمن رصيد إجازتي العمروية ولا بتضاف كرصيد إضافي؟
723	لو سمحت، هل المدة الحالية تحسب ضمن رصيد إجازتي السنوية ولا بتضاف كرصيد إضافي؟
724	ممكن أعرف هل الفترة الحالية بتتحسب ضمن رصيد إجازتي السنهوية ولا بتضاف كرصيد إضافي؟
725	اللي بناخده إجازة دلوقتي بيتخصم من إجازتنا المعتادة بتاعت كل سنة ولا بيعتبر إجازة زيادة مش من ضمنها؟
726	يعني اللي بناخده إجازة دلوقتي بيتخصم من إجازتنا المعتادة بتاعت كل سنهة ولا بيعتبر إجازة زيادة مش من ضمنها؟
727	طيب، اللي بناخده إجازة دلوقتي بيتخصم من إجازتنا المعتادة بتاعت كل سنة ولا بيعتبر إجازة زيادة مش من ضمنها؟
728	بصراحة، اللي بناخده إجازة دلوقتي بيتخصم من إجازتنا المعتادة بتاعت كل عمرة ولا بيعتبر إجازة زيادة مش من من ضمنها؟
729	لو سمحت، اللي بناخده إجازة دلوقتي بيتخصم من إجازتنا المعتادة بتاعت كل سنهة ولا بيعتبر إجازة زيادة مش من ضمنها؟
730	ممكن أعرف اللي بناخده إجازة دلوقتي بيتخصم من إجازتنا المعتادة بتاعت كل سنة ولا بيعتبر إجازة زيادة مش من ضمنها؟
731	الإجازة اللي بناخدها في الوقت ده: هل هي جزء من الإجازة السنوية بتاعتنا، ولا دي حاجة تانية غيرها؟
732	يعني الإجازة اللي بناخدها في الوقت ده: هل هي جزء من الإجازة العمروية بتاعتنا، ولا دي حاجة تانية غيرها؟
733	طيب، الإجازة اللي بناخدها في الوقت ده: هل هي جزء من الإجازة السنوية بتاعتنا، ولا دي حاجة تانية غيرها؟
734	بصراحة، الإجازة اللي بناخدها في الوقت ده: هل هي جزء من الإجازة السنوية بتاعتنا، ولا دي حاجة تانية غيرها؟
735	لو سمحت، الإجازة اللي بناخدها في الوقت ده: هل هي جزء من الإجازة السنوية بتاعتنا، ولا دي حاجة تانية غيرها؟
736	ممكن أعرف الإجازة اللي بناخدها في الوقت ده: هل هي جزء من الإجازة السنوية بتاعتنا، ولا دي حاجة تانية غيرها؟
737	هل الإجازات اللي بنحصل عليها دلوقتي محسوبة من الإجازة السنوية اللي بنستحقها كل سنة ولا ليها حسابات مختلفة؟
738	يعني هل الإجازات اللي بنحصل عليها دلوقتي محسوبة من الإجازة السنوية اللي بنستحقها كل سنة ولا ليها حسابات مختلفة؟
739	طيب، هل الإجازات اللي بنحصل عليها دلوقتي محسوبة من الإجازة السنوية اللي بنستحقها كل سنة ولا ليها حسابات مختلفة؟
740	بصراحة، هل الإجازات اللي بنحصل عليها دلوقتي محسوبة من الإجازة السنوية اللي بنستحقها كل سنة ولا ليها حسابات مختلفة؟
741	لو سمحت، هل الإجازات اللي بنحصل عليها دلوقتي محسوبة من الإجازة العمروية اللي بنستحقها كل سنة ولا ليها حسابات مختلفة؟
742	ممكن أعرف هل الإجازات اللي بنحصل عليها دلوقتي محسوبة من الإجازة العمروية اللي بنستحقها كل سنة ولا ليها حسابات مختلفة؟
743	لو خدت إجازة في الفترة دي، ده هيقلل من رصيد إجازتي السنوية العادية، ولا ده وضع مختلف ومش هياثر عليها؟
744	يعني لو خدت إجازة في الزمن دي، ده هيقلل من رصيد إجازتي السنوية العادية، ولا ده وضع مختلف ومش هياثر عليها؟
745	طيب، لو خدت إجازة في الفترة دي، ده هيقلل من رصيد إجازتي السنوية العادية، ولا ده وضع مختلف ومش هياثر عليها؟
746	بصراحة، لو خدت إجازة في الوقت دي، ده هيقلل من رصيد إجازتي العمروية العادية، ولا ده وضع مختلف ومش هياثر عليها؟
747	لو سمحت، لو خدت إجازة في الزمن دي، ده هيقلل من رصيد إجازتي السنوية العادية، ولا ده وضع مختلف ومش هياثر عليها؟
748	ممكن أعرف لو خدت إجازة في الفترة دي، ده هيقلل من رصيد إجازتي العمروية العادية، ولا ده وضع مختلف ومش هياثر عليها؟
749	لو موظف ماسك امتحانات جامعية، بياخد كام يوم إجازة دراسة؟
750	يعني لو موظف ماسك امتحانات الكلية، بيستحق قد إيه يوم إجازة دراسة؟
751	طيب، لو موظف ماسك امتحانات جامعية، بياخد كام يوم إجازة تحضير؟
752	بصراحة، لو موظف مسؤول عن امتحانات الكلية، بياخد أد إيه يوم إجازة دراسة؟
753	لو سمحت، لو موظف ماسك امتحانات جامعية، بياخد كام يوم إجازة دراسة؟
754	ممكن أعرف لو موظف ماسك اختبارات الجامعة، بيستحق كام يوم إجازة دراسة؟
755	بالنسبة لموظف مسؤول عن الامتحانات في الجامعة، كام يوم إجازة مسموح له ياخدهم علشان يذاكر؟ (تركيز على السماح وعدد الأيام)
756	يعني بالنسبة لموظف مسؤول عن الامتحانات في الجامعة، كام يوم إجازة ممكن له يحصل علىهم علشان يذاكر؟ (تركيز على السماح وعدد الأيام)؟
757	طيب، بالنسبة لموظف مسؤول عن الامتحانات في الجامعة، أد ما هو يوم إجازة جائز له يحصل علىهم علشان يذاكر؟ (تركيز على السماح وكم الأيام)؟
758	بصراحة، بالنسبة لموظف مسؤول عن الامتحانات في الجامعة، كام يوم إجازة مسموح له ياخدهم علشان يذاكر؟ (تركيز على السماح وكمية الأيام)؟
759	لو سمحت، بالنسبة لموظف مسؤول عن الامتحانات في الجامعة، كام يوم إجازة مسموح له يحصل علىهم علشان يذاكر؟ (تركيز على السماح وكم الأيام)؟
760	ممكن أعرف بالنسبة لموظف مسؤول عن الامتحانات في الجامعة، كام يوم إجازة مباح له ياخدهم علشان يذاكر؟ (تركيز على السماح وكمية الأيام)؟
761	لو فيه حد شغال في تنظيم امتحانات الجامعة، بيستحق إجازة مذاكرة مدتها قد إيه؟ (تركيز على الاستحقاق ومدة الإجازة)
762	يعني لو فيه حد شغال في تنظيم امتحانات الجامعة، بيستحق إجازة مذاكرة مدتها قد إيه؟ (تركيز على الاستحقاق ومدة الإجازة)؟
763	طيب، لو فيه حد شغال في تنظيم امتحانات الجامعة، بيستحق إجازة مذاكرة مدتها قد إيه؟ (تركيز على الاستحقاق ومدة الإجازة)؟
764	بصراحة، لو فيه حد شغال في تنظيم امتحانات الجامعة، بيستحق إجازة مذاكرة مدتها قد إيه؟ (تركيز على الاستحقاق ومدة الإجازة)؟
765	لو سمحت، لو فيه حد شغال في تنظيم امتحانات الجامعة، بيستحق إجازة مذاكرة مدتها قد أي؟ (تركيز على الاستحقاق ومدة الإجازة)؟
766	ممكن أعرف لو فيه حد شغال في تنظيم امتحانات الجامعة، بيستحق إجازة مذاكرة مدتها قد ما هو؟ (تركيز على الاستحقاق ومدة الإجازة)؟
767	الموظف اللي بيشرف على الامتحانات الجامعية، ايه عدد أيام إجازة المذاكرة اللي بياخدها في العادة؟ (تركيز على العادة وعدد الأيام المتعارف عليه)
768	يعني الموظف اللي بيشرف على الامتحانات الجامعية، ايه مقدار أيام إجازة المذاكرة اللي بيستحقها في العادة؟ (تركيز على العادة وعدد الأيام المتعارف عليه)؟
769	طيب، الموظف اللي بيشرف على الامتحانات الجامعية، ايه عدد أيام إجازة المذاكرة اللي بياخدها في العادة؟ (تركيز على العادة وعدد الأيام المتعارف عليه)؟
770	بصراحة، الموظف اللي بيشرف على الامتحانات الجامعية، ايه عدد أيام إجازة المذاكرة اللي بياخدها في العادة؟ (تركيز على العادة وعدد الأيام المتعارف عليه)؟
771	لو سمحت، الموظف اللي بيشرف على الامتحانات الجامعية، ايه عدد أيام إجازة المذاكرة اللي بياخدها في العادة؟ (تركيز على العادة وعدد الأيام المتعارف عليه)؟
772	ممكن أعرف الموظف اللي بيشرف على الامتحانات الجامعية، ايه كم أيام إجازة المذاكرة اللي بياخدها في العادة؟ (تركيز على العادة وعدد الأيام المتعارف عليه)؟
773	يا ترى، الموظفين اللي بيشتغلوا في قسم الامتحانات بالجامعة، ليهم كام يوم إجازة للمذاكرة قبل الامتحانات؟ (تركيز على قسم الامتحانات وتحديد الفترة الزمنية)
774	يعني يا ترى، الموظفين اللي بيشتغلوا في قسم الامتحانات بالجامعة، ليهم كام يوم إجازة للمذاكرة قبل الامتحانات؟ (تركيز على قسم الامتحانات وتحديد الفترة الزمنية)؟
775	طيب، يا ترى، الموظفين اللي بيشتغلوا في قسم الامتحانات بالجامعة، ليهم قد ما هو يوم إجازة للمذاكرة قبل الامتحانات؟ (تركيز على قسم الامتحانات وتحديد الفترة الزمنية)؟
776	بصراحة، يا ترى، الموظفين اللي بيشتغلوا في قسم الامتحانات بالجامعة، ليهم كام يوم إجازة للمذاكرة قبل الامتحانات؟ (تركيز على قسم الامتحانات وتحديد الزمن الزمنية)؟
777	لو سمحت، يا ترى، الموظفين اللي بيشتغلوا في قسم الامتحانات بالجامعة، ليهم قد إيه يوم إجازة للمذاكرة قبل الامتحانات؟ (تركيز على قسم الامتحانات وتحديد الزمن الزمنية)؟
778	ممكن أعرف يا ترى، الموظفين اللي بيشتغلوا في قسم الامتحانات بالجامعة، ليهم كام يوم إجازة للمذاكرة قبل الامتحانات؟ (تركيز على قسم الامتحانات وتحديد الفترة الزمنية)؟
779	فيه نظام معين لإجازات المذاكرة للموظفين اللي بيديروا الامتحانات في الجامعة؟ يعني، كام يوم إجازة بياخدوا؟ (تركيز على وجود نظام محدد والسؤال عن عدد الأيام كجزء من النظام)
780	يعني فيه نظام معين لإجازات المذاكرة للموظفين اللي بيديروا الامتحانات في الجامعة؟ يعني، كام يوم إجازة يأخذون؟ (تركيز على وجود نظام محدد والسؤال عن عدد الأيام كجزء من النظام)؟
781	طيب، فيه نظام معين لإجازات المذاكرة للموظفين اللي بيديروا الامتحانات في الجامعة؟ يعني، كام يوم إجازة بيستحقوا؟ (تركيز على وجود نظام محدد والسؤال عن عدد الأيام كجزء من النظام)؟
782	بصراحة، فيه نظام معين لإجازات المذاكرة للموظفين اللي بيديروا الامتحانات في الجامعة؟ يعني، كام يوم إجازة بياخدوا؟ (تركيز على وجود نظام محدد والسؤال عن كمية الأيام كجزء من النظام)؟
783	لو سمحت، فيه نظام معين لإجازات المذاكرة للموظفين اللي بيديروا الامتحانات في الجامعة؟ يعني، أد إيه يوم إجازة يستحقون؟ (تركيز على وجود نظام محدد والسؤال عن عدد الأيام كجزء من النظام)؟
784	ممكن أعرف فيه نظام معين لإجازات المذاكرة للموظفين اللي بيديروا الامتحانات في الجامعة؟ يعني، أد ماذا يوم إجازة بياخدوا؟ (تركيز على وجود نظام محدد والسؤال عن عدد الأيام كجزء من النظام)؟
785	إجازة دراسية في أيام الامتحانات بتتنقص من الرصيد السنوي ولا مجانًا؟
786	يعني إجازة دراسية في أيام الامتحانات تقل من الرصيد السنهوي ولا مجانًا؟
787	طيب، إجازة دراسية في أيام الامتحانات تُطرح من الرصيد العمروي ولا مجانًا؟
788	بصراحة، إجازة دراسية في أيام الامتحانات تُطرح من الإجازة السنوية ولا ببلاش؟
789	لو سمحت، إجازة دراسية في أيام الامتحانات تُطرح من الرصيد العمروي ولا مجاني؟
790	ممكن أعرف إجازة دراسية في أيام الامتحانات تُخصم من الرصيد السنوي ولا ببلاش؟
791	"لو خدت إجازة عشان الدراسة وقت الامتحانات، دي بتتخصم من رصيد إجازاتي السنوية ولا محسوبة ببلاش؟ (تغيير في التركيب والكلمات: استخدام ""لو خدت"" بدل ""إجازة دراسية""، ""دي بتتخصم"" بدلاً من ""بتتنقص""، ""محسوبة ببلاش"" بدلاً من ""مجانًا"")"
792	"يعني لو خدت إجازة عشان الدراسة وقت الامتحانات، دي بتتخصم من رصيد إجازاتي السنوية ولا محسوبة ببلاش؟ (تغيير في التركيب والكلمات: استخدام ""لو خدت"" بدل ""إجازة دراسية""، ""دي بتتخصم"" بدلاً من ""بتتنقص""، ""محسوبة ببلاش"" بدلاً من ""ببلاش"")؟"
793	"طيب، لو خدت إجازة عشان المذاكرة وقت الامتحانات، دي بتتخصم من رصيد إجازاتي السنهوية ولا محسوبة ببلاش؟ (تغيير في التركيب والكلمات: استخدام ""لو خدت"" بدل ""إجازة دراسية""، ""دي بتتخصم"" بدلاً من ""تُخصم""، ""محسوبة ببلاش"" بدلاً من ""مجانًا"")؟"
794	"بصراحة، لو خدت إجازة عشان الدراسة وقت الامتحانات، دي بتتخصم من رصيد إجازاتي العمروية ولا محسوبة ببلاش؟ (تغيير في التركيب والكلمات: استخدام ""لو خدت"" بدل ""إجازة دراسية""، ""دي بتتخصم"" بدلاً من ""بتتنقص""، ""محسوبة ببلاش"" بدلاً من ""بدون خصم"")؟"
795	"لو سمحت، لو خدت إجازة عشان المذاكرة وقت الامتحانات، دي بتتخصم من رصيد إجازاتي السنهوية ولا محسوبة ببلاش؟ (تغيير في التركيب والكلمات: استخدام ""لو خدت"" بدل ""إجازة دراسية""، ""دي بتتخصم"" بدلاً من ""بتتنقص""، ""محسوبة ببلاش"" بدلاً من ""مجانًا"")؟"
796	"ممكن أعرف لو خدت إجازة عشان الدراسة وقت الامتحانات، دي بتتخصم من رصيد إجازاتي السنوية ولا محسوبة ببلاش؟ (تغيير في التركيب والكلمات: استخدام ""لو خدت"" بدل ""إجازة دراسية""، ""دي بتتخصم"" بدلاً من ""تقل""، ""محسوبة ببلاش"" بدلاً من ""مجانًا"")؟"
797	"يعني لو طلبت إجازة عشان أذاكر وأمتحن، الإجازة دي هتبقى على حساب إجازتي السنوية ولا ببلاش كده؟ (تغيير كبير في التركيب: استخدام ""طلبت إجازة عشان أذاكر وأمتحن""، ""على حساب إجازتي السنوية"" بدلاً من ""بتتنقص من الرصيد السنوي"")."
798	"يعني لو طلبت إجازة عشان أذاكر وأمتحن، الإجازة دي هتبقى على حساب إجازتي السنوية ولا ببلاش كده؟ (تغيير كبير في التركيب: استخدام ""طلبت إجازة عشان أذاكر وأمتحن""، ""على حساب إجازتي السنوية"" بدلاً من ""تقل من الرصيد السنوي"").؟"
799	"طيب، يعني لو طلبت إجازة عشان أذاكر وأمتحن، الإجازة دي هتبقى على حساب إجازتي العمروية ولا ببلاش كده؟ (تغيير كبير في التركيب: استخدام ""طلبت إجازة عشان أذاكر وأمتحن""، ""على حساب إجازتي السنوية"" بدلاً من ""تُطرح من الإجازة السنوية"").؟"
800	"بصراحة، يعني لو طلبت إجازة عشان أذاكر وأمتحن، الإجازة دي هتبقى على حساب إجازتي السنوية ولا ببلاش كده؟ (تغيير كبير في التركيب: استخدام ""طلبت إجازة عشان أذاكر وأمتحن""، ""على حساب إجازتي السنوية"" بدلاً من ""تُطرح من رصيد الإجازات"").؟"
801	"لو سمحت، يعني لو طلبت إجازة عشان أذاكر وأمتحن، الإجازة دي هتبقى على حساب إجازتي السنوية ولا ببلاش كده؟ (تغيير كبير في التركيب: استخدام ""طلبت إجازة عشان أذاكر وأمتحن""، ""على حساب إجازتي السنوية"" بدلاً من ""بتتنقص من الإجازة السنوية"").؟"
802	"ممكن أعرف يعني لو طلبت إجازة عشان أذاكر وأمتحن، الإجازة دي هتبقى على حساب إجازتي السنوية ولا ببلاش كده؟ (تغيير كبير في التركيب: استخدام ""طلبت إجازة عشان أذاكر وأمتحن""، ""على حساب إجازتي السنوية"" بدلاً من ""بتتنقص من رصيد الإجازات"").؟"
803	"لما الواحد ياخد إجازة عشان الدراسة وقت الامتحانات، الرصيد بتاعه بيقل ولا بياخدها من غير خصم؟ (تغيير في الأسلوب: استخدام ""الواحد ياخد إجازة""، ""الرصيد بتاعه بيقل"" بدلاً من ""بتتنقص من الرصيد السنوي""، ""من غير خصم"" بدلاً من ""مجانًا"")."
804	"يعني لما الواحد ياخد إجازة عشان الدراسة وقت الامتحانات، الرصيد بتاعه بيقل ولا بياخدها من غير خصم؟ (تغيير في الأسلوب: استخدام ""الواحد ياخد إجازة""، ""الرصيد بتاعه بيقل"" بدلاً من ""تُطرح من الرصيد السنوي""، ""من غير خصم"" بدلاً من ""ببلاش"").؟"
805	"طيب، لما الواحد يحصل على إجازة عشان الدراسة وقت الامتحانات، الرصيد بتاعه بيقل ولا بياخدها من غير خصم؟ (تغيير في الأسلوب: استخدام ""الواحد ياخد إجازة""، ""الرصيد بتاعه بيقل"" بدلاً من ""تُخصم من رصيد الإجازات""، ""من غير خصم"" بدلاً من ""ببلاش"").؟"
806	"بصراحة، لما الواحد ياخد إجازة عشان الدراسة وقت الامتحانات، الرصيد بتاعه بيقل ولا بياخدها من غير خصم؟ (تغيير في الأسلوب: استخدام ""الواحد ياخد إجازة""، ""الرصيد بتاعه بيقل"" بدلاً من ""بتتنقص من الإجازة السنوية""، ""من غير خصم"" بدلاً من ""مجانًا"").؟"
807	"لو سمحت، لما الواحد يستحق إجازة عشان الدراسة وقت الامتحانات، الرصيد بتاعه بيقل ولا بياخدها من غير خصم؟ (تغيير في الأسلوب: استخدام ""الواحد ياخد إجازة""، ""الرصيد بتاعه بيقل"" بدلاً من ""تُخصم من الرصيد السنوي""، ""من غير خصم"" بدلاً من ""بدون خصم"").؟"
808	"ممكن أعرف لما الواحد يستحق إجازة عشان الدراسة وقت الامتحانات، الرصيد بتاعه بيقل ولا بياخدها من غير خصم؟ (تغيير في الأسلوب: استخدام ""الواحد ياخد إجازة""، ""الرصيد بتاعه بيقل"" بدلاً من ""تُخصم من رصيد الإجازات""، ""من غير خصم"" بدلاً من ""مجاني"").؟"
809	"بالظبط كده: لو الواحد واخد إجازة للمذاكرة في فترة الامتحانات، بيتحسب عليه من إجازته العادية ولا بتكون إجازة خاصة مش بتأثر على الرصيد؟ (تقديم توضيح إضافي: ""فترة الامتحانات"" بدل ""أيام الامتحانات"",  ""إجازته العادية"" بدل ""الرصيد السنوي"" واستخدام ""إجازة خاصة مش بتأثر على الرصيد"")"
810	"يعني بالظبط كده: لو الواحد واخد إجازة للمذاكرة في فترة الامتحانات، بيتحسب عليه من إجازته العادية ولا بتكون إجازة خاصة مش بتأثر على الرصيد؟ (تقديم توضيح إضافي: ""فترة الامتحانات"" بدل ""أيام الامتحانات"",  ""إجازته العادية"" بدل ""الرصيد السنوي"" واستخدام ""إجازة خاصة مش بتأثر على الرصيد"")؟"
811	"طيب، بالظبط كده: لو الواحد واخد إجازة للمذاكرة في فترة الامتحانات، بيتُحسب عليه من إجازته العادية ولا بتكون إجازة خاصة مش بتأثر على الرصيد؟ (تقديم توضيح إضافي: ""فترة الامتحانات"" بدل ""أيام الامتحانات"",  ""إجازته العادية"" بدل ""الإجازة السنوية"" واستخدام ""إجازة خاصة مش بتأثر على الرصيد"")؟"
812	"بصراحة، بالظبط كده: لو الواحد واخد إجازة للمذاكرة في وقت الامتحانات، بيتُعتبر عليه من إجازته العادية ولا بتكون إجازة خاصة مش بتأثر على الرصيد؟ (تقديم توضيح إضافي: ""فترة الامتحانات"" بدل ""أيام الامتحانات"",  ""إجازته العادية"" بدل ""الرصيد السنهوي"" واستخدام ""إجازة خاصة مش بتأثر على الرصيد"")؟"
813	"لو سمحت، بالظبط كده: لو الواحد واخد إجازة للمذاكرة في وقت الامتحانات، بيتحسب عليه من إجازته العادية ولا بتكون إجازة خاصة مش بتأثر على الرصيد؟ (تقديم توضيح إضافي: ""فترة الامتحانات"" بدل ""أيام الامتحانات"",  ""إجازته العادية"" بدل ""الرصيد السنهوي"" واستخدام ""إجازة خاصة مش بتأثر على الرصيد"")؟"
814	"ممكن أعرف بالظبط كده: لو الواحد واخد إجازة للمذاكرة في فترة الامتحانات، بيتُحسب عليه من إجازته العادية ولا بتكون إجازة خاصة مش بتأثر على الرصيد؟ (تقديم توضيح إضافي: ""فترة الامتحانات"" بدل ""أيام الامتحانات"",  ""إجازته العادية"" بدل ""الإجازة السنوية"" واستخدام ""إجازة خاصة مش بتأثر على الرصيد"")؟"
815	"سؤال مهم: لما يكون فيه امتحانات وأنا محتاج آخد إجازة عشان أذاكر، هل دي بتعتبر إجازة رسمية بتتخصم من رصيدي السنوي ولا إيه نظامها بالظبط؟ (تقديم مقدمة ""سؤال مهم""، استخدام ""إجازة رسمية"" بدلاً من ""إجازة دراسية""، ""إيه نظامها بالظبط"" لإضافة توضيح.)"
816	"يعني سؤال مهم: لما يكون فيه امتحانات وأنا محتاج آخد إجازة عشان أذاكر، هل دي بتعتبر إجازة رسمية بتتخصم من رصيدي العمروي ولا إيه نظامها بالظبط؟ (تقديم مقدمة ""سؤال مهم""، استخدام ""إجازة رسمية"" بدلاً من ""إجازة دراسية""، ""إيه نظامها بالظبط"" لإضافة توضيح.)؟"
817	"طيب، سؤال مهم: لما يكون فيه امتحانات وأنا محتاج آخد إجازة عشان أذاكر، هل دي بتعتبر إجازة رسمية بتتخصم من رصيدي السنوي ولا إيه نظامها بالظبط؟ (تقديم مقدمة ""سؤال مهم""، استخدام ""إجازة رسمية"" بدلاً من ""إجازة دراسية""، ""إيه نظامها بالظبط"" لإضافة توضيح.)؟"
818	"بصراحة، سؤال مهم: لما يكون فيه امتحانات وأنا محتاج آخد إجازة عشان أذاكر، هل دي بتعتبر إجازة رسمية بتتخصم من رصيدي السنهوي ولا إيه نظامها بالظبط؟ (تقديم مقدمة ""سؤال مهم""، استخدام ""إجازة رسمية"" بدلاً من ""إجازة دراسية""، ""إيه نظامها بالظبط"" لإضافة توضيح.)؟"
819	"لو سمحت، سؤال مهم: لما يكون فيه امتحانات وأنا محتاج آخد إجازة عشان أذاكر، هل دي بتعتبر إجازة رسمية بتتخصم من رصيدي السنوي ولا إيه نظامها بالظبط؟ (تقديم مقدمة ""سؤال مهم""، استخدام ""إجازة رسمية"" بدلاً من ""إجازة دراسية""، ""إيه نظامها بالظبط"" لإضافة توضيح.)؟"
820	"ممكن أعرف سؤال مهم: لما يكون فيه امتحانات وأنا محتاج آخد إجازة عشان أذاكر، هل دي بتعتبر إجازة رسمية بتتخصم من رصيدي العمروي ولا إيه نظامها بالظبط؟ (تقديم مقدمة ""سؤال مهم""، استخدام ""إجازة رسمية"" بدلاً من ""إجازة دراسية""، ""إيه نظامها بالظبط"" لإضافة توضيح.)؟"
821	إجازة الوضع للأب (إجازة الوالد عند ولادة الطفل) كام يوم؟
822	يعني إجازة الوضع للأب (إجازة الوالد عند ولادة الطفل) أد إيه يوم؟
823	طيب، إجازة الوضع للأب (إجازة الوالد عند ولادة الطفل) كم يوم؟
824	بصراحة، إجازة الوضع للأب (إجازة الوالد عند ولادة الطفل) ما هو مقدار يوم؟
825	لو سمحت، إجازة الوضع للأب (إجازة الوالد عند ولادة الطفل) أد إيه يوم؟
826	ممكن أعرف إجازة الوضع للأب (إجازة الوالد عند ولادة الطفل) كام يوم؟
827	يا ترى الأب بياخد كام يوم إجازة لما مراته تولد؟ (تعبير عامي أكثر، يسأل عن المدة بشكل غير رسمي)
828	يعني يا ترى الأب بيأخذ كام يوم إجازة لما مراته تولد؟ (تعبير عامي أكثر، يسأل عن المدة بشكل غير رسمي)؟
829	طيب، يا ترى الأب بياخد قد إيه يوم إجازة لما مراته تولد؟ (تعبير عامي أكثر، يسأل عن المدة بشكل غير رسمي)؟
830	بصراحة، يا ترى الأب بيأخذ ماذا عدد يوم إجازة لما مراته تولد؟ (تعبير عامي أكثر، يسأل عن المدة بشكل غير رسمي)؟
831	لو سمحت، يا ترى الأب بياخد كام يوم إجازة لما مراته تولد؟ (تعبير عامي أكثر، يسأل عن المدة بشكل غير رسمي)؟
832	ممكن أعرف يا ترى الأب بيحصل على كام يوم إجازة لما مراته تولد؟ (تعبير عامي أكثر، يسأل عن المدة بشكل غير رسمي)؟
833	قانونًا، الأب من حقه ياخد إجازة والدية مدتها قد إيه لما البيبي يجي؟ (صياغة رسمية أكثر، تسأل عن الحق القانوني)
834	يعني قانونًا، الأب من حقه ياخد إجازة والدية مدتها قد ماذا لما البيبي يجي؟ (صياغة رسمية أكثر، تسأل عن الحق القانوني)؟
835	طيب، قانونًا، الأب من حقه ياخد إجازة والدية مدتها قد ماذا لما البيبي يجي؟ (صياغة رسمية أكثر، تسأل عن الحق القانوني)؟
836	بصراحة، قانونًا، الأب من حقه يأخذ إجازة والدية مدتها قد إيه لما البيبي يجي؟ (صياغة رسمية أكثر، تسأل عن الحق الشرعي)؟
837	لو سمحت، قانونًا، الأب من حقه ياخد إجازة والدية مدتها قد إيه لما البيبي يجي؟ (صياغة رسمية أكثر، تسأل عن الحق القانوني)؟
838	ممكن أعرف قانونًا، الأب من حقه ياخد إجازة والدية مدتها قد ما هو لما البيبي يجي؟ (صياغة رسمية أكثر، تسأل عن الحق النظامي)؟
839	بعد الولادة، الزوج المفروض يقعد كام يوم إجازة من شغله عشان يساعد مراته؟ (تركز على دور المساعدة بعد الولادة)
840	يعني بعد الولادة، الزوج المفروض يقعد أد أي يوم إجازة من شغله عشان يساعد مراته؟ (تركز على دور المساعدة بعد الولادة)؟
841	طيب، عقب الولادة، الزوج المفروض يقعد كام يوم إجازة من شغله عشان يساعد مراته؟ (تركز على دور المساعدة بعد الولادة)؟
842	بصراحة، بعد مرور الولادة، الزوج المفروض يقعد كام يوم إجازة من شغله عشان يساعد مراته؟ (تركز على دور المساعدة بعد الولادة)؟
843	لو سمحت، بعد الولادة، الزوج المفروض يقعد كام يوم إجازة من شغله عشان يساعد مراته؟ (تركز على دور المساعدة بعد الولادة)؟
844	ممكن أعرف بعد الولادة، الزوج المفروض يقعد كام يوم إجازة من شغله عشان يساعد مراته؟ (تركز على دور المساعدة بعد الولادة)؟
845	لو خلفت، جوزي يقدر ياخد كام يوم راحة من الشغل بمناسبة الوضع؟ (صياغة من وجهة نظر الزوجة، وتسأل عن الراحة من العمل)
846	يعني لو خلفت، جوزي يقدر يستحق كام يوم استراحة من الشركة بمناسبة الوضع؟ (صياغة من وجهة نظر الزوجة، وتسأل عن الراحة من العمل)؟
847	طيب، لو خلفت، جوزي يقدر ياخد كم يوم بريك من الشغل بمناسبة الوضع؟ (صياغة من وجهة نظر الزوجة، وتسأل عن الراحة من العمل)؟
848	بصراحة، لو خلفت، جوزي يقدر ياخد كام يوم راحة من الوظيفة بمناسبة الوضع؟ (صياغة من وجهة نظر الزوجة، وتسأل عن الراحة من الشغل)؟
849	لو سمحت، لو خلفت، جوزي يقدر ياخد ما هو عدد يوم راحة من الشغل بمناسبة الوضع؟ (صياغة من وجهة نظر الزوجة، وتسأل عن الراحة من الشغل)؟
850	ممكن أعرف لو خلفت، جوزي يقدر ياخد كام يوم بريك من الوظيفة بمناسبة الوضع؟ (صياغة من وجهة نظر الزوجة، وتسأل عن الراحة من العمل)؟
851	إيه نظام إجازة الأبوة في مصر؟ يعني الأب بياخد كام يوم لما مراته تجيب طفل؟ (تستفسر عن النظام بشكل عام ثم تحدد المدة)
852	يعني إيه نظام إجازة الأبوة في مصر؟ يعني الأب بيستحق كام يوم لما مراته تجيب طفل؟ (تستفسر عن النظام بشكل عام ثم تحدد المدة)؟
853	طيب، أي نظام إجازة الأبوة في مصر؟ يعني الأب بيستحق قد إيه يوم لما مراته تجيب طفل؟ (تستفسر عن النظام بشكل عام ثم تحدد المدة)؟
854	بصراحة، إيه نظام إجازة الأبوة في مصر؟ يعني الأب بيستحق كام يوم لما مراته تجيب طفل؟ (تستفسر عن النظام بشكل عام ثم تحدد المدة)؟
855	لو سمحت، ماذا نظام إجازة الأبوة في مصر؟ يعني الأب بياخد إيه عدد يوم لما مراته تجيب طفل؟ (تستفسر عن النظام بشكل عام ثم تحدد المدة)؟
856	ممكن أعرف ما هو نظام إجازة الأبوة في مصر؟ يعني الأب بيأخذ أد إيه يوم لما مراته تجيب طفل؟ (تستفسر عن النظام بشكل عام ثم تحدد المدة)؟
857	الست العاملة بتاخد كام شهر إجازة وضع (أمومة)؟
858	يعني الست العاملة بتاخد كام شهر إجازة وضع (أمومة)؟
859	طيب، الست العاملة بتاخد كام شهر إجازة وضع (أمومة)؟
860	بصراحة، الست العاملة بتاخد كام شهر إجازة وضع (أمومة)؟
861	لو سمحت، الست العاملة بتاخد ما هو كم شهر إجازة وضع (أمومة)؟
862	ممكن أعرف الست العاملة بتاخد كام شهر إجازة وضع (أمومة)؟
863	الست اللي بتشتغل ليها حق تاخد كام شهر إجازة بعد الولادة؟
864	يعني الست اللي بتشتغل ليها حق تاخد كم شهر إجازة عقب الولادة؟
865	طيب، الست اللي بتشتغل ليها حق تاخد قد إيه شهر إجازة بعد الولادة؟
866	بصراحة، الست اللي بتشتغل ليها حق تاخد كم شهر إجازة بعد الولادة؟
867	لو سمحت، الست اللي بتشتغل ليها حق تاخد كام شهر إجازة بعد الولادة؟
868	ممكن أعرف الست اللي بتشتغل ليها حق تاخد كام شهر إجازة عقب الولادة؟
869	لما واحدة ست بتشتغل تخلف، بتاخد كام شهر راحة من الشغل عشان البيبي؟
870	يعني لما واحدة ست بتشتغل تخلف، بتاخد كام شهر راحة من العمل عشان البيبي؟
871	طيب، لما واحدة ست بتشتغل تخلف، بتاخد كام شهر بريك من الشركة عشان البيبي؟
872	بصراحة، لما واحدة ست بتشتغل تخلف، بتاخد كم شهر بريك من الشغل عشان البيبي؟
873	لو سمحت، لما واحدة ست بتشتغل تخلف، بتاخد كام شهر راحة من الشغل عشان البيبي؟
874	ممكن أعرف لما واحدة ست بتشتغل تخلف، بتاخد كام شهر فسحة من الشغل عشان البيبي؟
875	قانون الشغل بيدي للست اللي جابت بيبي كام شهر إجازة أمومة مدفوعة الأجر؟
876	يعني قانون الوظيفة بيدي للست اللي جابت بيبي كام شهر إجازة أمومة مدفوعة الأجر؟
877	طيب، قانون الشغل بيدي للست اللي جابت بيبي كام شهر إجازة أمومة مدفوعة الأجر؟
878	بصراحة، قانون الشغل بيدي للست اللي جابت بيبي كام شهر إجازة أمومة مدفوعة الأجر؟
879	لو سمحت، قانون الشغل بيدي للست اللي جابت بيبي كام شهر إجازة أمومة مدفوعة الأجر؟
880	ممكن أعرف قانون العمل بيدي للست اللي جابت بيبي كم شهر إجازة أمومة مدفوعة الأجر؟
881	الواحدة اللي بتشتغل بعد ما تولد، مسموح ليها تغيب كام شهر عن الشغل؟
882	يعني الواحدة اللي بتشتغل بعد مرور ما تولد، مسموح ليها تغيب كام شهر عن الشغل؟
883	طيب، الواحدة اللي بتشتغل بعد ما تولد، ممكن ليها تغيب كم شهر عن الشغل؟
884	بصراحة، الواحدة اللي بتشتغل بعد ما تولد، ممكن ليها تغيب قد إيه شهر عن الشغل؟
885	لو سمحت، الواحدة اللي بتشتغل عقب ما تولد، مسموح ليها تغيب كام شهر عن الشغل؟
886	ممكن أعرف الواحدة اللي بتشتغل بعد ما تولد، مسموح ليها تغيب كام شهر عن الشغل؟
887	"يعني الست اللي شغالة بتاخد كام شهر ""أمومة"" بعد ما تخلف؟"
888	"يعني الست اللي شغالة بتاخد كام شهر ""أمومة"" بعد مرور ما تخلف؟"
889	"طيب، يعني الست اللي شغالة بتاخد كام شهر ""أمومة"" بعد مرور ما تخلف؟"
890	"بصراحة، يعني الست اللي شغالة بتاخد كام شهر ""أمومة"" بعد ما تخلف؟"
891	"لو سمحت، يعني الست اللي شغالة بتاخد كم شهر ""أمومة"" بعد ما تخلف؟"
892	"ممكن أعرف يعني الست اللي شغالة بتاخد إيه مقدار شهر ""أمومة"" بعد ما تخلف؟"
893	الرجل بيقدر ياخد إجازة ولادة كام مرة في حياته المهنية؟
894	يعني الرجل بيقدر ياخد إجازة ولادة كم مرة في حياته المهنية؟
895	طيب، الرجل بيقدر ياخد إجازة ولادة إيه كم مرة في حياته المهنية؟
896	بصراحة، الرجل بيقدر يستحق إجازة ولادة كام مرة في حياته المهنية؟
897	لو سمحت، الرجل بيقدر ياخد إجازة ولادة كام مرة في حياته المهنية؟
898	ممكن أعرف الرجل بيقدر ياخد إجازة ولادة كام مرة في حياته المهنية؟
899	"يا ترى الراجل من حقه ياخد كام مرة إجازة أبوة خلال شغله كله؟ (تركيز على إجازة الأبوة كمرادف لإجازة الولادة، واستخدام كلمة ""شغله"" بدلاً من ""حياته المهنية"")"
900	"يعني يا ترى الراجل من حقه ياخد كام مرة إجازة أبوة خلال شغله كله؟ (تركيز على إجازة الأبوة كمرادف لإجازة الولادة، واستخدام كلمة ""شغله"" بدلاً من ""حياته المهنية"")؟"
901	"طيب، يا ترى الراجل من حقه ياخد كام مرة إجازة أبوة خلال شغله كله؟ (تركيز على إجازة الأبوة كمرادف لإجازة الولادة، واستخدام كلمة ""شغله"" بدلاً من ""حياته المهنية"")؟"
902	"بصراحة، يا ترى الراجل من حقه ياخد كام مرة إجازة أبوة خلال شغله كله؟ (تركيز على إجازة الأبوة كمرادف لإجازة الولادة، واستخدام كلمة ""شغله"" بدلاً من ""حياته المهنية"")؟"
903	"لو سمحت، يا ترى الراجل من حقه ياخد كام مرة إجازة أبوة خلال شغله كله؟ (تركيز على إجازة الأبوة كمرادف لإجازة الولادة، واستخدام كلمة ""شغله"" بدلاً من ""حياته المهنية"")؟"
904	"ممكن أعرف يا ترى الراجل من حقه يستحق كام مرة إجازة أبوة خلال شغله كله؟ (تركيز على إجازة الأبوة كمرادف لإجازة الولادة، واستخدام كلمة ""شغله"" بدلاً من ""حياته المهنية"")؟"
905	"الراجل ممكن يستفيد من إجازة رعاية مولود جديد كام مرة في تاريخ وظيفته؟ (استخدام مصطلح ""إجازة رعاية مولود جديد"" واستبدال ""حياته المهنية"" بـ ""تاريخ وظيفته"")"
906	"يعني الراجل ينفع يستفيد من إجازة رعاية مولود جديد كام مرة في تاريخ وظيفته؟ (استخدام مصطلح ""إجازة رعاية مولود جديد"" واستبدال ""حياته المهنية"" بـ ""تاريخ وظيفته"")؟"
907	"طيب، الراجل ينفع يستفيد من إجازة رعاية مولود جديد كام مرة في تاريخ وظيفته؟ (استخدام مصطلح ""إجازة رعاية مولود جديد"" واستبدال ""حياته المهنية"" بـ ""تاريخ وظيفته"")؟"
908	"بصراحة، الراجل ممكن يستفيد من إجازة رعاية مولود جديد إيه كمية مرة في تاريخ وظيفته؟ (استخدام مصطلح ""إجازة رعاية مولود جديد"" واستبدال ""حياته المهنية"" بـ ""تاريخ وظيفته"")؟"
909	"لو سمحت، الراجل ممكن يستفيد من إجازة رعاية مولود جديد أد إيه مرة في تاريخ وظيفته؟ (استخدام مصطلح ""إجازة رعاية مولود جديد"" واستبدال ""حياته المهنية"" بـ ""تاريخ وظيفته"")؟"
910	"ممكن أعرف الراجل ينفع يستفيد من إجازة رعاية مولود جديد كام مرة في تاريخ وظيفته؟ (استخدام مصطلح ""إجازة رعاية مولود جديد"" واستبدال ""حياته المهنية"" بـ ""تاريخ وظيفته"")؟"
911	"قانونًا، الراجل يقدر ياخد كام إجازة بمناسبة ولادة طفل ليه طول مسيرته المهنية؟ (إضافة كلمة ""قانونًا"" للتأكيد على الجانب القانوني، واستخدام ""مسيرته المهنية"" بدلاً من ""حياته المهنية"")"
912	"يعني قانونًا، الراجل يقدر ياخد كم إجازة بمناسبة ولادة طفل ليه طول مسيرته المهنية؟ (إضافة كلمة ""قانونًا"" للتأكيد على الجانب النظامي، واستخدام ""مسيرته المهنية"" بدلاً من ""حياته المهنية"")؟"
913	"طيب، قانونًا، الراجل يقدر يأخذ أد إيه إجازة بمناسبة ولادة طفل ليه طول مسيرته المهنية؟ (إضافة كلمة ""قانونًا"" للتأكيد على الجانب القانوني، واستخدام ""مسيرته المهنية"" بدلاً من ""حياته المهنية"")؟"
914	"بصراحة، قانونًا، الراجل يقدر ياخد قد إيه إجازة بمناسبة ولادة طفل ليه طول مسيرته المهنية؟ (إضافة كلمة ""قانونًا"" للتأكيد على الجانب القانوني، واستخدام ""مسيرته المهنية"" بدلاً من ""حياته المهنية"")؟"
915	"لو سمحت، قانونًا، الراجل يقدر يستحق إيه عدد إجازة بمناسبة ولادة طفل ليه طول مسيرته المهنية؟ (إضافة كلمة ""قانونًا"" للتأكيد على الجانب القانوني، واستخدام ""مسيرته المهنية"" بدلاً من ""حياته المهنية"")؟"
916	"ممكن أعرف قانونًا، الراجل يقدر ياخد أد إيه إجازة بمناسبة ولادة طفل ليه طول مسيرته المهنية؟ (إضافة كلمة ""قانونًا"" للتأكيد على الجانب القانوني، واستخدام ""مسيرته المهنية"" بدلاً من ""حياته المهنية"")؟"
917	"الراجل يقدر ياخد إجازة عشان مراته خلفت كام مرة في خلال شغله؟ (إعادة صياغة السؤال بشكل أوضح، مع التركيز على سبب الإجازة وهو ولادة زوجته، واستخدام كلمة ""خلفت"" باللهجة المصرية العامية)"
918	"يعني الراجل يقدر يحصل على إجازة عشان مراته خلفت كام مرة في خلال شغله؟ (إعادة صياغة السؤال بشكل أوضح، مع التركيز على سبب الإجازة وهو ولادة زوجته، واستخدام كلمة ""خلفت"" باللهجة المصرية العامية)؟"
919	"طيب، الراجل يقدر ياخد إجازة عشان مراته خلفت كام مرة في خلال شغله؟ (إعادة صياغة السؤال بشكل أوضح، مع التركيز على سبب الإجازة وهو ولادة زوجته، واستخدام كلمة ""خلفت"" باللهجة المصرية العامية)؟"
920	"بصراحة، الراجل يقدر ياخد إجازة عشان مراته خلفت كام مرة في خلال شغله؟ (إعادة صياغة السؤال بشكل أوضح، مع التركيز على سبب الإجازة وهو ولادة زوجته، واستخدام كلمة ""خلفت"" باللهجة المصرية العامية)؟"
921	"لو سمحت، الراجل يقدر ياخد إجازة عشان مراته خلفت قد إيه مرة في خلال شغله؟ (إعادة صياغة السؤال بشكل أوضح، مع التركيز على سبب الإجازة وهو ولادة زوجته، واستخدام كلمة ""خلفت"" باللهجة المصرية العامية)؟"
922	"ممكن أعرف الراجل يقدر ياخد إجازة عشان مراته خلفت أد ماذا مرة في خلال شغله؟ (إعادة صياغة السؤال بشكل أوضح، مع التركيز على سبب الإجازة وهو ولادة زوجته، واستخدام كلمة ""خلفت"" باللهجة المصرية العامية)؟"
923	"في شغله، الراجل ليه الحق في كام إجازة ولادة؟ يعني يقدر ياخدها كام مرة في حياته الوظيفية؟ (تقسيم السؤال إلى جزأين لتوضيح المعنى، واستخدام ""حياته الوظيفية"" كمرادف لـ ""حياته المهنية"")"
924	"يعني في شغله، الراجل ليه الحق في كام إجازة ولادة؟ يعني يقدر يحصل علىها كام مرة في حياته الوظيفية؟ (تقسيم السؤال إلى جزأين لتوضيح المعنى، واستخدام ""حياته الوظيفية"" كمرادف لـ ""حياته المهنية"")؟"
925	"طيب، في شغله، الراجل ليه الحق في قد ما هو إجازة ولادة؟ يعني يقدر يحصل علىها كام مرة في حياته الوظيفية؟ (تقسيم السؤال إلى جزأين لتوضيح المعنى، واستخدام ""حياته الوظيفية"" كمرادف لـ ""حياته المهنية"")؟"
926	"بصراحة، في شغله، الراجل ليه الحق في كام إجازة ولادة؟ يعني يقدر يحصل علىها كام مرة في حياته الوظيفية؟ (تقسيم السؤال إلى جزأين لتوضيح المعنى، واستخدام ""حياته الوظيفية"" كمرادف لـ ""حياته المهنية"")؟"
927	"لو سمحت، في شغله، الراجل ليه الحق في كام إجازة ولادة؟ يعني يقدر ياخدها كام مرة في حياته الوظيفية؟ (تقسيم السؤال إلى جزأين لتوضيح المعنى، واستخدام ""حياته الوظيفية"" كمرادف لـ ""حياته المهنية"")؟"
928	"ممكن أعرف في شغله، الراجل ليه الحق في كم إجازة ولادة؟ يعني يقدر ياخدها كام مرة في حياته الوظيفية؟ (تقسيم السؤال إلى جزأين لتوضيح المعنى، واستخدام ""حياته الوظيفية"" كمرادف لـ ""حياته المهنية"")؟"
929	الست العاملة ترجع وظيفتها بعد إجازة الوضع؟
930	يعني الست العاملة ترجع وظيفتها عقب إجازة الوضع؟
931	طيب، الست العاملة ترجع وظيفتها عقب إجازة الوضع؟
932	بصراحة، الست العاملة ترجع وظيفتها بعد مرور إجازة الوضع؟
933	لو سمحت، الست العاملة ترجع وظيفتها بعد إجازة الوضع؟
934	ممكن أعرف الست العاملة ترجع وظيفتها عقب إجازة الوضع؟
935	هو القانون بيسمح للموظفة ترجع شغلها بعد ما تخلص إجازة الولادة ولا إيه النظام؟
936	يعني هو القانون بيسمح للموظفة ترجع شغلها بعد ما تخلص إجازة الولادة ولا إيه النظام؟
937	طيب، هو القانون بيسمح للموظفة ترجع شغلها بعد ما تخلص إجازة الولادة ولا ماذا النظام؟
938	بصراحة، هو القانون بيسمح للموظفة ترجع شغلها بعد ما تخلص إجازة الولادة ولا ماذا النظام؟
939	لو سمحت، هو القانون بيسمح للموظفة ترجع شغلها بعد ما تخلص إجازة الولادة ولا ما هو النظام؟
940	ممكن أعرف هو النظام بيسمح للموظفة ترجع شغلها بعد ما تخلص إجازة الولادة ولا إيه النظام؟
941	يعني بعد ما الست تولد وتاخد إجازتها، ليها الحق ترجع لنفس وظيفتها اللي كانت فيها قبل كده، ولا ممكن الشركة ترفض؟
942	يعني بعد ما الست تولد وتاخد إجازتها، ليها الحق ترجع لنفس وظيفتها اللي كانت فيها قبل كده، ولا يجوز الشركة ترفض؟
943	طيب، يعني بعد مرور ما الست تولد وتاخد إجازتها، ليها الحق ترجع لنفس وظيفتها اللي كانت فيها قبل كده، ولا ممكن الشركة ترفض؟
944	بصراحة، يعني بعد ما الست تولد وتاخد إجازتها، ليها الحق ترجع لنفس وظيفتها اللي كانت فيها قبل كده، ولا ممكن الشركة ترفض؟
945	لو سمحت، يعني عقب ما الست تولد وتاخد إجازتها، ليها الحق ترجع لنفس وظيفتها اللي كانت فيها قبل كده، ولا جائز الشركة ترفض؟
946	ممكن أعرف يعني بعد ما الست تولد وتاخد إجازتها، ليها الحق ترجع لنفس وظيفتها اللي كانت فيها قبل كده، ولا ينفع الشركة ترفض؟
947	إيه الوضع بالنسبة للمرأة اللي كانت شغالة وخلفت؟ هل ليها الحق ترجع تشتغل نفس الشغلانة تاني بعد الإجازة؟
948	يعني إيه الوضع بالنسبة للمرأة اللي كانت شغالة وخلفت؟ هل ليها الحق ترجع تشتغل نفس الشركةانة تاني بعد الإجازة؟
949	طيب، أي الوضع بالنسبة للمرأة اللي كانت شغالة وخلفت؟ هل ليها الحق ترجع تشتغل نفس الشغلانة تاني بعد الإجازة؟
950	بصراحة، إيه الوضع بالنسبة للمرأة اللي كانت شغالة وخلفت؟ هل ليها الحق ترجع تشتغل نفس الشغلانة تاني عقب الإجازة؟
951	لو سمحت، إيه الوضع بالنسبة للمرأة اللي كانت شغالة وخلفت؟ هل ليها الحق ترجع تشتغل نفس الشركةانة تاني بعد الإجازة؟
952	ممكن أعرف ماذا الوضع بالنسبة للمرأة اللي كانت شغالة وخلفت؟ هل ليها الحق ترجع تشتغل نفس الشغلانة تاني عقب الإجازة؟
953	لو واحدة شغالة أخدت إجازة وضع، لازم يرجعوها شغلها تاني بعد الإجازة ولا ممكن يغيروا شغلها أو يمشوها؟
954	يعني لو واحدة شغالة أخدت إجازة وضع، واجب يرجعوها شغلها تاني بعد الإجازة ولا ممكن يغيروا شغلها أو يمشوها؟
955	طيب، لو واحدة شغالة أخدت إجازة وضع، مطلوب يرجعوها شغلها تاني بعد الإجازة ولا ينفع يغيروا شغلها أو يمشوها؟
956	بصراحة، لو واحدة شغالة أخدت إجازة وضع، لازم يرجعوها شغلها تاني عقب الإجازة ولا ممكن يغيروا شغلها أو يمشوها؟
957	لو سمحت، لو واحدة شغالة أخدت إجازة وضع، لازم يرجعوها شغلها تاني بعد مرور الإجازة ولا يمكن يغيروا شغلها أو يمشوها؟
958	ممكن أعرف لو واحدة شغالة أخدت إجازة وضع، لازم يرجعوها شغلها تاني بعد الإجازة ولا يجوز يغيروا شغلها أو يمشوها؟
959	بعد إجازة الأمومة، الست العاملة ليها ضمان إنها هترجع لنفس منصبها ومسؤولياتها اللي كانت ماسكاها قبل كده؟
960	يعني بعد إجازة الأمومة، الست العاملة ليها ضمان إنها هترجع لنفس منصبها ومسؤولياتها اللي كانت ماسكاها قبل كده؟
961	طيب، بعد إجازة الأمومة، الست العاملة ليها ضمان إنها هترجع لنفس منصبها ومسؤولياتها اللي كانت مسؤول عناها قبل كده؟
962	بصراحة، بعد مرور إجازة الأمومة، الست العاملة ليها ضمان إنها هترجع لنفس منصبها ومسؤولياتها اللي كانت ماسكاها قبل كده؟
963	لو سمحت، بعد إجازة الأمومة، الست العاملة ليها ضمان إنها هترجع لنفس منصبها ومسؤولياتها اللي كانت ماسكاها قبل كده؟
964	ممكن أعرف بعد إجازة الأمومة، الست العاملة ليها ضمان إنها هترجع لنفس منصبها ومسؤولياتها اللي كانت ماسكاها قبل كده؟
965	الست في الحمل تاخد تخفيض في ساعات العمل من امتى؟
966	يعني الست في الحمل تاخد تخفيض في ساعات العمل من امتى؟
967	طيب، الست في الحمل تاخد تخفيض في ساعات العمل من امتى؟
968	بصراحة، الست في الحمل تاخد تخفيض في ساعات العمل من امتى؟
969	لو سمحت، الست في الحمل تاخد تخفيض في وقت العمل من امتى؟
970	ممكن أعرف الست في الحمل تاخد تخفيض في ساعات العمل من امتى؟
971	ابتداءً من أي شهر في الحمل، يحق للست العاملة تحصل على تقليل في عدد ساعات شغلها؟
972	يعني ابتداءً من أي شهر في الحمل، يحق للست العاملة تحصل على تقليل في عدد ساعات شغلها؟
973	طيب، ابتداءً من أي شهر في الحمل، يحق للست العاملة تحصل على تقليل في عدد ساعات شغلها؟
974	بصراحة، ابتداءً من أي شهر في الحمل، يحق للست العاملة تحصل على تقليل في عدد وقت شغلها؟
975	لو سمحت، ابتداءً من أي شهر في الحمل، يحق للست العاملة تحصل على تقليل في عدد ساعات شغلها؟
976	ممكن أعرف ابتداءً من أي شهر في الحمل، يحق للست العاملة تحصل على تقليل في عدد ساعة شغلها؟
977	من أنهي مرحلة في الحمل، القانون بيسمح للمرأة العاملة بإنها تشتغل عدد ساعات أقل في اليوم؟
978	يعني من أنهي مرحلة في الحمل، النظام بيسمح للمرأة العاملة بإنها تشتغل عدد ساعات أقل في اليوم؟
979	طيب، من أنهي مرحلة في الحمل، التشريع بيسمح للمرأة العاملة بإنها تشتغل كم وقت أقل في اليوم؟
980	بصراحة، من أنهي مرحلة في الحمل، القانون بيسمح للمرأة العاملة بإنها تشتغل عدد ساعة أقل في اليوم؟
981	لو سمحت، من أنهي مرحلة في الحمل، النظام بيسمح للمرأة العاملة بإنها تشتغل كمية ساعات أقل في اليوم الواحد؟
982	ممكن أعرف من أنهي مرحلة في الحمل، القانون بيسمح للمرأة العاملة بإنها تشتغل عدد ساعات أقل في اليوم الواحد؟
983	إمتى بالضبط الست الحامل تقدر تستفيد من قانون تخفيف ساعات الشغل أثناء فترة الحمل؟
984	يعني إمتى بالضبط الست الحامل تقدر تستفيد من قانون تخفيف ساعات الشغل أثناء مدة الحمل؟
985	طيب، إمتى بالضبط الست الحامل تقدر تستفيد من قانون تخفيف ساعات الشغل أثناء فترة الحمل؟
986	بصراحة، إمتى بالضبط الست الحامل تقدر تستفيد من قانون تخفيف ساعات الشركة أثناء فترة الحمل؟
987	لو سمحت، إمتى بالضبط الست الحامل تقدر تستفيد من قانون تخفيف ساعات الشغل أثناء زمن الحمل؟
988	ممكن أعرف إمتى بالضبط الست الحامل تقدر تستفيد من قانون تخفيف ساعة الشغل أثناء فترة الحمل؟
989	بعد مرور قد إيه من الحمل، الست العاملة ممكن تطلب تقليل ساعات العمل بتاعتها؟
990	يعني بعد مرور قد إيه من الحمل، الست العاملة ممكن تطلب تقليل ساعات العمل بتاعتها؟
991	طيب، بعد مرور قد إيه من الحمل، الست العاملة ممكن تطلب تقليل ساعات العمل بتاعتها؟
992	بصراحة، بعد مرور مرور قد إيه من الحمل، الست العاملة ممكن تطلب تقليل ساعات الدوام بتاعتها؟
993	لو سمحت، بعد مرور مرور قد أي من الحمل، الست العاملة ممكن تطلب تقليل وقت العمل بتاعتها؟
994	ممكن أعرف بعد مرور مرور قد إيه من الحمل، الست العاملة مسموح تطلب تقليل ساعات العمل بتاعتها؟
995	في أي فترة من شهور الحمل، بيحق للمرأة العاملة إنها تخفف عدد ساعات شغلها بناءً على القانون؟
996	يعني في أي وقت من شهور الحمل، بيحق للمرأة العاملة إنها تخفف عدد وقت شغلها بناءً على القانون؟
997	طيب، في أي فترة من شهور الحمل، بيحق للمرأة العاملة إنها تخفف عدد ساعة شغلها بناءً على القانون؟
998	بصراحة، في أي زمن من شهور الحمل، بيحق للمرأة العاملة إنها تخفف مقدار ساعات شغلها بناءً على النظام؟
999	لو سمحت، في أي زمن من شهور الحمل، بيحق للمرأة العاملة إنها تخفف مقدار ساعات شغلها بناءً على القانون؟
1000	ممكن أعرف في أي زمن من شهور الحمل، بيحق للمرأة العاملة إنها تخفف عدد ساعات شغلها بناءً على القانون؟
1001	الست المرضعة لها حق كام فترة راحة إضافية للرضاعة؟
1002	يعني الست المرضعة لها حق كام فترة راحة إضافية للرضاعة؟
1003	طيب، الست المرضعة لها حق كام فترة بريك إضافية للرضاعة؟
1004	بصراحة، الست المرضعة لها حق كام مدة راحة إضافية للرضاعة؟
1005	لو سمحت، الست المرضعة لها حق كام زمن راحة إضافية للرضاعة؟
1006	ممكن أعرف الست المرضعة لها حق إيه عدد مدة فسحة إضافية للرضاعة؟
1007	بالنسبة للأم اللي بترضع طفلها، القانون بيديها كام وقت زيادة تستريح فيه عشان الرضاعة؟
1008	يعني بالنسبة للأم اللي بترضع طفلها، القانون بيديها كام وقت زيادة تستريح فيه عشان الرضاعة؟
1009	طيب، بالنسبة للأم اللي بترضع طفلها، النظام بيديها كام وقت زيادة تستريح فيه عشان الرضاعة؟
1010	بصراحة، بالنسبة للأم اللي بترضع طفلها، القانون بيديها كام وقت زيادة تستريح فيه عشان الرضاعة؟
1011	لو سمحت، بالنسبة للأم اللي بترضع طفلها، القانون بيديها كم وقت زيادة تستريح فيه عشان الرضاعة؟
1012	ممكن أعرف بالنسبة للأم اللي بترضع طفلها، القانون بيديها أد إيه وقت زيادة تستريح فيه عشان الرضاعة؟
1013	يا ترى الأم اللي بترضع بتاخد كام بريك زيادة في الشغل عشان ترضع البيبي؟
1014	يعني يا ترى الأم اللي بترضع بتاخد كام بريك زيادة في المؤسسة عشان ترضع البيبي؟
1015	طيب، يا ترى الأم اللي بترضع بتاخد كام بريك زيادة في الشغل عشان ترضع البيبي؟
1016	بصراحة، يا ترى الأم اللي بترضع بتاخد كام بريك زيادة في المؤسسة عشان ترضع البيبي؟
1017	لو سمحت، يا ترى الأم اللي بترضع بتاخد كام بريك زيادة في الشغل عشان ترضع البيبي؟
1018	ممكن أعرف يا ترى الأم اللي بترضع بتاخد كام بريك زيادة في الشغل عشان ترضع البيبي؟
1019	طيب، الست اللي لسه والدة وبترضع البيبي، ليها كام ساعة زيادة في اليوم تاخدها عشان ترضع؟
1020	يعني طيب، الست اللي لسه والدة وبترضع البيبي، ليها كام ساعة زيادة في اليوم تاخدها عشان ترضع؟
1021	طيب، الست اللي لسه والدة وبترضع البيبي، ليها كام ساعة زيادة في اليوم تاخدها عشان ترضع؟
1022	بصراحة، طيب، الست اللي لسه والدة وبترضع البيبي، ليها إيه كم ساعة زيادة باليوم تاخدها عشان ترضع؟
1023	لو سمحت، طيب، الست اللي لسه والدة وبترضع البيبي، ليها كم ساعة زيادة في اليوم تاخدها عشان ترضع؟
1024	ممكن أعرف طيب، الست اللي لسه والدة وبترضع البيبي، ليها إيه عدد ساعة زيادة باليوم تاخدها عشان ترضع؟
1025	في الشغل، الست اللي بترضع طبيعي، ليها كام استراحة زيادة عن باقي الموظفين عشان ترضع البيبي؟
1026	يعني في المؤسسة، الست اللي بترضع طبيعي، ليها كام استفسحة زيادة عن باقي الموظفين عشان ترضع البيبي؟
1027	طيب، في الشغل، الست اللي بترضع طبيعي، ليها كام استراحة زيادة عن باقي الموظفين عشان ترضع البيبي؟
1028	بصراحة، في الوظيفة، الست اللي بترضع طبيعي، ليها أد ماذا استبريك زيادة عن باقي الموظفين عشان ترضع البيبي؟
1029	لو سمحت، في الوظيفة، الست اللي بترضع طبيعي، ليها كام استراحة زيادة عن باقي الموظفين عشان ترضع البيبي؟
1030	ممكن أعرف في الشغل، الست اللي بترضع طبيعي، ليها كام استاستراحة زيادة عن باقي الموظفين عشان ترضع البيبي؟
1031	إيه هي المدة الإضافية اللي بتاخدها الست العاملة اللي بترضع طفلها في شغلها عشان الرضاعة؟
1032	يعني إيه هي المدة الإضافية اللي بتاخدها الست العاملة اللي بترضع طفلها في شغلها عشان الرضاعة؟
1033	طيب، أي هي المدة الإضافية اللي بتاخدها الست العاملة اللي بترضع طفلها في شغلها عشان الرضاعة؟
1034	بصراحة، إيه هي المدة الإضافية اللي بتاخدها الست العاملة اللي بترضع طفلها في شغلها عشان الرضاعة؟
1035	لو سمحت، إيه هي المدة الإضافية اللي بتاخدها الست العاملة اللي بترضع طفلها في شغلها عشان الرضاعة؟
1036	ممكن أعرف إيه هي المدة الإضافية اللي بتاخدها الست العاملة اللي بترضع طفلها في شغلها عشان الرضاعة؟
1037	كام يوم إجازة مرضية بأجر كامل؟
1038	يعني كام يوم إجازة مرضية بأجر كامل؟
1039	طيب، قد إيه يوم إجازة مرضية بأجر كامل؟
1040	بصراحة، كام يوم إجازة مرضية بأجر كامل؟
1041	لو سمحت، كام يوم إجازة مرضية بأجر كامل؟
1042	ممكن أعرف أد إيه يوم إجازة مرضية بأجر كامل؟
1043	قانون الشغل بيقول إيه عن عدد أيام الإجازة المرضية المدفوعة؟ (تركيز على القانون)
1044	يعني قانون الوظيفة بيقول إيه عن مقدار أيام الإجازة المرضية المدفوعة؟ (تركيز على القانون)؟
1045	طيب، قانون الشغل بيقول ما هو عن عدد أيام الإجازة المرضية المدفوعة؟ (تركيز على القانون)؟
1046	بصراحة، قانون الشغل بيقول إيه عن عدد أيام الإجازة المرضية المدفوعة؟ (تركيز على التشريع)؟
1047	لو سمحت، قانون الشغل بيقول إيه عن كمية أيام الإجازة المرضية المدفوعة؟ (تركيز على القانون)؟
1048	ممكن أعرف قانون الوظيفة بيقول أي عن كم أيام الإجازة المرضية المدفوعة؟ (تركيز على القانون)؟
1049	لو عييت، أقدر اخد كام يوم مرضي بفلوسي كاملة؟ (تركيز على تجربة شخصية للمتحدث)
1050	يعني لو عييت، أقدر اخد كام يوم مرضي بفلوسي كاملة؟ (تركيز على تجربة شخصية للمتحدث)؟
1051	طيب، لو عييت، أقدر اخد كام يوم مرضي بفلوسي كاملة؟ (تركيز على تجربة شخصية للمتحدث)؟
1052	بصراحة، لو عييت، أقدر اخد أد إيه يوم مرضي بفلوسي كاملة؟ (تركيز على تجربة شخصية للمتحدث)؟
1053	لو سمحت، لو عييت، أقدر اخد كام يوم مرضي بفلوسي كاملة؟ (تركيز على تجربة شخصية للمتحدث)؟
1054	ممكن أعرف لو عييت، أقدر اخد قد إيه يوم مرضي بفلوسي كاملة؟ (تركيز على تجربة شخصية للمتحدث)؟
1055	الشركة بتديني كام يوم إجازة مرضية بمرتب كامل لو احتجت؟ (تركيز على سياسة الشركة)
1056	يعني الشركة بتديني ماذا مقدار يوم إجازة مرضية بمرتب كامل لو احتجت؟ (تركيز على سياسة الشركة)؟
1057	طيب، الشركة بتديني كام يوم إجازة مرضية بمرتب كامل لو احتجت؟ (تركيز على سياسة الشركة)؟
1058	بصراحة، الشركة بتديني كام يوم إجازة مرضية بمرتب كامل لو احتجت؟ (تركيز على سياسة الشركة)؟
1059	لو سمحت، الشركة بتديني قد إيه يوم إجازة مرضية بمرتب كامل لو احتجت؟ (تركيز على سياسة الشركة)؟
1060	ممكن أعرف الشركة بتديني كام يوم إجازة مرضية بمرتب كامل لو احتجت؟ (تركيز على سياسة الشركة)؟
1061	فيه كام يوم مسموحلي أغيب بسبب المرض مع الحفاظ على مرتبي كامل؟ (تركيز على الحق المتاح)
1062	يعني فيه كام يوم مباحلي أغيب بسبب المرض مع الحفاظ على مرتبي كامل؟ (تركيز على الحق المتاح)؟
1063	طيب، فيه كام يوم مسموحلي أغيب بسبب المرض مع الحفاظ على مرتبي كامل؟ (تركيز على الحق المتاح)؟
1064	بصراحة، فيه قد إيه يوم جائزلي أغيب بسبب المرض مع الحفاظ على مرتبي كامل؟ (تركيز على الحق المتاح)؟
1065	لو سمحت، فيه كام يوم مسموحلي أغيب بسبب المرض مع الحفاظ على مرتبي كامل؟ (تركيز على الحق المتاح)؟
1066	ممكن أعرف فيه كام يوم ممكنلي أغيب بسبب المرض مع الحفاظ على مرتبي كامل؟ (تركيز على الحق المتاح)؟
1067	لو تعبت ومقدرتش أروح الشغل، هاخد كام يوم إجازة مرضي بفلوس؟ (تركيز على السيناريو المحتمل)
1068	يعني لو تعبت ومقدرتش أروح المؤسسة، هاخد إيه عدد يوم إجازة مرضي بفلوس؟ (تركيز على السيناريو المحتمل)؟
1069	طيب، لو تعبت ومقدرتش أروح المؤسسة، هاخد كام يوم إجازة مرضي بفلوس؟ (تركيز على السيناريو المحتمل)؟
1070	بصراحة، لو تعبت ومقدرتش أروح الوظيفة، هاخد قد أي يوم إجازة مرضي بفلوس؟ (تركيز على السيناريو المحتمل)؟
1071	لو سمحت، لو تعبت ومقدرتش أروح الشغل، هاخد أد إيه يوم إجازة مرضي بفلوس؟ (تركيز على السيناريو المحتمل)؟
1072	ممكن أعرف لو تعبت ومقدرتش أروح الشغل، هاخد أد إيه يوم إجازة مرضي بفلوس؟ (تركيز على السيناريو المحتمل)؟
1073	بعد أول 3 شهور بأجر كامل، بقية الإجازة المرضية بتتوزع إزاي؟
1074	يعني عقب أول 3 شهور بأجر كامل، بقية الإجازة المرضية بتتوزع إزاي؟
1075	طيب، بعد مرور أول 3 شهور بأجر كامل، بقية الإجازة المرضية بتتوزع إزاي؟
1076	بصراحة، بعد مرور أول 3 شهور بأجر كامل، بقية الإجازة المرضية بتتوزع إزاي؟
1077	لو سمحت، بعد أول 3 شهور بأجر كامل، بقية الإجازة المرضية بتتوزع إزاي؟
1078	ممكن أعرف بعد أول 3 شهور بأجر كامل، بقية الإجازة المرضية بتتوزع إزاي؟
1079	طيب، بعد تلات شهور قبض كامل في الإجازة المرضية، باقي المدة بيتحسب فيها المرتب ازاي؟
1080	يعني طيب، عقب تلات شهور قبض كامل في الإجازة المرضية، باقي المدة بيتُعتبر فيها المرتب ازاي؟
1081	طيب، بعد تلات شهور قبض كامل في الإجازة المرضية، باقي المدة بيتُحسب فيها المرتب ازاي؟
1082	بصراحة، طيب، بعد تلات شهور قبض كامل في الإجازة المرضية، باقي المدة بيتحسب فيها المرتب ازاي؟
1083	لو سمحت، طيب، بعد تلات شهور قبض كامل في الإجازة المرضية، باقي المدة بيتُحسب فيها المرتب ازاي؟
1084	ممكن أعرف طيب، بعد تلات شهور قبض إيه عددل في الإجازة المرضية، باقي المدة بيتحسب فيها المرتب ازاي؟
1085	أوكي، أول تلات شهور بناخد المرتب كله في الإجازة المرضية، وبعد كده نظام الأجر بيكون إيه؟
1086	يعني أوكي، أول تلات شهور بناخد المرتب كله في الإجازة المرضية، وبعد مرور كده نظام الأجر بيكون إيه؟
1087	طيب، أوكي، أول تلات شهور بناخد المرتب كله في الإجازة المرضية، وبعد كده نظام الأجر بيكون ماذا؟
1088	بصراحة، أوكي، أول تلات شهور بناخد المرتب كله في الإجازة المرضية، وبعد مرور كده نظام الأجر بيكون إيه؟
1089	لو سمحت، أوكي، أول تلات شهور بناخد المرتب كله في الإجازة المرضية، وبعد مرور كده نظام الأجر بيكون إيه؟
1090	ممكن أعرف أوكي، أول تلات شهور بناخد المرتب كله في الإجازة المرضية، وبعد كده نظام الأجر بيكون إيه؟
1091	تمام، احنا عارفين إن أول تلات شهور في الإجازة المرضية بناخد قبضنا كامل، طب بالنسبة لباقي المدة، المرتب بيتقسم ولا بيتحسب ازاي؟
1092	يعني تمام، احنا عارفين إن أول تلات شهور في الإجازة المرضية بناخد قبضنا كامل، طب بالنسبة لباقي المدة، المرتب بيتقسم ولا بيتحسب ازاي؟
1093	طيب، تمام، احنا عارفين إن أول تلات شهور في الإجازة المرضية بناخد قبضنا كمل، طب بالنسبة لباقي المدة، المرتب بيتقسم ولا بيتحسب ازاي؟
1094	بصراحة، تمام، احنا عارفين إن أول تلات شهور في الإجازة المرضية بناخد قبضنا كامل، طب بالنسبة لباقي المدة، المرتب بيتقسم ولا بيتحسب ازاي؟
1095	لو سمحت، تمام، احنا عارفين إن أول تلات شهور في الإجازة المرضية بناخد قبضنا كامل، طب بالنسبة لباقي المدة، المرتب بيتقسم ولا بيتُحسب ازاي؟
1096	ممكن أعرف تمام، احنا عارفين إن أول تلات شهور في الإجازة المرضية بناخد قبضنا كامل، طب بالنسبة لباقي المدة، المرتب بيتقسم ولا بيتحسب ازاي؟
1097	تمام، في أول تلات شهور من الإجازة المرضية بيكون المرتب كامل، طب بعد كده، المرتب بيقل ولا بيبقى فيه نظام تاني؟
1098	يعني تمام، في أول تلات شهور من الإجازة المرضية بيكون المرتب كامل، طب بعد مرور كده، المرتب بيقل ولا بيبقى فيه نظام تاني؟
1099	طيب، تمام، في أول تلات شهور من الإجازة المرضية بيكون المرتب كمل، طب بعد مرور كده، المرتب بيقل ولا بيبقى فيه نظام تاني؟
1100	بصراحة، تمام، في أول تلات شهور من الإجازة المرضية بيكون المرتب كامل، طب بعد مرور كده، المرتب بيقل ولا بيبقى فيه نظام تاني؟
1101	لو سمحت، تمام، في أول تلات شهور من الإجازة المرضية بيكون المرتب أد إيهل، طب بعد كده، المرتب بيقل ولا بيبقى فيه نظام تاني؟
1102	ممكن أعرف تمام، في أول تلات شهور من الإجازة المرضية بيكون المرتب كامل، طب بعد كده، المرتب بيقل ولا بيبقى فيه نظام تاني؟
1103	ماشي، بالنسبة للإجازة المرضية، بناخد المرتب كامل في أول تلات شهور، طب بعد التلات شهور دول، وضع المرتب بيكون إيه بالظبط؟
1104	يعني ماشي، بالنسبة للإجازة المرضية، بناخد المرتب قد ماذال في أول تلات شهور، طب بعد مرور التلات شهور دول، وضع المرتب بيكون إيه بالظبط؟
1105	طيب، ماشي، بالنسبة للإجازة المرضية، بناخد المرتب كامل في أول تلات شهور، طب عقب التلات شهور دول، وضع المرتب بيكون أي بالظبط؟
1106	بصراحة، ماشي، بالنسبة للإجازة المرضية، بناخد المرتب كامل في أول تلات شهور، طب عقب التلات شهور دول، وضع المرتب بيكون إيه بالظبط؟
1107	لو سمحت، ماشي، بالنسبة للإجازة المرضية، بناخد المرتب أد إيهل في أول تلات شهور، طب بعد التلات شهور دول، وضع المرتب بيكون إيه بالظبط؟
1108	ممكن أعرف ماشي، بالنسبة للإجازة المرضية، بناخد المرتب قد إيهل في أول تلات شهور، طب عقب التلات شهور دول، وضع المرتب بيكون إيه بالظبط؟
1109	هل ممكن أحول الإجازة المرضية لإجازة سنوية؟
1110	يعني هل ممكن أحول الإجازة المرضية لإجازة عمروية؟
1111	طيب، هل ممكن أحول الإجازة المرضية لإجازة سنوية؟
1112	بصراحة، هل ممكن أحول الإجازة المرضية لإجازة سنوية؟
1113	لو سمحت، هل مسموح أحول الإجازة المرضية لإجازة عمروية؟
1114	ممكن أعرف هل ينفع أحول الإجازة المرضية لإجازة عمروية؟
1115	ينفع استبدل الإجازة المرضي بإجازة من رصيدي السنوي؟
1116	يعني ينفع استبدل الإجازة المرضي بإجازة من رصيدي السنوي؟
1117	طيب، ينفع استبدل الإجازة المرضي بإجازة من رصيدي السنوي؟
1118	بصراحة، ينفع استبدل الإجازة المرضي بإجازة من رصيدي السنوي؟
1119	لو سمحت، ينفع استبدل الإجازة المرضي بإجازة من رصيدي السنوي؟
1120	ممكن أعرف ينفع استبدل الإجازة المرضي بإجازة من رصيدي العمروي؟
1121	فيه إمكانية إني أخد إجازة اعتيادية بدل الإجازة المرضية اللي واخدها؟
1122	يعني فيه إمكانية إني أخد إجازة اعتيادية بدل الإجازة المرضية اللي واخدها؟
1123	طيب، فيه إمكانية إني أخد إجازة اعتيادية بدل الإجازة المرضية اللي واخدها؟
1124	بصراحة، فيه إمكانية إني أخد إجازة اعتيادية بدل الإجازة المرضية اللي واخدها؟
1125	لو سمحت، فيه إمكانية إني أخد إجازة اعتيادية بدل الإجازة المرضية اللي واخدها؟
1126	ممكن أعرف فيه إمكانية إني أخد إجازة اعتيادية بدل الإجازة المرضية اللي واخدها؟
1127	لو سمحت، ممكن الإجازة اللي كنت واخدها علشان تعبان تتحسب إجازة سنوية عادية؟
1128	يعني لو سمحت، يجوز الإجازة اللي كنت واخدها علشان تعبان تتحسب إجازة عمروية عادية؟
1129	طيب، لو سمحت، ممكن الإجازة اللي كنت واخدها علشان تعبان تتُعد إجازة سنوية عادية؟
1130	بصراحة، لو سمحت، ممكن الإجازة اللي كنت واخدها علشان تعبان تتحسب إجازة سنهوية عادية؟
1131	لو سمحت، مسموح الإجازة اللي كنت واخدها علشان تعبان تتحسب إجازة سنوية عادية؟
1132	ممكن أعرف لو سمحت، ممكن الإجازة اللي كنت واخدها علشان تعبان تتُحسب إجازة سنوية عادية؟
1133	هل قانونًا مسموح إني أبَدِّل الإجازة بتاعت العيا اللي خدتها بإجازة من حقي السنوية؟
1134	يعني هل قانونًا ممكن إني أبَدِّل الإجازة بتاعت العيا اللي خدتها بإجازة من حقي السنوية؟
1135	طيب، هل قانونًا مباح إني أبَدِّل الإجازة بتاعت العيا اللي خدتها بإجازة من حقي السنوية؟
1136	بصراحة، هل قانونًا ممكن إني أبَدِّل الإجازة بتاعت العيا اللي خدتها بإجازة من حقي العمروية؟
1137	لو سمحت، هل قانونًا مسموح إني أبَدِّل الإجازة بتاعت العيا اللي خدتها بإجازة من حقي السنهوية؟
1138	ممكن أعرف هل قانونًا مباح إني أبَدِّل الإجازة بتاعت العيا اللي خدتها بإجازة من حقي العمروية؟
1139	ممكن أقدم طلب علشان الإجازة المرضي دي تتحول لإجازة من الرصيد بتاعي العادي بتاع كل سنة؟
1140	يعني ممكن أقدم طلب علشان الإجازة المرضي دي تتحول لإجازة من الرصيد بتاعي العادي بتاع كل سنة؟
1141	طيب، ينفع أقدم طلب علشان الإجازة المرضي دي تتحول لإجازة من الرصيد بتاعي العادي بتاع كل سنهة؟
1142	بصراحة، ينفع أقدم طلب علشان الإجازة المرضي دي تتحول لإجازة من الرصيد بتاعي العادي بتاع كل سنة؟
1143	لو سمحت، يمكن أقدم طلب علشان الإجازة المرضي دي تتحول لإجازة من الرصيد بتاعي العادي بتاع كل سنة؟
1144	ممكن أعرف ممكن أقدم طلب علشان الإجازة المرضي دي تتحول لإجازة من الرصيد بتاعي العادي بتاع كل سنة؟
1145	لو عامل خالط مريض معدٍ، ينفع ياخد إجازة حجر صحي كام شهر؟
1146	يعني لو عامل خالط مريض معدٍ، ينفع يأخذ إجازة حجر صحي إيه عدد شهر؟
1147	طيب، لو عامل خالط مريض معدٍ، ينفع ياخد إجازة حجر صحي كام شهر؟
1148	بصراحة، لو عامل خالط مريض معدٍ، ينفع يحصل على إجازة حجر صحي كام شهر؟
1149	لو سمحت، لو عامل خالط مريض معدٍ، ينفع يأخذ إجازة حجر صحي كام شهر؟
1150	ممكن أعرف لو عامل خالط مريض معدٍ، ينفع ياخد إجازة حجر صحي كم شهر؟
1151	طيب، لو واحد شغال بيخلط مواد وعنده مرض بيتنقل، المفروض يقعد في الحجر الصحي كام شهر عشان يخف؟
1152	يعني طيب، لو واحد شغال بيخلط مواد وعنده مرض بيتنقل، المفروض يقعد في الحجر الصحي كام شهر عشان يخف؟
1153	طيب، لو واحد شغال بيخلط مواد وعنده مرض بيتنقل، المفروض يقعد في الحجر الصحي كم شهر عشان يخف؟
1154	بصراحة، طيب، لو واحد شغال بيخلط مواد وعنده مرض بيتنقل، المفروض يقعد في الحجر الصحي كام شهر عشان يخف؟
1155	لو سمحت، طيب، لو واحد شغال بيخلط مواد وعنده مرض بيتنقل، المفروض يقعد في الحجر الصحي كام شهر عشان يخف؟
1156	ممكن أعرف طيب، لو واحد شغال بيخلط مواد وعنده مرض بيتنقل، المفروض يقعد في الحجر الصحي أد أي شهر عشان يخف؟
1157	فرضًا إن فيه عامل بيشتغل شغلانة فيها خلط، وجاله مرض بيعدي، يبقى من حقه ياخد كام شهر إجازة مرضية عشان يعزل نفسه؟
1158	يعني فرضًا إن فيه عامل بيشتغل شغلانة فيها خلط، وجاله مرض بيعدي، يبقى من حقه ياخد كام شهر إجازة مرضية عشان يعزل نفسه؟
1159	طيب، فرضًا إن فيه عامل بيشتغل شغلانة فيها خلط، وجاله مرض بيعدي، يبقى من حقه ياخد قد إيه شهر إجازة مرضية عشان يعزل نفسه؟
1160	بصراحة، فرضًا إن فيه عامل بيشتغل شغلانة فيها خلط، وجاله مرض بيعدي، يبقى من حقه ياخد كم شهر إجازة مرضية عشان يعزل نفسه؟
1161	لو سمحت، فرضًا إن فيه عامل بيشتغل شغلانة فيها خلط، وجاله مرض بيعدي، يبقى من حقه ياخد كام شهر إجازة مرضية عشان يعزل نفسه؟
1162	ممكن أعرف فرضًا إن فيه عامل بيشتغل شغلانة فيها خلط، وجاله مرض بيعدي، يبقى من حقه يستحق قد إيه شهر إجازة مرضية عشان يعزل نفسه؟
1163	بالذمة، لو فيه صنايعي بتاع خلطة عيان بمرض ممكن يتنقل للناس، يبقى إجازة العزل بتاعته تبقى قد إيه بالظبط؟ كام شهر يعني؟
1164	يعني بالذمة، لو فيه صنايعي بتاع خلطة عيان بمرض ممكن يتنقل للناس، يبقى إجازة العزل بتاعته تبقى قد ماذا بالظبط؟ قد إيه شهر يعني؟
1165	طيب، بالذمة، لو فيه صنايعي بتاع خلطة عيان بمرض ينفع يتنقل للناس، يبقى إجازة العزل بتاعته تبقى قد إيه بالظبط؟ كام شهر يعني؟
1166	بصراحة، بالذمة، لو فيه صنايعي بتاع خلطة عيان بمرض ممكن يتنقل للناس، يبقى إجازة العزل بتاعته تبقى قد إيه بالظبط؟ إيه كمية شهر يعني؟
1167	لو سمحت، بالذمة، لو فيه صنايعي بتاع خلطة عيان بمرض ممكن يتنقل للناس، يبقى إجازة العزل بتاعته تبقى قد أي بالظبط؟ كام شهر يعني؟
1168	ممكن أعرف بالذمة، لو فيه صنايعي بتاع خلطة عيان بمرض ممكن يتنقل للناس، يبقى إجازة العزل بتاعته تبقى قد إيه بالظبط؟ كام شهر يعني؟
1169	يعني لو فيه موظف شغلته خلط مواد، واتصاب بمرض معدي، المفروض يعمل حجر صحي لمدة كام شهر؟
1170	يعني لو فيه موظف شغلته خلط مواد، واتصاب بمرض معدي، المفروض يعمل حجر صحي لمدة أد إيه شهر؟
1171	طيب، يعني لو فيه موظف شغلته خلط مواد، واتصاب بمرض معدي، المفروض يعمل حجر صحي لمدة أد إيه شهر؟
1172	بصراحة، يعني لو فيه موظف شغلته خلط مواد، واتصاب بمرض معدي، المفروض يعمل حجر صحي لمدة كام شهر؟
1173	لو سمحت، يعني لو فيه موظف شغلته خلط مواد، واتصاب بمرض معدي، المفروض يعمل حجر صحي لمدة كام شهر؟
1174	ممكن أعرف يعني لو فيه موظف شغلته خلط مواد، واتصاب بمرض معدي، المفروض يعمل حجر صحي لمدة كام شهر؟
1175	السؤال: لو فيه واحد بيشتغل في مصنع وبيخلط حاجات، وعنده مرض بينتشر، يقعد في الحجر كام شهر لحد ما يبقى كويس؟
1176	يعني السؤال: لو فيه واحد بيشتغل في مصنع وبيخلط حاجات، وعنده مرض بينتشر، يقعد في الحجر كم شهر لحد ما يبقى كويس؟
1177	طيب، السؤال: لو فيه واحد بيشتغل في مصنع وبيخلط حاجات، وعنده مرض بينتشر، يقعد في الحجر قد إيه شهر لحد ما يبقى كويس؟
1178	بصراحة، السؤال: لو فيه واحد بيشتغل في مصنع وبيخلط حاجات، وعنده مرض بينتشر، يقعد في الحجر كام شهر لحد ما يبقى كويس؟
1179	لو سمحت، السؤال: لو فيه واحد بيشتغل في مصنع وبيخلط حاجات، وعنده مرض بينتشر، يقعد في الحجر كم شهر لحد ما يبقى كويس؟
1180	ممكن أعرف السؤال: لو فيه واحد بيشتغل في مصنع وبيخلط حاجات، وعنده مرض بينتشر، يقعد في الحجر أد ماذا شهر لحد ما يبقى كويس؟
1181	إجازة الحج والعمرة كام شهر ومين يستحقها؟
1182	يعني إجازة الحج والعمرة كام شهر ومين يستحقها؟
1183	طيب، إجازة الحج والعمرة قد أي شهر ومين يستحقها؟
1184	بصراحة، إجازة الحج والعمرة أد إيه شهر ومين يستحقها؟
1185	لو سمحت، إجازة الحج والعمرة إيه عدد شهر ومين يستحقها؟
1186	ممكن أعرف إجازة الحج والعمرة كام شهر ومين يستحقها؟
1187	مدة إجازة الحج والعمرة قد إيه، ويا ترى مين اللي ليه الحق ياخدها؟ (تغيير في التركيب واستخدام كلمات عامية أكثر)
1188	يعني مدة إجازة الحج والعمرة قد أي، ويا ترى مين اللي ليه الحق ياخدها؟ (تغيير في التركيب واستخدام كلمات عامية أكثر)؟
1189	طيب، مدة إجازة الحج والعمرة قد إيه، ويا ترى مين اللي ليه الحق يأخذها؟ (تغيير في التركيب واستخدام كلمات عامية أكثر)؟
1190	بصراحة، مدة إجازة الحج والعمرة قد إيه، ويا ترى مين اللي ليه الحق ياخدها؟ (تغيير في التركيب واستخدام كلمات عامية أكثر)؟
1191	لو سمحت، مدة إجازة الحج والعمرة قد إيه، ويا ترى مين اللي ليه الحق ياخدها؟ (تغيير في التركيب واستخدام كلمات عامية أكثر)؟
1192	ممكن أعرف مدة إجازة الحج والعمرة قد ما هو، ويا ترى مين اللي ليه الحق ياخدها؟ (تغيير في التركيب واستخدام كلمات عامية أكثر)؟
1193	اللي رايح يعمل حج أو عمرة، إجازته بتكون قد إيه بالظبط؟ ويا ترى الإجازة دي حق لمين بالظبط؟ (تغيير في طريقة التعبير عن الغرض والتركيز على الشخص المسافر)
1194	يعني اللي رايح يعمل حج أو عمرة، إجازته بتكون قد أي بالظبط؟ ويا ترى الإجازة دي حق لمين بالظبط؟ (تغيير في طريقة التعبير عن الغرض والتركيز على الشخص المسافر)؟
1195	طيب، اللي رايح يعمل حج أو عمرة، إجازته بتكون قد أي بالظبط؟ ويا ترى الإجازة دي حق لمين بالظبط؟ (تغيير في طريقة التعبير عن الغرض والتركيز على الشخص المسافر)؟
1196	بصراحة، اللي رايح يعمل حج أو عمرة، إجازته بتكون قد إيه بالظبط؟ ويا ترى الإجازة دي حق لمين بالظبط؟ (تغيير في طريقة التعبير عن الغرض والتركيز على الشخص المسافر)؟
1197	لو سمحت، اللي رايح يعمل حج أو عمرة، إجازته بتكون قد إيه بالظبط؟ ويا ترى الإجازة دي حق لمين بالظبط؟ (تغيير في طريقة التعبير عن الغرض والتركيز على الشخص المسافر)؟
1198	ممكن أعرف اللي رايح يعمل حج أو عمرة، إجازته بتكون قد إيه بالظبط؟ ويا ترى الإجازة دي حق لمين بالظبط؟ (تغيير في طريقة التعبير عن الغرض والتركيز على الشخص المسافر)؟
1199	"لو واحد هيسافر الحج أو العمرة، ياخد إجازة مدتها كام شهر؟ ومين الناس اللي مسموح ليها بالإجازة دي؟ (تغيير في ترتيب السؤال واستخدام كلمة ""مسموح"" بدلاً من ""يستحق"")"
1200	"يعني لو واحد هيسافر الحج أو العمرة، يأخذ إجازة مدتها كام شهر؟ ومين الناس اللي مسموح ليها بالإجازة دي؟ (تغيير في ترتيب السؤال واستخدام كلمة ""مسموح"" بدلاً من ""يستحق"")؟"
1201	"طيب، لو واحد هيسافر الحج أو العمرة، ياخد إجازة مدتها قد إيه شهر؟ ومين الناس اللي مسموح ليها بالإجازة دي؟ (تغيير في ترتيب السؤال واستخدام كلمة ""مسموح"" بدلاً من ""يستحق"")؟"
1202	"بصراحة، لو واحد هيسافر الحج أو العمرة، ياخد إجازة مدتها كام شهر؟ ومين الناس اللي مسموح ليها بالإجازة دي؟ (تغيير في ترتيب السؤال واستخدام كلمة ""مسموح"" بدلاً من ""يستحق"")؟"
1203	"لو سمحت، لو واحد هيسافر الحج أو العمرة، يأخذ إجازة مدتها أد إيه شهر؟ ومين الناس اللي جائز ليها بالإجازة دي؟ (تغيير في ترتيب السؤال واستخدام كلمة ""مسموح"" بدلاً من ""يستحق"")؟"
1204	"ممكن أعرف لو واحد هيسافر الحج أو العمرة، ياخد إجازة مدتها كام شهر؟ ومين الناس اللي ممكن ليها بالإجازة دي؟ (تغيير في ترتيب السؤال واستخدام كلمة ""مسموح"" بدلاً من ""يستحق"")؟"
1205	"بالنسبة لإجازة الحج والعمرة، المدة بتاعتها قد إيه؟ ومين بالظبط اللي يقدر ياخد الإجازة دي؟ (تغيير في بداية السؤال واستخدام كلمة ""يقدر"" بدلاً من ""يستحق"")"
1206	"يعني بالنسبة لإجازة الحج والعمرة، المدة بتاعتها قد أي؟ ومين بالظبط اللي يقدر ياخد الإجازة دي؟ (تغيير في بداية السؤال واستخدام كلمة ""يقدر"" بدلاً من ""يستحق"")؟"
1207	"طيب، بالنسبة لإجازة الحج والعمرة، المدة بتاعتها قد ما هو؟ ومين بالظبط اللي يقدر يستحق الإجازة دي؟ (تغيير في بداية السؤال واستخدام كلمة ""يقدر"" بدلاً من ""يستحق"")؟"
1208	"بصراحة، بالنسبة لإجازة الحج والعمرة، المدة بتاعتها قد إيه؟ ومين بالظبط اللي يقدر ياخد الإجازة دي؟ (تغيير في بداية السؤال واستخدام كلمة ""يقدر"" بدلاً من ""يستحق"")؟"
1209	"لو سمحت، بالنسبة لإجازة الحج والعمرة، المدة بتاعتها قد إيه؟ ومين بالظبط اللي يقدر ياخد الإجازة دي؟ (تغيير في بداية السؤال واستخدام كلمة ""يقدر"" بدلاً من ""يستحق"")؟"
1210	"ممكن أعرف بالنسبة لإجازة الحج والعمرة، المدة بتاعتها قد ما هو؟ ومين بالظبط اللي يقدر ياخد الإجازة دي؟ (تغيير في بداية السؤال واستخدام كلمة ""يقدر"" بدلاً من ""يستحق"")؟"
1211	إجازة الحج أو العمرة دي بتكون كام شهر؟ وإيه الشروط اللي تخلي الواحد يستحقها؟ (التركيز على الشروط اللازمة لاستحقاق الإجازة)
1212	يعني إجازة الحج أو العمرة دي بتكون كام شهر؟ وإيه الشروط اللي تخلي الواحد يستحقها؟ (التركيز على الشروط المفروضة لاستحقاق الإجازة)؟
1213	طيب، إجازة الحج أو العمرة دي بتكون كام شهر؟ وإيه الشروط اللي تخلي الواحد يستحقها؟ (التركيز على الشروط الواجبة لاستحقاق الإجازة)؟
1214	بصراحة، إجازة الحج أو العمرة دي بتكون كام شهر؟ وأي الشروط اللي تخلي الواحد يستحقها؟ (التركيز على الشروط اللازمة لاستحقاق الإجازة)؟
1215	لو سمحت، إجازة الحج أو العمرة دي بتكون أد ماذا شهر؟ وإيه الشروط اللي تخلي الواحد يستحقها؟ (التركيز على الشروط اللازمة لاستحقاق الإجازة)؟
1216	ممكن أعرف إجازة الحج أو العمرة دي بتكون إيه عدد شهر؟ وإيه الشروط اللي تخلي الواحد يستحقها؟ (التركيز على الشروط المفروضة لاستحقاق الإجازة)؟
1217	شرط إيه علشان أقدر أخد إجازة الحج؟ سن معين أو سنوات خدمة؟
1218	يعني شرط أي علشان أقدر أخد إجازة الحج؟ سن معين أو سنوات خدمة؟
1219	طيب، شرط أي علشان أقدر أخد إجازة الحج؟ سن معين أو سنوات خدمة؟
1220	بصراحة، شرط إيه علشان أقدر أخد إجازة الحج؟ سن معين أو سنوات خدمة؟
1221	لو سمحت، شرط أي علشان أقدر أخد إجازة الحج؟ سن معين أو سنوات خدمة؟
1222	ممكن أعرف شرط إيه علشان أقدر أخد إجازة الحج؟ سنه معين أو سنوات خدمة؟
1223	"""إيه المتطلبات اللي لازم تتحقق علشان الواحد يقدر يطلع ياخد إجازة حج؟ فيه شروط متعلقة بالعمر مثلًا، أو عدد سنين الشغل؟"""
1224	"يعني ""أي المتطلبات اللي لازم تتحقق علشان الواحد يقدر يطلع ياخد إجازة حج؟ فيه شروط متعلقة بالعمر مثلًا، أو عدد سنين الشغل؟""؟"
1225	"طيب، ""ما هو المتطلبات اللي لازم تتحقق علشان الواحد يقدر يطلع ياخد إجازة حج؟ فيه شروط متعلقة بالعمر مثلًا، أو كم سنين الشغل؟""؟"
1226	"بصراحة، ""إيه المتطلبات اللي لازم تتحقق علشان الواحد يقدر يطلع يحصل على إجازة حج؟ فيه شروط متعلقة بالعمر مثلًا، أو عدد سنهين الشركة؟""؟"
1227	"لو سمحت، ""إيه المتطلبات اللي مطلوب تتحقق علشان الواحد يقدر يطلع ياخد إجازة حج؟ فيه شروط متعلقة بالعمر مثلًا، أو كم عمرين الشغل؟""؟"
1228	"ممكن أعرف ""إيه المتطلبات اللي واجب تتحقق علشان الواحد يقدر يطلع ياخد إجازة حج؟ فيه شروط متعلقة بالعمر مثلًا، أو عدد سنين الوظيفة؟""؟"
1229	"""علشان الواحد ياخد تصريح إجازة حج من الشغل، لازم يكون مستوفي شروط معينة؟ زي إيه الشروط دي بالظبط؟ ليها علاقة بسن الموظف أو مدة خدمته في الشركة؟"""
1230	"يعني ""علشان الواحد ياخد تصريح إجازة حج من المؤسسة، لازم يكون مستوفي شروط معينة؟ زي ما هو الشروط دي بالظبط؟ ليها علاقة بسنه الموظف أو مدة خدمته في الشركة؟""؟"
1231	"طيب، ""علشان الواحد يحصل على تصريح إجازة حج من العمل، لازم يكون مستوفي شروط معينة؟ زي أي الشروط دي بالظبط؟ ليها علاقة بعمر الموظف أو مدة خدمته في الشركة؟""؟"
1232	"بصراحة، ""علشان الواحد يأخذ تصريح إجازة حج من العمل، لازم يكون مستوفي شروط معينة؟ زي إيه الشروط دي بالظبط؟ ليها علاقة بسن الموظف أو مدة خدمته في الشركة؟""؟"
1233	"لو سمحت، ""علشان الواحد ياخد تصريح إجازة حج من الشغل، لازم يكون مستوفي شروط معينة؟ زي إيه الشروط دي بالظبط؟ ليها علاقة بسن الموظف أو مدة خدمته في الشركة؟""؟"
1234	"ممكن أعرف ""علشان الواحد ياخد تصريح إجازة حج من الوظيفة، مطلوب يكون مستوفي شروط معينة؟ زي إيه الشروط دي بالظبط؟ ليها علاقة بسن الموظف أو مدة خدمته في الشركة؟""؟"
1235	"""لو واحد عايز يقدم على إجازة حج، إيه اللي المفروض يكون موجود فيه علشان طلبه يتقبل؟ فيه اشتراطات خاصة بالعمر أو المدة اللي قضاها في الشغل؟"""
1236	"يعني ""لو واحد عايز يقدم على إجازة حج، إيه اللي المفروض يكون موجود فيه علشان طلبه يتقبل؟ فيه اشتراطات خاصة بالعمر أو المدة اللي قضاها في الشغل؟""؟"
1237	"طيب، ""لو واحد عايز يقدم على إجازة حج، ما هو اللي المفروض يكون موجود فيه علشان طلبه يتقبل؟ فيه اشتراطات خاصة بالعمر أو المدة اللي قضاها في الشغل؟""؟"
1238	"بصراحة، ""لو واحد عايز يقدم على إجازة حج، إيه اللي المفروض يكون موجود فيه علشان طلبه يتقبل؟ فيه اشتراطات خاصة بالعمر أو المدة اللي قضاها في الشغل؟""؟"
1239	"لو سمحت، ""لو واحد عايز يقدم على إجازة حج، ما هو اللي المفروض يكون موجود فيه علشان طلبه يتقبل؟ فيه اشتراطات خاصة بالعمر أو المدة اللي قضاها في الوظيفة؟""؟"
1240	"ممكن أعرف ""لو واحد عايز يقدم على إجازة حج، أي اللي المفروض يكون موجود فيه علشان طلبه يتقبل؟ فيه اشتراطات خاصة بالعمر أو المدة اللي قضاها في الشركة؟""؟"
1241	"""إيه المعايير اللي بناءً عليها بتتمنح إجازة الحج؟ هل فيه عوامل زي السن أو عدد سنوات الخبرة بتلعب دور في الموافقة عليها؟"""
1242	"يعني ""إيه المعايير اللي بناءً عليها بتتمنح إجازة الحج؟ هل فيه عوامل زي السنه أو مقدار سنوات الخبرة بتلعب دور في الموافقة عليها؟""؟"
1243	"طيب، ""إيه المعايير اللي بناءً عليها بتتمنح إجازة الحج؟ هل فيه عوامل زي العمر أو عدد سنوات الخبرة بتلعب دور في الموافقة عليها؟""؟"
1244	"بصراحة، ""إيه المعايير اللي بناءً عليها بتتمنح إجازة الحج؟ هل فيه عوامل زي السن أو كمية سنوات الخبرة بتلعب دور في الموافقة عليها؟""؟"
1245	"لو سمحت، ""ماذا المعايير اللي بناءً عليها بتتمنح إجازة الحج؟ هل فيه عوامل زي السن أو عدد سنوات الخبرة بتلعب دور في الموافقة عليها؟""؟"
1246	"ممكن أعرف ""ماذا المعايير اللي بناءً عليها بتتمنح إجازة الحج؟ هل فيه عوامل زي السن أو عدد سنوات الخبرة بتلعب دور في الموافقة عليها؟""؟"
1247	"""عايز أعرف، إيه هي الشروط اللي لازم الواحد يكون محققها عشان يقدر يقدم على إجازة حج وياخدها؟ هل فيه قيود على العمر أو المدة اللي اشتغلها في وظيفته؟"""
1248	"يعني ""عايز أعرف، إيه هي الشروط اللي مفروض الواحد يكون محققها عشان يقدر يقدم على إجازة حج وياخدها؟ هل فيه قيود على العمر أو المدة اللي اشتغلها في وظيفته؟""؟"
1249	"طيب، ""عايز أعرف، إيه هي الشروط اللي لازم الواحد يكون محققها عشان يقدر يقدم على إجازة حج ويأخذها؟ هل فيه قيود على العمر أو المدة اللي اشتغلها في وظيفته؟""؟"
1250	"بصراحة، ""عايز أعرف، إيه هي الشروط اللي لازم الواحد يكون محققها عشان يقدر يقدم على إجازة حج ويأخذها؟ هل فيه قيود على العمر أو المدة اللي اشتغلها في وظيفته؟""؟"
1251	"لو سمحت، ""عايز أعرف، ماذا هي الشروط اللي لازم الواحد يكون محققها عشان يقدر يقدم على إجازة حج وياخدها؟ هل فيه قيود على العمر أو المدة اللي اشتغلها في وظيفته؟""؟"
1252	"ممكن أعرف ""عايز أعرف، ماذا هي الشروط اللي لازم الواحد يكون محققها عشان يقدر يقدم على إجازة حج وياخدها؟ هل فيه قيود على العمر أو المدة اللي اشتغلها في وظيفته؟""؟"
1253	كام يوم أجازات رسمية مدفوعة في السنة؟
1254	يعني كم يوم أجازات رسمية مدفوعة في السنهة؟
1255	طيب، قد ما هو يوم أجازات رسمية مدفوعة في السنة؟
1256	بصراحة، قد إيه يوم أجازات رسمية مدفوعة في السنة؟
1257	لو سمحت، أد إيه يوم أجازات رسمية مدفوعة في العمرة؟
1258	ممكن أعرف قد إيه يوم أجازات رسمية مدفوعة في السنة؟
1259	يعني، كام يوم في السنة بناخدهم إجازة رسمية بمرتب؟
1260	يعني، كام يوم في السنهة بناخدهم إجازة رسمية بمرتب؟
1261	طيب، يعني، إيه عدد يوم في السنة بناخدهم إجازة رسمية بمرتب؟
1262	بصراحة، يعني، كام يوم في السنة بناخدهم إجازة رسمية بمرتب؟
1263	لو سمحت، يعني، قد إيه يوم في السنة بناخدهم إجازة رسمية بمرتب؟
1264	ممكن أعرف يعني، كام يوم في العمرة بناخدهم إجازة رسمية بمرتب؟
1265	قوللي، في السنة كلها، كام يوم إجازة الحكومة بتدفع تمنهم؟
1266	يعني قوللي، في السنة كلها، أد ماذا يوم إجازة الحكومة بتدفع تمنهم؟
1267	طيب، قوللي، في السنة كلها، كم يوم إجازة الحكومة بتدفع تمنهم؟
1268	بصراحة، قوللي، في السنة كلها، كم يوم إجازة الحكومة بتدفع تمنهم؟
1269	لو سمحت، قوللي، في السنهة كلها، كم يوم إجازة الحكومة بتدفع تمنهم؟
1270	ممكن أعرف قوللي، في السنة كلها، كام يوم إجازة الحكومة بتدفع تمنهم؟
1271	طيب، المفروض الواحد ياخد كام يوم إجازة رسمية في السنة وياخد فلوسه كاملة؟
1272	يعني طيب، المفروض الواحد ياخد كام يوم إجازة رسمية في السنة وياخد فلوسه كاملة؟
1273	طيب، المفروض الواحد يأخذ كام يوم إجازة رسمية في السنهة وياخد فلوسه كاملة؟
1274	بصراحة، طيب، المفروض الواحد يستحق كام يوم إجازة رسمية في السنة وياخد فلوسه كاملة؟
1275	لو سمحت، طيب، المفروض الواحد ياخد أد إيه يوم إجازة رسمية في العمرة وياخد فلوسه كاملة؟
1276	ممكن أعرف طيب، المفروض الواحد يأخذ كام يوم إجازة رسمية في السنهة وياخد فلوسه كاملة؟
1277	بالبلدي كده، إحنا لينا كام يوم إجازة رسمية مدفوعة الأجر في السنة الواحدة؟
1278	يعني بالبلدي كده، إحنا لينا قد أي يوم إجازة رسمية مدفوعة الأجر في العمرة الواحدة؟
1279	طيب، بالبلدي كده، إحنا لينا كام يوم إجازة رسمية مدفوعة الأجر في السنة الواحدة؟
1280	بصراحة، بالبلدي كده، إحنا لينا كام يوم إجازة رسمية مدفوعة الأجر في السنة الواحدة؟
1281	لو سمحت، بالبلدي كده، إحنا لينا كم يوم إجازة رسمية مدفوعة الأجر في السنة الواحدة؟
1282	ممكن أعرف بالبلدي كده، إحنا لينا كام يوم إجازة رسمية مدفوعة الأجر في السنهة الواحدة؟
1283	يعني حقنا في السنة، كام يوم إجازة رسمية بيكونوا بفلوس؟
1284	يعني حقنا في السنة، كام يوم إجازة رسمية بيكونوا بفلوس؟
1285	طيب، يعني حقنا في السنة، كام يوم إجازة رسمية بيكونوا بفلوس؟
1286	بصراحة، يعني حقنا في العمرة، كام يوم إجازة رسمية بيكونوا بفلوس؟
1287	لو سمحت، يعني حقنا في العمرة، كام يوم إجازة رسمية بيكونوا بفلوس؟
1288	ممكن أعرف يعني حقنا في السنة، قد ما هو يوم إجازة رسمية بيكونوا بفلوس؟
1289	لو اشتغلت يوم أجازة رسمية (عيد أو شم النسيم)، هاخد تعويض كام؟
1290	يعني لو اشتغلت يوم أجازة رسمية (عيد أو شم النسيم)، هاخد تعويض كام؟
1291	طيب، لو اشتغلت يوم أجازة رسمية (عيد أو شم النسيم)، هاخد تعويض كم؟
1292	بصراحة، لو اشتغلت يوم أجازة رسمية (عيد أو شم النسيم)، هاخد تعويض كام؟
1293	لو سمحت، لو اشتغلت يوم أجازة رسمية (عيد أو شم النسيم)، هاخد تعويض كام؟
1294	ممكن أعرف لو اشتغلت يوم أجازة رسمية (عيد أو شم النسيم)، هاخد تعويض كام؟
1295	لو نزلت الشغل في يوم إجازة مدفوعة الأجر زي العيد، المفروض آخد كام بدل شغل اليوم ده؟
1296	يعني لو نزلت الشغل في يوم إجازة مدفوعة الأجر زي العيد، المفروض آخد كام بدل شغل اليوم ده؟
1297	طيب، لو نزلت الشغل في يوم إجازة مدفوعة الأجر زي العيد، المفروض آخد كام بدل شغل اليوم ده؟
1298	بصراحة، لو نزلت الشغل في يوم إجازة مدفوعة الأجر زي العيد، المفروض آخد كام بدل شغل اليوم ده؟
1299	لو سمحت، لو نزلت الشغل في يوم إجازة مدفوعة الأجر زي العيد، المفروض آخد قد ما هو بدل شغل اليوم ده؟
1300	ممكن أعرف لو نزلت العمل في يوم إجازة مدفوعة الأجر زي العيد، المفروض آخد كام بدل شغل اليوم ده؟
1301	طيب، لو اشتغلت في مناسبة رسمية زي شم النسيم، هيتحسب لي كام زيادة على المرتب الأساسي؟
1302	يعني طيب، لو اشتغلت في مناسبة رسمية زي شم النسيم، هيتُعتبر لي أي كم زيادة على المرتب الأساسي؟
1303	طيب، لو اشتغلت في مناسبة رسمية زي شم النسيم، هيتحسب لي كام زيادة على المرتب الأساسي؟
1304	بصراحة، طيب، لو اشتغلت في مناسبة رسمية زي شم النسيم، هيتحسب لي قد إيه زيادة على المرتب الأساسي؟
1305	لو سمحت، طيب، لو اشتغلت في مناسبة رسمية زي شم النسيم، هيتحسب لي كام زيادة على المرتب الأساسي؟
1306	ممكن أعرف طيب، لو اشتغلت في مناسبة رسمية زي شم النسيم، هيتحسب لي كام زيادة على المرتب الأساسي؟
1307	لو اضطريت أشتغل في يوم إجازة زي العيد الكبير، الشركة هتعوضني بكام فلوس زيادة على مرتبي؟
1308	يعني لو اضطريت أشتغل في يوم إجازة زي العيد الكبير، الشركة هتعوضني بكام فلوس زيادة على مرتبي؟
1309	طيب، لو اضطريت أشتغل في يوم إجازة زي العيد الكبير، الشركة هتعوضني بكام فلوس زيادة على مرتبي؟
1310	بصراحة، لو اضطريت أشتغل في يوم إجازة زي العيد الكبير، الشركة هتعوضني بكام فلوس زيادة على مرتبي؟
1311	لو سمحت، لو اضطريت أشتغل في يوم إجازة زي العيد الكبير، الشركة هتعوضني بكام فلوس زيادة على مرتبي؟
1312	ممكن أعرف لو اضطريت أشتغل في يوم إجازة زي العيد الكبير، الشركة هتعوضني بإيه كم فلوس زيادة على مرتبي؟
1313	بصراحة، لو داومت في يوم إجازة رسمية زي عيد الأضحى، هاخد كام تعويض بدل اليوم ده؟
1314	يعني بصفسحة، لو داومت في يوم إجازة رسمية زي عيد الأضحى، هاخد قد إيه تعويض بدل اليوم ده؟
1315	طيب، بصبريك، لو داومت في يوم إجازة رسمية زي عيد الأضحى، هاخد أد إيه تعويض بدل اليوم ده؟
1316	بصراحة، لو داومت في يوم إجازة رسمية زي عيد الأضحى، هاخد قد أي تعويض بدل اليوم ده؟
1317	لو سمحت، بصاستراحة، لو داومت في يوم إجازة رسمية زي عيد الأضحى، هاخد أد إيه تعويض بدل اليوم ده؟
1318	ممكن أعرف بصراحة، لو داومت في يوم إجازة رسمية زي عيد الأضحى، هاخد كام تعويض بدل اليوم ده؟
1319	لو طلبوا مني أشتغل في يوم إجازة زي عيد الميلاد، ايه المقابل المادي اللي المفروض آخده؟
1320	يعني لو طلبوا مني أشتغل في يوم إجازة زي عيد الميلاد، ايه المقابل المادي اللي المفروض آخده؟
1321	طيب، لو طلبوا مني أشتغل في يوم إجازة زي عيد الميلاد، ايه المقابل المادي اللي المفروض آخده؟
1322	بصراحة، لو طلبوا مني أشتغل في يوم إجازة زي عيد الميلاد، ايه المقابل المادي اللي المفروض آخده؟
1323	لو سمحت، لو طلبوا مني أشتغل في يوم إجازة زي عيد الميلاد، ايه المقابل المادي اللي المفروض آخده؟
1324	ممكن أعرف لو طلبوا مني أشتغل في يوم إجازة زي عيد الميلاد، ايه المقابل المادي اللي المفروض آخده؟
1325	هل ليا يوم بديل ولا أجر مضاعف؟ لو اشتغلت يوم عطلة رسمية، ليَّ؟
1326	يعني هل ليا يوم بديل ولا أجر مضاعف؟ لو اشتغلت يوم عطلة رسمية، ليَّ؟
1327	طيب، هل ليا يوم بديل ولا أجر مضاعف؟ لو اشتغلت يوم عطلة رسمية، ليَّ؟
1328	بصراحة، هل ليا يوم بديل ولا أجر مضاعف؟ لو اشتغلت يوم عطلة رسمية، ليَّ؟
1329	لو سمحت، هل ليا يوم بديل ولا أجر مضاعف؟ لو اشتغلت يوم عطلة رسمية، ليَّ؟
1330	ممكن أعرف هل ليا يوم بديل ولا أجر مضاعف؟ لو اشتغلت يوم عطلة رسمية، ليَّ؟
1331	لو نزلت شغل في إجازة رسمية، المفروض آخد يوم تاني أجازة بداله ولاّ فلوس زيادة على مرتبي؟ إيه حقي بالظبط؟ (تغيير كبير في التركيب وتقديم خيارات بديلة بشكل أوضح)
1332	يعني لو نزلت شغل في إجازة رسمية، المفروض آخد يوم تاني أجازة بداله ولاّ فلوس زيادة على مرتبي؟ إيه حقي بالظبط؟ (تغيير كبير في التركيب وتقديم خيارات بديلة بشكل أوضح)؟
1333	طيب، لو نزلت شغل في إجازة رسمية، المفروض آخد يوم تاني أجازة بداله ولاّ فلوس زيادة على مرتبي؟ إيه حقي بالظبط؟ (تغيير كبير في التركيب وتقديم خيارات بديلة بشكل أوضح)؟
1334	بصراحة، لو نزلت شغل في إجازة رسمية، المفروض آخد يوم تاني أجازة بداله ولاّ فلوس زيادة على مرتبي؟ إيه حقي بالظبط؟ (تغيير كبير في التركيب وتقديم خيارات بديلة بشكل أوضح)؟
1335	لو سمحت، لو نزلت شغل في إجازة رسمية، المفروض آخد يوم تاني أجازة بداله ولاّ فلوس زيادة على مرتبي؟ إيه حقي بالظبط؟ (تغيير كبير في التركيب وتقديم خيارات بديلة بشكل أوضح)؟
1336	ممكن أعرف لو نزلت شغل في إجازة رسمية، المفروض آخد يوم تاني أجازة بداله ولاّ فلوس زيادة على مرتبي؟ إيه حقي بالظبط؟ (تغيير كبير في التركيب وتقديم خيارات بديلة بشكل أوضح)؟
1337	يعني لو اشتغلت يوم أجازة، هيعوضوني بيوم راحة تاني ولاّ هيدفعولي أجر مضاعف؟ إيه النظام؟ (تركيز على التعويض بدلا من الحق، مع سؤال مباشر عن النظام المتبع)
1338	يعني لو اشتغلت يوم أجازة، هيعوضوني بيوم استراحة تاني ولاّ هيدفعولي أجر مضاعف؟ إيه النظام؟ (تركيز على التعويض بدلا من الحق، مع سؤال مباشر عن النظام المتبع)؟
1339	طيب، يعني لو اشتغلت يوم أجازة، هيعوضوني بيوم استراحة تاني ولاّ هيدفعولي أجر مضاعف؟ ما هو النظام؟ (تركيز على التعويض بدلا من الحق، مع سؤال مباشر عن النظام المتبع)؟
1340	بصراحة، يعني لو اشتغلت يوم أجازة، هيعوضوني بيوم استراحة تاني ولاّ هيدفعولي أجر مضاعف؟ أي النظام؟ (تركيز على التعويض بدلا من الحق، مع سؤال مباشر عن النظام المتبع)؟
1341	لو سمحت، يعني لو اشتغلت يوم أجازة، هيعوضوني بيوم راحة تاني ولاّ هيدفعولي أجر مضاعف؟ ماذا النظام؟ (تركيز على التعويض بدلا من الحق، مع سؤال مباشر عن النظام المتبع)؟
1342	ممكن أعرف يعني لو اشتغلت يوم أجازة، هيعوضوني بيوم بريك تاني ولاّ هيدفعولي أجر مضاعف؟ إيه النظام؟ (تركيز على التعويض بدلا من الحق، مع سؤال مباشر عن النظام المتبع)؟
1343	طيب، لما بشتغل في العيد أو في أي مناسبة رسمية، بيحسبولي اليوم ده إزاي؟ بيوم إجازة زيادة ولا بفلوس أكتر؟ (تحديد أنواع أيام العطلات بشكل أدق، مع سؤال عن طريقة الحساب)
1344	يعني طيب، لما بشتغل في العيد أو في أي مناسبة رسمية، بيحسبولي اليوم ده إزاي؟ بيوم إجازة زيادة ولا بفلوس أكتر؟ (تحديد أنواع أيام العطلات بشكل أدق، مع سؤال عن طريقة الحساب)؟
1345	طيب، لما بشتغل في العيد أو في أي مناسبة رسمية، بيحسبولي اليوم ده إزاي؟ بيوم إجازة زيادة ولا بفلوس أكتر؟ (تحديد أنواع أيام العطلات بشكل أدق، مع سؤال عن طريقة الحساب)؟
1346	بصراحة، طيب، لما بشتغل في العيد أو في أي مناسبة رسمية، بيحسبولي اليوم ده إزاي؟ بيوم إجازة زيادة ولا بفلوس إضافة إلى؟ (تحديد أنواع أيام العطلات بشكل أدق، مع سؤال عن طريقة الحساب)؟
1347	لو سمحت، طيب، لما بشتغل في العيد أو في أي مناسبة رسمية، بيحسبولي اليوم ده إزاي؟ بيوم إجازة زيادة ولا بفلوس أكتر؟ (تحديد أنواع أيام العطلات بشكل أدق، مع سؤال عن طريقة الحساب)؟
1348	ممكن أعرف طيب، لما بشتغل في العيد أو في أي مناسبة رسمية، بيحسبولي اليوم ده إزاي؟ بيوم إجازة زيادة ولا بفلوس فوق؟ (تحديد أنواع أيام العطلات بشكل أدق، مع سؤال عن طريقة الحساب)؟
1349	بصراحة، أنا عايز أعرف لو اشتغلت في يوم إجازة، ليا حق في يوم بديل ولاّ المفروض آخد فلوس ضعف اليوم؟ إيه الصح؟ (التعبير عن الرغبة في معرفة الحق، مع التأكيد على وجود معيار صحيح)
1350	يعني بصراحة، أنا عايز أعرف لو اشتغلت في يوم إجازة، ليا حق في يوم بديل ولاّ المفروض آخد فلوس ضعف اليوم؟ أي الصح؟ (التعبير عن الرغبة في معرفة الحق، مع التأكيد على وجود معيار صحيح)؟
1351	طيب، بصفسحة، أنا عايز أعرف لو اشتغلت في يوم إجازة، ليا حق في يوم بديل ولاّ المفروض آخد فلوس ضعف اليوم؟ إيه الصح؟ (التعبير عن الرغبة في معرفة الحق، مع التأكيد على وجود معيار صحيح)؟
1352	بصراحة، أنا عايز أعرف لو اشتغلت في يوم إجازة، ليا حق في يوم بديل ولاّ المفروض آخد فلوس ضعف اليوم؟ أي الصح؟ (التعبير عن الرغبة في معرفة الحق، مع التأكيد على وجود معيار صحيح)؟
1353	لو سمحت، بصفسحة، أنا عايز أعرف لو اشتغلت في يوم إجازة، ليا حق في يوم بديل ولاّ المفروض آخد فلوس ضعف اليوم؟ إيه الصح؟ (التعبير عن الرغبة في معرفة الحق، مع التأكيد على وجود معيار صحيح)؟
1354	ممكن أعرف بصاستراحة، أنا عايز أعرف لو اشتغلت في يوم إجازة، ليا حق في يوم بديل ولاّ المفروض آخد فلوس ضعف اليوم؟ إيه الصح؟ (التعبير عن الرغبة في معرفة الحق، مع التأكيد على وجود معيار صحيح)؟
1355	"دلوقتي، لو اشتغلت في يوم إجازة رسمي، آخد يوم راحة قصاده ولاّ بيحسبوه بضعف المرتب؟ يعني المفروض إيه اللي يحصل؟ (تقديم خيارات ""يوم راحة قصاده"" و""ضعف المرتب"" بشكل مباشر وأكثر وضوحًا)"
1356	"يعني دلوقتي، لو اشتغلت في يوم إجازة رسمي، آخد يوم بريك قصاده ولاّ بيحسبوه بضعف المرتب؟ يعني المفروض أي اللي يحصل؟ (تقديم خيارات ""يوم راحة قصاده"" و""ضعف المرتب"" بشكل مباشر وأكثر وضوحًا)؟"
1357	"طيب، دلوقتي، لو اشتغلت في يوم إجازة رسمي، آخد يوم راحة قصاده ولاّ بيحسبوه بضعف المرتب؟ يعني المفروض إيه اللي يحصل؟ (تقديم خيارات ""يوم راحة قصاده"" و""ضعف المرتب"" بشكل مباشر وأكثر وضوحًا)؟"
1358	"بصراحة، دلوقتي، لو اشتغلت في يوم إجازة رسمي، آخد يوم راحة قصاده ولاّ بيحسبوه بضعف المرتب؟ يعني المفروض ما هو اللي يحصل؟ (تقديم خيارات ""يوم راحة قصاده"" و""ضعف المرتب"" بشكل مباشر وأكثر وضوحًا)؟"
1359	"لو سمحت، دلوقتي، لو اشتغلت في يوم إجازة رسمي، آخد يوم فسحة قصاده ولاّ بيحسبوه بضعف المرتب؟ يعني المفروض إيه اللي يحصل؟ (تقديم خيارات ""يوم راحة قصاده"" و""ضعف المرتب"" بشكل مباشر وأكثر وضوحًا)؟"
1360	"ممكن أعرف دلوقتي، لو اشتغلت في يوم إجازة رسمي، آخد يوم راحة قصاده ولاّ بيحسبوه بضعف المرتب؟ يعني المفروض أي اللي يحصل؟ (تقديم خيارات ""يوم راحة قصاده"" و""ضعف المرتب"" بشكل مباشر وأكثر وضوحًا)؟"
1361	القانون بيحدد كام نوع لعقد العمل في القطاع الخاص؟
1362	يعني القانون بيحدد أد ماذا نوع لعقد العمل في القطاع الخاص؟
1363	طيب، القانون بيحدد ماذا عدد نوع لعقد العمل في القطاع الخاص؟
1364	بصراحة، القانون بيحدد أد إيه نوع لعقد الدوام في الشركات الخاصة؟
1365	لو سمحت، الشرع بيحدد كام نوع لعقد الدوام في القطاع الأهلي؟
1366	ممكن أعرف التشريع بيحدد كام نوع لعقد العمل في القطاع الأهلي؟
1367	إيه هي أنواع عقود الشغل اللي القانون المصري قايل عليها في الشركات الخاصة؟
1368	يعني أي هي أنواع عقود الوظيفة اللي الشرع المصري قايل عليها في الشركات الخاصة؟
1369	طيب، أي هي أنواع عقود العمل اللي القانون المصري قايل عليها في الشركات الخاصة؟
1370	بصراحة، إيه هي أنواع عقود المؤسسة اللي القانون المصري قايل عليها في الشركات الخاصة؟
1371	لو سمحت، إيه هي أنواع عقود الشغل اللي القانون المصري قايل عليها في الشركات الخاصة؟
1372	ممكن أعرف إيه هي أنواع عقود الشغل اللي النظام المصري قايل عليها في الشركات الخاصة؟
1373	حسب القانون، عقد العمل في القطاع الخاص ليه كام شكل أو نوع؟
1374	يعني حسب القانون، عقد العمل في القطاع الخاص ليه كام شكل أو نوع؟
1375	طيب، حسب التشريع، عقد الشركة في الشركات الخاصة ليه قد إيه شكل أو نوع؟
1376	بصراحة، حسب القانون، عقد العمل في الشركات الخاصة ليه إيه كم شكل أو نوع؟
1377	لو سمحت، حسب النظام، عقد الوظيفة في القطاع الخاص ليه كام شكل أو نوع؟
1378	ممكن أعرف حسب النظام، عقد الشغل في القطاع الخاص ليه كام شكل أو نوع؟
1379	كم نوع من عقود الشغل مُعترف بيه قانونًا لما تشتغل في شركة خاصة؟
1380	يعني كم نوع من عقود الوظيفة مُعترف بيه قانونًا لما تشتغل في شركة خاصة؟
1381	طيب، كم نوع من عقود العمل مُعترف بيه قانونًا لما تشتغل في شركة خاصة؟
1382	بصراحة، كم نوع من عقود المؤسسة مُعترف بيه قانونًا لما تشتغل في شركة خاصة؟
1383	لو سمحت، كم نوع من عقود الشركة مُعترف بيه قانونًا لما تشتغل في شركة خاصة؟
1384	ممكن أعرف كم نوع من عقود العمل مُعترف بيه قانونًا لما تشتغل في شركة خاصة؟
1385	يا ترى القانون بيفرق بين كام نوع من عقود العمل لما تشتغل في القطاع الخاص؟
1386	يعني يا ترى القانون بيفرق بين كام نوع من عقود العمل لما تشتغل في القطاع الأهلي؟
1387	طيب، يا ترى القانون بيفرق بين كام نوع من عقود الدوام لما تشتغل في الشركات الخاصة؟
1388	بصراحة، يا ترى التشريع بيفرق بين كام نوع من عقود الدوام لما تشتغل في القطاع الخاص؟
1389	لو سمحت، يا ترى الشرع بيفرق بين قد إيه نوع من عقود العمل لما تشتغل في القطاع الأهلي؟
1390	ممكن أعرف يا ترى النظام بيفرق بين كام نوع من عقود الشغل لما تشتغل في القطاع الخاص؟
1391	إيه تصنيفات عقود العمل اللي القانون حاططها للناس اللي بتشتغل في شركات خاصة؟
1392	يعني إيه تصنيفات عقود الوظيفة اللي القانون حاططها للناس اللي بتشتغل في شركات خاصة؟
1393	طيب، إيه تصنيفات عقود الدوام اللي الشرع حاططها للناس اللي بتشتغل في شركات خاصة؟
1394	بصراحة، أي تصنيفات عقود العمل اللي الشرع حاططها للناس اللي بتشتغل في شركات خاصة؟
1395	لو سمحت، إيه تصنيفات عقود العمل اللي القانون حاططها للناس اللي بتشتغل في شركات خاصة؟
1396	ممكن أعرف أي تصنيفات عقود الشغل اللي القانون حاططها للناس اللي بتشتغل في شركات خاصة؟
1397	إيه الفرق بين العقد محدد المدة والعقد غير محدد المدة؟
1398	يعني ماذا الفرق بين العقد محدد المدة والعقد غير محدد المدة؟
1399	طيب، إيه الفرق بين العقد محدد المدة والعقد غير محدد المدة؟
1400	بصراحة، إيه الفرق بين العقد محدد المدة والعقد غير محدد المدة؟
1401	لو سمحت، ماذا الفرق بين العقد محدد المدة والعقد غير محدد المدة؟
1402	ممكن أعرف ما هو الفرق بين العقد محدد المدة والعقد غير محدد المدة؟
1403	يعني إيه الفرق بين عقد الشغل اللي مدته معروفة وعقد الشغل اللي ملوش مدة انتهاء محددة؟
1404	يعني ماذا الفرق بين عقد الشركة اللي مدته معروفة وعقد الشغل اللي ملوش مدة انتهاء محددة؟
1405	طيب، يعني إيه الفرق بين عقد الشغل اللي مدته معروفة وعقد الشغل اللي ملوش مدة انتهاء محددة؟
1406	بصراحة، يعني إيه الفرق بين عقد الشغل اللي مدته معروفة وعقد الشغل اللي ملوش مدة انتهاء محددة؟
1407	لو سمحت، يعني ما هو الفرق بين عقد الشغل اللي مدته معروفة وعقد الشغل اللي ملوش مدة انتهاء مُحددة؟
1408	ممكن أعرف يعني إيه الفرق بين عقد الشغل اللي مدته معروفة وعقد الشغل اللي ملوش مدة انتهاء مُحددة؟
1409	إيه الفرق الجوهري بين عقد العمل اللي فيه تاريخ نهاية وعقد العمل المفتوح اللي ملوش تاريخ نهاية؟
1410	يعني إيه الفرق الجوهري بين عقد الشغل اللي فيه تاريخ نهاية وعقد العمل المفتوح اللي ملوش تاريخ نهاية؟
1411	طيب، إيه الفرق الجوهري بين عقد الدوام اللي فيه تاريخ نهاية وعقد العمل المفتوح اللي ملوش تاريخ نهاية؟
1412	بصراحة، أي الفرق الجوهري بين عقد العمل اللي فيه تاريخ نهاية وعقد العمل المفتوح اللي ملوش تاريخ نهاية؟
1413	لو سمحت، ماذا الفرق الجوهري بين عقد الشغل اللي فيه تاريخ نهاية وعقد العمل المفتوح اللي ملوش تاريخ نهاية؟
1414	ممكن أعرف ماذا الفرق الجوهري بين عقد الدوام اللي فيه تاريخ نهاية وعقد العمل المفتوح اللي ملوش تاريخ نهاية؟
1415	ممكن تشرح لي الفرق بين نوعين عقود الشغل: عقد بمدة محددة وعقد مفتوح المدة؟
1416	يعني ممكن تشرح لي الفرق بين نوعين عقود الشركة: عقد بمدة خاصة وعقد مفتوح المدة؟
1417	طيب، ممكن تشرح لي الفرق بين نوعين عقود المؤسسة: عقد بمدة محددة وعقد مفتوح المدة؟
1418	بصراحة، ممكن تشرح لي الفرق بين نوعين عقود الشغل: عقد بمدة محددة وعقد مفتوح المدة؟
1419	لو سمحت، يجوز تشرح لي الفرق بين نوعين عقود الشغل: عقد بمدة معينة وعقد مفتوح المدة؟
1420	ممكن أعرف يمكن تشرح لي الفرق بين نوعين عقود الوظيفة: عقد بمدة مُحددة وعقد مفتوح المدة؟
1421	لو سمحت، إيه الاختلافات الأساسية بين عقد العمل اللي بيتحدد له مدة زمنية وعقد العمل اللي ملوش مدة محددة في القانون المصري؟
1422	يعني لو سمحت، إيه الاختلافات الأساسية بين عقد الوظيفة اللي بيتحدد له مدة زمنية وعقد العمل اللي ملوش مدة مُحددة في القانون المصري؟
1423	طيب، لو سمحت، أي الاختلافات الأساسية بين عقد العمل اللي بيتحدد له مدة زمنية وعقد العمل اللي ملوش مدة خاصة في القانون المصري؟
1424	بصراحة، لو سمحت، إيه الاختلافات الأساسية بين عقد العمل اللي بيتحدد له مدة زمنية وعقد العمل اللي ملوش مدة محددة في القانون المصري؟
1425	لو سمحت، إيه الاختلافات الأساسية بين عقد العمل اللي بيتحدد له مدة زمنية وعقد العمل اللي ملوش مدة مُحددة في القانون المصري؟
1426	ممكن أعرف لو سمحت، إيه الاختلافات الأساسية بين عقد الوظيفة اللي بيتحدد له مدة زمنية وعقد العمل اللي ملوش مدة محددة في القانون المصري؟
1427	إيه الفروق اللي بتميز عقد العمل اللي بيكون ليه مدة معينة عن عقد العمل الدائم أو المستمر؟
1428	يعني إيه الفروق اللي بتميز عقد الدوام اللي بيكون ليه مدة معينة عن عقد العمل الدائم أو المستمر؟
1429	طيب، إيه الفروق اللي بتميز عقد الشغل اللي بيكون ليه مدة معينة عن عقد العمل الدائم أو المستمر؟
1430	بصراحة، إيه الفروق اللي بتميز عقد الوظيفة اللي بيكون ليه مدة معينة عن عقد العمل الدائم أو المستمر؟
1431	لو سمحت، إيه الفروق اللي بتميز عقد العمل اللي بيكون ليه مدة معينة عن عقد العمل الدائم أو المستمر؟
1432	ممكن أعرف إيه الفروق اللي بتميز عقد الدوام اللي بيكون ليه مدة معينة عن عقد العمل الدائم أو المستمر؟
1433	عقود التجربة مدتها كام شهر بحد أقصى؟
1434	يعني عقود التجربة مدتها قد إيه شهر بحد أقصى؟
1435	طيب، عقود التجربة مدتها قد إيه شهر بحد أقصى؟
1436	بصراحة، عقود التجربة مدتها كام شهر بحد أقصى؟
1437	لو سمحت، عقود التجربة مدتها إيه عدد شهر بحد أقصى؟
1438	ممكن أعرف عقود التجربة مدتها كام شهر بحد أقصى؟
1439	أقصى مدة لعقد التجربة بتكون قد إيه بالظبط؟ (بيسأل عن الحد الأقصى لعقد التجربة بشكل مباشر ومحدد)
1440	يعني أقصى مدة لعقد التجربة بتكون قد أي بالظبط؟ (بيسأل عن الحد الأقصى لعقد التجربة بشكل مباشر ومحدد)؟
1441	طيب، أقصى مدة لعقد التجربة بتكون قد إيه بالظبط؟ (بيسأل عن الحد الأقصى لعقد التجربة بشكل مباشر ومحدد)؟
1442	بصراحة، أقصى مدة لعقد التجربة بتكون قد إيه بالظبط؟ (بيسأل عن الحد الأقصى لعقد التجربة بشكل مباشر ومحدد)؟
1443	لو سمحت، أقصى مدة لعقد التجربة بتكون قد إيه بالظبط؟ (بيسأل عن الحد الأقصى لعقد التجربة بشكل مباشر ومحدد)؟
1444	ممكن أعرف أقصى مدة لعقد التجربة بتكون قد إيه بالظبط؟ (بيسأل عن الحد الأقصى لعقد التجربة بشكل مباشر ومحدد)؟
1445	أطول فترة ممكن الواحد يشتغلها تحت نظام التجربة هي قد إيه؟ (بيركز على فترة العمل بنظام التجربة)
1446	يعني أطول فترة ممكن الواحد يشتغلها تحت نظام التجربة هي قد أي؟ (بيركز على فترة العمل بنظام التجربة)؟
1447	طيب، أطول فترة ممكن الواحد يشتغلها تحت نظام التجربة هي قد إيه؟ (بيركز على فترة العمل بنظام التجربة)؟
1448	بصراحة، أطول فترة ممكن الواحد يشتغلها تحت نظام التجربة هي قد ما هو؟ (بيركز على فترة العمل بنظام التجربة)؟
1449	لو سمحت، أطول زمن ممكن الواحد يشتغلها تحت نظام التجربة هي قد ماذا؟ (بيركز على فترة العمل بنظام التجربة)؟
1450	ممكن أعرف أطول فترة ممكن الواحد يشتغلها تحت نظام التجربة هي قد إيه؟ (بيركز على فترة الشغل بنظام التجربة)؟
1451	عقد التجربة ممكن يوصل لحد كام شهر؟ (بيستفسر عن الحد الأعلى لمدة عقد التجربة)
1452	يعني عقد التجربة ممكن يوصل لحد كام شهر؟ (بيستفسر عن الحد الأعلى لمدة عقد التجربة)؟
1453	طيب، عقد التجربة ممكن يوصل لحد أد ماذا شهر؟ (بيستفسر عن الحد الأعلى لمدة عقد التجربة)؟
1454	بصراحة، عقد التجربة ممكن يوصل لحد كام شهر؟ (بيستفسر عن الحد الأعلى لمدة عقد التجربة)؟
1455	لو سمحت، عقد التجربة ممكن يوصل لحد كام شهر؟ (بيستفسر عن الحد الأعلى لمدة عقد التجربة)؟
1456	ممكن أعرف عقد التجربة ينفع يوصل لحد أد إيه شهر؟ (بيستفسر عن الحد الأعلى لمدة عقد التجربة)؟
1457	في قانون العمل، فترة الاختبار ممكن تمتد لحد قد إيه؟ (بيسأل عن المدة القانونية لفترة الاختبار)
1458	يعني في قانون الوظيفة، فترة الاختبار ممكن تمتد لحد قد أي؟ (بيسأل عن المدة القانونية لفترة الاختبار)؟
1459	طيب، في قانون العمل، فترة الاختبار ممكن تمتد لحد قد أي؟ (بيسأل عن المدة القانونية لفترة الاختبار)؟
1460	بصراحة، في قانون العمل، وقت الاختبار ممكن تمتد لحد قد إيه؟ (بيسأل عن المدة المعتمدة لفترة الاختبار)؟
1461	لو سمحت، في قانون العمل، فترة الاختبار ممكن تمتد لحد قد أي؟ (بيسأل عن المدة حسب القانون لفترة الاختبار)؟
1462	ممكن أعرف في قانون العمل، زمن الاختبار ممكن تمتد لحد قد إيه؟ (بيسأل عن المدة الشرعية لفترة الاختبار)؟
1463	أعلى مدة ممكنة لعقد تحت الاختبار بتكون كام شهر؟ (بيركز على أعلى مدة ممكنة لعقد تحت الاختبار)
1464	يعني أعلى مدة ينفعة لعقد تحت الاختبار بتكون كام شهر؟ (بيركز على أعلى مدة ممكنة لعقد تحت الاختبار)؟
1465	طيب، أعلى مدة ممكنة لعقد تحت الاختبار بتكون كام شهر؟ (بيركز على أعلى مدة ممكنة لعقد تحت الاختبار)؟
1466	بصراحة، أعلى مدة ممكنة لعقد تحت الاختبار بتكون كام شهر؟ (بيركز على أعلى مدة ممكنة لعقد تحت الاختبار)؟
1467	لو سمحت، أعلى مدة مسموحة لعقد تحت الاختبار بتكون كام شهر؟ (بيركز على أعلى مدة ممكنة لعقد تحت الاختبار)؟
1468	ممكن أعرف أعلى مدة مباحة لعقد تحت الاختبار بتكون كام شهر؟ (بيركز على أعلى مدة ممكنة لعقد تحت الاختبار)؟
1469	لو خلص عقد محدد المدة واستمر الشغل، هل يتحول تلقائيًا لعقد مفتوح؟
1470	يعني لو خلص عقد محدد المدة واستمر الوظيفة، هل يتحول تلقائيًا لعقد مفتوح؟
1471	طيب، لو خلص عقد محدد المدة واستمر الشغل، هل يتحول تلقائيًا لعقد مفتوح؟
1472	بصراحة، لو خلص عقد محدد المدة واستمر الوظيفة، هل يتحول تلقائيًا لعقد مفتوح؟
1473	لو سمحت، لو خلص عقد محدد المدة واستمر الشركة، هل يتحول تلقائيًا لعقد مفتوح؟
1474	ممكن أعرف لو خلص عقد محدد المدة واستمر الشغل، هل يتحول تلقائيًا لعقد مفتوح؟
1475	لو العقد اللي ليه مدة معينة انتهى والشغل استمر عادي، كده العقد يبقى مفتوح على طول ولا إيه؟ (تغيير في التعبير عن الاستمرار والتلقائية)
1476	يعني لو العقد اللي ليه مدة معينة انتهى والشغل استمر عادي، كده العقد يبقى مفتوح على طول ولا إيه؟ (تغيير في التعبير عن الاستمرار والتلقائية)؟
1477	طيب، لو العقد اللي ليه مدة معينة انتهى والعمل استمر عادي، كده العقد يبقى مفتوح على طول ولا إيه؟ (تغيير في التعبير عن الاستمرار والتلقائية)؟
1478	بصراحة، لو العقد اللي ليه مدة معينة انتهى والشغل استمر عادي، كده العقد يبقى مفتوح على طول ولا إيه؟ (تغيير في التعبير عن الاستمرار والتلقائية)؟
1479	لو سمحت، لو العقد اللي ليه مدة معينة انتهى والشغل استمر عادي، كده العقد يبقى مفتوح على طول ولا ما هو؟ (تغيير في التعبير عن الاستمرار والتلقائية)؟
1480	ممكن أعرف لو العقد اللي ليه مدة معينة انتهى والشغل استمر عادي، كده العقد يبقى مفتوح على طول ولا ما هو؟ (تغيير في التعبير عن الاستمرار والتلقائية)؟
1481	"طب فرضنا العقد المؤقت خلص والراجل مِشيِش، العقد بيتقلب عقد دايم لوحده ولا لازم إجراء تاني؟ (استخدام كلمة ""فرضنا"" و ""الراجل مِمشيش"" و""دايم"" بدلا من ""مفتوح"")"
1482	"يعني طب فرضنا العقد المؤقت خلص والراجل مِشيِش، العقد بيتقلب عقد دايم لوحده ولا لازم إجراء تاني؟ (استخدام كلمة ""فرضنا"" و ""الراجل مِمشيش"" و""دايم"" بدلا من ""مفتوح"")؟"
1483	"طيب، طب فرضنا العقد المؤقت خلص والراجل مِشيِش، العقد بيتقلب عقد دايم لوحده ولا ضروري إجراء تاني؟ (استخدام كلمة ""فرضنا"" و ""الراجل مِمشيش"" و""دايم"" بدلا من ""مفتوح"")؟"
1484	"بصراحة، طب فرضنا العقد المؤقت خلص والراجل مِشيِش، العقد بيتقلب عقد دايم لوحده ولا مطلوب إجراء تاني؟ (استخدام كلمة ""فرضنا"" و ""الراجل مِمشيش"" و""دايم"" بدلا من ""مفتوح"")؟"
1485	"لو سمحت، طب فرضنا العقد المؤقت خلص والراجل مِشيِش، العقد بيتقلب عقد دايم لوحده ولا لازم إجراء تاني؟ (استخدام كلمة ""فرضنا"" و ""الراجل مِمشيش"" و""دايم"" بدلا من ""مفتوح"")؟"
1486	"ممكن أعرف طب فرضنا العقد المؤقت خلص والراجل مِشيِش، العقد بيتقلب عقد دايم لوحده ولا مطلوب إجراء تاني؟ (استخدام كلمة ""فرضنا"" و ""الراجل مِمشيش"" و""دايم"" بدلا من ""مفتوح"")؟"
1487	"يعني لو العقد بوقت معين خلص وأنا كملت شغل زي ما أنا، كده العقد بيعتبر عقد مفتوح المدة ولا ليها حسبة تانية؟ (تغيير في بنية السؤال و استخدام كلمة ""حسبة تانية"")"
1488	"يعني لو العقد بوقت معين خلص وأنا كملت شغل زي ما أنا، كده العقد بيعتبر عقد مفتوح المدة ولا ليها حسبة تانية؟ (تغيير في بنية السؤال و استخدام كلمة ""حسبة تانية"")؟"
1489	"طيب، يعني لو العقد بوقت معين خلص وأنا كملت شغل زي ما أنا، كده العقد بيعتبر عقد مفتوح المدة ولا ليها حسبة تانية؟ (تغيير في بنية السؤال و استخدام كلمة ""حسبة تانية"")؟"
1490	"بصراحة، يعني لو العقد بوقت معين خلص وأنا كملت شغل زي ما أنا، كده العقد بيعتبر عقد مفتوح المدة ولا ليها حسبة تانية؟ (تغيير في بنية السؤال و استخدام كلمة ""حسبة تانية"")؟"
1491	"لو سمحت، يعني لو العقد بوقت معين خلص وأنا كملت شغل زي ما أنا، كده العقد بيعتبر عقد مفتوح المدة ولا ليها حسبة تانية؟ (تغيير في بنية السؤال و استخدام كلمة ""حسبة تانية"")؟"
1492	"ممكن أعرف يعني لو العقد بوقت معين خلص وأنا كملت شغل زي ما أنا، كده العقد بيعتبر عقد مفتوح المدة ولا ليها حسبة تانية؟ (تغيير في بنية السؤال و استخدام كلمة ""حسبة تانية"")؟"
1493	"بعد نهاية العقد اللي محدد بمدة، لو استمريت في الشغل، هل ده معناه إن العقد اتحول لعقد دائم بشكل تلقائي؟ (استخدام كلمة ""دائم"" بدل ""مفتوح"" وتوضيح كلمة ""بشكل تلقائي"")"
1494	"يعني بعد نهاية العقد اللي محدد بمدة، لو استمريت في الشغل، هل ده معناه إن العقد اتحول لعقد دائم بشكل تلقائي؟ (استخدام كلمة ""دائم"" بدل ""مفتوح"" وتوضيح كلمة ""بشكل تلقائي"")؟"
1495	"طيب، بعد نهاية العقد اللي محدد بمدة، لو استمريت في الشغل، هل ده معناه إن العقد اتحول لعقد دائم بشكل تلقائي؟ (استخدام كلمة ""دائم"" بدل ""مفتوح"" وتوضيح كلمة ""بشكل تلقائي"")؟"
1496	"بصراحة، بعد نهاية العقد اللي محدد بمدة، لو استمريت في العمل، هل ده معناه إن العقد اتحول لعقد دائم بشكل تلقائي؟ (استخدام كلمة ""دائم"" بدل ""مفتوح"" وتوضيح كلمة ""بشكل تلقائي"")؟"
1497	"لو سمحت، بعد مرور نهاية العقد اللي محدد بمدة، لو استمريت في المؤسسة، هل ده معناه إن العقد اتحول لعقد دائم بشكل تلقائي؟ (استخدام كلمة ""دائم"" بدل ""مفتوح"" وتوضيح كلمة ""بشكل تلقائي"")؟"
1498	"ممكن أعرف عقب نهاية العقد اللي محدد بمدة، لو استمريت في الوظيفة، هل ده معناه إن العقد اتحول لعقد دائم بشكل تلقائي؟ (استخدام كلمة ""دائم"" بدل ""مفتوح"" وتوضيح كلمة ""بشكل تلقائي"")؟"
1499	لو العقد اللي مدته معلومة انتهت وأنا مكمل شغل عادي، هل ده بيخليه عقد مفتوح بدون ما نعمل أي حاجة تانية؟ (تغيير في طريقة السؤال عن وجود إجراءات إضافية)
1500	يعني لو العقد اللي مدته معلومة انتهت وأنا مكمل شغل عادي، هل ده بيخليه عقد مفتوح بدون ما نعمل أي حاجة تانية؟ (تغيير في طريقة السؤال عن وجود إجراءات إضافية)؟
1501	طيب، لو العقد اللي مدته معلومة انتهت وأنا مكمل شغل عادي، هل ده بيخليه عقد مفتوح بدون ما نعمل أي حاجة تانية؟ (تغيير في طريقة السؤال عن وجود إجراءات إضافية)؟
1502	بصراحة، لو العقد اللي مدته معلومة انتهت وأنا مكمل شغل عادي، هل ده بيخليه عقد مفتوح بدون ما نعمل أي حاجة تانية؟ (تغيير في طريقة السؤال عن وجود إجراءات إضافية)؟
1503	لو سمحت، لو العقد اللي مدته معلومة انتهت وأنا مكمل شغل عادي، هل ده بيخليه عقد مفتوح بدون ما نعمل أي حاجة تانية؟ (تغيير في طريقة السؤال عن وجود إجراءات إضافية)؟
1504	ممكن أعرف لو العقد اللي مدته معلومة انتهت وأنا مكمل شغل عادي، هل ده بيخليه عقد مفتوح بدون ما نعمل أي حاجة تانية؟ (تغيير في طريقة السؤال عن وجود إجراءات إضافية)؟
1505	التعاقد عن بُعد أو بنظام الدوام الجزئي القانون اعترف به؟
1506	يعني التعاقد عن بُعد أو بنظام الدوام الجزئي القانون اعترف به؟
1507	طيب، التعاقد عن بُعد أو بنظام الدوام الجزئي الشرع اعترف به؟
1508	بصراحة، التعاقد عن بُعد أو بنظام الدوام الجزئي القانون اعترف به؟
1509	لو سمحت، التعاقد عن بُعد أو بنظام الدوام الجزئي القانون اعترف به؟
1510	ممكن أعرف التعاقد عن بُعد أو بنظام الدوام الجزئي القانون اعترف به؟
1511	شغل الأونلاين والوظايف النص نص، الدولة معترفة بيهم ولا لأ؟ (هنا التركيز على اللغة العامية أكثر واستخدام مصطلحات شائعة)
1512	يعني شغل الأونلاين والوظايف النص نص، الدولة معترفة بيهم ولا لأ؟ (هنا التركيز على اللغة العامية أكثر واستخدام مصطلحات شائعة)؟
1513	طيب، شغل الأونلاين والوظايف النص نص، الدولة معترفة بيهم ولا لأ؟ (هنا التركيز على اللغة العامية أكثر واستخدام مصطلحات شائعة)؟
1514	بصراحة، شغل الأونلاين والوظايف النص نص، الدولة معترفة بيهم ولا لأ؟ (هنا التركيز على اللغة العامية أكثر واستخدام مصطلحات شائعة)؟
1515	لو سمحت، شغل الأونلاين والوظايف النص نص، الدولة معترفة بيهم ولا لأ؟ (هنا التركيز على اللغة العامية أكثر واستخدام مصطلحات شائعة)؟
1516	ممكن أعرف شغل الأونلاين والوظايف النص نص، الدولة معترفة بيهم ولا لأ؟ (هنا التركيز على اللغة العامية أكثر واستخدام مصطلحات شائعة)؟
1517	الوضع القانوني إيه بالنسبة للشغل من البيت والوظايف اللي مش باليوم الكامل؟ (هنا استخدام لغة أكثر رسمية نسبياً مع الحفاظ على اللهجة المصرية)
1518	يعني الوضع النظامي ما هو بالنسبة للشغل من البيت والوظايف اللي مش باليوم الإيه عددل؟ (هنا استخدام لغة أكثر رسمية نسبياً مع الحفاظ على اللهجة المصرية)؟
1519	طيب، الوضع النظامي ما هو بالنسبة للشغل من البيت والوظايف اللي مش باليوم الإيه عددل؟ (هنا استخدام لغة أكثر رسمية نسبياً مع الحفاظ على اللهجة المصرية)؟
1520	بصراحة، الوضع النظامي ماذا بالنسبة للشغل من البيت والوظايف اللي مش باليوم الكامل؟ (هنا استخدام لغة أكثر رسمية نسبياً مع الحفاظ على اللهجة المصرية)؟
1521	لو سمحت، الوضع القانوني إيه بالنسبة للشغل من البيت والوظايف اللي مش باليوم القد إيهل؟ (هنا استخدام لغة أكثر رسمية نسبياً مع الحفاظ على اللهجة المصرية)؟
1522	ممكن أعرف الوضع النظامي إيه بالنسبة للشغل من البيت والوظايف اللي مش باليوم الكامل؟ (هنا استخدام لغة أكثر رسمية نسبياً مع الحفاظ على اللهجة المصرية)؟
1523	هو قانون الشغل وافق على عقود الشغل اللي بتكون من بعيد أو عدد ساعات أقل ولا لسه؟ (هنا التركيز على قانون العمل بشكل مباشر)
1524	يعني هو قانون الشغل وافق على عقود الشغل اللي بتكون من بعيد أو عدد ساعات أقل ولا لسه؟ (هنا التركيز على قانون الوظيفة بشكل مباشر)؟
1525	طيب، هو قانون الشغل وافق على عقود الشغل اللي بتكون من بعيد أو مقدار وقت أقل ولا لسه؟ (هنا التركيز على قانون العمل بشكل مباشر)؟
1526	بصراحة، هو قانون الوظيفة وافق على عقود الشغل اللي بتكون من بعيد أو كم وقت أقل ولا لسه؟ (هنا التركيز على قانون العمل بشكل مباشر)؟
1527	لو سمحت، هو قانون المؤسسة وافق على عقود الشغل اللي بتكون من بعيد أو عدد وقت أقل ولا لسه؟ (هنا التركيز على قانون الوظيفة بشكل مباشر)؟
1528	ممكن أعرف هو قانون الشغل وافق على عقود الشغل اللي بتكون من بعيد أو عدد ساعات أقل ولا لسه؟ (هنا التركيز على قانون الدوام بشكل مباشر)؟
1529	"موقف القانون المصري إيه من الناس اللي بتشتغل أونلاين أو بتاخد شغل نص يوم؟ (هنا استخدام عبارات مثل ""موقف القانون"" و ""شغل نص يوم"" للتركيز على الجانب القانوني و طبيعة العمل)"
1530	"يعني موقف القانون المصري ما هو من الناس اللي بتشتغل أونلاين أو بتاخد شغل نص يوم؟ (هنا استخدام عبارات مثل ""موقف القانون"" و ""شغل نص يوم"" للتركيز على الجانب القانوني و طبيعة الوظيفة)؟"
1531	"طيب، موقف القانون المصري إيه من الناس اللي بتشتغل أونلاين أو بتاخد شغل نص يوم؟ (هنا استخدام عبارات مثل ""موقف القانون"" و ""شغل نص يوم"" للتركيز على الجانب القانوني و طبيعة الوظيفة)؟"
1532	"بصراحة، موقف القانون المصري ما هو من الناس اللي بتشتغل أونلاين أو بتاخد شغل نص يوم؟ (هنا استخدام عبارات مثل ""موقف القانون"" و ""شغل نص يوم"" للتركيز على الجانب القانوني و طبيعة الدوام)؟"
1533	"لو سمحت، موقف القانون المصري إيه من الناس اللي بتشتغل أونلاين أو بتاخد شغل نص يوم؟ (هنا استخدام عبارات مثل ""موقف القانون"" و ""شغل نص يوم"" للتركيز على الجانب القانوني و طبيعة العمل)؟"
1534	"ممكن أعرف موقف القانون المصري إيه من الناس اللي بتشتغل أونلاين أو بتاخد شغل نص يوم؟ (هنا استخدام عبارات مثل ""موقف القانون"" و ""شغل نص يوم"" للتركيز على الجانب القانوني و طبيعة الشغل)؟"
1535	هل الدولة بتعترف بالشغل اللي بيتعمل عن طريق الإنترنت والشغل اللي مش بيكون طول اليوم ولا لسه مفيش اعتراف رسمي؟ (هنا تفصيل أكبر لوصف طبيعة العمل مع التأكيد على الاعتراف الرسمي)
1536	يعني هل الدولة بتعترف بالشغل اللي بيتعمل عن طريق الإنترنت والشغل اللي مش بيكون طول اليوم ولا لسه مفيش اعتراف رسمي؟ (هنا تفصيل أكبر لوصف طبيعة العمل مع التأكيد على الاعتراف الرسمي)؟
1537	طيب، هل الدولة بتعترف بالشغل اللي بيتعمل عن طريق الإنترنت والشغل اللي مش بيكون طول اليوم ولا لسه مفيش اعتراف رسمي؟ (هنا تفصيل أكبر لوصف طبيعة العمل مع التأكيد على الاعتراف الرسمي)؟
1538	بصراحة، هل الدولة بتعترف بالشغل اللي بيتعمل عن طريق الإنترنت والشغل اللي مش بيكون طول اليوم ولا لسه مفيش اعتراف رسمي؟ (هنا تفصيل أكبر لوصف طبيعة الدوام مع التأكيد على الاعتراف الرسمي)؟
1539	لو سمحت، هل الدولة بتعترف بالشغل اللي بيتعمل عن طريق الإنترنت والشغل اللي مش بيكون طول اليوم ولا لسه مفيش اعتراف رسمي؟ (هنا تفصيل أكبر لوصف طبيعة العمل مع التأكيد على الاعتراف الرسمي)؟
1540	ممكن أعرف هل الدولة بتعترف بالشغل اللي بيتعمل عن طريق الإنترنت والشغل اللي مش بيكون طول اليوم ولا لسه مفيش اعتراف رسمي؟ (هنا تفصيل أكبر لوصف طبيعة الدوام مع التأكيد على الاعتراف الرسمي)؟
1541	لازم العقد يكون مكتوب باللغة العربية بس؟ ولا لو الشركة أجنبية يكتب باللغة التانية؟
1542	يعني لازم العقد يكون مكتوب باللغة العربية بس؟ ولا لو الشركة أجنبية يكتب باللغة التانية؟
1543	طيب، واجب العقد يكون مكتوب باللغة العربية بس؟ ولا لو الشركة أجنبية يكتب باللغة التانية؟
1544	بصراحة، ضروري العقد يكون مكتوب باللغة العربية بس؟ ولا لو الشركة أجنبية يكتب باللغة التانية؟
1545	لو سمحت، لازم العقد يكون مكتوب باللغة العربية بس؟ ولا لو الشركة أجنبية يكتب باللغة التانية؟
1546	ممكن أعرف مطلوب العقد يكون مكتوب باللغة العربية بس؟ ولا لو الشركة أجنبية يكتب باللغة التانية؟
1547	يعني العقد لازم يبقى عربي بس، حتى لو الشركة اللي طرف فيه مش مصرية؟ ولا ممكن يكون بلغتهم برضه؟
1548	يعني العقد لازم يبقى عربي بس، حتى لو الشركة اللي طرف فيه مش مصرية؟ ولا ممكن يكون بلغتهم برضه؟
1549	طيب، يعني العقد لازم يبقى عربي بس، حتى لو الشركة اللي طرف فيه مش مصرية؟ ولا ممكن يكون بلغتهم برضه؟
1550	بصراحة، يعني العقد لازم يبقى عربي بس، حتى لو الشركة اللي طرف فيه مش مصرية؟ ولا ممكن يكون بلغتهم برضه؟
1551	لو سمحت، يعني العقد لازم يبقى عربي بس، حتى لو الشركة اللي طرف فيه مش مصرية؟ ولا يجوز يكون بلغتهم برضه؟
1552	ممكن أعرف يعني العقد لازم يبقى عربي بس، حتى لو الشركة اللي طرف فيه مش مصرية؟ ولا ممكن يكون بلغتهم برضه؟
1553	العقد ده شرط أساسي يبقى باللغة العربية؟ طب لو شركة أجنبية طرف معانا، ينفع يبقى بلغة تانية غير العربي؟
1554	يعني العقد ده شرط أساسي يبقى باللغة العربية؟ طب لو شركة أجنبية طرف معانا، ينفع يبقى بلغة تانية غير العربي؟
1555	طيب، العقد ده شرط أساسي يبقى باللغة العربية؟ طب لو شركة أجنبية طرف معانا، ينفع يبقى بلغة تانية غير العربي؟
1556	بصراحة، العقد ده شرط أساسي يبقى باللغة العربية؟ طب لو شركة أجنبية طرف معانا، ينفع يبقى بلغة تانية غير العربي؟
1557	لو سمحت، العقد ده شرط أساسي يبقى باللغة العربية؟ طب لو شركة أجنبية طرف معانا، ينفع يبقى بلغة تانية غير العربي؟
1558	ممكن أعرف العقد ده شرط أساسي يبقى باللغة العربية؟ طب لو شركة أجنبية طرف معانا، ينفع يبقى بلغة تانية غير العربي؟
1559	هو العقد كده كده لازم يتكتب بالعربي، صح؟ طيب لو الشركة اللي بنتعامل معاها أجنبية، ممكن نكتبه بلغتهم ولا إيه النظام؟
1560	يعني هو العقد كده كده لازم يتكتب بالعربي، صح؟ طيب لو الشركة اللي بنتعامل معاها أجنبية، ممكن نكتبه بلغتهم ولا أي النظام؟
1561	طيب، هو العقد كده كده لازم يتكتب بالعربي، صح؟ طيب لو الشركة اللي بنتعامل معاها أجنبية، ممكن نكتبه بلغتهم ولا إيه النظام؟
1562	بصراحة، هو العقد كده كده لازم يتكتب بالعربي، صح؟ طيب لو الشركة اللي بنتعامل معاها أجنبية، يجوز نكتبه بلغتهم ولا ما هو النظام؟
1563	لو سمحت، هو العقد كده كده لازم يتكتب بالعربي، صح؟ طيب لو الشركة اللي بنتعامل معاها أجنبية، ممكن نكتبه بلغتهم ولا ماذا النظام؟
1564	ممكن أعرف هو العقد كده كده مفروض يتكتب بالعربي، صح؟ طيب لو الشركة اللي بنتعامل معاها أجنبية، ممكن نكتبه بلغتهم ولا إيه النظام؟
1565	العقد ده إجباري يبقى بالعربي؟ طب لو شركة اللي بتمضي معانا مش مصرية، ينفع يكون مكتوب بلغتهم الأصلية ولا مينفعش؟
1566	يعني العقد ده إجباري يبقى بالعربي؟ طب لو شركة اللي بتمضي معانا مش مصرية، ينفع يكون مكتوب بلغتهم الأصلية ولا مينفعش؟
1567	طيب، العقد ده إجباري يبقى بالعربي؟ طب لو شركة اللي بتمضي معانا مش مصرية، ينفع يكون مكتوب بلغتهم الأصلية ولا مينفعش؟
1568	بصراحة، العقد ده إجباري يبقى بالعربي؟ طب لو شركة اللي بتمضي معانا مش مصرية، ينفع يكون مكتوب بلغتهم الأصلية ولا مينفعش؟
1569	لو سمحت، العقد ده إجباري يبقى بالعربي؟ طب لو شركة اللي بتمضي معانا مش مصرية، ينفع يكون مكتوب بلغتهم الأصلية ولا مينفعش؟
1570	ممكن أعرف العقد ده إجباري يبقى بالعربي؟ طب لو شركة اللي بتمضي معانا مش مصرية، ينفع يكون مكتوب بلغتهم الأصلية ولا مينفعش؟
1571	يعني مينفعش نكتب العقد غير بالعربي؟ طب لو شركة أجنبية بتشاركنا، لازم برضو نلزّمهم بالعربي ولا ممكن نكتبه بلغتهم وخلاص؟
1572	يعني مينفعش نكتب العقد غير بالعربي؟ طب لو شركة أجنبية بتشاركنا، لازم برضو نلزّمهم بالعربي ولا ممكن نكتبه بلغتهم وخلاص؟
1573	طيب، يعني مينفعش نكتب العقد غير بالعربي؟ طب لو شركة أجنبية بتشاركنا، مفروض برضو نلزّمهم بالعربي ولا ممكن نكتبه بلغتهم وخلاص؟
1574	بصراحة، يعني مينفعش نكتب العقد غير بالعربي؟ طب لو شركة أجنبية بتشاركنا، لازم برضو نلزّمهم بالعربي ولا ممكن نكتبه بلغتهم وخلاص؟
1575	لو سمحت، يعني مينفعش نكتب العقد غير بالعربي؟ طب لو شركة أجنبية بتشاركنا، لازم برضو نلزّمهم بالعربي ولا ممكن نكتبه بلغتهم وخلاص؟
1576	ممكن أعرف يعني مينفعش نكتب العقد غير بالعربي؟ طب لو شركة أجنبية بتشاركنا، لازم برضو نلزّمهم بالعربي ولا ممكن نكتبه بلغتهم وخلاص؟
1577	العقد بيكون فيه عناصر قانونية معينة؟ مثل ذكر الراتب وكل التفاصيل الأساسية؟
1578	يعني العقد بيكون فيه عناصر قانونية معينة؟ مثل ذكر الراتب وكل التفاصيل الأساسية؟
1579	طيب، العقد بيكون فيه عناصر قانونية معينة؟ مثل ذكر الراتب وكل التفاصيل الأساسية؟
1580	بصراحة، العقد بيكون فيه عناصر قانونية معينة؟ مثل ذكر الراتب وكل التفاصيل الأساسية؟
1581	لو سمحت، العقد بيكون فيه عناصر قانونية معينة؟ مثل ذكر الراتب وكل التفاصيل الأساسية؟
1582	ممكن أعرف العقد بيكون فيه عناصر قانونية معينة؟ مثل ذكر الراتب وكل التفاصيل الأساسية؟
1583	يعني عشان العقد يبقى مظبوط وقانوني، لازم يكون فيه بنود أساسية زي المرتب ومواضيع تانية مهمة، صح كده؟ (تركيز على الشرعية والصحة القانونية)
1584	يعني عشان العقد يبقى مظبوط وقانوني، لازم يكون فيه بنود أساسية زي المرتب ومواضيع تانية مهمة، صح كده؟ (تركيز على الشرعية والصحة القانونية)؟
1585	طيب، يعني عشان العقد يبقى مظبوط وقانوني، لازم يكون فيه بنود أساسية زي المرتب ومواضيع تانية مهمة، صح كده؟ (تركيز على الشرعية والصحة الشرعية)؟
1586	بصراحة، يعني عشان العقد يبقى مظبوط وقانوني، لازم يكون فيه بنود أساسية زي المرتب ومواضيع تانية مهمة، صح كده؟ (تركيز على الشرعية والصحة القانونية)؟
1587	لو سمحت، يعني عشان العقد يبقى مظبوط وقانوني، لازم يكون فيه بنود أساسية زي المرتب ومواضيع تانية مهمة، صح كده؟ (تركيز على الشرعية والصحة المعتمدة)؟
1588	ممكن أعرف يعني عشان العقد يبقى مظبوط وقانوني، لازم يكون فيه بنود أساسية زي المرتب ومواضيع تانية مهمة، صح كده؟ (تركيز على الشرعية والصحة حسب النظام)؟
1589	العقد ده لازم يتضمن حاجات أساسية عشان يبقى معترف بيه، زي المرتب وكل التفاصيل اللي مينفعش ننساها؟ (تركيز على الاعتراف القانوني وأهمية التفاصيل)
1590	يعني العقد ده واجب يتجزء من حاجات أساسية عشان يبقى معترف بيه، زي المرتب وكل التفاصيل اللي مينفعش ننساها؟ (تركيز على الاعتراف الشرعي وأهمية التفاصيل)؟
1591	طيب، العقد ده لازم يتضمن حاجات أساسية عشان يبقى معترف بيه، زي المرتب وكل التفاصيل اللي مينفعش ننساها؟ (تركيز على الاعتراف القانوني وأهمية التفاصيل)؟
1592	بصراحة، العقد ده لازم يتفي حاجات أساسية عشان يبقى معترف بيه، زي المرتب وكل التفاصيل اللي مينفعش ننساها؟ (تركيز على الاعتراف القانوني وأهمية التفاصيل)؟
1593	لو سمحت، العقد ده لازم يتجزء من حاجات أساسية عشان يبقى معترف بيه، زي المرتب وكل التفاصيل اللي مينفعش ننساها؟ (تركيز على الاعتراف القانوني وأهمية التفاصيل)؟
1594	ممكن أعرف العقد ده مطلوب يتفي حاجات أساسية عشان يبقى معترف بيه، زي المرتب وكل التفاصيل اللي مينفعش ننساها؟ (تركيز على الاعتراف النظامي وأهمية التفاصيل)؟
1595	هل فيه متطلبات قانونية معينة لازم تتضاف في العقد، زي المرتب وكل البيانات الضرورية عشان العقد يبقى تمام؟ (تركيز على المتطلبات القانونية وتمام العقد)
1596	يعني هل فيه متطلبات قانونية معينة لازم تتضاف في العقد، زي المرتب وكل البيانات الضرورية عشان العقد يبقى تمام؟ (تركيز على المتطلبات الشرعية وتمام العقد)؟
1597	طيب، هل فيه متطلبات قانونية معينة ضروري تتضاف في العقد، زي المرتب وكل البيانات الضرورية عشان العقد يبقى تمام؟ (تركيز على المتطلبات المعتمدة وتمام العقد)؟
1598	بصراحة، هل فيه متطلبات قانونية معينة واجب تتضاف في العقد، زي المرتب وكل البيانات الضرورية عشان العقد يبقى تمام؟ (تركيز على المتطلبات حسب النظام وتمام العقد)؟
1599	لو سمحت، هل فيه متطلبات قانونية معينة لازم تتضاف في العقد، زي المرتب وكل البيانات الضرورية عشان العقد يبقى تمام؟ (تركيز على المتطلبات القانونية وتمام العقد)؟
1600	ممكن أعرف هل فيه متطلبات قانونية معينة لازم تتضاف في العقد، زي المرتب وكل البيانات الضرورية عشان العقد يبقى تمام؟ (تركيز على المتطلبات الشرعية وتمام العقد)؟
1601	لو عايزين نعمل عقد رسمي، لازم نلتزم بحاجات معينة في كتابته، زي تفاصيل المرتب وكل المعلومات المهمة، ولا إيه؟ (تركيز على الرسمية والالتزام بمعايير كتابة العقد)
1602	يعني لو عايزين نعمل عقد رسمي، مفروض نلتزم بحاجات معينة في كتابته، زي تفاصيل المرتب وكل المعلومات المهمة، ولا إيه؟ (تركيز على الرسمية والالتزام بمعايير كتابة العقد)؟
1603	طيب، لو عايزين نعمل عقد رسمي، واجب نلتزم بحاجات معينة في كتابته، زي تفاصيل المرتب وكل المعلومات المهمة، ولا ما هو؟ (تركيز على الرسمية والالتزام بمعايير كتابة العقد)؟
1604	بصراحة، لو عايزين نعمل عقد رسمي، لازم نلتزم بحاجات معينة في كتابته، زي تفاصيل المرتب وكل المعلومات المهمة، ولا ماذا؟ (تركيز على الرسمية والالتزام بمعايير كتابة العقد)؟
1605	لو سمحت، لو عايزين نعمل عقد رسمي، لازم نلتزم بحاجات معينة في كتابته، زي تفاصيل المرتب وكل المعلومات المهمة، ولا ماذا؟ (تركيز على الرسمية والالتزام بمعايير كتابة العقد)؟
1606	ممكن أعرف لو عايزين نعمل عقد رسمي، لازم نلتزم بحاجات معينة في كتابته، زي تفاصيل المرتب وكل المعلومات المهمة، ولا إيه؟ (تركيز على الرسمية والالتزام بمعايير كتابة العقد)؟
1607	يعني لما بنيجي نعمل عقد شغل، لازم ناخد بالنا من حاجات أساسية زي المرتب وكل التفاصيل المهمة دي، ولا ممكن نتغاضى عن حاجة؟ (تركيز على عقد الشغل تحديدًا وإمكانية التغاضي عن بعض التفاصيل)
1608	يعني لما بنيجي نعمل عقد شغل، مفروض ناخد بالنا من حاجات أساسية زي المرتب وكل التفاصيل المهمة دي، ولا ممكن نتغاضى عن حاجة؟ (تركيز على عقد العمل تحديدًا وإمكانية التغاضي عن بعض التفاصيل)؟
1609	طيب، يعني لما بنيجي نعمل عقد شغل، لازم ناخد بالنا من حاجات أساسية زي المرتب وكل التفاصيل المهمة دي، ولا يمكن نتغاضى عن حاجة؟ (تركيز على عقد الشغل تحديدًا وإمكانية التغاضي عن بعض التفاصيل)؟
1610	بصراحة، يعني لما بنيجي نعمل عقد شغل، واجب ناخد بالنا من حاجات أساسية زي المرتب وكل التفاصيل المهمة دي، ولا ممكن نتغاضى عن حاجة؟ (تركيز على عقد الشركة تحديدًا وإمكانية التغاضي عن بعض التفاصيل)؟
1611	لو سمحت، يعني لما بنيجي نعمل عقد شغل، لازم ناخد بالنا من حاجات أساسية زي المرتب وكل التفاصيل المهمة دي، ولا ممكن نتغاضى عن حاجة؟ (تركيز على عقد الشغل تحديدًا وإمكانية التغاضي عن بعض التفاصيل)؟
1612	ممكن أعرف يعني لما بنيجي نعمل عقد شغل، مفروض ناخد بالنا من حاجات أساسية زي المرتب وكل التفاصيل المهمة دي، ولا يمكن نتغاضى عن حاجة؟ (تركيز على عقد الشغل تحديدًا وإمكانية التغاضي عن بعض التفاصيل)؟
1613	هل العقد لازم يوقع عليه في مكتب العمل أو جهة رسمية؟
1614	يعني هل العقد ضروري يوقع عليه في مكتب العمل أو جهة رسمية؟
1615	طيب، هل العقد مفروض يوقع عليه في مكتب العمل أو جهة رسمية؟
1616	بصراحة، هل العقد لازم يوقع عليه في مكتب الشغل أو جهة رسمية؟
1617	لو سمحت، هل العقد مفروض يوقع عليه في مكتب العمل أو جهة رسمية؟
1618	ممكن أعرف هل العقد لازم يوقع عليه في مكتب الدوام أو جهة رسمية؟
1619	هو ضروري إن العقد يتختم في مكان زي وزارة القوى العاملة ولا مش شرط؟
1620	يعني هو ضروري إن العقد يتختم في مكان زي وزارة القوى العاملة ولا مش شرط؟
1621	طيب، هو ضروري إن العقد يتختم في مكان زي وزارة القوى العاملة ولا مش شرط؟
1622	بصراحة، هو ضروري إن العقد يتختم في مكان زي وزارة القوى العاملة ولا مش شرط؟
1623	لو سمحت، هو ضروري إن العقد يتختم في مكان زي وزارة القوى العاملة ولا مش شرط؟
1624	ممكن أعرف هو ضروري إن العقد يتختم في مكان زي وزارة القوى العاملة ولا مش شرط؟
1625	يا ترى لازم نروح مكتب حكومي عشان نمضي العقد ولا ممكن نمضيه في أي مكان؟
1626	يعني يا ترى واجب نروح مكتب حكومي عشان نمضي العقد ولا ينفع نمضيه في أي مكان؟
1627	طيب، يا ترى مطلوب نروح مكتب حكومي عشان نمضي العقد ولا يمكن نمضيه في أي مكان؟
1628	بصراحة، يا ترى مطلوب نروح مكتب حكومي عشان نمضي العقد ولا يمكن نمضيه في أي مكان؟
1629	لو سمحت، يا ترى ضروري نروح مكتب حكومي عشان نمضي العقد ولا ممكن نمضيه في أي مكان؟
1630	ممكن أعرف يا ترى لازم نروح مكتب حكومي عشان نمضي العقد ولا ممكن نمضيه في أي مكان؟
1631	فيه إلزام قانوني إن توقيع العقد يكون في مكان معتمد زي مكتب العمل ولا التوقيع العادي كفاية؟
1632	يعني فيه إلزام قانوني إن توقيع العقد يكون في مكان معتمد زي مكتب الشغل ولا التوقيع العادي كفاية؟
1633	طيب، فيه إلزام قانوني إن توقيع العقد يكون في مكان معتمد زي مكتب الدوام ولا التوقيع العادي كفاية؟
1634	بصراحة، فيه إلزام قانوني إن توقيع العقد يكون في مكان معتمد زي مكتب العمل ولا التوقيع العادي كفاية؟
1635	لو سمحت، فيه إلزام قانوني إن توقيع العقد يكون في مكان معتمد زي مكتب العمل ولا التوقيع العادي كفاية؟
1636	ممكن أعرف فيه إلزام قانوني إن توقيع العقد يكون في مكان معتمد زي مكتب العمل ولا التوقيع العادي كفاية؟
1637	يعني لازم العقد بتاع الشغل ده يتوثق في جهة رسمية زي وزارة العمل عشان يكون رسمي ولا إيه النظام؟
1638	يعني لازم العقد بتاع المؤسسة ده يتوثق في جهة رسمية زي وزارة العمل عشان يكون رسمي ولا إيه النظام؟
1639	طيب، يعني ضروري العقد بتاع الشغل ده يتوثق في جهة رسمية زي وزارة الوظيفة عشان يكون رسمي ولا إيه النظام؟
1640	بصراحة، يعني مطلوب العقد بتاع الشغل ده يتوثق في جهة رسمية زي وزارة الوظيفة عشان يكون رسمي ولا ماذا النظام؟
1641	لو سمحت، يعني لازم العقد بتاع الشركة ده يتوثق في جهة رسمية زي وزارة العمل عشان يكون رسمي ولا أي النظام؟
1642	ممكن أعرف يعني لازم العقد بتاع الشغل ده يتوثق في جهة رسمية زي وزارة العمل عشان يكون رسمي ولا ما هو النظام؟
1643	هل القانون بيشترط إننا نمضي العقد قدام موظف في مكتب العمل أو أي جهة حكومية تانية ولا ده مش إجباري؟
1644	يعني هل الشرع بيشترط إننا نمضي العقد قدام موظف في مكتب الشغل أو أي جهة حكومية تانية ولا ده مش إجباري؟
1645	طيب، هل النظام بيشترط إننا نمضي العقد قدام موظف في مكتب الوظيفة أو أي جهة حكومية تانية ولا ده مش إجباري؟
1646	بصراحة، هل القانون بيشترط إننا نمضي العقد قدام موظف في مكتب الدوام أو أي جهة حكومية تانية ولا ده مش إجباري؟
1647	لو سمحت، هل القانون بيشترط إننا نمضي العقد قدام موظف في مكتب العمل أو أي جهة حكومية تانية ولا ده مش إجباري؟
1648	ممكن أعرف هل الشرع بيشترط إننا نمضي العقد قدام موظف في مكتب الدوام أو أي جهة حكومية تانية ولا ده مش إجباري؟
1649	لو صاحب الشغل غير شروط العقد دون موافقة العامل، ينفع؟
1650	يعني لو صاحب الشغل غير شروط العقد دون موافقة العامل، ينفع؟
1651	طيب، لو صاحب الشغل غير شروط العقد دون موافقة العامل، ينفع؟
1652	بصراحة، لو صاحب الشغل غير شروط العقد دون موافقة العامل، ينفع؟
1653	لو سمحت، لو صاحب الشغل غير شروط العقد دون موافقة العامل، ينفع؟
1654	ممكن أعرف لو صاحب الشغل غير شروط العقد دون موافقة العامل، ينفع؟
1655	هل قانوناً يجوز لصاحب العمل تغيير بنود الاتفاقية من طرف واحد، يعني بدون ما ياخد رأي الموظف؟
1656	يعني هل قانوناً يجوز لصاحب الدوام تغيير بنود الاتفاقية من طرف واحد، يعني بدون ما ياخد رأي الموظف؟
1657	طيب، هل قانوناً يجوز لصاحب العمل تغيير بنود الاتفاقية من طرف واحد، يعني بدون ما ياخد رأي الموظف؟
1658	بصراحة، هل قانوناً يجوز لصاحب العمل تغيير بنود الاتفاقية من طرف واحد، يعني بدون ما ياخد رأي الموظف؟
1659	لو سمحت، هل قانوناً يجوز لصاحب العمل تغيير بنود الاتفاقية من طرف واحد، يعني بدون ما ياخد رأي الموظف؟
1660	ممكن أعرف هل قانوناً يجوز لصاحب الوظيفة تغيير بنود الاتفاقية من طرف واحد، يعني بدون ما ياخد رأي الموظف؟
1661	لو مدير الشركة قرر يعدل في العقد اللي بينه وبين الموظف بمزاجه، هل ده صح أصلاً؟
1662	يعني لو مدير الشركة قرر يعدل في العقد اللي بينه وبين الموظف بمزاجه، هل ده صح أصلاً؟
1663	طيب، لو مدير الشركة قرر يعدل في العقد اللي بينه وبين الموظف بمزاجه، هل ده صح أصلاً؟
1664	بصراحة، لو مدير الشركة قرر يعدل في العقد اللي بينه وبين الموظف بمزاجه، هل ده صح أصلاً؟
1665	لو سمحت، لو مدير الشركة قرر يعدل في العقد اللي بينه وبين الموظف بمزاجه، هل ده صح أصلاً؟
1666	ممكن أعرف لو مدير الشركة قرر يعدل في العقد اللي بينه وبين الموظف بمزاجه، هل ده صح أصلاً؟
1667	لو واحد شغال في مكان، وجه صاحب المكان وغير له شروط الشغل المتفق عليها من الأول، هل ده إجراء قانوني سليم؟
1668	يعني لو واحد شغال في مكان، وجه صاحب المكان وغير له شروط الشغل المتفق عليها من الأول، هل ده إجراء قانوني سليم؟
1669	طيب، لو واحد شغال في مكان، وجه صاحب المكان وغير له شروط الشغل المتفق عليها من الأول، هل ده إجراء قانوني سليم؟
1670	بصراحة، لو واحد شغال في مكان، وجه صاحب المكان وغير له شروط الوظيفة المتفق عليها من الأول، هل ده إجراء قانوني سليم؟
1671	لو سمحت، لو واحد شغال في مكان، وجه صاحب المكان وغير له شروط الشغل المتفق عليها من الأول، هل ده إجراء قانوني سليم؟
1672	ممكن أعرف لو واحد شغال في مكان، وجه صاحب المكان وغير له شروط الشغل المتفق عليها من الأول، هل ده إجراء قانوني سليم؟
1673	في حالة إن صاحب الشغل عمل تعديلات في عقد العمل من غير ما يرجع للعامل، هل كده هو ماشي صح ولا بيخالف القانون؟
1674	يعني في حالة إن صاحب الشغل عمل تعديلات في عقد الدوام من غير ما يرجع للعامل، هل كده هو ماشي صح ولا بيخالف القانون؟
1675	طيب، في حالة إن صاحب الشغل عمل تعديلات في عقد الشغل من غير ما يرجع للموظف، هل كده هو ماشي صح ولا بيخالف القانون؟
1676	بصراحة، في حالة إن صاحب العمل عمل تعديلات في عقد الشغل من غير ما يرجع للعامل، هل كده هو ماشي صح ولا بيخالف القانون؟
1677	لو سمحت، في حالة إن صاحب الشغل عمل تعديلات في عقد العمل من غير ما يرجع للعامل، هل كده هو ماشي صح ولا بيخالف القانون؟
1678	ممكن أعرف في حالة إن صاحب الشغل عمل تعديلات في عقد الدوام من غير ما يرجع للموظف، هل كده هو ماشي صح ولا بيخالف القانون؟
1679	هل يحق لصاحب العمل إنه يبدل في الشروط المكتوبة في العقد من غير ما يستأذن العامل أو ياخد موافقته؟
1680	يعني هل يحق لصاحب الدوام إنه يبدل في الشروط المكتوبة في العقد من غير ما يستأذن العامل أو ياخد موافقته؟
1681	طيب، هل يحق لصاحب الدوام إنه يبدل في الشروط المكتوبة في العقد من غير ما يستأذن العامل أو ياخد موافقته؟
1682	بصراحة، هل يحق لصاحب العمل إنه يبدل في الشروط المكتوبة في العقد من غير ما يستأذن العامل أو ياخد موافقته؟
1683	لو سمحت، هل يحق لصاحب العمل إنه يبدل في الشروط المكتوبة في العقد من غير ما يستأذن العامل أو ياخد موافقته؟
1684	ممكن أعرف هل يحق لصاحب الدوام إنه يبدل في الشروط المكتوبة في العقد من غير ما يستأذن العامل أو يستحق موافقته؟
1685	لو العامل ماقدرش يشتغل بنظام التغيرات اللي اتعملت في العقد، له الحق يعتصم؟
1686	يعني لو العامل ماقدرش يشتغل بنظام التغيرات اللي اتعملت في العقد، له الحق يعتصم؟
1687	طيب، لو العامل ماقدرش يشتغل بنظام التغيرات اللي اتعملت في العقد، له الحق يعتصم؟
1688	بصراحة، لو العامل ماقدرش يشتغل بنظام التغيرات اللي اتعملت في العقد، له الحق يعتصم؟
1689	لو سمحت، لو العامل ماقدرش يشتغل بنظام التغيرات اللي اتعملت في العقد، له الحق يعتصم؟
1690	ممكن أعرف لو العامل ماقدرش يشتغل بنظام التغيرات اللي اتعملت في العقد، له الحق يعتصم؟
1691	طيب، فرضًا العامل مش عارف يِتأقلم مع الشغل بعد التعديلات الجديدة في العقد، مِن حقه يعمل إضراب؟ (هذه الصيغة تستخدم كلمات مختلفة وتسأل عن نفس الحق بشكل مباشر، مع التركيز على التأقلم.)
1692	يعني طيب، فرضًا العامل مش عارف يِتأقلم مع الشغل بعد التعديلات الجديدة في العقد، مِن حقه يعمل إضراب؟ (هذه الصيغة تستخدم كلمات مختلفة وتسأل عن نفس الحق بشكل مباشر، مع التركيز على التأقلم.)؟
1693	طيب، فرضًا العامل مش عارف يِتأقلم لدى الشركة بعد مرور التعديلات الجديدة في العقد، مِن حقه يعمل إضراب؟ (هذه الصيغة تستخدم كلمات مختلفة وتسأل عن نفس الحق بشكل مباشر، مع التركيز على التأقلم.)؟
1694	بصراحة، طيب، فرضًا العامل مش عارف يِتأقلم مع الوظيفة بعد التعديلات الجديدة في العقد، مِن حقه يعمل إضراب؟ (هذه الصيغة تستخدم كلمات مختلفة وتسأل عن نفس الحق بشكل مباشر، مع التركيز على التأقلم.)؟
1695	لو سمحت، طيب، فرضًا العامل مش عارف يِتأقلم مع المؤسسة بعد التعديلات الجديدة في العقد، مِن حقه يعمل إضراب؟ (هذه الصيغة تستخدم كلمات مختلفة وتسأل عن نفس الحق بشكل مباشر، مع التركيز على التأقلم.)؟
1696	ممكن أعرف طيب، فرضًا العامل مش عارف يِتأقلم مع الشركة عقب التعديلات الجديدة في العقد، مِن حقه يعمل إضراب؟ (هذه الصيغة تستخدم كلمات مختلفة وتسأل عن نفس الحق بشكل مباشر، مع التركيز على التأقلم.)؟
1697	"بص، لو الشغلانة بقت صعبة على العامل بسبب تغييرات العقد، يقدر يعمل وقفة احتجاجية؟ (هذه الصيغة تستخدم كلمات أكثر عامية، وتستبدل ""الاعتصام"" بـ ""وقفة احتجاجية"".)"
1698	"يعني بص، لو الوظيفةانة بقت صعبة على العامل بسبب تغييرات العقد، يقدر يعمل وقفة احتجاجية؟ (هذه الصيغة تستخدم كلمات أكثر عامية، وتستبدل ""الاعتصام"" بـ ""وقفة احتجاجية"".)؟"
1699	"طيب، بص، لو الشغلانة بقت صعبة على العامل بسبب تغييرات العقد، يقدر يعمل وقفة احتجاجية؟ (هذه الصيغة تستخدم كلمات أكثر عامية، وتستبدل ""الاعتصام"" بـ ""وقفة احتجاجية"".)؟"
1700	"بصراحة، بص، لو الشغلانة بقت صعبة على العامل بسبب تغييرات العقد، يقدر يعمل وقفة احتجاجية؟ (هذه الصيغة تستخدم كلمات أكثر عامية، وتستبدل ""الاعتصام"" بـ ""وقفة احتجاجية"".)؟"
1701	"لو سمحت، بص، لو الشغلانة بقت صعبة على العامل بسبب تغييرات العقد، يقدر يعمل وقفة احتجاجية؟ (هذه الصيغة تستخدم كلمات أكثر عامية، وتستبدل ""الاعتصام"" بـ ""وقفة احتجاجية"".)؟"
1702	"ممكن أعرف بص، لو الشغلانة بقت صعبة على العامل بسبب تغييرات العقد، يقدر يعمل وقفة احتجاجية؟ (هذه الصيغة تستخدم كلمات أكثر عامية، وتستبدل ""الاعتصام"" بـ ""وقفة احتجاجية"".)؟"
1703	"يعني لو العامل شايف إن التعديلات اللي في العقد دي مش ماشية معاه، مسموح له يوقف شغله ويعترض؟ (هذه الصيغة تستخدم تعبير ""مش ماشية معاه"" للتعبير عن عدم القدرة على العمل، وتستخدم مصطلح ""يوقف شغله ويعترض"" بدلا من الاعتصام.)"
1704	"يعني لو العامل شايف إن التعديلات اللي في العقد دي مش ماشية معاه، مسموح له يوقف شغله ويعترض؟ (هذه الصيغة تستخدم تعبير ""مش ماشية معاه"" للتعبير عن عدم القدرة على العمل، وتستخدم مصطلح ""يوقف شغله ويعترض"" بدلا من الاعتصام.)؟"
1705	"طيب، يعني لو العامل شايف إن التعديلات اللي في العقد دي مش ماشية معاه، مسموح له يوقف شغله ويعترض؟ (هذه الصيغة تستخدم تعبير ""مش ماشية معاه"" للتعبير عن عدم القدرة على الدوام، وتستخدم مصطلح ""يوقف شغله ويعترض"" بدلا من الاعتصام.)؟"
1706	"بصراحة، يعني لو العامل شايف إن التعديلات اللي في العقد دي مش ماشية معاه، مباح له يوقف شغله ويعترض؟ (هذه الصيغة تستخدم تعبير ""مش ماشية معاه"" للتعبير عن عدم القدرة على العمل، وتستخدم مصطلح ""يوقف شغله ويعترض"" بدلا من الاعتصام.)؟"
1707	"لو سمحت، يعني لو العامل شايف إن التعديلات اللي في العقد دي مش ماشية معاه، مسموح له يوقف شغله ويعترض؟ (هذه الصيغة تستخدم تعبير ""مش ماشية معاه"" للتعبير عن عدم القدرة على العمل، وتستخدم مصطلح ""يوقف شغله ويعترض"" بدلا من الاعتصام.)؟"
1708	"ممكن أعرف يعني لو العامل شايف إن التعديلات اللي في العقد دي مش ماشية معاه، مسموح له يوقف شغله ويعترض؟ (هذه الصيغة تستخدم تعبير ""مش ماشية معاه"" للتعبير عن عدم القدرة على العمل، وتستخدم مصطلح ""يوقف شغله ويعترض"" بدلا من الاعتصام.)؟"
1709	"السؤال هنا، لو التغييرات اللي حصلت في العقد خلت الشغل مستحيل بالنسبة للعامل، هل من حقه إنه ياخد إجراءات تصعيدية؟ (هذه الصيغة تستخدم لغة أكثر رسمية، وتستبدل ""الاعتصام"" بـ ""إجراءات تصعيدية"".)"
1710	"يعني السؤال هنا، لو التغييرات اللي حصلت في العقد خلت الشغل مستحيل بالنسبة للعامل، هل من حقه إنه ياخد إجراءات تصعيدية؟ (هذه الصيغة تستخدم لغة أكثر رسمية، وتستبدل ""الاعتصام"" بـ ""إجراءات تصعيدية"".)؟"
1711	"طيب، السؤال هنا، لو التغييرات اللي حصلت في العقد خلت الشغل مستحيل بالنسبة للعامل، هل من حقه إنه ياخد إجراءات تصعيدية؟ (هذه الصيغة تستخدم لغة أكثر رسمية، وتستبدل ""الاعتصام"" بـ ""إجراءات تصعيدية"".)؟"
1712	"بصراحة، السؤال هنا، لو التغييرات اللي حصلت في العقد خلت الشغل مستحيل بالنسبة للعامل، هل من حقه إنه ياخد إجراءات تصعيدية؟ (هذه الصيغة تستخدم لغة أكثر رسمية، وتستبدل ""الاعتصام"" بـ ""إجراءات تصعيدية"".)؟"
1713	"لو سمحت، السؤال هنا، لو التغييرات اللي حصلت في العقد خلت الشركة مستحيل بالنسبة للعاملين، هل من حقه إنه ياخد إجراءات تصعيدية؟ (هذه الصيغة تستخدم لغة أكثر رسمية، وتستبدل ""الاعتصام"" بـ ""إجراءات تصعيدية"".)؟"
1714	"ممكن أعرف السؤال هنا، لو التغييرات اللي حصلت في العقد خلت الوظيفة مستحيل بالنسبة للعامل، هل من حقه إنه ياخد إجراءات تصعيدية؟ (هذه الصيغة تستخدم لغة أكثر رسمية، وتستبدل ""الاعتصام"" بـ ""إجراءات تصعيدية"".)؟"
1715	"طب قول لي، لو العامل مش قادر يواكب التطورات الجديدة في العقد، من حقه يلجأ لأي نوع من أنواع الاحتجاج؟ (هذه الصيغة تسأل بشكل أعم عن الحق في الاحتجاج بأي طريقة، مع التركيز على عدم القدرة على ""مواكبة التطورات"".)"
1716	"يعني طب قول لي، لو العامل مش قادر يواكب التطورات الجديدة في العقد، من حقه يلجأ لأي نوع من أنواع الاحتجاج؟ (هذه الصيغة تسأل بشكل أعم عن الحق في الاحتجاج بأي طريقة، مع التركيز على عدم القدرة على ""مواكبة التطورات"".)؟"
1717	"طيب، طب قول لي، لو العامل مش قادر يواكب التطورات الجديدة في العقد، من حقه يلجأ لأي نوع من أنواع الاحتجاج؟ (هذه الصيغة تسأل بشكل أعم عن الحق في الاحتجاج بأي طريقة، مع التركيز على عدم القدرة على ""مواكبة التطورات"".)؟"
1718	"بصراحة، طب قول لي، لو العامل مش قادر يواكب التطورات الجديدة في العقد، من حقه يلجأ لأي نوع من أنواع الاحتجاج؟ (هذه الصيغة تسأل بشكل أعم عن الحق في الاحتجاج بأي طريقة، مع التركيز على عدم القدرة على ""مواكبة التطورات"".)؟"
1719	"لو سمحت، طب قول لي، لو العامل مش قادر يواكب التطورات الجديدة في العقد، من حقه يلجأ لأي نوع من أنواع الاحتجاج؟ (هذه الصيغة تسأل بشكل أعم عن الحق في الاحتجاج بأي طريقة، مع التركيز على عدم القدرة على ""مواكبة التطورات"".)؟"
1720	"ممكن أعرف طب قول لي، لو العامل مش قادر يواكب التطورات الجديدة في العقد، من حقه يلجأ لأي نوع من أنواع الاحتجاج؟ (هذه الصيغة تسأل بشكل أعم عن الحق في الاحتجاج بأي طريقة، مع التركيز على عدم القدرة على ""مواكبة التطورات"".)؟"
1721	العقد الجزء المتعلق بفترة التجربة، هل من حق العامل يرفض إكمالها؟
1722	يعني العقد الجزء المتعلق بوقت التجربة، هل من حق العامل يرفض إكمالها؟
1723	طيب، العقد الجزء المتعلق بفترة التجربة، هل من حق العامل يرفض إكمالها؟
1724	بصراحة، العقد الجزء المتعلق بفترة التجربة، هل من حق العامل يرفض إكمالها؟
1725	لو سمحت، العقد الجزء المتعلق بمدة التجربة، هل من حق العامل يرفض إكمالها؟
1726	ممكن أعرف العقد الجزء المتعلق بوقت التجربة، هل من حق العامل يرفض إكمالها؟
1727	في حالة وجود بند فترة تجربة في عقد العمل، ينفع العامل يمشي قبل ما الفترة دي تخلص ولا لازم يكملها؟
1728	يعني في حالة وجود بند فترة تجربة في عقد العمل، ينفع العامل يمشي قبل ما الفترة دي تخلص ولا مفروض يكملها؟
1729	طيب، في حالة وجود بند فترة تجربة في عقد الوظيفة، ينفع العامل يمشي قبل ما الفترة دي تخلص ولا لازم يكملها؟
1730	بصراحة، في حالة وجود بند زمن تجربة في عقد العمل، ينفع العامل يمشي قبل ما الفترة دي تخلص ولا لازم يكملها؟
1731	لو سمحت، في حالة وجود بند فترة تجربة في عقد العمل، ينفع العامل يمشي قبل ما الفترة دي تخلص ولا واجب يكملها؟
1732	ممكن أعرف في حالة وجود بند فترة تجربة في عقد الشغل، ينفع العامل يمشي قبل ما الفترة دي تخلص ولا واجب يكملها؟
1733	لو العقد فيه فترة اختبار، العامل يقدر يقول خلاص مش مكمل الفترة دي ويمشي ولا قانونًا مينفعش؟
1734	يعني لو العقد فيه زمن اختبار، العامل يقدر يقول خلاص مش مكمل الفترة دي ويمشي ولا قانونًا مينفعش؟
1735	طيب، لو العقد فيه فترة اختبار، العامل يقدر يقول خلاص مش مكمل الفترة دي ويمشي ولا قانونًا مينفعش؟
1736	بصراحة، لو العقد فيه فترة اختبار، العامل يقدر يقول خلاص مش مكمل الفترة دي ويمشي ولا قانونًا مينفعش؟
1737	لو سمحت، لو العقد فيه فترة اختبار، العامل يقدر يقول خلاص مش مكمل الفترة دي ويمشي ولا قانونًا مينفعش؟
1738	ممكن أعرف لو العقد فيه فترة اختبار، العامل يقدر يقول خلاص مش مكمل الفترة دي ويمشي ولا قانونًا مينفعش؟
1739	بخصوص فترة التجربة اللي بتكون مكتوبة في العقد، هل العامل ليه الحق ينهيها قبل معادها ويمشي ولا ملزم بيها؟
1740	يعني بخصوص فترة التجربة اللي بتكون مكتوبة في العقد، هل العامل ليه الحق ينهيها قبل معادها ويمشي ولا ملزم بيها؟
1741	طيب، بخصوص وقت التجربة اللي بتكون مكتوبة في العقد، هل العامل ليه الحق ينهيها قبل معادها ويمشي ولا ملزم بيها؟
1742	بصراحة، بخصوص زمن التجربة اللي بتكون مكتوبة في العقد، هل العامل ليه الحق ينهيها قبل معادها ويمشي ولا ملزم بيها؟
1743	لو سمحت، بخصوص فترة التجربة اللي بتكون مكتوبة في العقد، هل العامل ليه الحق ينهيها قبل معادها ويمشي ولا ملزم بيها؟
1744	ممكن أعرف بخصوص فترة التجربة اللي بتكون مكتوبة في العقد، هل العامل ليه الحق ينهيها قبل معادها ويمشي ولا ملزم بيها؟
1745	لو واحد شغال تحت فترة اختبار متسجلة في العقد، ممكن ببساطة يسيب الشغل ويمشي ولا في التزامات عليه؟
1746	يعني لو واحد شغال تحت فترة اختبار متسجلة في العقد، يجوز ببساطة يسيب العمل ويمشي ولا في التزامات عليه؟
1747	طيب، لو واحد شغال تحت فترة اختبار متسجلة في العقد، ممكن ببساطة يسيب المؤسسة ويمشي ولا في التزامات عليه؟
1748	بصراحة، لو واحد شغال تحت وقت اختبار متسجلة في العقد، يجوز ببساطة يسيب الشغل ويمشي ولا في التزامات عليه؟
1749	لو سمحت، لو واحد شغال تحت مدة اختبار متسجلة في العقد، ينفع ببساطة يسيب الشغل ويمشي ولا في التزامات عليه؟
1750	ممكن أعرف لو واحد شغال تحت فترة اختبار متسجلة في العقد، يجوز ببساطة يسيب الوظيفة ويمشي ولا في التزامات عليه؟
1751	هل من حق الموظف اللي بيشتغل في فترة تجريبية حسب العقد، إنه يرفض الاستمرار فيها وينهي شغله بدري؟
1752	يعني هل من حق الموظف اللي بيشتغل في فترة تجريبية حسب العقد، إنه يرفض الاستمرار فيها وينهي شغله بدري؟
1753	طيب، هل من حق الموظف اللي بيشتغل في فترة تجريبية حسب العقد، إنه يرفض الاستمرار فيها وينهي شغله بدري؟
1754	بصراحة، هل من حق الموظف اللي بيشتغل في فترة تجريبية حسب العقد، إنه يرفض الاستمرار فيها وينهي شغله بدري؟
1755	لو سمحت، هل من حق الموظف اللي بيشتغل في فترة تجريبية حسب العقد، إنه يرفض الاستمرار فيها وينهي شغله بدري؟
1756	ممكن أعرف هل من حق الموظف اللي بيشتغل في فترة تجريبية حسب العقد، إنه يرفض الاستمرار فيها وينهي شغله بدري؟
1757	المرتب بيتصرف إزاي؟ شهريًا ولا أسبوعيًا ولا أجر يومي؟
1758	يعني المرتب بيتصرف إزاي؟ شهريًا ولا أسبوعيًا ولا أجر يومي؟
1759	طيب، المرتب بيتصرف إزاي؟ شهريًا ولا أسبوعيًا ولا أجر يومي؟
1760	بصراحة، المرتب بيتصرف إزاي؟ شهريًا ولا أسبوعيًا ولا أجر يومي؟
1761	لو سمحت، المرتب بيتصرف إزاي؟ شهريًا ولا أسبوعيًا ولا أجر يومي؟
1762	ممكن أعرف المرتب بيتصرف إزاي؟ شهريًا ولا أسبوعيًا ولا أجر يومي؟
1763	قبض المرتب بيكون شكله إيه؟ كل شهر مرة، ولا كل أسبوع، ولا باليومية؟
1764	يعني قبض المرتب بيكون شكله إيه؟ كل شهر مرة، ولا كل أسبوع، ولا باليومية؟
1765	طيب، قبض المرتب بيكون شكله إيه؟ كل شهر مرة، ولا كل أسبوع، ولا باليومية؟
1766	بصراحة، قبض المرتب بيكون شكله ماذا؟ كل شهر مرة، ولا كل أسبوع، ولا باليومية؟
1767	لو سمحت، قبض المرتب بيكون شكله إيه؟ كل شهر مرة، ولا كل أسبوع، ولا باليومية؟
1768	ممكن أعرف قبض المرتب بيكون شكله إيه؟ كل شهر مرة، ولا كل أسبوع، ولا باليومية؟
1769	المرتب بيتدفع على أي أساس؟ بالشهر، بالأسبوع، ولا باليوم؟
1770	يعني المرتب بيتدفع على أي أساس؟ بالشهر، بالأسبوع، ولا باليوم؟
1771	طيب، المرتب بيتدفع على أي أساس؟ بالشهر، بكل أسبوع، ولا باليوم؟
1772	بصراحة، المرتب بيتدفع على أي أساس؟ بالشهر، بأسبوعياً، ولا باليوم؟
1773	لو سمحت، المرتب بيتدفع على أي أساس؟ بالشهر، بأسبوعياً، ولا باليوم؟
1774	ممكن أعرف المرتب بيتدفع على أي أساس؟ بالشهر، بكل أسبوع، ولا باليوم؟
1775	نظام قبض المرتب إيه؟ بتاخدوه كل شهر، كل أسبوع، ولا على قد الشغل اللي اتعمل في اليوم؟
1776	يعني نظام قبض المرتب إيه؟ بتاخدوه كل شهر، كل أسبوع، ولا على قد الوظيفة اللي اتعمل في اليوم؟
1777	طيب، نظام قبض المرتب ماذا؟ بتاخدوه كل شهر، كل أسبوع، ولا على قد الوظيفة اللي اتعمل في اليوم؟
1778	بصراحة، نظام قبض المرتب ماذا؟ بتاخدوه كل شهر، كل أسبوع، ولا على قد الشغل اللي اتعمل يومياً؟
1779	لو سمحت، نظام قبض المرتب إيه؟ بتاخدوه كل شهر، كل أسبوع، ولا على قد الشغل اللي اتعمل كل يوم؟
1780	ممكن أعرف نظام قبض المرتب ما هو؟ بتاخدوه كل شهر، كل أسبوع، ولا على قد الشغل اللي اتعمل كل يوم؟
1781	طريقة صرف المرتب ماشية إزاي؟ بتستلموه شهريًا، أسبوعيًا، ولا بتقبضوا باليوم؟
1782	يعني طريقة صرف المرتب ماشية إزاي؟ بتستلموه شهريًا، أسبوعيًا، ولا بتقبضوا باليوم؟
1783	طيب، طريقة صرف المرتب ماشية إزاي؟ بتستلموه شهريًا، أسبوعيًا، ولا بتقبضوا باليوم؟
1784	بصراحة، طريقة صرف المرتب ماشية إزاي؟ بتستلموه شهريًا، أسبوعيًا، ولا بتقبضوا باليوم؟
1785	لو سمحت، طريقة صرف المرتب ماشية إزاي؟ بتستلموه شهريًا، أسبوعيًا، ولا بتقبضوا باليوم؟
1786	ممكن أعرف طريقة صرف المرتب ماشية إزاي؟ بتستلموه شهريًا، أسبوعيًا، ولا بتقبضوا باليوم؟
1787	المرتب بيتحسب ويتدفع ازاي؟ دفعة واحدة كل شهر، على دفعات كل أسبوع، ولا حساب يوم بيوم؟
1788	يعني المرتب بيتُحسب ويتدفع ازاي؟ دفعة واحدة كل شهر، على دفعات كل أسبوع، ولا حساب يوم بيوم؟
1789	طيب، المرتب بيتحسب ويتدفع ازاي؟ دفعة واحدة كل شهر، على دفعات كل أسبوع، ولا حساب يوم بيوم؟
1790	بصراحة، المرتب بيتحسب ويتدفع ازاي؟ دفعة واحدة كل شهر، على دفعات كل أسبوع، ولا حساب يوم بيوم؟
1791	لو سمحت، المرتب بيتحسب ويتدفع ازاي؟ دفعة واحدة كل شهر، على دفعات كل أسبوع، ولا حساب يوم بيوم؟
1792	ممكن أعرف المرتب بيتُعد ويتدفع ازاي؟ دفعة واحدة كل شهر، على دفعات كل أسبوع، ولا حساب يوم بيوم؟
1793	لازم يكون في حساب بنكي لصرف المرتب ولا يجوز كاش بالكامل؟
1794	يعني ضروري يكون في حساب بنكي لصرف المرتب ولا يجوز كاش بالكامل؟
1795	طيب، لازم يكون في حساب بنكي لصرف المرتب ولا يجوز كاش بالأد أيل؟
1796	بصراحة، لازم يكون في حساب بنكي لصرف المرتب ولا يجوز كاش بالكامل؟
1797	لو سمحت، مطلوب يكون في حساب بنكي لصرف المرتب ولا يجوز كاش بالكامل؟
1798	ممكن أعرف مطلوب يكون في حساب بنكي لصرف المرتب ولا يجوز كاش بالإيه عددل؟
1799	مينفعش استلم مرتبي كله فلوس في إيدي؟ ضروري يبقى فيه حساب في البنك؟
1800	يعني مينفعش استلم مرتبي كله فلوس في إيدي؟ ضروري يبقى فيه حساب في البنك؟
1801	طيب، مينفعش استلم مرتبي كله فلوس في إيدي؟ ضروري يبقى فيه حساب في البنك؟
1802	بصراحة، مينفعش استلم مرتبي كله فلوس في إيدي؟ ضروري يبقى فيه حساب في البنك؟
1803	لو سمحت، مينفعش استلم مرتبي كله فلوس في إيدي؟ ضروري يبقى فيه حساب في البنك؟
1804	ممكن أعرف مينفعش استلم مرتبي كله فلوس في إيدي؟ ضروري يبقى فيه حساب في البنك؟
1805	يعني مفيش أمل آخد المرتب بتاعي كله كاش؟ لازم جزء منه ينزل في حساب بنكي؟
1806	يعني مفيش أمل آخد المرتب بتاعي كله كاش؟ لازم جزء منه ينزل في حساب بنكي؟
1807	طيب، يعني مفيش أمل آخد المرتب بتاعي كله كاش؟ ضروري جزء منه ينزل في حساب بنكي؟
1808	بصراحة، يعني مفيش أمل آخد المرتب بتاعي كله كاش؟ لازم جزء منه ينزل في حساب بنكي؟
1809	لو سمحت، يعني مفيش أمل آخد المرتب بتاعي كله كاش؟ لازم جزء منه ينزل في حساب بنكي؟
1810	ممكن أعرف يعني مفيش أمل آخد المرتب بتاعي كله كاش؟ لازم جزء منه ينزل في حساب بنكي؟
1811	هو لازم المرتب يتصرف عن طريق البنك ولا ممكن الشركة تديني فلوسي كلها كاش من غير حساب؟
1812	يعني هو لازم المرتب يتصرف عن طريق البنك ولا ينفع الشركة تديني فلوسي كلها كاش من غير حساب؟
1813	طيب، هو واجب المرتب يتصرف عن طريق البنك ولا ممكن الشركة تديني فلوسي كلها كاش من غير حساب؟
1814	بصراحة، هو مفروض المرتب يتصرف عن طريق البنك ولا ممكن الشركة تديني فلوسي كلها كاش من غير حساب؟
1815	لو سمحت، هو لازم المرتب يتصرف عن طريق البنك ولا يمكن الشركة تديني فلوسي كلها كاش من غير حساب؟
1816	ممكن أعرف هو لازم المرتب يتصرف عن طريق البنك ولا ممكن الشركة تديني فلوسي كلها كاش من غير حساب؟
1817	مفيش طريقة أقبض مرتبي بالكامل يدوي؟ ولا لازم الشركة تحوله على حساب بنكي ليا؟
1818	يعني مفيش طريقة أقبض مرتبي بالقد إيهل يدوي؟ ولا لازم الشركة تحوله على حساب بنكي ليا؟
1819	طيب، مفيش طريقة أقبض مرتبي بالأد إيهل يدوي؟ ولا لازم الشركة تحوله على حساب بنكي ليا؟
1820	بصراحة، مفيش طريقة أقبض مرتبي بالكامل يدوي؟ ولا لازم الشركة تحوله على حساب بنكي ليا؟
1821	لو سمحت، مفيش طريقة أقبض مرتبي بالكمل يدوي؟ ولا لازم الشركة تحوله على حساب بنكي ليا؟
1822	ممكن أعرف مفيش طريقة أقبض مرتبي بالكامل يدوي؟ ولا لازم الشركة تحوله على حساب بنكي ليا؟
1823	ممكن آخد المرتب بتاعي كله فلوس مباشرة من غير ما يتحط في البنك؟ ولا ده إجباري؟
1824	يعني يمكن آخد المرتب بتاعي كله فلوس مباشرة من غير ما يتحط في البنك؟ ولا ده إجباري؟
1825	طيب، ممكن آخد المرتب بتاعي كله فلوس مباشرة من غير ما يتحط في البنك؟ ولا ده إجباري؟
1826	بصراحة، ممكن آخد المرتب بتاعي كله فلوس مباشرة من غير ما يتحط في البنك؟ ولا ده إجباري؟
1827	لو سمحت، ممكن آخد المرتب بتاعي كله فلوس مباشرة من غير ما يتحط في البنك؟ ولا ده إجباري؟
1828	ممكن أعرف ممكن آخد المرتب بتاعي كله فلوس مباشرة من غير ما يتحط في البنك؟ ولا ده إجباري؟
1829	آخر مرة تم تحديد الحد الأدنى للأجر في القطاع الخاص كان كام جنيه؟
1830	يعني آخر مرة تم تحديد الحد الأدنى للأجر في القطاع الخاص كان كام جنيه؟
1831	طيب، آخر مرة تم تحديد الحد الأدنى للأجر في الشركات الخاصة كان كام جنيه؟
1832	بصراحة، آخر مرة تم تحديد الحد الأدنى للأجر في القطاع الخاص كان كام جنيه؟
1833	لو سمحت، آخر مرة تم تحديد الحد الأدنى للأجر في القطاع الخاص كان كام جنيه؟
1834	ممكن أعرف آخر مرة تم تحديد الحد الأدنى للأجر في القطاع الخاص كان كام جنيه؟
1835	يا ترى الحد الأدنى للأجور في القطاع الخاص اتحدد آخر مرة بكام بالظبط؟
1836	يعني يا ترى الحد الأدنى للأجور في الشركات الخاصة اتحدد آخر مرة بكام بالظبط؟
1837	طيب، يا ترى الحد الأدنى للأجور في القطاع الخاص اتحدد آخر مرة بماذا كم بالظبط؟
1838	بصراحة، يا ترى الحد الأدنى للأجور في القطاع الخاص اتحدد آخر مرة بكام بالظبط؟
1839	لو سمحت، يا ترى الحد الأدنى للأجور في الشركات الخاصة اتحدد آخر مرة بكام بالظبط؟
1840	ممكن أعرف يا ترى الحد الأدنى للأجور في القطاع الخاص اتحدد آخر مرة بكام بالظبط؟
1841	آخر قرار بخصوص الحد الأدنى للمرتبات في شغل القطاع الخاص كان كام؟
1842	يعني آخر قرار بخصوص الحد الأدنى للمرتبات في شغل القطاع الخاص كان كام؟
1843	طيب، آخر قرار بخصوص الحد الأدنى للمرتبات في شغل القطاع الخاص كان كم؟
1844	بصراحة، آخر قرار بخصوص الحد الأدنى للمرتبات في شغل القطاع الخاص كان قد أي؟
1845	لو سمحت، آخر قرار بخصوص الحد الأدنى للمرتبات في شغل القطاع الخاص كان كام؟
1846	ممكن أعرف آخر قرار بخصوص الحد الأدنى للمرتبات في شغل القطاع الخاص كان أد أي؟
1847	معلش، ممكن تعرفني آخر مرة تم فيها تحديد قيمة الحد الأدنى للأجور في القطاع الخاص، القيمة كانت كام؟
1848	يعني معلش، مسموح تعرفني آخر مرة تم فيها تحديد قيمة الحد الأدنى للأجور في القطاع الأهلي، القيمة كانت أد إيه؟
1849	طيب، معلش، ممكن تعرفني آخر مرة تم فيها تحديد قيمة الحد الأدنى للأجور في الشركات الخاصة، القيمة كانت قد إيه؟
1850	بصراحة، معلش، جائز تعرفني آخر مرة تم فيها تحديد قيمة الحد الأدنى للأجور في القطاع الأهلي، القيمة كانت أد أي؟
1851	لو سمحت، معلش، ممكن تعرفني آخر مرة تم فيها تحديد قيمة الحد الأدنى للأجور في القطاع الخاص، القيمة كانت أي عدد؟
1852	ممكن أعرف معلش، ممكن تعرفني آخر مرة تم فيها تحديد قيمة الحد الأدنى للأجور في القطاع الخاص، القيمة كانت كام؟
1853	فيه حد يعرف آخر مرة اتحدد فيها أقل مرتب في القطاع الخاص كان كام جنيه؟
1854	يعني فيه حد يعرف آخر مرة اتحدد فيها أقل مرتب في القطاع الخاص كان كام جنيه؟
1855	طيب، فيه حد يعرف آخر مرة اتحدد فيها أقل مرتب في القطاع الخاص كان قد ماذا جنيه؟
1856	بصراحة، فيه حد يعرف آخر مرة اتحدد فيها أقل مرتب في الشركات الخاصة كان كام جنيه؟
1857	لو سمحت، فيه حد يعرف آخر مرة اتحدد فيها أقل مرتب في القطاع الخاص كان كم جنيه؟
1858	ممكن أعرف فيه حد يعرف آخر مرة اتحدد فيها أقل مرتب في القطاع الخاص كان كام جنيه؟
1859	أعلى قيمة وصل ليها الحد الأدنى للأجور في القطاع الخاص كانت كام جنيه، وده كان امتى؟
1860	يعني أعلى قيمة وصل ليها الحد الأدنى للأجور في الشركات الخاصة كانت أد ما هو جنيه، وده كان امتى؟
1861	طيب، أعلى قيمة وصل ليها الحد الأدنى للأجور في القطاع الخاص كانت إيه عدد جنيه، وده كان امتى؟
1862	بصراحة، أعلى قيمة وصل ليها الحد الأدنى للأجور في القطاع الخاص كانت أد ماذا جنيه، وده كان امتى؟
1863	لو سمحت، أعلى قيمة وصل ليها الحد الأدنى للأجور في القطاع الخاص كانت كام جنيه، وده كان امتى؟
1864	ممكن أعرف أعلى قيمة وصل ليها الحد الأدنى للأجور في القطاع الخاص كانت أد إيه جنيه، وده كان امتى؟
1865	هل في زيادة سنوية إلزامية للرواتب؟ القانون قال كام بالمية؟
1866	يعني هل في زيادة سنوية إلزامية للرواتب؟ التشريع نص كام بالمية؟
1867	طيب، هل في زيادة سنهوية إلزامية للرواتب؟ الشرع قال كام بالمية؟
1868	بصراحة، هل في زيادة سنوية إلزامية للرواتب؟ القانون قال قد إيه بالمية؟
1869	لو سمحت، هل في زيادة سنوية إلزامية للرواتب؟ القانون قال كام بالمية؟
1870	ممكن أعرف هل في زيادة سنوية إلزامية للرواتب؟ القانون قال كام بالمية؟
1871	فيه قانون بيفرض زيادة مرتبات كل سنة؟ ولو فيه، القانون ده بيقول الزيادة لازم تكون كام في المية بالظبط؟ (تغيير كبير في التركيب مع الحفاظ على المعنى)
1872	يعني فيه قانون بيفرض زيادة مرتبات كل سنة؟ ولو فيه، الشرع ده بيقول الزيادة لازم تكون كم في المية بالظبط؟ (تغيير كبير في التركيب مع الحفاظ على المعنى)؟
1873	طيب، فيه قانون بيفرض زيادة مرتبات كل سنة؟ ولو فيه، القانون ده بيقول الزيادة مفروض تكون كام في المية بالظبط؟ (تغيير كبير في التركيب مع الحفاظ على المعنى)؟
1874	بصراحة، فيه قانون بيفرض زيادة مرتبات كل عمرة؟ ولو فيه، القانون ده بيقول الزيادة لازم تكون كام في المية بالظبط؟ (تغيير كبير في التركيب مع الحفاظ على المعنى)؟
1875	لو سمحت، فيه قانون بيفرض زيادة مرتبات كل سنة؟ ولو فيه، النظام ده بيقول الزيادة لازم تكون أد ما هو في المية بالظبط؟ (تغيير كبير في التركيب مع الحفاظ على المعنى)؟
1876	ممكن أعرف فيه قانون بيفرض زيادة مرتبات كل عمرة؟ ولو فيه، القانون ده بيقول الزيادة واجب تكون أي عدد في المية بالظبط؟ (تغيير كبير في التركيب مع الحفاظ على المعنى)؟
1877	هو المرتبات لازم تزيد كل سنة غصب عن الشركة ولا لأ؟ ولو الكلام ده صح، نسبة الزيادة اللي القانون بيحددها كام؟ (تركيز على إجبارية الزيادة ونسبة القانون)
1878	يعني هو المرتبات لازم تزيد كل سنة غصب عن الشركة ولا لأ؟ ولو الكلام ده صح، نسبة الزيادة اللي القانون بيحددها كام؟ (تركيز على إجبارية الزيادة ونسبة القانون)؟
1879	طيب، هو المرتبات واجب تزيد كل سنة غصب عن الشركة ولا لأ؟ ولو الكلام ده صح، نسبة الزيادة اللي القانون بيحددها أي عدد؟ (تركيز على إجبارية الزيادة ونسبة القانون)؟
1880	بصراحة، هو المرتبات لازم تزيد كل سنة غصب عن الشركة ولا لأ؟ ولو الكلام ده صح، نسبة الزيادة اللي القانون بيحددها كام؟ (تركيز على إجبارية الزيادة ونسبة القانون)؟
1881	لو سمحت، هو المرتبات مطلوب تزيد كل سنة غصب عن الشركة ولا لأ؟ ولو الكلام ده صح، نسبة الزيادة اللي الشرع بيحددها كم؟ (تركيز على إجبارية الزيادة ونسبة القانون)؟
1882	ممكن أعرف هو المرتبات لازم تزيد كل عمرة غصب عن الشركة ولا لأ؟ ولو الكلام ده صح، نسبة الزيادة اللي القانون بيحددها كام؟ (تركيز على إجبارية الزيادة ونسبة القانون)؟
1883	"يا ترى فيه زيادة سنوية إجبارية على الأجور ولا الموضوع اختياري؟ وإذا كانت إجبارية، القانون حدد نسبة الزيادة دي بكام في المية؟ (استخدام ""يا ترى"" وتركيز على الاختيارية مقابل الإجبارية)"
1884	"يعني يا ترى فيه زيادة عمروية إجبارية على الأجور ولا الموضوع اختياري؟ وإذا كانت إجبارية، القانون حدد نسبة الزيادة دي بإيه كمية في المية؟ (استخدام ""يا ترى"" وتركيز على الاختيارية مقابل الإجبارية)؟"
1885	"طيب، يا ترى فيه زيادة سنوية إجبارية على الأجور ولا الموضوع اختياري؟ وإذا كانت إجبارية، القانون حدد نسبة الزيادة دي بكام في المية؟ (استخدام ""يا ترى"" وتركيز على الاختيارية مقابل الإجبارية)؟"
1886	"بصراحة، يا ترى فيه زيادة سنوية إجبارية على الأجور ولا الموضوع اختياري؟ وإذا كانت إجبارية، الشرع حدد نسبة الزيادة دي بكام في المية؟ (استخدام ""يا ترى"" وتركيز على الاختيارية مقابل الإجبارية)؟"
1887	"لو سمحت، يا ترى فيه زيادة سنهوية إجبارية على الأجور ولا الموضوع اختياري؟ وإذا كانت إجبارية، القانون حدد نسبة الزيادة دي بكام في المية؟ (استخدام ""يا ترى"" وتركيز على الاختيارية مقابل الإجبارية)؟"
1888	"ممكن أعرف يا ترى فيه زيادة عمروية إجبارية على الأجور ولا الموضوع اختياري؟ وإذا كانت إجبارية، النظام حدد نسبة الزيادة دي بقد إيه في المية؟ (استخدام ""يا ترى"" وتركيز على الاختيارية مقابل الإجبارية)؟"
1889	فيه حاجة في القانون بتلزم الشركات بزيادة المرتبات كل سنة؟ ولو فيه، نسبة الزيادة دي القانون بيقول عليها إيه بالظبط؟ (التركيز على إلزام الشركات ونسبة الزيادة المحددة)
1890	يعني فيه حاجة في التشريع بتلزم الشركات بزيادة المرتبات كل سنة؟ ولو فيه، نسبة الزيادة دي القانون بيقول عليها أي بالظبط؟ (التركيز على إلزام الشركات ونسبة الزيادة المُحددة)؟
1891	طيب، فيه حاجة في القانون بتلزم الشركات بزيادة المرتبات كل سنة؟ ولو فيه، نسبة الزيادة دي القانون بيقول عليها إيه بالظبط؟ (التركيز على إلزام الشركات ونسبة الزيادة الخاصة)؟
1892	بصراحة، فيه حاجة في القانون بتلزم الشركات بزيادة المرتبات كل عمرة؟ ولو فيه، نسبة الزيادة دي القانون بيقول عليها إيه بالظبط؟ (التركيز على إلزام الشركات ونسبة الزيادة المُحددة)؟
1893	لو سمحت، فيه حاجة في التشريع بتلزم الشركات بزيادة المرتبات كل سنة؟ ولو فيه، نسبة الزيادة دي القانون بيقول عليها إيه بالظبط؟ (التركيز على إلزام الشركات ونسبة الزيادة المحددة)؟
1894	ممكن أعرف فيه حاجة في القانون بتلزم الشركات بزيادة المرتبات كل سنة؟ ولو فيه، نسبة الزيادة دي القانون بيقول عليها ما هو بالظبط؟ (التركيز على إلزام الشركات ونسبة الزيادة المعينة)؟
1895	"هل القانون بيوجب على الشركات إنها تزود المرتبات بشكل سنوي؟ ولو الإجابة أيوة، نسبة الزيادة السنوية دي بتكون كام في المية تحديدًا؟ (استخدام كلمة ""يوجب"" لتأكيد الإلزام والتركيز على التحديد)"
1896	"يعني هل القانون بيوجب على الشركات إنها تزود المرتبات بشكل سنوي؟ ولو الإجابة أيوة، نسبة الزيادة السنوية دي بتكون كام في المية تحديدًا؟ (استخدام كلمة ""يوجب"" لتأكيد الإلزام والتركيز على التحديد)؟"
1897	"طيب، هل القانون بيوجب على الشركات إنها تزود المرتبات بشكل سنوي؟ ولو الإجابة أيوة، نسبة الزيادة السنوية دي بتكون إيه عدد في المية تحديدًا؟ (استخدام كلمة ""يوجب"" لتأكيد الإلزام والتركيز على التحديد)؟"
1898	"بصراحة، هل التشريع بيوجب على الشركات إنها تزود المرتبات بشكل عمروي؟ ولو الإجابة أيوة، نسبة الزيادة السنوية دي بتكون كام في المية تحديدًا؟ (استخدام كلمة ""يوجب"" لتأكيد الإلزام والتركيز على التحديد)؟"
1899	"لو سمحت، هل الشرع بيوجب على الشركات إنها تزود المرتبات بشكل سنوي؟ ولو الإجابة أيوة، نسبة الزيادة السنوية دي بتكون كام في المية تحديدًا؟ (استخدام كلمة ""يوجب"" لتأكيد الإلزام والتركيز على التحديد)؟"
1900	"ممكن أعرف هل القانون بيوجب على الشركات إنها تزود المرتبات بشكل سنوي؟ ولو الإجابة أيوة، نسبة الزيادة السنوية دي بتكون كام في المية تحديدًا؟ (استخدام كلمة ""يوجب"" لتأكيد الإلزام والتركيز على التحديد)؟"
1901	هل الأهتمام بالزيادة السنوية (3%) شامل الأجر الأساسي أو الأجر التأميني؟
1902	يعني هل الأهتمام بالزيادة السنوية (3%) شامل الأجر الأساسي أو الأجر التأميني؟
1903	طيب، هل الأهتمام بالزيادة السنوية (3%) شامل الأجر الأساسي أو الأجر التأميني؟
1904	بصراحة، هل الأهتمام بالزيادة العمروية (3%) شامل الأجر الأساسي أو الأجر التأميني؟
1905	لو سمحت، هل الأهتمام بالزيادة السنوية (3%) شامل الأجر الأساسي أو الأجر التأميني؟
1906	ممكن أعرف هل الأهتمام بالزيادة السنوية (3%) شامل الأجر الأساسي أو الأجر التأميني؟
1907	بالبلدي كده، الزيادة السنوية الـ 3% بتتحسب على المرتب الأساسي ولا المرتب اللي بنأمن بيه؟ (تركيز على التعبير العامي والوضوح)
1908	يعني بالبلدي كده، الزيادة العمروية الـ 3% بتتحسب على المرتب الأساسي ولا المرتب اللي بنأمن بيه؟ (تركيز على التعبير العامي والوضوح)؟
1909	طيب، بالبلدي كده، الزيادة السنهوية الـ 3% تحسب على المرتب الأساسي ولا المرتب اللي بنأمن بيه؟ (تركيز على التعبير العامي والوضوح)؟
1910	بصراحة، بالبلدي كده، الزيادة العمروية الـ 3% بتتحسب على المرتب الأساسي ولا المرتب اللي بنأمن بيه؟ (تركيز على التعبير العامي والوضوح)؟
1911	لو سمحت، بالبلدي كده، الزيادة السنهوية الـ 3% بتتحسب على المرتب الأساسي ولا المرتب اللي بنأمن بيه؟ (تركيز على التعبير العامي والوضوح)؟
1912	ممكن أعرف بالبلدي كده، الزيادة السنوية الـ 3% تُعتبر على المرتب الأساسي ولا المرتب اللي بنأمن بيه؟ (تركيز على التعبير العامي والوضوح)؟
1913	يعني لما يقولوا زيادة سنوية 3%، قصدهم الزيادة دي بتنزل على الراتب اللي هو صافي بتاعي، ولا الراتب اللي متسجل في التأمينات؟ (تركيز على التفريق بين صافي الراتب والرقم المسجل)
1914	يعني لما يقولوا زيادة سنهوية 3%، قصدهم الزيادة دي بتنزل على الراتب اللي هو صافي بتاعي، ولا الراتب اللي متسجل في التأمينات؟ (تركيز على التفريق بين صافي الراتب والرقم المسجل)؟
1915	طيب، يعني لما يقولوا زيادة سنوية 3%، قصدهم الزيادة دي بتنزل على الراتب اللي هو صافي بتاعي، ولا الراتب اللي متسجل في التأمينات؟ (تركيز على التفريق بين صافي الراتب والرقم المسجل)؟
1916	بصراحة، يعني لما يقولوا زيادة عمروية 3%، قصدهم الزيادة دي بتنزل على الراتب اللي هو صافي بتاعي، ولا الراتب اللي متسجل في التأمينات؟ (تركيز على التفريق بين صافي الراتب والرقم المسجل)؟
1917	لو سمحت، يعني لما يقولوا زيادة سنوية 3%، قصدهم الزيادة دي بتنزل على الراتب اللي هو صافي بتاعي، ولا الراتب اللي متسجل في التأمينات؟ (تركيز على التفريق بين صافي الراتب والرقم المسجل)؟
1918	ممكن أعرف يعني لما يقولوا زيادة سنهوية 3%، قصدهم الزيادة دي بتنزل على الراتب اللي هو صافي بتاعي، ولا الراتب اللي متسجل في التأمينات؟ (تركيز على التفريق بين صافي الراتب والرقم المسجل)؟
1919	لو سمحت، عايزين نفهم، الزيادة السنوية اللي هي 3% دي، بتتضاف على الراتب اللي بنقبضه كل شهر، ولا على الراتب اللي التأمينات بتتعامل بيه؟ (تركيز على شرح عملية الإضافة وأطراف التعامل)
1920	يعني لو سمحت، عايزين نفهم، الزيادة العمروية اللي هي 3% دي، بتتضاف على الراتب اللي بنقبضه كل شهر، ولا على الراتب اللي التأمينات بتتعامل بيه؟ (تركيز على شرح عملية الإضافة وأطراف التعامل)؟
1921	طيب، لو سمحت، عايزين نفهم، الزيادة السنهوية اللي هي 3% دي، بتتضاف على الراتب اللي بنقبضه كل شهر، ولا على الراتب اللي التأمينات بتتعامل بيه؟ (تركيز على شرح عملية الإضافة وأطراف التعامل)؟
1922	بصراحة، لو سمحت، عايزين نفهم، الزيادة السنهوية اللي هي 3% دي، بتتضاف على الراتب اللي بنقبضه كل شهر، ولا على الراتب اللي التأمينات بتتعامل بيه؟ (تركيز على شرح عملية الإضافة وأطراف التعامل)؟
1923	لو سمحت، عايزين نفهم، الزيادة السنهوية اللي هي 3% دي، بتتضاف على الراتب اللي بنقبضه كل شهر، ولا على الراتب اللي التأمينات بتتعامل بيه؟ (تركيز على شرح عملية الإضافة وأطراف التعامل)؟
1924	ممكن أعرف لو سمحت، عايزين نفهم، الزيادة السنوية اللي هي 3% دي، بتتضاف على الراتب اللي بنقبضه كل شهر، ولا على الراتب اللي التأمينات بتتعامل بيه؟ (تركيز على شرح عملية الإضافة وأطراف التعامل)؟
1925	سؤالي بخصوص الزيادة الـ 3% السنوية: هل الزيادة دي بتدخل في حساب الراتب اللي بيتحط في التأمينات الاجتماعية، ولا ليها حسبة تانية بعيد عن التأمين؟ (تركيز على استقلالية الحساب أو ارتباطه بالتأمين)
1926	يعني سؤالي بخصوص الزيادة الـ 3% العمروية: هل الزيادة دي بتدخل في حساب الراتب اللي بيتحط في التأمينات الاجتماعية، ولا ليها حسبة تانية بعيد عن التأمين؟ (تركيز على استقلالية الحساب أو ارتباطه بالتأمين)؟
1927	طيب، سؤالي بخصوص الزيادة الـ 3% السنهوية: هل الزيادة دي بتدخل في حساب الراتب اللي بيتحط في التأمينات الاجتماعية، ولا ليها حسبة تانية بعيد عن التأمين؟ (تركيز على استقلالية الحساب أو ارتباطه بالتأمين)؟
1928	بصراحة، سؤالي بخصوص الزيادة الـ 3% العمروية: هل الزيادة دي بتدخل في حساب الراتب اللي بيتحط في التأمينات الاجتماعية، ولا ليها حسبة تانية بعيد عن التأمين؟ (تركيز على استقلالية الحساب أو ارتباطه بالتأمين)؟
1929	لو سمحت، سؤالي بخصوص الزيادة الـ 3% السنهوية: هل الزيادة دي بتدخل في حساب الراتب اللي بيتحط في التأمينات الاجتماعية، ولا ليها حسبة تانية بعيد عن التأمين؟ (تركيز على استقلالية الحساب أو ارتباطه بالتأمين)؟
1930	ممكن أعرف سؤالي بخصوص الزيادة الـ 3% السنوية: هل الزيادة دي بتدخل في حساب الراتب اللي بيتحط في التأمينات الاجتماعية، ولا ليها حسبة تانية بعيد عن التأمين؟ (تركيز على استقلالية الحساب أو ارتباطه بالتأمين)؟
1931	معلش، ممكن توضيح بسيط؟ الزيادة السنوية اللي بنسمع عنها، الـ 3% دي، محسوبة على الراتب الأساسي اللي بيطلع بيه الرقم بتاع التأمين، ولا على الراتب التاني اللي بنستلمه في إيدينا؟ (تركيز على التوضيح والتبسيط مع إشارة إلى الاستلام الفعلي)
1932	يعني معلش، ينفع توضيح بسيط؟ الزيادة العمروية اللي بنسمع عنها، الـ 3% دي، محسوبة على الراتب الأساسي اللي بيطلع بيه الرقم بتاع التأمين، ولا على الراتب التاني اللي بنستلمه في إيدينا؟ (تركيز على التوضيح والتبسيط مع إشارة إلى الاستلام الفعلي)؟
1933	طيب، معلش، يمكن توضيح بسيط؟ الزيادة السنوية اللي بنسمع عنها، الـ 3% دي، محسوبة على الراتب الأساسي اللي بيطلع بيه الرقم بتاع التأمين، ولا على الراتب التاني اللي بنستلمه في إيدينا؟ (تركيز على التوضيح والتبسيط مع إشارة إلى الاستلام الفعلي)؟
1934	بصراحة، معلش، ممكن توضيح بسيط؟ الزيادة السنوية اللي بنسمع عنها، الـ 3% دي، محسوبة على الراتب الأساسي اللي بيطلع بيه الرقم بتاع التأمين، ولا على الراتب التاني اللي بنستلمه في إيدينا؟ (تركيز على التوضيح والتبسيط مع إشارة إلى الاستلام الفعلي)؟
1935	لو سمحت، معلش، ممكن توضيح بسيط؟ الزيادة السنوية اللي بنسمع عنها، الـ 3% دي، محسوبة على الراتب الأساسي اللي بيطلع بيه الرقم بتاع التأمين، ولا على الراتب التاني اللي بنستلمه في إيدينا؟ (تركيز على التوضيح والتبسيط مع إشارة إلى الاستلام الفعلي)؟
1936	ممكن أعرف معلش، ينفع توضيح بسيط؟ الزيادة السنوية اللي بنسمع عنها، الـ 3% دي، محسوبة على الراتب الأساسي اللي بيطلع بيه الرقم بتاع التأمين، ولا على الراتب التاني اللي بنستلمه في إيدينا؟ (تركيز على التوضيح والتبسيط مع إشارة إلى الاستلام الفعلي)؟
1937	العلاوات والحوافز بتدخل في حساب المرتب للتأمين ولا لا؟
1938	يعني العلاوات والحوافز بتدخل في حساب المرتب للتأمين ولا لا؟
1939	طيب، العلاوات والحوافز بتدخل في حساب المرتب للتأمين ولا لا؟
1940	بصراحة، العلاوات والحوافز بتدخل في حساب المرتب للتأمين ولا لا؟
1941	لو سمحت، العلاوات والحوافز بتدخل في حساب المرتب للتأمين ولا لا؟
1942	ممكن أعرف العلاوات والحوافز بتدخل في حساب المرتب للتأمين ولا لا؟
1943	يا ترى العلاوات والتحفيزات بتتحسب ضمن الأجر اللي بيتخصم منه التأمين الاجتماعي ولا لأ؟
1944	يعني يا ترى العلاوات والتحفيزات بتتُحسب في الأجر اللي بيتخصم منه التأمين الاجتماعي ولا لأ؟
1945	طيب، يا ترى العلاوات والتحفيزات بتتضاف ضمن الأجر اللي بيتخصم منه التأمين الاجتماعي ولا لأ؟
1946	بصراحة، يا ترى العلاوات والتحفيزات بتتُعد ضمن الأجر اللي بيتخصم منه التأمين الاجتماعي ولا لأ؟
1947	لو سمحت، يا ترى العلاوات والتحفيزات تُعد من ضمن الأجر اللي بيتخصم منه التأمين الاجتماعي ولا لأ؟
1948	ممكن أعرف يا ترى العلاوات والتحفيزات بتتحسب ضمن الأجر اللي بيتخصم منه التأمين الاجتماعي ولا لأ؟
1949	هل المكافآت والتشجيعات اللي باخدها في الشغل بتدخل في المبلغ اللي بيتاخد منه فلوس التأمين؟
1950	يعني هل المكافآت والتشجيعات اللي باخدها في الشغل بتدخل في المبلغ اللي بيتاخد منه فلوس التأمين؟
1951	طيب، هل المكافآت والتشجيعات اللي باخدها في الشغل بتدخل في المبلغ اللي بيتاخد منه فلوس التأمين؟
1952	بصراحة، هل المكافآت والتشجيعات اللي باخدها في العمل بتدخل في المبلغ اللي بيتاخد منه فلوس التأمين؟
1953	لو سمحت، هل المكافآت والتشجيعات اللي باخدها في الشغل بتدخل في المبلغ اللي بيتاخد منه فلوس التأمين؟
1954	ممكن أعرف هل المكافآت والتشجيعات اللي باخدها في الشركة بتدخل في المبلغ اللي بيتاخد منه فلوس التأمين؟
1955	بالظبط كده، لما بيحسبوا مبلغ التأمين، بياخدوا في الاعتبار الفلوس الزيادة اللي بتيجي من العلاوات والحوافز ولا بيحسبوا على المرتب الأساسي بس؟
1956	يعني بالظبط كده، لما بيحسبوا مبلغ التأمين، بياخدوا في الاعتبار الفلوس الزيادة اللي بتيجي من العلاوات والحوافز ولا بيحسبوا على المرتب الأساسي بس؟
1957	طيب، بالظبط كده، لما بيحسبوا مبلغ التأمين، بيأخذوا في الاعتبار الفلوس الزيادة اللي بتيجي من العلاوات والحوافز ولا بيحسبوا على المرتب الأساسي بس؟
1958	بصراحة، بالظبط كده، لما بيحسبوا مبلغ التأمين، بيأخذوا في الاعتبار الفلوس الزيادة اللي بتيجي من العلاوات والحوافز ولا بيحسبوا على المرتب الأساسي بس؟
1959	لو سمحت، بالظبط كده، لما بيحسبوا مبلغ التأمين، بيستحقوا في الاعتبار الفلوس الزيادة اللي بتيجي من العلاوات والحوافز ولا بيحسبوا على المرتب الأساسي بس؟
1960	ممكن أعرف بالظبط كده، لما بيحسبوا مبلغ التأمين، يحصلون على في الاعتبار الفلوس الزيادة اللي بتيجي من العلاوات والحوافز ولا بيحسبوا على المرتب الأساسي بس؟
1961	عايز أعرف، بالنسبة للتأمين، العلاوات والمكافآت دي بيعتبروها جزء من الأجر اللي بيتحسب عليه نسبة الاشتراك ولا ليها حسبة تانية؟
1962	يعني عايز أعرف، بالنسبة للتأمين، العلاوات والمكافآت دي بيعتبروها جزء من الأجر اللي بيتحسب عليه نسبة الاشتراك ولا ليها حسبة تانية؟
1963	طيب، عايز أعرف، بالنسبة للتأمين، العلاوات والمكافآت دي بيعتبروها جزء من الأجر اللي بيتحسب عليه نسبة الاشتراك ولا ليها حسبة تانية؟
1964	بصراحة، عايز أعرف، بالنسبة للتأمين، العلاوات والمكافآت دي بيعتبروها جزء من الأجر اللي بيتُحسب عليه نسبة الاشتراك ولا ليها حسبة تانية؟
1965	لو سمحت، عايز أعرف، بالنسبة للتأمين، العلاوات والمكافآت دي بيعتبروها جزء من الأجر اللي بيتحسب عليه نسبة الاشتراك ولا ليها حسبة تانية؟
1966	ممكن أعرف عايز أعرف، بالنسبة للتأمين، العلاوات والمكافآت دي بيعتبروها جزء من الأجر اللي بيتحسب عليه نسبة الاشتراك ولا ليها حسبة تانية؟
1967	يعني، هل لما بييجوا يحسبوا التأمينات الاجتماعية، بيبصوا على المرتب بتاعي شامل العلاوات والحوافز ولا بيعتبروا المرتب الأساسي بس هو الأساس؟
1968	يعني، هل لما بييجوا يحسبوا التأمينات الاجتماعية، بيبصوا على المرتب بتاعي شامل العلاوات والحوافز ولا بيعتبروا المرتب الأساسي بس هو الأساس؟
1969	طيب، يعني، هل لما بييجوا يحسبوا التأمينات الاجتماعية، بيبصوا على المرتب بتاعي شامل العلاوات والحوافز ولا بيعتبروا المرتب الأساسي بس هو الأساس؟
1970	بصراحة، يعني، هل لما بييجوا يحسبوا التأمينات الاجتماعية، بيبصوا على المرتب بتاعي شامل العلاوات والحوافز ولا بيعتبروا المرتب الأساسي بس هو الأساس؟
1971	لو سمحت، يعني، هل لما بييجوا يحسبوا التأمينات الاجتماعية، بيبصوا على المرتب بتاعي شامل العلاوات والحوافز ولا بيعتبروا المرتب الأساسي بس هو الأساس؟
1972	ممكن أعرف يعني، هل لما بييجوا يحسبوا التأمينات الاجتماعية، بيبصوا على المرتب بتاعي شامل العلاوات والحوافز ولا بيعتبروا المرتب الأساسي بس هو الأساس؟
1973	الخصومات (زي سلفة أو مدفوعات) ما ينفع تأخذ من المرتب كام؟
1974	يعني الخصومات (زي سلفة أو مدفوعات) ما ينفع تأخذ من المرتب كام؟
1975	طيب، الخصومات (زي سلفة أو مدفوعات) ما ينفع تأخذ من المرتب أد إيه؟
1976	بصراحة، الخصومات (زي سلفة أو مدفوعات) ما ينفع تأخذ من المرتب كام؟
1977	لو سمحت، الخصومات (زي سلفة أو مدفوعات) ما ينفع تأخذ من المرتب كام؟
1978	ممكن أعرف الخصومات (زي سلفة أو مدفوعات) ما ينفع تأخذ من المرتب كام؟
1979	يعني أقصى مبلغ ممكن يتخصم من مرتبي كام، شامل بقى سُلف أو أقساط أو أي حاجة تانية؟
1980	يعني أقصى مبلغ ممكن يتخصم من مرتبي كام، شامل بقى سُلف أو أقساط أو أي حاجة تانية؟
1981	طيب، يعني أقصى مبلغ ممكن يتخصم من مرتبي كام، شامل بقى سُلف أو أقساط أو أي حاجة تانية؟
1982	بصراحة، يعني أقصى مبلغ يمكن يتخصم من مرتبي كام، شامل بقى سُلف أو أقساط أو أي حاجة تانية؟
1983	لو سمحت، يعني أقصى مبلغ يجوز يتخصم من مرتبي كام، شامل بقى سُلف أو أقساط أو أي حاجة تانية؟
1984	ممكن أعرف يعني أقصى مبلغ ممكن يتخصم من مرتبي كام، شامل بقى سُلف أو أقساط أو أي حاجة تانية؟
1985	فيه حدود أد إيه للخصومات اللي ممكن تتسحب من مرتبي كل شهر؟ بتكلم على السلف والمدفوعات والكلام ده.
1986	يعني فيه حدود أد إيه للخصومات اللي يجوز تتسحب من مرتبي كل شهر؟ بتكلم على السلف والمدفوعات والكلام ده.؟
1987	طيب، فيه حدود أد إيه للخصومات اللي يمكن تتسحب من مرتبي كل شهر؟ بتكلم على السلف والمدفوعات والكلام ده.؟
1988	بصراحة، فيه حدود أد أي للخصومات اللي ممكن تتسحب من مرتبي كل شهر؟ بتكلم على السلف والمدفوعات والكلام ده.؟
1989	لو سمحت، فيه حدود أد إيه للخصومات اللي يجوز تتسحب من مرتبي كل شهر؟ بتكلم على السلف والمدفوعات والكلام ده.؟
1990	ممكن أعرف فيه حدود أد إيه للخصومات اللي ينفع تتسحب من مرتبي كل شهر؟ بتكلم على السلف والمدفوعات والكلام ده.؟
1991	إيه الحد الأقصى اللي ممكن يتشال من مرتبي كخصومات بأنواعها؟ زي السُلفة اللي خدتها أو أي مبالغ تانية بدفعها؟
1992	يعني ما هو الحد الأقصى اللي ممكن يتشال من مرتبي كخصومات بأنواعها؟ زي السُلفة اللي خدتها أو أي مبالغ تانية بدفعها؟
1993	طيب، إيه الحد الأقصى اللي ممكن يتشال من مرتبي كخصومات بأنواعها؟ زي السُلفة اللي خدتها أو أي مبالغ تانية بدفعها؟
1994	بصراحة، أي الحد الأقصى اللي ممكن يتشال من مرتبي كخصومات بأنواعها؟ زي السُلفة اللي خدتها أو أي مبالغ تانية بدفعها؟
1995	لو سمحت، إيه الحد الأقصى اللي ممكن يتشال من مرتبي كخصومات بأنواعها؟ زي السُلفة اللي خدتها أو أي مبالغ تانية بدفعها؟
1996	ممكن أعرف ماذا الحد الأقصى اللي ممكن يتشال من مرتبي كخصومات بأنواعها؟ زي السُلفة اللي خدتها أو أي مبالغ تانية بدفعها؟
1997	لو عليا فلوس وبسدّدها من مرتبي، أو واخد سُلفة، أقدر أدفع منها كام في الشهر كحد أقصى؟
1998	يعني لو عليا فلوس وبسدّدها من مرتبي، أو واخد سُلفة، أقدر أدفع منها كم في الشهر كحد أقصى؟
1999	طيب، لو عليا فلوس وبسدّدها من مرتبي، أو واخد سُلفة، أقدر أدفع منها أد إيه في الشهر كحد أقصى؟
2000	بصراحة، لو عليا فلوس وبسدّدها من مرتبي، أو واخد سُلفة، أقدر أدفع منها كام في الشهر كحد أقصى؟
2001	لو سمحت، لو عليا فلوس وبسدّدها من مرتبي، أو واخد سُلفة، أقدر أدفع منها قد إيه في الشهر كحد أقصى؟
2002	ممكن أعرف لو عليا فلوس وبسدّدها من مرتبي، أو واخد سُلفة، أقدر أدفع منها كام في الشهر كحد أقصى؟
2003	إيه أقصى نسبة أو مبلغ ممكن يتخصم من مرتبي الشهري كديون أو سُلف؟ عايز أعرف المسموح بيه قانونًا.
2004	يعني إيه أقصى نسبة أو مبلغ ممكن يتخصم من مرتبي الشهري كديون أو سُلف؟ عايز أعرف المباح بيه قانونًا.؟
2005	طيب، إيه أقصى نسبة أو مبلغ ممكن يتخصم من مرتبي الشهري كديون أو سُلف؟ عايز أعرف المباح بيه قانونًا.؟
2006	بصراحة، إيه أقصى نسبة أو مبلغ يجوز يتخصم من مرتبي الشهري كديون أو سُلف؟ عايز أعرف المسموح بيه قانونًا.؟
2007	لو سمحت، إيه أقصى نسبة أو مبلغ يمكن يتخصم من مرتبي الشهري كديون أو سُلف؟ عايز أعرف المسموح بيه قانونًا.؟
2008	ممكن أعرف ماذا أقصى نسبة أو مبلغ ممكن يتخصم من مرتبي الشهري كديون أو سُلف؟ عايز أعرف المسموح بيه قانونًا.؟
2009	هل مسموح يخصم أكثر من ربع المرتب؟
2010	يعني هل مسموح يخصم أكثر من ربع المرتب؟
2011	طيب، هل جائز يخصم أكثر من ربع المرتب؟
2012	بصراحة، هل مسموح يخصم أكثر من ربع المرتب؟
2013	لو سمحت، هل مسموح يخصم أكثر من ربع المرتب؟
2014	ممكن أعرف هل مباح يخصم أكثر من ربع المرتب؟
2015	ينفع يتشال أكتر من 25% من الراتب؟
2016	يعني ينفع يتشال أكتر من 25% من الراتب؟
2017	طيب، ينفع يتشال أكتر من 25% من الراتب؟
2018	بصراحة، ينفع يتشال أكتر من 25% من الراتب؟
2019	لو سمحت، ينفع يتشال فوق من 25% من الراتب؟
2020	ممكن أعرف ينفع يتشال أكتر من 25% من الراتب؟
2021	هل قانوني إن يتخصموا زيادة عن رُبع القبض؟
2022	يعني هل قانوني إن يتخصموا زيادة عن رُبع القبض؟
2023	طيب، هل قانوني إن يتخصموا زيادة عن رُبع القبض؟
2024	بصراحة، هل قانوني إن يتخصموا زيادة عن رُبع القبض؟
2025	لو سمحت، هل قانوني إن يتخصموا زيادة عن رُبع القبض؟
2026	ممكن أعرف هل قانوني إن يتخصموا زيادة عن رُبع القبض؟
2027	ممكن ياخدوا أكتر من ربع المرتب بتاعي خصومات؟
2028	يعني ينفع ياخدوا أكتر من ربع المرتب بتاعي خصومات؟
2029	طيب، يمكن ياخدوا أكتر من ربع المرتب بتاعي خصومات؟
2030	بصراحة، ممكن ياخدوا أكتر من ربع المرتب بتاعي خصومات؟
2031	لو سمحت، مسموح ياخدوا أكتر من ربع المرتب بتاعي خصومات؟
2032	ممكن أعرف يجوز يستحقوا أكتر من ربع المرتب بتاعي خصومات؟
2033	هل فيه أي مشكلة لو الخصومات زادت عن الربع في المرتب؟
2034	يعني هل فيه أي مشكلة لو الخصومات زادت عن الربع في المرتب؟
2035	طيب، هل فيه أي مشكلة لو الخصومات زادت عن الربع في المرتب؟
2036	بصراحة، هل فيه أي مشكلة لو الخصومات زادت عن الربع في المرتب؟
2037	لو سمحت، هل فيه أي مشكلة لو الخصومات زادت عن الربع في المرتب؟
2038	ممكن أعرف هل فيه أي مشكلة لو الخصومات زادت عن الربع في المرتب؟
2039	فيه حد أقصى للخصومات من المرتب ولا ممكن يتخصم أكتر من ربع؟
2040	يعني فيه حد أقصى للخصومات من المرتب ولا ممكن يتخصم أكتر من ربع؟
2041	طيب، فيه حد أقصى للخصومات من المرتب ولا ممكن يتخصم أكتر من ربع؟
2042	بصراحة، فيه حد أقصى للخصومات من المرتب ولا جائز يتخصم أعلى من ربع؟
2043	لو سمحت، فيه حد أقصى للخصومات من المرتب ولا ممكن يتخصم أكثر من ربع؟
2044	ممكن أعرف فيه حد أقصى للخصومات من المرتب ولا يمكن يتخصم أكتر من ربع؟
2045	مين بيحسب المرتب ويصرفه، والضرائب والتأمين من عليه؟
2046	يعني مين بيحسب المرتب ويصرفه، والضرائب والتأمين من عليه؟
2047	طيب، مين بيحسب المرتب ويصرفه، والضرائب والتأمين من عليه؟
2048	بصراحة، مين بيحسب المرتب ويصرفه، والضرائب والتأمين من عليه؟
2049	لو سمحت، مين بيحسب المرتب ويصرفه، والضرائب والتأمين من عليه؟
2050	ممكن أعرف مين بيحسب المرتب ويصرفه، والضرائب والتأمين من عليه؟
2051	مين المسؤول عن حساب المرتب وصرفه، وكمان استقطاع الضرائب والتأمينات؟
2052	يعني مين المسؤول عن حساب المرتب وصرفه، وكمان استقطاع الضرائب والتأمينات؟
2053	طيب، مين المسؤول عن حساب المرتب وصرفه، وكمان استقطاع الضرائب والتأمينات؟
2054	بصراحة، مين المسؤول عن حساب المرتب وصرفه، وكمان استقطاع الضرائب والتأمينات؟
2055	لو سمحت، مين المسؤول عن حساب المرتب وصرفه، وكمان استقطاع الضرائب والتأمينات؟
2056	ممكن أعرف مين المسؤول عن حساب المرتب وصرفه، وكمان استقطاع الضرائب والتأمينات؟
2057	يا ترى مين اللي بيتولى مهمة تجهيز المرتبات ودفعها، وكمان بيخصم الضرائب والتأمين؟
2058	يعني يا ترى مين اللي بيتولى مهمة تجهيز المرتبات ودفعها، وكمان بيخصم الضرائب والتأمين؟
2059	طيب، يا ترى مين اللي بيتولى مهمة تجهيز المرتبات ودفعها، وكمان بيخصم الضرائب والتأمين؟
2060	بصراحة، يا ترى مين اللي بيتولى مهمة تجهيز المرتبات ودفعها، وكمان بيخصم الضرائب والتأمين؟
2061	لو سمحت، يا ترى مين اللي بيتولى مهمة تجهيز المرتبات ودفعها، وكمان بيخصم الضرائب والتأمين؟
2062	ممكن أعرف يا ترى مين اللي بيتولى مهمة تجهيز المرتبات ودفعها، وكمان بيخصم الضرائب والتأمين؟
2063	مين الجهة أو الشخص اللي بيقوم بعملية احتساب الرواتب ودفعها، وكمان بيشيل مسؤولية الضرائب والتأمينات؟
2064	يعني مين الجهة أو الشخص اللي بيقوم بعملية احتساب الرواتب ودفعها، وكمان بيشيل مسؤولية الضرائب والتأمينات؟
2065	طيب، مين الجهة أو الشخص اللي بيقوم بعملية احتساب الرواتب ودفعها، وكمان بيشيل مسؤولية الضرائب والتأمينات؟
2066	بصراحة، مين الجهة أو الشخص اللي بيقوم بعملية احتساب الرواتب ودفعها، وكمان بيشيل مسؤولية الضرائب والتأمينات؟
2067	لو سمحت، مين الجهة أو الشخص اللي بيقوم بعملية احتساب الرواتب ودفعها، وكمان بيشيل مسؤولية الضرائب والتأمينات؟
2068	ممكن أعرف مين الجهة أو الشخص اللي بيقوم بعملية احتساب الرواتب ودفعها، وكمان بيشيل مسؤولية الضرائب والتأمينات؟
2069	مين بالظبط اللي بيعمل حساب المرتب ويدينا الفلوس، وكمان هو اللي بيدفع الضرائب والتأمين بدلنا؟
2070	يعني مين بالظبط اللي بيعمل حساب المرتب ويدينا الفلوس، وكمان هو اللي بيدفع الضرائب والتأمين بدلنا؟
2071	طيب، مين بالظبط اللي بيعمل حساب المرتب ويدينا الفلوس، وكمان هو اللي بيدفع الضرائب والتأمين بدلنا؟
2072	بصراحة، مين بالظبط اللي بيعمل حساب المرتب ويدينا الفلوس، وكمان هو اللي بيدفع الضرائب والتأمين بدلنا؟
2073	لو سمحت، مين بالظبط اللي بيعمل حساب المرتب ويدينا الفلوس، وكمان هو اللي بيدفع الضرائب والتأمين بدلنا؟
2074	ممكن أعرف مين بالظبط اللي بيعمل حساب المرتب ويدينا الفلوس، وكمان هو اللي بيدفع الضرائب والتأمين بدلنا؟
2075	مين اللي ماسك حسابات المرتبات وبيصرفها لينا، وياخد باله من قصة الضرايب والتأمين دي؟
2076	يعني مين اللي ماسك حسابات المرتبات وبيصرفها لينا، ويأخذ باله من قصة الضرايب والتأمين دي؟
2077	طيب، مين اللي ماسك حسابات المرتبات وبيصرفها لينا، ويستحق باله من قصة الضرايب والتأمين دي؟
2078	بصراحة، مين اللي ماسك حسابات المرتبات وبيصرفها لينا، وياخد باله من قصة الضرايب والتأمين دي؟
2079	لو سمحت، مين اللي ماسك حسابات المرتبات وبيصرفها لينا، وياخد باله من قصة الضرايب والتأمين دي؟
2080	ممكن أعرف مين اللي يتولى حسابات المرتبات وبيصرفها لينا، وياخد باله من قصة الضرايب والتأمين دي؟
2081	لو صاحب الشغل اتأخر في صرف المرتب كام يوم، القانون قال إيه؟
2082	يعني لو صاحب الشغل اتأخر في صرف المرتب كام يوم، القانون ذكر إيه؟
2083	طيب، لو صاحب الشركة اتأخر في صرف المرتب كام يوم، القانون قال أي؟
2084	بصراحة، لو صاحب الشغل اتأخر في صرف المرتب كام يوم، القانون قال ماذا؟
2085	لو سمحت، لو صاحب الشغل اتأخر في صرف المرتب كام يوم، النظام قال أي؟
2086	ممكن أعرف لو صاحب الشغل اتأخر في صرف المرتب كام يوم، القانون نص أي؟
2087	إيه موقف القانون لو المرتب اتأخر عن ميعاده كام يوم من صاحب الشغل؟
2088	يعني إيه موقف القانون لو المرتب اتأخر عن ميعاده كام يوم من صاحب الشغل؟
2089	طيب، إيه موقف التشريع لو المرتب اتأخر عن ميعاده كام يوم من صاحب المؤسسة؟
2090	بصراحة، ما هو موقف القانون لو المرتب اتأخر عن ميعاده كام يوم من صاحب الشغل؟
2091	لو سمحت، إيه موقف القانون لو المرتب اتأخر عن ميعاده كام يوم من صاحب الشغل؟
2092	ممكن أعرف إيه موقف الشرع لو المرتب اتأخر عن ميعاده أد إيه يوم من صاحب الشغل؟
2093	لو الشركة أو صاحب العمل مِسَلَّمِش المرتب في وقته، القانون بيحمي العامل إزاي؟
2094	يعني لو الشركة أو صاحب الدوام مِسَلَّمِش المرتب في وقته، القانون بيحمي العامل إزاي؟
2095	طيب، لو الشركة أو صاحب العمل مِسَلَّمِش المرتب في وقته، القانون بيحمي العامل إزاي؟
2096	بصراحة، لو الشركة أو صاحب العمل مِسَلَّمِش المرتب في وقته، التشريع بيحمي العامل إزاي؟
2097	لو سمحت، لو الشركة أو صاحب العمل مِسَلَّمِش المرتب في وقته، النظام بيحمي العامل إزاي؟
2098	ممكن أعرف لو الشركة أو صاحب الشغل مِسَلَّمِش المرتب في وقته، القانون بيحمي العامل إزاي؟
2099	لو صاحب الشغل معطلش المرتب في الميعاد المتفق عليه، القانون بيقول إيه حقوقي؟
2100	يعني لو صاحب الشغل معطلش المرتب في الميعاد المتفق عليه، الشرع بيقول ما هو حقوقي؟
2101	طيب، لو صاحب الشغل معطلش المرتب في الميعاد المتفق عليه، القانون بيقول إيه حقوقي؟
2102	بصراحة، لو صاحب الوظيفة معطلش المرتب في الميعاد المتفق عليه، القانون بيقول أي حقوقي؟
2103	لو سمحت، لو صاحب الشغل معطلش المرتب في الميعاد المتفق عليه، القانون بيقول إيه حقوقي؟
2104	ممكن أعرف لو صاحب الوظيفة معطلش المرتب في الميعاد المتفق عليه، القانون بيقول ماذا حقوقي؟
2105	لو فيه تأخير في قبض المرتب من الشغل، القانون بيحدد مدة سماح قد إيه قبل ما أقدر أشتكي؟
2106	يعني لو فيه تأخير في قبض المرتب من الشركة، القانون بيحدد مدة سماح قد إيه قبل ما أقدر أشتكي؟
2107	طيب، لو فيه تأخير في قبض المرتب من الشغل، القانون بيحدد مدة سماح قد ماذا قبل ما أقدر أشتكي؟
2108	بصراحة، لو فيه تأخير في قبض المرتب من الوظيفة، التشريع بيحدد مدة سماح قد إيه قبل ما أقدر أشتكي؟
2109	لو سمحت، لو فيه تأخير في قبض المرتب من الوظيفة، القانون بيحدد مدة سماح قد إيه قبل ما أقدر أشتكي؟
2110	ممكن أعرف لو فيه تأخير في قبض المرتب من الشركة، القانون بيحدد مدة سماح قد ما هو قبل ما أقدر أشتكي؟
2111	ايه اللي ممكن يحصل لو صاحب الشغل اخر صرف المرتب؟ وايه الاجراءات اللي القانون بيحمي بيها العامل؟
2112	يعني ايه اللي ممكن يحصل لو صاحب الشركة اخر صرف المرتب؟ وايه الاجراءات اللي القانون بيحمي بيها العامل؟
2113	طيب، ايه اللي مسموح يحصل لو صاحب الشغل اخر صرف المرتب؟ وايه الاجراءات اللي النظام بيحمي بيها العامل؟
2114	بصراحة، ايه اللي ممكن يحصل لو صاحب العمل اخر صرف المرتب؟ وايه الاجراءات اللي النظام بيحمي بيها العامل؟
2115	لو سمحت، ايه اللي ممكن يحصل لو صاحب المؤسسة اخر صرف المرتب؟ وايه الاجراءات اللي القانون بيحمي بيها العامل؟
2116	ممكن أعرف ايه اللي يمكن يحصل لو صاحب الشغل اخر صرف المرتب؟ وايه الاجراءات اللي القانون بيحمي بيها العامل؟
2117	رصيد المرتب اللي ما استلمتش، يترحل للسنة اللي بعدها ولا يُعوض؟
2118	يعني رصيد المرتب اللي ما استلمتش، يترحل للسنة اللي بعدها ولا يُعوض؟
2119	طيب، رصيد المرتب اللي ما استلمتش، يترحل للسنة اللي عقبها ولا يُعوض؟
2120	بصراحة، رصيد المرتب اللي ما استلمتش، يترحل للسنة اللي بعدها ولا يُعوض؟
2121	لو سمحت، رصيد المرتب اللي ما استلمتش، يترحل للسنهة اللي بعدها ولا يُعوض؟
2122	ممكن أعرف رصيد المرتب اللي ما استلمتش، يترحل للسنة اللي بعدها ولا يُعوض؟
2123	الفلوس بتاعة مرتبي اللي لسه ما قبضتهاش، بتختفي ولا بتضاف على مرتب السنة الجاية؟
2124	يعني الفلوس بتاعة مرتبي اللي لسه ما قبضتهاش، بتختفي ولا بتضاف على مرتب السنهة الجاية؟
2125	طيب، الفلوس بتاعة مرتبي اللي لسه ما قبضتهاش، بتختفي ولا بتضاف على مرتب السنة الجاية؟
2126	بصراحة، الفلوس بتاعة مرتبي اللي لسه ما قبضتهاش، بتختفي ولا بتضاف على مرتب السنة الجاية؟
2127	لو سمحت، الفلوس بتاعة مرتبي اللي لسه ما قبضتهاش، بتختفي ولا بتضاف على مرتب السنة الجاية؟
2128	ممكن أعرف الفلوس بتاعة مرتبي اللي لسه ما قبضتهاش، بتختفي ولا بتضاف على مرتب العمرة الجاية؟
2129	مرتبي اللي فاضل ومخدتوش، بيروح عليا ولا بينزل مع مرتب السنة الجديدة؟
2130	يعني مرتبي اللي فاضل ومخدتوش، بيروح عليا ولا بينزل مع مرتب السنة الجديدة؟
2131	طيب، مرتبي اللي فاضل ومخدتوش، بيروح عليا ولا بينزل مع مرتب العمرة الجديدة؟
2132	بصراحة، مرتبي اللي فاضل ومخدتوش، بيروح عليا ولا بينزل مع مرتب السنة الجديدة؟
2133	لو سمحت، مرتبي اللي فاضل ومخدتوش، بيروح عليا ولا بينزل مع مرتب السنة الجديدة؟
2134	ممكن أعرف مرتبي اللي فاضل ومخدتوش، بيروح عليا ولا بينزل مع مرتب السنة الجديدة؟
2135	لو فيه جزء من مرتبي مخدتوش في وقته، كده خلاص خسرت الفلوس دي ولا هتنحسب ليا بعدين؟
2136	يعني لو فيه جزء من مرتبي مخدتوش في وقته، كده خلاص خسرت الفلوس دي ولا هتنحسب ليا بعدين؟
2137	طيب، لو فيه جزء من مرتبي مخدتوش في وقته، كده خلاص خسرت الفلوس دي ولا هتنحسب ليا بعدين؟
2138	بصراحة، لو فيه جزء من مرتبي مخدتوش في وقته، كده خلاص خسرت الفلوس دي ولا هتنحسب ليا عقبين؟
2139	لو سمحت، لو فيه جزء من مرتبي مخدتوش في وقته، كده خلاص خسرت الفلوس دي ولا هتنحسب ليا بعدين؟
2140	ممكن أعرف لو فيه جزء من مرتبي مخدتوش في وقته، كده خلاص خسرت الفلوس دي ولا هتنحسب ليا بعدين؟
2141	باقي حساب مرتبي اللي ما قبضتوش، بيضيع ولا هينزل لي تعويض بيه السنة اللي جاية؟
2142	يعني باقي حساب مرتبي اللي ما قبضتوش، بيضيع ولا هينزل لي تعويض بيه السنة اللي جاية؟
2143	طيب، باقي حساب مرتبي اللي ما قبضتوش، بيضيع ولا هينزل لي تعويض بيه العمرة اللي جاية؟
2144	بصراحة، باقي حساب مرتبي اللي ما قبضتوش، بيضيع ولا هينزل لي تعويض بيه العمرة اللي جاية؟
2145	لو سمحت، باقي حساب مرتبي اللي ما قبضتوش، بيضيع ولا هينزل لي تعويض بيه السنهة اللي جاية؟
2146	ممكن أعرف باقي حساب مرتبي اللي ما قبضتوش، بيضيع ولا هينزل لي تعويض بيه السنة اللي جاية؟
2147	الجزء اللي اتبقى لي من مرتبي اللي ما صرفتوش، بيروح كده على الشركة ولا هيرجع لي في مرتب السنة الجديدة؟
2148	يعني الجزء اللي اتبقى لي من مرتبي اللي ما صرفتوش، بيروح كده على الشركة ولا هيرجع لي في مرتب السنة الجديدة؟
2149	طيب، الجزء اللي اتبقى لي من مرتبي اللي ما صرفتوش، بيروح كده على الشركة ولا هيرجع لي في مرتب السنة الجديدة؟
2150	بصراحة، الجزء اللي اتبقى لي من مرتبي اللي ما صرفتوش، بيروح كده على الشركة ولا هيرجع لي في مرتب العمرة الجديدة؟
2151	لو سمحت، الجزء اللي اتبقى لي من مرتبي اللي ما صرفتوش، بيروح كده على الشركة ولا هيرجع لي في مرتب السنة الجديدة؟
2152	ممكن أعرف الجزء اللي اتبقى لي من مرتبي اللي ما صرفتوش، بيروح كده على الشركة ولا هيرجع لي في مرتب السنهة الجديدة؟
2153	الأجر الإضافي (ساعات العمل الإضافية) بيتحسب بنسبة كام ليلًا ونهارًا؟
2154	يعني الأجر الإضافي (ساعات الوظيفة الإضافية) بيتُحسب بنسبة كم ليلًا ونهارًا؟
2155	طيب، الأجر الإضافي (ساعات العمل الإضافية) بيتُعد بنسبة أد إيه ليلًا ونهارًا؟
2156	بصراحة، الأجر الإضافي (وقت الوظيفة الإضافية) بيتُعد بنسبة كام ليلًا ونهارًا؟
2157	لو سمحت، الأجر الإضافي (ساعات العمل الإضافية) بيتُعتبر بنسبة كام ليلًا ونهارًا؟
2158	ممكن أعرف الأجر الإضافي (ساعات العمل الإضافية) بيتحسب بنسبة إيه كم ليلًا ونهارًا؟
2159	بالليل والنهار، الساعة الزيادة في الشغل بتتحسب بضرب الأجر الأساسي في كام؟ (تركيز على طريقة حساب الأجر الإضافي)
2160	يعني بالليل والنهار، الساعة الزيادة في الشغل تعتبر بضرب الأجر الأساسي في إيه عدد؟ (تركيز على طريقة حساب الأجر الإضافي)؟
2161	طيب، بالليل والنهار، الساعة الزيادة في الوظيفة تحسب بضرب الأجر الأساسي في كم؟ (تركيز على طريقة حساب الأجر الإضافي)؟
2162	بصراحة، بالليل والنهار، الساعة الزيادة في المؤسسة بتتضاف بضرب الأجر الأساسي في إيه عدد؟ (تركيز على طريقة حساب الأجر الإضافي)؟
2163	لو سمحت، بالليل والنهار، الساعة الزيادة في الشغل بتعتبر بضرب الأجر الأساسي في كام؟ (تركيز على طريقة حساب الأجر الإضافي)؟
2164	ممكن أعرف بالليل والنهار، الساعة الزيادة في الشغل بتتُحسب بضرب الأجر الأساسي في كام؟ (تركيز على طريقة حساب الأجر الإضافي)؟
2165	"لو اشتغلت وقت إضافي، باخد كام ضعف أجري الأساسي على الساعة، سواء كان بالنهار أو بالليل؟ (تركيز على مفهوم ""كم ضعف الأجر"")"
2166	"يعني لو اشتغلت وقت إضافي، باخد كام ضعف أجري الأساسي على الساعة، سواء كان بالنهار أو بالليل؟ (تركيز على مفهوم ""كم ضعف الأجر"")؟"
2167	"طيب، لو اشتغلت وقت إضافي، باخد كام ضعف أجري الأساسي على الساعة، سواء كان بالنهار أو بالليل؟ (تركيز على مفهوم ""كم ضعف الأجر"")؟"
2168	"بصراحة، لو اشتغلت وقت إضافي، باخد أد إيه ضعف أجري الأساسي على الساعة، سواء كان بالنهار أو بالليل؟ (تركيز على مفهوم ""كم ضعف الأجر"")؟"
2169	"لو سمحت، لو اشتغلت وقت إضافي، باخد أي عدد ضعف أجري الأساسي على الساعة، سواء كان بالنهار أو بالليل؟ (تركيز على مفهوم ""كم ضعف الأجر"")؟"
2170	"ممكن أعرف لو اشتغلت وقت إضافي، باخد كام ضعف أجري الأساسي على الساعة، سواء كان بالنهار أو بالليل؟ (تركيز على مفهوم ""كم ضعف الأجر"")؟"
2171	"يا ترى مكافأة الشغل الإضافي (أوفر تايم) بتكون قد إيه بالنسبة للأجر العادي، لو اشتغلت بالليل أو بالنهار؟ (استخدام مصطلح ""مكافأة"" و ""أوفر تايم"")"
2172	"يعني يا ترى مكافأة الشغل الإضافي (أوفر تايم) بتكون قد ما هو بالنسبة للأجر العادي، لو اشتغلت بالليل أو بالنهار؟ (استخدام مصطلح ""مكافأة"" و ""أوفر تايم"")؟"
2173	"طيب، يا ترى مكافأة الوظيفة الإضافي (أوفر تايم) بتكون قد إيه بالنسبة للأجر العادي، لو اشتغلت بالليل أو بالنهار؟ (استخدام مصطلح ""مكافأة"" و ""أوفر تايم"")؟"
2174	"بصراحة، يا ترى مكافأة الشغل الإضافي (أوفر تايم) بتكون قد إيه بالنسبة للأجر العادي، لو اشتغلت بالليل أو بالنهار؟ (استخدام مصطلح ""مكافأة"" و ""أوفر تايم"")؟"
2175	"لو سمحت، يا ترى مكافأة العمل الإضافي (أوفر تايم) بتكون قد ما هو بالنسبة للأجر العادي، لو اشتغلت بالليل أو بالنهار؟ (استخدام مصطلح ""مكافأة"" و ""أوفر تايم"")؟"
2176	"ممكن أعرف يا ترى مكافأة الشغل الإضافي (أوفر تايم) بتكون قد إيه بالنسبة للأجر العادي، لو اشتغلت بالليل أو بالنهار؟ (استخدام مصطلح ""مكافأة"" و ""أوفر تايم"")؟"
2177	"يعني لو عملت شيفت زيادة، بيحسبولي الساعة الإضافية بكام في المية من مرتبي الأصلي؟ ده بيختلف لو بالليل أو بالنهار؟ (تركيز على ""نسبة مئوية"" من الراتب الأصلي)"
2178	"يعني لو عملت شيفت زيادة، بيحسبولي الساعة الإضافية بكام في المية من مرتبي الأصلي؟ ده بيختلف لو بالليل أو بالنهار؟ (تركيز على ""نسبة مئوية"" من الراتب الأصلي)؟"
2179	"طيب، يعني لو عملت شيفت زيادة، بيحسبولي الساعة الإضافية بكام في المية من مرتبي الأصلي؟ ده بيختلف لو بالليل أو بالنهار؟ (تركيز على ""نسبة مئوية"" من الراتب الأصلي)؟"
2180	"بصراحة، يعني لو عملت شيفت زيادة، بيحسبولي الساعة الإضافية بكام في المية من مرتبي الأصلي؟ ده بيختلف لو بالليل أو بالنهار؟ (تركيز على ""نسبة مئوية"" من الراتب الأصلي)؟"
2181	"لو سمحت، يعني لو عملت شيفت زيادة، بيحسبولي الساعة الإضافية بأد إيه في المية من مرتبي الأصلي؟ ده بيختلف لو بالليل أو بالنهار؟ (تركيز على ""نسبة مئوية"" من الراتب الأصلي)؟"
2182	"ممكن أعرف يعني لو عملت شيفت زيادة، بيحسبولي الساعة الإضافية بكام في المية من مرتبي الأصلي؟ ده بيختلف لو بالليل أو بالنهار؟ (تركيز على ""نسبة مئوية"" من الراتب الأصلي)؟"
2183	"إيه هو المعدل اللي بيضربوا فيه الأجر بتاعي لما اشتغل ساعات زيادة، وهل المعدل ده ثابت بالنهار والليل ولا بيختلف؟ (تركيز على مفهوم ""المعدل"" المستخدم في الحساب)"
2184	"يعني إيه هو المعدل اللي بيضربوا فيه الأجر بتاعي لما اشتغل ساعة زيادة، وهل المعدل ده ثابت بالنهار والليل ولا بيختلف؟ (تركيز على مفهوم ""المعدل"" المستخدم في الحساب)؟"
2185	"طيب، إيه هو المعدل اللي بيضربوا فيه الأجر بتاعي لما اشتغل ساعات زيادة، وهل المعدل ده ثابت بالنهار والليل ولا بيختلف؟ (تركيز على مفهوم ""المعدل"" المستخدم في الحساب)؟"
2186	"بصراحة، ماذا هو المعدل اللي بيضربوا فيه الأجر بتاعي لما اشتغل وقت زيادة، وهل المعدل ده ثابت بالنهار والليل ولا بيختلف؟ (تركيز على مفهوم ""المعدل"" المستخدم في الحساب)؟"
2187	"لو سمحت، إيه هو المعدل اللي بيضربوا فيه الأجر بتاعي لما اشتغل ساعات زيادة، وهل المعدل ده ثابت بالنهار والليل ولا بيختلف؟ (تركيز على مفهوم ""المعدل"" المستخدم في الحساب)؟"
2188	"ممكن أعرف ماذا هو المعدل اللي بيضربوا فيه الأجر بتاعي لما اشتغل ساعات زيادة، وهل المعدل ده ثابت بالنهار والليل ولا بيختلف؟ (تركيز على مفهوم ""المعدل"" المستخدم في الحساب)؟"
2189	الخصومات: الحد الأقصى للخصم من المرتب كام؟
2190	يعني الخصومات: الحد الأقصى للخصم من المرتب كم؟
2191	طيب، الخصومات: الحد الأقصى للخصم من المرتب كام؟
2192	بصراحة، الخصومات: الحد الأقصى للخصم من المرتب كام؟
2193	لو سمحت، الخصومات: الحد الأقصى للخصم من المرتب كم؟
2194	ممكن أعرف الخصومات: الحد الأقصى للخصم من المرتب قد ماذا؟
2195	أقصى مبلغ ممكن يتخصم من المرتب أد إيه؟ (أد إيه = كم)
2196	يعني أقصى مبلغ ممكن يتخصم من المرتب أد أي؟ (أد إيه = كم)؟
2197	طيب، أقصى مبلغ ممكن يتخصم من المرتب أد إيه؟ (أد إيه = كم)؟
2198	بصراحة، أقصى مبلغ ممكن يتخصم من المرتب أد إيه؟ (أد إيه = كم)؟
2199	لو سمحت، أقصى مبلغ ممكن يتخصم من المرتب أد أي؟ (أد إيه = كم)؟
2200	ممكن أعرف أقصى مبلغ يجوز يتخصم من المرتب أد ماذا؟ (أد إيه = كم)؟
2201	يا ترى، الخصومات متوصلش لفين من المرتب؟ يعني أعلى نسبة خصم كام؟
2202	يعني يا ترى، الخصومات متوصلش لفين من المرتب؟ يعني أعلى نسبة خصم كام؟
2203	طيب، يا ترى، الخصومات متوصلش لفين من المرتب؟ يعني أعلى نسبة خصم كم؟
2204	بصراحة، يا ترى، الخصومات متوصلش لفين من المرتب؟ يعني أعلى نسبة خصم كام؟
2205	لو سمحت، يا ترى، الخصومات متوصلش لفين من المرتب؟ يعني أعلى نسبة خصم كام؟
2206	ممكن أعرف يا ترى، الخصومات متوصلش لفين من المرتب؟ يعني أعلى نسبة خصم أد إيه؟
2207	ممكن أعرف أقصى قيمة للخصومات اللي ممكن تتسحب من مرتبي؟
2208	يعني يجوز أعرف أقصى قيمة للخصومات اللي ممكن تتسحب من مرتبي؟
2209	طيب، يجوز أعرف أقصى قيمة للخصومات اللي ممكن تتسحب من مرتبي؟
2210	بصراحة، ممكن أعرف أقصى قيمة للخصومات اللي ممكن تتسحب من مرتبي؟
2211	لو سمحت، ممكن أعرف أقصى قيمة للخصومات اللي ممكن تتسحب من مرتبي؟
2212	ممكن أعرف ينفع أعرف أقصى قيمة للخصومات اللي ممكن تتسحب من مرتبي؟
2213	فيه ليميت للخصومات اللي بتنزل من المرتب ولا ممكن تتخصم أي حاجة؟ لو فيه، الليميت ده كام؟
2214	يعني فيه ليميت للخصومات اللي بتنزل من المرتب ولا مباح تتخصم أي حاجة؟ لو فيه، الليميت ده كام؟
2215	طيب، فيه ليميت للخصومات اللي بتنزل من المرتب ولا ممكن تتخصم أي حاجة؟ لو فيه، الليميت ده كام؟
2216	بصراحة، فيه ليميت للخصومات اللي بتنزل من المرتب ولا ممكن تتخصم أي حاجة؟ لو فيه، الليميت ده كم؟
2217	لو سمحت، فيه ليميت للخصومات اللي بتنزل من المرتب ولا ممكن تتخصم أي حاجة؟ لو فيه، الليميت ده كام؟
2218	ممكن أعرف فيه ليميت للخصومات اللي بتنزل من المرتب ولا يمكن تتخصم أي حاجة؟ لو فيه، الليميت ده قد إيه؟
2219	يعني أخر الخصومات اللي ممكن تتخصم من الراتب كام بالظبط؟ إيه الحد الأقصى؟
2220	يعني أخر الخصومات اللي ممكن تتخصم من الراتب كام بالظبط؟ ماذا الحد الأقصى؟
2221	طيب، يعني أخر الخصومات اللي يجوز تتخصم من الراتب كام بالظبط؟ إيه الحد الأقصى؟
2222	بصراحة، يعني أخر الخصومات اللي مسموح تتخصم من الراتب كام بالظبط؟ إيه الحد الأقصى؟
2223	لو سمحت، يعني أخر الخصومات اللي ينفع تتخصم من الراتب كم بالظبط؟ ماذا الحد الأقصى؟
2224	ممكن أعرف يعني أخر الخصومات اللي ممكن تتخصم من الراتب كام بالظبط؟ أي الحد الأقصى؟
2225	لو دربتني الشركة وفي عقد اتفقت أرجع فلوس التدريب لو استقلت، القانون بيخليها إيه؟
2226	يعني لو دربتني الشركة وفي عقد اتفقت أرجع فلوس التدريب لو استقلت، القانون بيخليها أي؟
2227	طيب، لو دربتني الشركة وفي عقد اتفقت أرجع فلوس التدريب لو استقلت، القانون بيخليها إيه؟
2228	بصراحة، لو دربتني الشركة وفي عقد اتفقت أرجع فلوس التدريب لو استقلت، القانون بيخليها ماذا؟
2229	لو سمحت، لو دربتني الشركة وفي عقد اتفقت أرجع فلوس التدريب لو استقلت، القانون بيخليها ما هو؟
2230	ممكن أعرف لو دربتني الشركة وفي عقد اتفقت أرجع فلوس التدريب لو استقلت، القانون بيخليها ما هو؟
2231	أنا لو أخدت كورس تبع الشركة و فيه بند في العقد بيقول إني لو مشيت قبل مدة معينة هدفع تمن الكورس، القانون بيقول إيه في الموضوع ده؟ (يركز على تفاصيل أكثر حول الكورس والبند في العقد).
2232	يعني أنا لو أخدت كورس تبع الشركة و فيه بند في العقد بيقول إني لو مشيت قبل مدة معينة هدفع تمن الكورس، الشرع بيقول إيه في الموضوع ده؟ (يركز على تفاصيل أكثر حول الكورس والبند في العقد).؟
2233	طيب، أنا لو أخدت كورس تبع الشركة و فيه بند في العقد بيقول إني لو مشيت قبل مدة معينة هدفع تمن الكورس، القانون بيقول إيه في الموضوع ده؟ (يركز على تفاصيل أكثر حول الكورس والبند في العقد).؟
2234	بصراحة، أنا لو أخدت كورس تبع الشركة و فيه بند في العقد بيقول إني لو مشيت قبل مدة معينة هدفع تمن الكورس، القانون بيقول ما هو في الموضوع ده؟ (يركز على تفاصيل أكثر حول الكورس والبند في العقد).؟
2235	لو سمحت، أنا لو أخدت كورس تبع الشركة و فيه بند في العقد بيقول إني لو مشيت قبل مدة معينة هدفع تمن الكورس، القانون بيقول ما هو في الموضوع ده؟ (يركز على تفاصيل أكثر حول الكورس والبند في العقد).؟
2236	ممكن أعرف أنا لو أخدت كورس تبع الشركة و فيه بند في العقد بيقول إني لو مشيت قبل مدة معينة هدفع تمن الكورس، القانون بيقول إيه في الموضوع ده؟ (يركز على تفاصيل أكثر حول الكورس والبند في العقد).؟
2237	"يعني لو الشركة عملتلي تأهيل أو تدريب، و أنا مضيت على ورق إني هدفع تمن التدريب ده لو سبت الشغل بدري، الكلام ده يمشي قانونًا ولا إيه؟ (يستخدم كلمة ""تأهيل"" بدلاً من ""تدريب"" ويؤكد على توقيع الأوراق)."
2238	"يعني لو الشركة عملتلي تأهيل أو تدريب، و أنا مضيت على ورق إني هدفع تمن التدريب ده لو سبت الشغل بدري، الكلام ده يمشي قانونًا ولا ماذا؟ (يستخدم كلمة ""تأهيل"" بدلاً من ""تدريب"" ويؤكد على توقيع الأوراق).؟"
2239	"طيب، يعني لو الشركة عملتلي تأهيل أو تدريب، و أنا مضيت على ورق إني هدفع تمن التدريب ده لو سبت الشركة بدري، الكلام ده يمشي قانونًا ولا إيه؟ (يستخدم كلمة ""تأهيل"" بدلاً من ""تدريب"" ويؤكد على توقيع الأوراق).؟"
2240	"بصراحة، يعني لو الشركة عملتلي تأهيل أو تدريب، و أنا مضيت على ورق إني هدفع تمن التدريب ده لو سبت الشغل بدري، الكلام ده يمشي قانونًا ولا أي؟ (يستخدم كلمة ""تأهيل"" بدلاً من ""تدريب"" ويؤكد على توقيع الأوراق).؟"
2241	"لو سمحت، يعني لو الشركة عملتلي تأهيل أو تدريب، و أنا مضيت على ورق إني هدفع تمن التدريب ده لو سبت الشغل بدري، الكلام ده يمشي قانونًا ولا ما هو؟ (يستخدم كلمة ""تأهيل"" بدلاً من ""تدريب"" ويؤكد على توقيع الأوراق).؟"
2242	"ممكن أعرف يعني لو الشركة عملتلي تأهيل أو تدريب، و أنا مضيت على ورق إني هدفع تمن التدريب ده لو سبت الشركة بدري، الكلام ده يمشي قانونًا ولا أي؟ (يستخدم كلمة ""تأهيل"" بدلاً من ""تدريب"" ويؤكد على توقيع الأوراق).؟"
2243	"فيه تدريب خدته من الشركة بتاعتي، والعقد فيه شرط جزائي إني لو استقيلت قبل ما أخلص مدة معينة أدفع فلوس التدريب. إيه وضع الشرط ده من ناحية القانون؟ (يستخدم مصطلح ""شرط جزائي"" لإضافة دقة قانونية أكثر)."
2244	"يعني فيه تدريب خدته من الشركة بتاعتي، والعقد فيه شرط جزائي إني لو استقيلت قبل ما أخلص مدة معينة أدفع فلوس التدريب. أي وضع الشرط ده من ناحية القانون؟ (يستخدم مصطلح ""شرط جزائي"" لإضافة دقة قانونية أكثر).؟"
2245	"طيب، فيه تدريب خدته من الشركة بتاعتي، والعقد فيه شرط جزائي إني لو استقيلت قبل ما أخلص مدة معينة أدفع فلوس التدريب. إيه وضع الشرط ده من ناحية النظام؟ (يستخدم مصطلح ""شرط جزائي"" لإضافة دقة قانونية أكثر).؟"
2246	"بصراحة، فيه تدريب خدته من الشركة بتاعتي، والعقد فيه شرط جزائي إني لو استقيلت قبل ما أخلص مدة معينة أدفع فلوس التدريب. إيه وضع الشرط ده من ناحية التشريع؟ (يستخدم مصطلح ""شرط جزائي"" لإضافة دقة قانونية أكثر).؟"
2247	"لو سمحت، فيه تدريب خدته من الشركة بتاعتي، والعقد فيه شرط جزائي إني لو استقيلت قبل ما أخلص مدة معينة أدفع فلوس التدريب. أي وضع الشرط ده من ناحية التشريع؟ (يستخدم مصطلح ""شرط جزائي"" لإضافة دقة قانونية أكثر).؟"
2248	"ممكن أعرف فيه تدريب خدته من الشركة بتاعتي، والعقد فيه شرط جزائي إني لو استقيلت قبل ما أخلص مدة معينة أدفع فلوس التدريب. إيه وضع الشرط ده من ناحية النظام؟ (يستخدم مصطلح ""شرط جزائي"" لإضافة دقة قانونية أكثر).؟"
2249	لو الشركة عملتلي كورسات ودفعتلي فلوسها، وفي العقد مكتوب إني لو سبتهم قبل مدة محددة هرجع الفلوس دي، القانون بيسمح بكده ولا لأ؟ (يركز على أن الشركة هي التي دفعت تكاليف الكورسات).
2250	يعني لو الشركة عملتلي كورسات ودفعتلي فلوسها، وفي العقد مكتوب إني لو سبتهم قبل مدة مُحددة هرجع الفلوس دي، الشرع بيسمح بكده ولا لأ؟ (يركز على أن الشركة هي التي دفعت تكاليف الكورسات).؟
2251	طيب، لو الشركة عملتلي كورسات ودفعتلي فلوسها، وفي العقد مكتوب إني لو سبتهم قبل مدة خاصة هرجع الفلوس دي، القانون بيسمح بكده ولا لأ؟ (يركز على أن الشركة هي التي دفعت تكاليف الكورسات).؟
2252	بصراحة، لو الشركة عملتلي كورسات ودفعتلي فلوسها، وفي العقد مكتوب إني لو سبتهم قبل مدة خاصة هرجع الفلوس دي، الشرع بيسمح بكده ولا لأ؟ (يركز على أن الشركة هي التي دفعت تكاليف الكورسات).؟
2253	لو سمحت، لو الشركة عملتلي كورسات ودفعتلي فلوسها، وفي العقد مكتوب إني لو سبتهم قبل مدة محددة هرجع الفلوس دي، التشريع بيسمح بكده ولا لأ؟ (يركز على أن الشركة هي التي دفعت تكاليف الكورسات).؟
2254	ممكن أعرف لو الشركة عملتلي كورسات ودفعتلي فلوسها، وفي العقد مكتوب إني لو سبتهم قبل مدة محددة هرجع الفلوس دي، التشريع بيسمح بكده ولا لأ؟ (يركز على أن الشركة هي التي دفعت تكاليف الكورسات).؟
2255	أنا دخلت تدريب تبع الشركة، بس خايف أمشي بعد كده عشان العقد بيقول إني هرجع تمن التدريب لو استقلت. إيه اللي القانون بيقول عليه في حالة زي دي؟ (يعبر عن القلق بشأن الاستقالة المحتملة).
2256	يعني أنا دخلت تدريب تبع الشركة، بس خايف أمشي بعد كده عشان العقد بيقول إني هرجع تمن التدريب لو استقلت. إيه اللي القانون بيقول عليه في حالة زي دي؟ (يعبر عن القلق بشأن الاستقالة المحتملة).؟
2257	طيب، أنا دخلت تدريب تبع الشركة، بس خايف أمشي بعد كده عشان العقد بيقول إني هرجع تمن التدريب لو استقلت. إيه اللي القانون بيقول عليه في حالة زي دي؟ (يعبر عن القلق بشأن الاستحددة المحتملة).؟
2258	بصراحة، أنا دخلت تدريب تبع الشركة، بس خايف أمشي عقب كده عشان العقد بيقول إني هرجع تمن التدريب لو استقلت. إيه اللي القانون بيقول عليه في حالة زي دي؟ (يعبر عن القلق بشأن الاستحددة المحتملة).؟
2259	لو سمحت، أنا دخلت تدريب تبع الشركة، بس خايف أمشي بعد كده عشان العقد بيقول إني هرجع تمن التدريب لو استقلت. ما هو اللي التشريع بيقول عليه في حالة زي دي؟ (يعبر عن القلق بشأن الاستنصة المحتملة).؟
2260	ممكن أعرف أنا دخلت تدريب تبع الشركة، بس خايف أمشي بعد كده عشان العقد بيقول إني هرجع تمن التدريب لو استقلت. إيه اللي القانون بيقول عليه في حالة زي دي؟ (يعبر عن القلق بشأن الاستحددة المحتملة).؟
2261	لو أخدت مستحقات زيادة أو قرض وبعدين رجعوني للوراء، يمكتبوها ضرورة؟
2262	يعني لو أخدت مستحقات زيادة أو قرض وعقبين رجعوني للوراء، يمكتبوها ضرورة؟
2263	طيب، لو أخدت مستحقات زيادة أو قرض وبعد كده رجعوني للوراء، يمكتبوها ضرورة؟
2264	بصراحة، لو أخدت مستحقات زيادة أو قرض وبعد كده رجعوني للوراء، يمكتبوها ضرورة؟
2265	لو سمحت، لو أخدت مستحقات زيادة أو قرض وبعدين رجعوني للوراء، يمكتبوها ضرورة؟
2266	ممكن أعرف لو أخدت مستحقات زيادة أو قرض وبعدين رجعوني للوراء، يمكتبوها ضرورة؟
2267	"لو قبضت فلوس زيادة عن حقي أو أخدت سلفة وبعد كده رجعوني لمرتبي القديم، هل ممكن يحطّوا الموضوع ده تحت بند ""ظروف طارئة""؟"
2268	"يعني لو قبضت فلوس زيادة عن حقي أو أخدت سلفة وبعد كده رجعوني لمرتبي القديم، هل ممكن يحطّوا الموضوع ده تحت بند ""ظروف طارئة""؟"
2269	"طيب، لو قبضت فلوس زيادة عن حقي أو أخدت سلفة وبعد مرور كده رجعوني لمرتبي القديم، هل يجوز يحطّوا الموضوع ده تحت بند ""ظروف طارئة""؟"
2270	"بصراحة، لو قبضت فلوس زيادة عن حقي أو أخدت سلفة وبعد مرور كده رجعوني لمرتبي القديم، هل ممكن يحطّوا الموضوع ده تحت بند ""ظروف طارئة""؟"
2271	"لو سمحت، لو قبضت فلوس زيادة عن حقي أو أخدت سلفة وبعد كده رجعوني لمرتبي القديم، هل ممكن يحطّوا الموضوع ده تحت بند ""ظروف طارئة""؟"
2272	"ممكن أعرف لو قبضت فلوس زيادة عن حقي أو أخدت سلفة وبعد كده رجعوني لمرتبي القديم، هل ممكن يحطّوا الموضوع ده تحت بند ""ظروف طارئة""؟"
2273	"لو استلمت مبالغ زيادة سواء كانت مستحقات متأخرة أو قرض، وبعدين رجعوا مرتبى زي ما كان قبل كده، هل فيه إمكانية إنهم يقولوا إن ده ""إجراء اضطراري""؟"
2274	"يعني لو استلمت مبالغ زيادة سواء كانت مستحقات متأخرة أو قرض، وبعد مرورين رجعوا مرتبى زي ما كان قبل كده، هل فيه إمكانية إنهم يقولوا إن ده ""إجراء اضطراري""؟"
2275	"طيب، لو استلمت مبالغ زيادة سواء كانت مستحقات متأخرة أو قرض، وعقبين رجعوا مرتبى زي ما كان قبل كده، هل فيه إمكانية إنهم يقولوا إن ده ""إجراء اضطراري""؟"
2276	"بصراحة، لو استلمت مبالغ زيادة سواء كانت مستحقات متأخرة أو قرض، وبعد مرورين رجعوا مرتبى زي ما كان قبل كده، هل فيه إمكانية إنهم يقولوا إن ده ""إجراء اضطراري""؟"
2277	"لو سمحت، لو استلمت مبالغ زيادة سواء كانت مستحقات متأخرة أو قرض، وعقبين رجعوا مرتبى زي ما كان قبل كده، هل فيه إمكانية إنهم يقولوا إن ده ""إجراء اضطراري""؟"
2278	"ممكن أعرف لو استلمت مبالغ زيادة سواء كانت مستحقات متأخرة أو قرض، وبعد مرورين رجعوا مرتبى زي ما كان قبل كده، هل فيه إمكانية إنهم يقولوا إن ده ""إجراء اضطراري""؟"
2279	"أفرض إني صرفت فلوس زيادة سواء كانت مستحقات أو قرض، وبعدين المرتب رجع زي الأول، هل ممكن يعملوها حجة ويقولوا ""الوضع استدعى كده""؟"
2280	"يعني أفرض إني صرفت فلوس زيادة سواء كانت مستحقات أو قرض، وبعد كده المرتب رجع زي الأول، هل يجوز يعملوها حجة ويقولوا ""الوضع استدعى كده""؟"
2281	"طيب، أفرض إني صرفت فلوس زيادة سواء كانت مستحقات أو قرض، وبعدين المرتب رجع زي الأول، هل ينفع يعملوها حجة ويقولوا ""الوضع استدعى كده""؟"
2282	"بصراحة، أفرض إني صرفت فلوس زيادة سواء كانت مستحقات أو قرض، ثم المرتب رجع زي الأول، هل يمكن يعملوها حجة ويقولوا ""الوضع استدعى كده""؟"
2283	"لو سمحت، أفرض إني صرفت فلوس زيادة سواء كانت مستحقات أو قرض، وبعد كده المرتب رجع زي الأول، هل ممكن يعملوها حجة ويقولوا ""الوضع استدعى كده""؟"
2284	"ممكن أعرف أفرض إني صرفت فلوس زيادة سواء كانت مستحقات أو قرض، وبعد كده المرتب رجع زي الأول، هل ممكن يعملوها حجة ويقولوا ""الوضع استدعى كده""؟"
2285	"لو اتقبض لي فلوس زيادة سواء كانت فلوس متأخرة ليا أو قرض، وبعد كده رجعوا المرتب زي ما هو، هل ممكن يبرروا الموضوع ده بأي ""ظروف خاصة""؟"
2286	"يعني لو اتقبض لي فلوس زيادة سواء كانت فلوس متأخرة ليا أو قرض، وبعد كده رجعوا المرتب زي ما هو، هل مسموح يبرروا الموضوع ده بأي ""ظروف خاصة""؟"
2287	"طيب، لو اتقبض لي فلوس زيادة سواء كانت فلوس متأخرة ليا أو قرض، وبعد كده رجعوا المرتب زي ما هو، هل ممكن يبرروا الموضوع ده بأي ""ظروف خاصة""؟"
2288	"بصراحة، لو اتقبض لي فلوس زيادة سواء كانت فلوس متأخرة ليا أو قرض، وبعد كده رجعوا المرتب زي ما هو، هل يجوز يبرروا الموضوع ده بأي ""ظروف خاصة""؟"
2289	"لو سمحت، لو اتقبض لي فلوس زيادة سواء كانت فلوس متأخرة ليا أو قرض، وبعد كده رجعوا المرتب زي ما هو، هل ممكن يبرروا الموضوع ده بأي ""ظروف خاصة""؟"
2290	"ممكن أعرف لو اتقبض لي فلوس زيادة سواء كانت فلوس متأخرة ليا أو قرض، وبعد كده رجعوا المرتب زي ما هو، هل ممكن يبرروا الموضوع ده بأي ""ظروف خاصة""؟"
2291	"لو صرفت فلوس زيادة عن مرتبي الأساسي سواء كانت مستحقات أو قرض، وبعدها رجعوا المرتب زي زمان، هل يقدروا يزقوا الموضوع ده تحت مسمى ""إجراء لازم""؟"
2292	"يعني لو صرفت فلوس زيادة عن مرتبي الأساسي سواء كانت مستحقات أو قرض، وبعد مرورها رجعوا المرتب زي زمان، هل يقدروا يزقوا الموضوع ده تحت مسمى ""إجراء لازم""؟"
2293	"طيب، لو صرفت فلوس زيادة عن مرتبي الأساسي سواء كانت مستحقات أو قرض، وبعدها رجعوا المرتب زي زمان، هل يقدروا يزقوا الموضوع ده تحت مسمى ""إجراء مطلوب""؟"
2294	"بصراحة، لو صرفت فلوس زيادة عن مرتبي الأساسي سواء كانت مستحقات أو قرض، وبعدها رجعوا المرتب زي زمان، هل يقدروا يزقوا الموضوع ده تحت مسمى ""إجراء لازم""؟"
2295	"لو سمحت، لو صرفت فلوس زيادة عن مرتبي الأساسي سواء كانت مستحقات أو قرض، وبعدها رجعوا المرتب زي زمان، هل يقدروا يزقوا الموضوع ده تحت مسمى ""إجراء لازم""؟"
2296	"ممكن أعرف لو صرفت فلوس زيادة عن مرتبي الأساسي سواء كانت مستحقات أو قرض، وبعد مرورها رجعوا المرتب زي زمان، هل يقدروا يزقوا الموضوع ده تحت مسمى ""إجراء لازم""؟"
2297	الضرايب واشتراكات التأمين، ممكن تنقص أكتر من 25% ولا لأ؟
2298	يعني الضرايب واشتراكات التأمين، ممكن تنقص أكتر من 25% ولا لأ؟
2299	طيب، الضرايب واشتراكات التأمين، ممكن تنقص فوق من 25% ولا لأ؟
2300	بصراحة، الضرايب واشتراكات التأمين، ممكن تنقص أعلى من 25% ولا لأ؟
2301	لو سمحت، الضرايب واشتراكات التأمين، ممكن تنقص زيادة من 25% ولا لأ؟
2302	ممكن أعرف الضرايب واشتراكات التأمين، ممكن تنقص أعلى من 25% ولا لأ؟
2303	هل فيه أمل نسبة الخصم من الضرايب والتأمين تزيد عن الـ 25% دي، ولا كده آخرها؟ (يركز على وجود أمل في زيادة الخصم)
2304	يعني هل فيه أمل نسبة الخصم من الضرايب والتأمين تزيد عن الـ 25% دي، ولا كده آخرها؟ (يركز على وجود أمل في زيادة الخصم)؟
2305	طيب، هل فيه أمل نسبة الخصم من الضرايب والتأمين تزيد عن الـ 25% دي، ولا كده آخرها؟ (يركز على وجود أمل في زيادة الخصم)؟
2306	بصراحة، هل فيه أمل نسبة الخصم من الضرايب والتأمين تزيد عن الـ 25% دي، ولا كده آخرها؟ (يركز على وجود أمل في زيادة الخصم)؟
2307	لو سمحت، هل فيه أمل نسبة الخصم من الضرايب والتأمين تزيد عن الـ 25% دي، ولا كده آخرها؟ (يركز على وجود أمل في زيادة الخصم)؟
2308	ممكن أعرف هل فيه أمل نسبة الخصم من الضرايب والتأمين تزيد عن الـ 25% دي، ولا كده آخرها؟ (يركز على وجود أمل في زيادة الخصم)؟
2309	يعني مفيش أي طريقة نخلي الضرايب والتأمين يقلوا أكتر من ربع المبلغ، صح كده؟ (يسأل بشكل مباشر عن وجود أي طرق لزيادة التخفيض)
2310	يعني مفيش أي طريقة نخلي الضرايب والتأمين يقلوا أكتر من ربع المبلغ، صح كده؟ (يسأل بشكل مباشر عن وجود أي طرق لزيادة التخفيض)؟
2311	طيب، يعني مفيش أي طريقة نخلي الضرايب والتأمين يقلوا أكتر من ربع المبلغ، صح كده؟ (يسأل بشكل مباشر عن وجود أي طرق لزيادة التخفيض)؟
2312	بصراحة، يعني مفيش أي طريقة نخلي الضرايب والتأمين يقلوا أكتر من ربع المبلغ، صح كده؟ (يسأل بشكل مباشر عن وجود أي طرق لزيادة التخفيض)؟
2313	لو سمحت، يعني مفيش أي طريقة نخلي الضرايب والتأمين يقلوا فوق من ربع المبلغ، صح كده؟ (يسأل بشكل مباشر عن وجود أي طرق لزيادة التخفيض)؟
2314	ممكن أعرف يعني مفيش أي طريقة نخلي الضرايب والتأمين يقلوا زيادة من ربع المبلغ، صح كده؟ (يسأل بشكل مباشر عن وجود أي طرق لزيادة التخفيض)؟
2315	ممكن الضرايب والتأمين ينزلوا عن الـ 75% من المبلغ الأصلي، ولا ده يعتبر الحد الأقصى اللي ممكن نوصل له؟ (يعكس السؤال بالتركيز على النسبة المتبقية بعد الخصم)
2316	يعني ممكن الضرايب والتأمين ينزلوا عن الـ 75% من المبلغ الأصلي، ولا ده يعتبر الحد الأقصى اللي ممكن نوصل له؟ (يعكس السؤال بالتركيز على النسبة المتبقية بعد مرور الخصم)؟
2317	طيب، ممكن الضرايب والتأمين ينزلوا عن الـ 75% من المبلغ الأصلي، ولا ده يعتبر الحد الأقصى اللي ممكن نوصل له؟ (يعكس السؤال بالتركيز على النسبة المتبقية بعد مرور الخصم)؟
2318	بصراحة، ممكن الضرايب والتأمين ينزلوا عن الـ 75% من المبلغ الأصلي، ولا ده يعتبر الحد الأقصى اللي ممكن نوصل له؟ (يعكس السؤال بالتركيز على النسبة المتبقية بعد الخصم)؟
2319	لو سمحت، ينفع الضرايب والتأمين ينزلوا عن الـ 75% من المبلغ الأصلي، ولا ده يعتبر الحد الأقصى اللي ممكن نوصل له؟ (يعكس السؤال بالتركيز على النسبة المتبقية عقب الخصم)؟
2320	ممكن أعرف يمكن الضرايب والتأمين ينزلوا عن الـ 75% من المبلغ الأصلي، ولا ده يعتبر الحد الأقصى اللي ممكن نوصل له؟ (يعكس السؤال بالتركيز على النسبة المتبقية بعد مرور الخصم)؟
2321	"هل فيه إمكانية نوصل لتخفيضات أكبر من 25% في الضرايب والتأمين، ولا دي أقصى حاجة ممكنة؟ (يستخدم كلمة ""إمكانية"" للتأكيد على البحث عن فرص)"
2322	"يعني هل فيه إمكانية نوصل لتخفيضات أكبر من 25% في الضرايب والتأمين، ولا دي أقصى حاجة ينفعة؟ (يستخدم كلمة ""إمكانية"" للتأكيد على البحث عن فرص)؟"
2323	"طيب، هل فيه إمكانية نوصل لتخفيضات أكبر من 25% في الضرايب والتأمين، ولا دي أقصى حاجة مسموحة؟ (يستخدم كلمة ""إمكانية"" للتأكيد على البحث عن فرص)؟"
2324	"بصراحة، هل فيه إمكانية نوصل لتخفيضات أكبر من 25% في الضرايب والتأمين، ولا دي أقصى حاجة يجوزة؟ (يستخدم كلمة ""إمكانية"" للتأكيد على البحث عن فرص)؟"
2325	"لو سمحت، هل فيه إمكانية نوصل لتخفيضات أكبر من 25% في الضرايب والتأمين، ولا دي أقصى حاجة ممكنة؟ (يستخدم كلمة ""إمكانية"" للتأكيد على البحث عن فرص)؟"
2326	"ممكن أعرف هل فيه إمكانية نوصل لتخفيضات أكبر من 25% في الضرايب والتأمين، ولا دي أقصى حاجة ينفعة؟ (يستخدم كلمة ""إمكانية"" للتأكيد على البحث عن فرص)؟"
2327	"الـ 25% اللي بيتخصموا من الضرايب والتأمين دول، ممكن يبقوا أكتر من كده؟ ولا خلاص، دي النهاية؟ (يسأل بأسلوب مباشر وبسيط، مع التركيز على كلمة ""النهاية"" للتأكيد على الحد الأقصى)"
2328	"يعني الـ 25% اللي بيتخصموا من الضرايب والتأمين دول، جائز يبقوا أكتر من كده؟ ولا خلاص، دي النهاية؟ (يسأل بأسلوب مباشر وبسيط، مع التركيز على كلمة ""النهاية"" للتأكيد على الحد الأقصى)؟"
2329	"طيب، الـ 25% اللي بيتخصموا من الضرايب والتأمين دول، مسموح يبقوا أكتر من كده؟ ولا خلاص، دي النهاية؟ (يسأل بأسلوب مباشر وبسيط، مع التركيز على كلمة ""النهاية"" للتأكيد على الحد الأقصى)؟"
2330	"بصراحة، الـ 25% اللي بيتخصموا من الضرايب والتأمين دول، ممكن يبقوا أكتر من كده؟ ولا خلاص، دي النهاية؟ (يسأل بأسلوب مباشر وبسيط، مع التركيز على كلمة ""النهاية"" للتأكيد على الحد الأقصى)؟"
2331	"لو سمحت، الـ 25% اللي بيتخصموا من الضرايب والتأمين دول، ممكن يبقوا زيادة من كده؟ ولا خلاص، دي النهاية؟ (يسأل بأسلوب مباشر وبسيط، مع التركيز على كلمة ""النهاية"" للتأكيد على الحد الأقصى)؟"
2332	"ممكن أعرف الـ 25% اللي بيتخصموا من الضرايب والتأمين دول، ينفع يبقوا علاوة على من كده؟ ولا خلاص، دي النهاية؟ (يسأل بأسلوب مباشر وبسيط، مع التركيز على كلمة ""النهاية"" للتأكيد على الحد الأقصى)؟"
2333	لو في خطأ من الشركة في صرف المرتب، ممكن يتعدل بعدين؟ القانون إيه؟
2334	يعني لو في خطأ من الشركة في صرف المرتب، ممكن يتعدل بعدين؟ القانون إيه؟
2335	طيب، لو في خطأ من الشركة في صرف المرتب، ممكن يتعدل بعدين؟ القانون إيه؟
2336	بصراحة، لو في خطأ من الشركة في صرف المرتب، ينفع يتعدل بعدين؟ التشريع إيه؟
2337	لو سمحت، لو في خطأ من الشركة في صرف المرتب، ينفع يتعدل عقبين؟ القانون إيه؟
2338	ممكن أعرف لو في خطأ من الشركة في صرف المرتب، ممكن يتعدل عقبين؟ القانون ماذا؟
2339	طيب لو حصل لخبطة في حساب المرتب من طرف الشركة، ينفع نصلح الغلط ده بعد كده؟ وإيه اللي بيقوله القانون في الموضوع ده؟
2340	يعني طيب لو حصل لخبطة في حساب المرتب من طرف الشركة، ينفع نصلح الغلط ده بعد كده؟ وأي اللي بيقوله القانون في الموضوع ده؟
2341	طيب لو حصل لخبطة في حساب المرتب من طرف الشركة، ينفع نصلح الغلط ده بعد كده؟ وإيه اللي بيقوله القانون في الموضوع ده؟
2342	بصراحة، طيب لو حصل لخبطة في حساب المرتب من طرف الشركة، ينفع نصلح الغلط ده بعد كده؟ وما هو اللي بيقوله الشرع في الموضوع ده؟
2343	لو سمحت، طيب لو حصل لخبطة في حساب المرتب من طرف الشركة، ينفع نصلح الغلط ده بعد مرور كده؟ وما هو اللي بيقوله الشرع في الموضوع ده؟
2344	ممكن أعرف طيب لو حصل لخبطة في حساب المرتب من طرف الشركة، ينفع نصلح الغلط ده بعد كده؟ وأي اللي بيقوله القانون في الموضوع ده؟
2345	لو الشركة غلطت وهي بتديني مرتبي، فيه إمكانية أعدل المبلغ ده في وقت لاحق؟ وإيه حقوقي قانونًا في الحالة دي؟
2346	يعني لو الشركة غلطت وهي بتديني مرتبي، فيه إمكانية أعدل المبلغ ده في وقت لاحق؟ وما هو حقوقي قانونًا في الحالة دي؟
2347	طيب، لو الشركة غلطت وهي بتديني مرتبي، فيه إمكانية أعدل المبلغ ده في وقت لاحق؟ وإيه حقوقي قانونًا في الحالة دي؟
2348	بصراحة، لو الشركة غلطت وهي بتديني مرتبي، فيه إمكانية أعدل المبلغ ده في وقت لاحق؟ وما هو حقوقي قانونًا في الحالة دي؟
2349	لو سمحت، لو الشركة غلطت وهي بتديني مرتبي، فيه إمكانية أعدل المبلغ ده في وقت لاحق؟ وإيه حقوقي قانونًا في الحالة دي؟
2350	ممكن أعرف لو الشركة غلطت وهي بتديني مرتبي، فيه إمكانية أعدل المبلغ ده في وقت لاحق؟ وأي حقوقي قانونًا في الحالة دي؟
2351	افرض الشركة حسبت مرتبي غلط، هل فيه طريقة لتصحيح الخطأ ده بعد ما قبضت؟ وإيه موقف القانون من حاجة زي كده؟
2352	يعني افرض الشركة حسبت مرتبي غلط، هل فيه طريقة لتصحيح الخطأ ده عقب ما قبضت؟ وماذا موقف التشريع من حاجة زي كده؟
2353	طيب، افرض الشركة حسبت مرتبي غلط، هل فيه طريقة لتصحيح الخطأ ده بعد مرور ما قبضت؟ وما هو موقف النظام من حاجة زي كده؟
2354	بصراحة، افرض الشركة حسبت مرتبي غلط، هل فيه طريقة لتصحيح الخطأ ده بعد ما قبضت؟ وإيه موقف القانون من حاجة زي كده؟
2355	لو سمحت، افرض الشركة حسبت مرتبي غلط، هل فيه طريقة لتصحيح الخطأ ده بعد مرور ما قبضت؟ وما هو موقف الشرع من حاجة زي كده؟
2356	ممكن أعرف افرض الشركة حسبت مرتبي غلط، هل فيه طريقة لتصحيح الخطأ ده بعد ما قبضت؟ وإيه موقف القانون من حاجة زي كده؟
2357	لو اكتشفت إن فيه فرق في المرتب بسبب غلطة من الشركة، ممكن أطالب بتعديله بعد ما استلمته؟ والقانون بيحمي حقوقي ازاي في وضع زي ده؟
2358	يعني لو اكتشفت إن فيه فرق في المرتب بسبب غلطة من الشركة، ممكن أطالب بتعديله بعد مرور ما استلمته؟ والنظام بيحمي حقوقي ازاي في وضع زي ده؟
2359	طيب، لو اكتشفت إن فيه فرق في المرتب بسبب غلطة من الشركة، ممكن أطالب بتعديله بعد مرور ما استلمته؟ والقانون بيحمي حقوقي ازاي في وضع زي ده؟
2360	بصراحة، لو اكتشفت إن فيه فرق في المرتب بسبب غلطة من الشركة، ممكن أطالب بتعديله بعد ما استلمته؟ والقانون بيحمي حقوقي ازاي في وضع زي ده؟
2361	لو سمحت، لو اكتشفت إن فيه فرق في المرتب بسبب غلطة من الشركة، ممكن أطالب بتعديله بعد ما استلمته؟ والقانون بيحمي حقوقي ازاي في وضع زي ده؟
2362	ممكن أعرف لو اكتشفت إن فيه فرق في المرتب بسبب غلطة من الشركة، ممكن أطالب بتعديله بعد ما استلمته؟ والتشريع بيحمي حقوقي ازاي في وضع زي ده؟
2363	دلوقتي لو فيه مشكلة في صرف المرتب بسبب خطأ من الشركة، هل أقدر أعدل المبلغ ده وأطالب بحقي بعدين؟ وايه الضمانات القانونية اللي بتحمي الموظف في حالة زي دي؟
2364	يعني دلوقتي لو فيه مشكلة في صرف المرتب بسبب خطأ من الشركة، هل أقدر أعدل المبلغ ده وأطالب بحقي بعدين؟ وايه الضمانات النظامية اللي بتحمي الموظف في حالة زي دي؟
2365	طيب، دلوقتي لو فيه مشكلة في صرف المرتب بسبب خطأ من الشركة، هل أقدر أعدل المبلغ ده وأطالب بحقي بعدين؟ وايه الضمانات القانونية اللي بتحمي الموظف في حالة زي دي؟
2366	بصراحة، دلوقتي لو فيه مشكلة في صرف المرتب بسبب خطأ من الشركة، هل أقدر أعدل المبلغ ده وأطالب بحقي بعد مرورين؟ وايه الضمانات القانونية اللي بتحمي الموظف في حالة زي دي؟
2367	لو سمحت، دلوقتي لو فيه مشكلة في صرف المرتب بسبب خطأ من الشركة، هل أقدر أعدل المبلغ ده وأطالب بحقي بعدين؟ وايه الضمانات الشرعية اللي بتحمي الموظف في حالة زي دي؟
2368	ممكن أعرف دلوقتي لو فيه مشكلة في صرف المرتب بسبب خطأ من الشركة، هل أقدر أعدل المبلغ ده وأطالب بحقي بعدين؟ وايه الضمانات المعتمدة اللي بتحمي الموظف في حالة زي دي؟
2369	خصم قيمة الأدوات أو زي العمل من المرتب مسموح تاخد كام؟
2370	يعني خصم قيمة الأدوات أو زي الدوام من المرتب جائز تاخد كام؟
2371	طيب، خصم قيمة الأدوات أو زي الشغل من المرتب ممكن تاخد كام؟
2372	بصراحة، خصم قيمة الأدوات أو زي الوظيفة من المرتب ممكن تاخد كام؟
2373	لو سمحت، خصم قيمة الأدوات أو زي العمل من المرتب ممكن تاخد كام؟
2374	ممكن أعرف خصم قيمة الأدوات أو زي العمل من المرتب مسموح تاخد كام؟
2375	لو الشركة قررت تخصم تمن العدة أو لبس الشغل من مرتبي، إيه أقصى مبلغ ممكن يتخصم؟ (تركيز على أقصى مبلغ)
2376	يعني لو الشركة قررت تخصم تمن العدة أو لبس الوظيفة من مرتبي، ما هو أقصى مبلغ ممكن يتخصم؟ (تركيز على أقصى مبلغ)؟
2377	طيب، لو الشركة قررت تخصم تمن العدة أو لبس الشغل من مرتبي، إيه أقصى مبلغ ممكن يتخصم؟ (تركيز على أقصى مبلغ)؟
2378	بصراحة، لو الشركة قررت تخصم تمن العدة أو لبس الشغل من مرتبي، ماذا أقصى مبلغ ينفع يتخصم؟ (تركيز على أقصى مبلغ)؟
2379	لو سمحت، لو الشركة قررت تخصم تمن العدة أو لبس الشركة من مرتبي، إيه أقصى مبلغ ممكن يتخصم؟ (تركيز على أقصى مبلغ)؟
2380	ممكن أعرف لو الشركة قررت تخصم تمن العدة أو لبس الشغل من مرتبي، ما هو أقصى مبلغ ممكن يتخصم؟ (تركيز على أقصى مبلغ)؟
2381	هل قانوني إن الشركة تخصم فلوس الأدوات أو اليونيفورم من الراتب، ولو قانوني، إيه الحد الأقصى للخصم؟ (تركيز على الجانب القانوني والحد الأقصى)
2382	يعني هل قانوني إن الشركة تخصم فلوس الأدوات أو اليونيفورم من الراتب، ولو قانوني، إيه الحد الأقصى للخصم؟ (تركيز على الجانب الشرعي والحد الأقصى)؟
2383	طيب، هل قانوني إن الشركة تخصم فلوس الأدوات أو اليونيفورم من الراتب، ولو قانوني، إيه الحد الأقصى للخصم؟ (تركيز على الجانب الشرعي والحد الأقصى)؟
2384	بصراحة، هل قانوني إن الشركة تخصم فلوس الأدوات أو اليونيفورم من الراتب، ولو قانوني، ما هو الحد الأقصى للخصم؟ (تركيز على الجانب القانوني والحد الأقصى)؟
2385	لو سمحت، هل قانوني إن الشركة تخصم فلوس الأدوات أو اليونيفورم من الراتب، ولو قانوني، إيه الحد الأقصى للخصم؟ (تركيز على الجانب القانوني والحد الأقصى)؟
2386	ممكن أعرف هل قانوني إن الشركة تخصم فلوس الأدوات أو اليونيفورم من الراتب، ولو قانوني، أي الحد الأقصى للخصم؟ (تركيز على الجانب التشريعي والحد الأقصى)؟
2387	بخصوص خصم تمن الخامات أو اللبس الخاص بالشغل من المرتب، إيه النسبة اللي ممكن تتخصم مني بشكل قانوني؟ (تركيز على النسبة القانونية)
2388	يعني بخصوص خصم تمن الخامات أو اللبس الخاص بالوظيفة من المرتب، ما هو النسبة اللي ينفع تتخصم مني بشكل قانوني؟ (تركيز على النسبة القانونية)؟
2389	طيب، بخصوص خصم تمن الخامات أو اللبس الخاص بالشغل من المرتب، إيه النسبة اللي ممكن تتخصم مني بشكل قانوني؟ (تركيز على النسبة القانونية)؟
2390	بصراحة، بخصوص خصم تمن الخامات أو اللبس الخاص بالشركة من المرتب، أي النسبة اللي ممكن تتخصم مني بشكل قانوني؟ (تركيز على النسبة حسب القانون)؟
2391	لو سمحت، بخصوص خصم تمن الخامات أو اللبس الخاص بالمؤسسة من المرتب، إيه النسبة اللي ممكن تتخصم مني بشكل قانوني؟ (تركيز على النسبة الشرعية)؟
2392	ممكن أعرف بخصوص خصم تمن الخامات أو اللبس الخاص بالعمل من المرتب، إيه النسبة اللي ممكن تتخصم مني بشكل قانوني؟ (تركيز على النسبة القانونية)؟
2393	لو الشركة طلبت مني أدفع تمن العدة أو لبس الشغل عن طريق الخصم من المرتب، إيه الحقوق بتاعتي وإيه المبلغ اللي المفروض أرفض إنه يتخصم؟ (تركيز على الحقوق والمبلغ المرفوض)
2394	يعني لو الشركة طلبت مني أدفع تمن العدة أو لبس الشغل عن طريق الخصم من المرتب، إيه الحقوق بتاعتي وإيه المبلغ اللي المفروض أرفض إنه يتخصم؟ (تركيز على الحقوق والمبلغ المرفوض)؟
2395	طيب، لو الشركة طلبت مني أدفع تمن العدة أو لبس الشغل عن طريق الخصم من المرتب، إيه الحقوق بتاعتي وإيه المبلغ اللي المفروض أرفض إنه يتخصم؟ (تركيز على الحقوق والمبلغ المرفوض)؟
2396	بصراحة، لو الشركة طلبت مني أدفع تمن العدة أو لبس الشغل عن طريق الخصم من المرتب، ماذا الحقوق بتاعتي وإيه المبلغ اللي المفروض أرفض إنه يتخصم؟ (تركيز على الحقوق والمبلغ المرفوض)؟
2397	لو سمحت، لو الشركة طلبت مني أدفع تمن العدة أو لبس الشغل عن طريق الخصم من المرتب، ما هو الحقوق بتاعتي وإيه المبلغ اللي المفروض أرفض إنه يتخصم؟ (تركيز على الحقوق والمبلغ المرفوض)؟
2398	ممكن أعرف لو الشركة طلبت مني أدفع تمن العدة أو لبس العمل عن طريق الخصم من المرتب، ماذا الحقوق بتاعتي وإيه المبلغ اللي المفروض أرفض إنه يتخصم؟ (تركيز على الحقوق والمبلغ المرفوض)؟
2399	إيه هو الحد المسموح به قانونًا لو الشركة خصمت من مرتبي مقابل الأدوات أو الملابس اللي بستعملها في الشغل؟ (تركيز على الحد القانوني واستخدام المعدات في الشغل)
2400	يعني إيه هو الحد المسموح به قانونًا لو الشركة خصمت من مرتبي مقابل الأدوات أو الملابس اللي بستعملها في الشغل؟ (تركيز على الحد القانوني واستخدام المعدات في الشغل)؟
2401	طيب، ماذا هو الحد المسموح به قانونًا لو الشركة خصمت من مرتبي مقابل الأدوات أو الملابس اللي بستعملها في المؤسسة؟ (تركيز على الحد الشرعي واستخدام المعدات في الشغل)؟
2402	بصراحة، إيه هو الحد المباح به قانونًا لو الشركة خصمت من مرتبي مقابل الأدوات أو الملابس اللي بستعملها في الشغل؟ (تركيز على الحد القانوني واستخدام المعدات في الشغل)؟
2403	لو سمحت، ماذا هو الحد المباح به قانونًا لو الشركة خصمت من مرتبي مقابل الأدوات أو الملابس اللي بستعملها في العمل؟ (تركيز على الحد القانوني واستخدام المعدات في الشغل)؟
2404	ممكن أعرف ما هو هو الحد الجائز به قانونًا لو الشركة خصمت من مرتبي مقابل الأدوات أو الملابس اللي بستعملها في الشغل؟ (تركيز على الحد القانوني واستخدام المعدات في الشغل)؟
2405	لو وافقت على خصم معين في العقد، يفرق قانونًا عن حد الخصم القانوني؟
2406	يعني لو وافقت على خصم معين في العقد، يفرق قانونًا عن حد الخصم النظامي؟
2407	طيب، لو وافقت على خصم معين في العقد، يفرق قانونًا عن حد الخصم القانوني؟
2408	بصراحة، لو وافقت على خصم معين في العقد، يفرق قانونًا عن حد الخصم القانوني؟
2409	لو سمحت، لو وافقت على خصم معين في العقد، يفرق قانونًا عن حد الخصم التشريعي؟
2410	ممكن أعرف لو وافقت على خصم معين في العقد، يفرق قانونًا عن حد الخصم النظامي؟
2411	"بصراحة كده، لو أنا و اللي قدامي اتفقنا في العقد على نسبة خصم معينة، ده ليه وضع قانوني مختلف عن الحد الأقصى للخصم اللي القانون بيقول عليه؟ (تستخدم كلمات عامية أكثر مثل ""بصراحة كده"" و ""اللي قدامي"" لإضفاء طابع مصري عفوي)."
2412	"يعني بصراحة كده، لو أنا و اللي قدامي اتفقنا في العقد على نسبة خصم معينة، ده ليه وضع قانوني مختلف عن الحد الأقصى للخصم اللي الشرع بيقول عليه؟ (تستخدم كلمات عامية أكثر مثل ""بصراحة كده"" و ""اللي قدامي"" لإضفاء طابع مصري عفوي).؟"
2413	"طيب، بصراحة كده، لو أنا و اللي قدامي اتفقنا في العقد على نسبة خصم معينة، ده ليه وضع قانوني مختلف عن الحد الأقصى للخصم اللي التشريع بيقول عليه؟ (تستخدم كلمات عامية أكثر مثل ""بصراحة كده"" و ""اللي قدامي"" لإضفاء طابع مصري عفوي).؟"
2414	"بصراحة كده، لو أنا و اللي قدامي اتفقنا في العقد على نسبة خصم معينة، ده ليه وضع قانوني مختلف عن الحد الأقصى للخصم اللي النظام بيقول عليه؟ (تستخدم كلمات عامية أكثر مثل ""بصراحة كده"" و ""اللي قدامي"" لإضفاء طابع مصري عفوي).؟"
2415	"لو سمحت، بصراحة كده، لو أنا و اللي قدامي اتفقنا في العقد على نسبة خصم معينة، ده ليه وضع قانوني مختلف عن الحد الأقصى للخصم اللي القانون بيقول عليه؟ (تستخدم كلمات عامية أكثر مثل ""بصراحة كده"" و ""اللي قدامي"" لإضفاء طابع مصري عفوي).؟"
2416	"ممكن أعرف بصراحة كده، لو أنا و اللي قدامي اتفقنا في العقد على نسبة خصم معينة، ده ليه وضع قانوني مختلف عن الحد الأقصى للخصم اللي التشريع بيقول عليه؟ (تستخدم كلمات عامية أكثر مثل ""بصراحة كده"" و ""اللي قدامي"" لإضفاء طابع مصري عفوي).؟"
2417	"طيب، فرضًا إني عملت عقد واتفقنا على خصم معين، هل الاتفاق ده له تأثير قانوني غير اللي القانون محدده كأعلى نسبة خصم ممكنة؟ (تستخدم كلمة ""فرضًا"" وتستبدل ""يفرق"" بـ""له تأثير قانوني غير"")."
2418	"يعني طيب، فرضًا إني عملت عقد واتفقنا على خصم معين، هل الاتفاق ده له تأثير قانوني غير اللي القانون محدده كأعلى نسبة خصم ممكنة؟ (تستخدم كلمة ""فرضًا"" وتستبدل ""يفرق"" بـ""له تأثير قانوني غير"").؟"
2419	"طيب، فرضًا إني عملت عقد واتفقنا على خصم معين، هل الاتفاق ده له تأثير قانوني غير اللي النظام محدده كأعلى نسبة خصم ممكنة؟ (تستخدم كلمة ""فرضًا"" وتستبدل ""يفرق"" بـ""له تأثير قانوني غير"").؟"
2420	"بصراحة، طيب، فرضًا إني عملت عقد واتفقنا على خصم معين، هل الاتفاق ده له تأثير قانوني غير اللي القانون محدده كأعلى نسبة خصم ممكنة؟ (تستخدم كلمة ""فرضًا"" وتستبدل ""يفرق"" بـ""له تأثير قانوني غير"").؟"
2421	"لو سمحت، طيب، فرضًا إني عملت عقد واتفقنا على خصم معين، هل الاتفاق ده له تأثير قانوني غير اللي القانون محدده كأعلى نسبة خصم ممكنة؟ (تستخدم كلمة ""فرضًا"" وتستبدل ""يفرق"" بـ""له تأثير قانوني غير"").؟"
2422	"ممكن أعرف طيب، فرضًا إني عملت عقد واتفقنا على خصم معين، هل الاتفاق ده له تأثير قانوني غير اللي القانون محدده كأعلى نسبة خصم جائزة؟ (تستخدم كلمة ""فرضًا"" وتستبدل ""يفرق"" بـ""له تأثير قانوني غير"").؟"
2423	"سؤال مهم: لو أنا مضيت على عقد فيه نسبة خصم محددة، هل النسبة دي ليها قوة القانون حتى لو كانت بتخالف الحد الأقصى للخصومات اللي القانون بيسمح بيها؟ (تستخدم ""سؤال مهم"" لتقديم السؤال وتوضح فكرة ""قوة القانون"")."
2424	"يعني سؤال مهم: لو أنا مضيت على عقد فيه نسبة خصم خاصة، هل النسبة دي ليها قوة القانون حتى لو كانت بتخالف الحد الأقصى للخصومات اللي القانون بيسمح بيها؟ (تستخدم ""سؤال مهم"" لتقديم السؤال وتوضح فكرة ""قوة القانون"").؟"
2425	"طيب، سؤال مهم: لو أنا مضيت على عقد فيه نسبة خصم معينة، هل النسبة دي ليها قوة القانون حتى لو كانت بتخالف الحد الأقصى للخصومات اللي القانون بيسمح بيها؟ (تستخدم ""سؤال مهم"" لتقديم السؤال وتوضح فكرة ""قوة القانون"").؟"
2426	"بصراحة، سؤال مهم: لو أنا مضيت على عقد فيه نسبة خصم محددة، هل النسبة دي ليها قوة القانون حتى لو كانت بتخالف الحد الأقصى للخصومات اللي القانون بيسمح بيها؟ (تستخدم ""سؤال مهم"" لتقديم السؤال وتوضح فكرة ""قوة القانون"").؟"
2427	"لو سمحت، سؤال مهم: لو أنا مضيت على عقد فيه نسبة خصم مُحددة، هل النسبة دي ليها قوة التشريع حتى لو كانت بتخالف الحد الأقصى للخصومات اللي القانون بيسمح بيها؟ (تستخدم ""سؤال مهم"" لتقديم السؤال وتوضح فكرة ""قوة القانون"").؟"
2428	"ممكن أعرف سؤال مهم: لو أنا مضيت على عقد فيه نسبة خصم محددة، هل النسبة دي ليها قوة القانون حتى لو كانت بتخالف الحد الأقصى للخصومات اللي القانون بيسمح بيها؟ (تستخدم ""سؤال مهم"" لتقديم السؤال وتوضح فكرة ""قوة القانون"").؟"
2429	"يعني إيه الفرق من الناحية القانونية، لو أنا وافقت في العقد على خصم معين، وبين الحد القانوني للخصومات اللي المفروض ما أتعداهوش؟ (تستخدم ""يعني إيه الفرق"" لتبدأ السؤال بشكل مباشر، وتركز على الفرق من الناحية القانونية)."
2430	"يعني إيه الفرق من الناحية الرسمية، لو أنا وافقت في العقد على خصم معين، وبين الحد النظامي للخصومات اللي المفروض ما أتعداهوش؟ (تستخدم ""يعني إيه الفرق"" لتبدأ السؤال بشكل مباشر، وتركز على الفرق من الناحية القانونية).؟"
2431	"طيب، يعني إيه الفرق من الناحية المشروعة، لو أنا وافقت في العقد على خصم معين، وبين الحد التشريعي للخصومات اللي المفروض ما أتعداهوش؟ (تستخدم ""يعني إيه الفرق"" لتبدأ السؤال بشكل مباشر، وتركز على الفرق من الناحية القانونية).؟"
2432	"بصراحة، يعني إيه الفرق من الناحية الشرعية، لو أنا وافقت في العقد على خصم معين، وبين الحد القانوني للخصومات اللي المفروض ما أتعداهوش؟ (تستخدم ""يعني إيه الفرق"" لتبدأ السؤال بشكل مباشر، وتركز على الفرق من الناحية القانونية).؟"
2433	"لو سمحت، يعني إيه الفرق من الناحية الشرعية، لو أنا وافقت في العقد على خصم معين، وبين الحد القانوني للخصومات اللي المفروض ما أتعداهوش؟ (تستخدم ""يعني إيه الفرق"" لتبدأ السؤال بشكل مباشر، وتركز على الفرق من الناحية القانونية).؟"
2434	"ممكن أعرف يعني أي الفرق من الناحية القانونية، لو أنا وافقت في العقد على خصم معين، وبين الحد القانوني للخصومات اللي المفروض ما أتعداهوش؟ (تستخدم ""يعني إيه الفرق"" لتبدأ السؤال بشكل مباشر، وتركز على الفرق من الناحية القانونية).؟"
2435	"من الآخر كده، لو أنا وقعت على عقد والخصم اللي فيه مختلف عن اللي القانون قايله، يبقى العقد ده وضعه إيه قانونًا؟ معتبر ولا ممكن يبقى فيه مشكلة؟ (تستخدم ""من الآخر كده"" لتقديم السؤال بشكل مباشر ومختصر، وتضيف تساؤلًا حول صلاحية العقد)."
2436	"يعني من الآخر كده، لو أنا وقعت على عقد والخصم اللي فيه مختلف عن اللي القانون قايله، يبقى العقد ده وضعه ما هو قانونًا؟ معتبر ولا ممكن يبقى فيه مشكلة؟ (تستخدم ""من الآخر كده"" لتقديم السؤال بشكل مباشر ومختصر، وتضيف تساؤلًا حول صلاحية العقد).؟"
2437	"طيب، من الآخر كده، لو أنا وقعت على عقد والخصم اللي فيه مختلف عن اللي القانون قايله، يبقى العقد ده وضعه إيه قانونًا؟ معتبر ولا يمكن يبقى فيه مشكلة؟ (تستخدم ""من الآخر كده"" لتقديم السؤال بشكل مباشر ومختصر، وتضيف تساؤلًا حول صلاحية العقد).؟"
2438	"بصراحة، من الآخر كده، لو أنا وقعت على عقد والخصم اللي فيه مختلف عن اللي القانون قايله، يبقى العقد ده وضعه إيه قانونًا؟ معتبر ولا ممكن يبقى فيه مشكلة؟ (تستخدم ""من الآخر كده"" لتقديم السؤال بشكل مباشر ومختصر، وتضيف تساؤلًا حول صلاحية العقد).؟"
2439	"لو سمحت، من الآخر كده، لو أنا وقعت على عقد والخصم اللي فيه مختلف عن اللي القانون قايله، يبقى العقد ده وضعه أي قانونًا؟ معتبر ولا ممكن يبقى فيه مشكلة؟ (تستخدم ""من الآخر كده"" لتقديم السؤال بشكل مباشر ومختصر، وتضيف تساؤلًا حول صلاحية العقد).؟"
2440	"ممكن أعرف من الآخر كده، لو أنا وقعت على عقد والخصم اللي فيه مختلف عن اللي القانون قايله، يبقى العقد ده وضعه ماذا قانونًا؟ معتبر ولا يجوز يبقى فيه مشكلة؟ (تستخدم ""من الآخر كده"" لتقديم السؤال بشكل مباشر ومختصر، وتضيف تساؤلًا حول صلاحية العقد).؟"
2441	خصم تأمينات الاشتراك بيحسب في المرتب ولا لا؟
2442	يعني خصم تأمينات الاشتراك بيحسب في المرتب ولا لا؟
2443	طيب، خصم تأمينات الاشتراك بيحسب في المرتب ولا لا؟
2444	بصراحة، خصم تأمينات الاشتراك بيحسب في المرتب ولا لا؟
2445	لو سمحت، خصم تأمينات الاشتراك بيحسب في المرتب ولا لا؟
2446	ممكن أعرف خصم تأمينات الاشتراك بيحسب في المرتب ولا لا؟
2447	هل استقطاع التأمينات الاجتماعية بيظهر في حساب المرتب، ولا بيتم بشكل منفصل؟ (تركز على ظهور الاستقطاع في كشف المرتب)
2448	يعني هل استقطاع التأمينات الاجتماعية بيظهر في حساب المرتب، ولا بيتم بشكل منفصل؟ (تركز على ظهور الاستقطاع في كشف المرتب)؟
2449	طيب، هل استقطاع التأمينات الاجتماعية بيظهر في حساب المرتب، ولا بيتم بشكل منفصل؟ (تركز على ظهور الاستقطاع في كشف المرتب)؟
2450	بصراحة، هل استقطاع التأمينات الاجتماعية بيظهر في حساب المرتب، ولا بيتم بشكل منفصل؟ (تركز على ظهور الاستقطاع في كشف المرتب)؟
2451	لو سمحت، هل استقطاع التأمينات الاجتماعية بيظهر في حساب المرتب، ولا بيتم بشكل منفصل؟ (تركز على ظهور الاستقطاع في كشف المرتب)؟
2452	ممكن أعرف هل استقطاع التأمينات الاجتماعية بيظهر في حساب المرتب، ولا بيتم بشكل منفصل؟ (تركز على ظهور الاستقطاع في كشف المرتب)؟
2453	"التأمينات بتُخصم من الراتب الشهري اللي بقبضه، ولا دي حاجة تانية خالص؟ (تستخدم كلمة ""بقبضه"" لزيادة اللهجة العامية، وتتساءل عما إذا كان الخصم جزءًا من الراتب أم لا)"
2454	"يعني التأمينات بتُخصم من الراتب الشهري اللي بقبضه، ولا دي حاجة تانية خالص؟ (تستخدم كلمة ""بقبضه"" لزيادة اللهجة العامية، وتتساءل عما إذا كان الخصم جزءًا من الراتب أم لا)؟"
2455	"طيب، التأمينات بتُخصم من الراتب الشهري اللي بقبضه، ولا دي حاجة تانية خالص؟ (تستخدم كلمة ""بقبضه"" لزيادة اللهجة العامية، وتتساءل عما إذا كان الخصم جزءًا من الراتب أم لا)؟"
2456	"بصراحة، التأمينات بتُخصم من الراتب الشهري اللي بقبضه، ولا دي حاجة تانية خالص؟ (تستخدم كلمة ""بقبضه"" لزيادة اللهجة العامية، وتتساءل عما إذا كان الخصم جزءًا من الراتب أم لا)؟"
2457	"لو سمحت، التأمينات بتُخصم من الراتب الشهري اللي بقبضه، ولا دي حاجة تانية خالص؟ (تستخدم كلمة ""بقبضه"" لزيادة اللهجة العامية، وتتساءل عما إذا كان الخصم جزءًا من الراتب أم لا)؟"
2458	"ممكن أعرف التأمينات بتُخصم من الراتب الشهري اللي بقبضه، ولا دي حاجة تانية خالص؟ (تستخدم كلمة ""بقبضه"" لزيادة اللهجة العامية، وتتساءل عما إذا كان الخصم جزءًا من الراتب أم لا)؟"
2459	لما بيحسبوا المرتب بتاعي، بياخدوا في الاعتبار خصم اشتراك التأمينات ولا كأنه مش موجود؟ (تسأل عما إذا كان الخصم جزءًا من عملية حساب المرتب)
2460	يعني لما بيحسبوا المرتب بتاعي، بيأخذوا في الاعتبار خصم اشتراك التأمينات ولا كأنه مش موجود؟ (تسأل عما إذا كان الخصم جزءًا من عملية حساب المرتب)؟
2461	طيب، لما بيحسبوا المرتب بتاعي، بيستحقوا في الاعتبار خصم اشتراك التأمينات ولا كأنه مش موجود؟ (تسأل عما إذا كان الخصم جزءًا من عملية حساب المرتب)؟
2462	بصراحة، لما بيحسبوا المرتب بتاعي، بياخدوا في الاعتبار خصم اشتراك التأمينات ولا كأنه مش موجود؟ (تسأل عما إذا كان الخصم جزءًا من عملية حساب المرتب)؟
2463	لو سمحت، لما بيحسبوا المرتب بتاعي، يستحقون في الاعتبار خصم اشتراك التأمينات ولا كأنه مش موجود؟ (تسأل عما إذا كان الخصم جزءًا من عملية حساب المرتب)؟
2464	ممكن أعرف لما بيحسبوا المرتب بتاعي، بياخدوا في الاعتبار خصم اشتراك التأمينات ولا كأنه مش موجود؟ (تسأل عما إذا كان الخصم جزءًا من عملية حساب المرتب)؟
2465	"يعني قيمة الاشتراك في التأمينات بتتطرح من إجمالي المرتب قبل ما آخده، ولا إيه بالظبط؟ (تستخدم مصطلحات ""إجمالي المرتب"" و""تتطرح"" لتقديم وجهة نظر مختلفة للسؤال)"
2466	"يعني قيمة الاشتراك في التأمينات بتتطرح من إجمالي المرتب قبل ما آخده، ولا إيه بالظبط؟ (تستخدم مصطلحات ""إجمالي المرتب"" و""تتطرح"" لتقديم وجهة نظر مختلفة للسؤال)؟"
2467	"طيب، يعني قيمة الاشتراك في التأمينات بتتطرح من إجمالي المرتب قبل ما آخده، ولا إيه بالظبط؟ (تستخدم مصطلحات ""إجمالي المرتب"" و""تتطرح"" لتقديم وجهة نظر مختلفة للسؤال)؟"
2468	"بصراحة، يعني قيمة الاشتراك في التأمينات بتتطرح من إجمالي المرتب قبل ما آخده، ولا ماذا بالظبط؟ (تستخدم مصطلحات ""إجمالي المرتب"" و""تتطرح"" لتقديم وجهة نظر مختلفة للسؤال)؟"
2469	"لو سمحت، يعني قيمة الاشتراك في التأمينات بتتطرح من إجمالي المرتب قبل ما آخده، ولا ماذا بالظبط؟ (تستخدم مصطلحات ""إجمالي المرتب"" و""تتطرح"" لتقديم وجهة نظر مختلفة للسؤال)؟"
2470	"ممكن أعرف يعني قيمة الاشتراك في التأمينات بتتطرح من إجمالي المرتب قبل ما آخده، ولا ما هو بالظبط؟ (تستخدم مصطلحات ""إجمالي المرتب"" و""تتطرح"" لتقديم وجهة نظر مختلفة للسؤال)؟"
2471	"هل بند استقطاع التأمينات ده بيتضاف ضمن تفاصيل المرتب اللي بستلمه، ولا بيتعاملوا معاه بشكل مختلف؟ (تركز على ""بند استقطاع التأمينات"" و ""تفاصيل المرتب"" لتقديم منظور أكثر تفصيلاً.)"
2472	"يعني هل بند استقطاع التأمينات ده بيتضاف ضمن تفاصيل المرتب اللي بستلمه، ولا بيتعاملوا معاه بشكل مختلف؟ (تركز على ""بند استقطاع التأمينات"" و ""تفاصيل المرتب"" لتقديم منظور أكثر تفصيلاً.)؟"
2473	"طيب، هل بند استقطاع التأمينات ده بيتضاف في تفاصيل المرتب اللي بستلمه، ولا بيتعاملوا معاه بشكل مختلف؟ (تركز على ""بند استقطاع التأمينات"" و ""تفاصيل المرتب"" لتقديم منظور أكثر تفصيلاً.)؟"
2474	"بصراحة، هل بند استقطاع التأمينات ده بيتضاف ضمن تفاصيل المرتب اللي بستلمه، ولا بيتعاملوا معاه بشكل مختلف؟ (تركز على ""بند استقطاع التأمينات"" و ""تفاصيل المرتب"" لتقديم منظور أكثر تفصيلاً.)؟"
2475	"لو سمحت، هل بند استقطاع التأمينات ده بيتضاف ضمن تفاصيل المرتب اللي بستلمه، ولا بيتعاملوا معاه بشكل مختلف؟ (تركز على ""بند استقطاع التأمينات"" و ""تفاصيل المرتب"" لتقديم منظور أكثر تفصيلاً.)؟"
2476	"ممكن أعرف هل بند استقطاع التأمينات ده بيتضاف ضمن تفاصيل المرتب اللي بستلمه، ولا بيتعاملوا معاه بشكل مختلف؟ (تركز على ""بند استقطاع التأمينات"" و ""تفاصيل المرتب"" لتقديم منظور أكثر تفصيلاً.)؟"
2477	لازم صاحب العمل يشترك في التأمين الاجتماعي من أول يوم عمل؟
2478	يعني مطلوب صاحب الدوام يشترك في التأمين الاجتماعي من أول يوم عمل؟
2479	طيب، لازم صاحب العمل يشترك في التأمين الاجتماعي من أول يوم عمل؟
2480	بصراحة، ضروري صاحب الدوام يشترك في التأمين الاجتماعي من أول يوم عمل؟
2481	لو سمحت، لازم صاحب العمل يشترك في التأمين الاجتماعي من أول يوم عمل؟
2482	ممكن أعرف مطلوب صاحب العمل يشترك في التأمين الاجتماعي من أول يوم عمل؟
2483	يعني قانونيًا كده، صاحب الشغل مُلزم يشترك للتأمين على الموظف من أول ما يبتدي شغل معاه؟
2484	يعني قانونيًا كده، صاحب الشغل مُلزم يشترك للتأمين على الموظف من أول ما يبتدي شغل معاه؟
2485	طيب، يعني قانونيًا كده، صاحب المؤسسة مُلزم يشترك للتأمين على الموظف من أول ما يبتدي شغل معاه؟
2486	بصراحة، يعني قانونيًا كده، صاحب الوظيفة مُلزم يشترك للتأمين على الموظف من أول ما يبتدي شغل معاه؟
2487	لو سمحت، يعني قانونيًا كده، صاحب الشغل مُلزم يشترك للتأمين على الموظف من أول ما يبتدي شغل معاه؟
2488	ممكن أعرف يعني قانونيًا كده، صاحب الوظيفة مُلزم يشترك للتأمين على الموظف من أول ما يبتدي شغل معاه؟
2489	هل إجباري على صاحب أي شركة إنه يعمل اشتراك تأمينات اجتماعية للعامل عنده من أول يوم توظيف؟
2490	يعني هل إجباري على صاحب أي شركة إنه يعمل اشتراك تأمينات اجتماعية للعامل عنده من أول يوم توظيف؟
2491	طيب، هل إجباري على صاحب أي شركة إنه يعمل اشتراك تأمينات اجتماعية للعامل عنده من أول يوم توظيف؟
2492	بصراحة، هل إجباري على صاحب أي شركة إنه يعمل اشتراك تأمينات اجتماعية للشغال عنده من أول يوم توظيف؟
2493	لو سمحت، هل إجباري على صاحب أي شركة إنه يعمل اشتراك تأمينات اجتماعية للعامل عنده من أول يوم توظيف؟
2494	ممكن أعرف هل إجباري على صاحب أي شركة إنه يعمل اشتراك تأمينات اجتماعية للعامل عنده من أول يوم توظيف؟
2495	فيه إلزام على أصحاب الأعمال بتسجيل الموظفين في التأمينات الاجتماعية من بداية شغلهم في الشركة؟
2496	يعني فيه إلزام على أصحاب الأعمال بتسجيل الموظفين في التأمينات الاجتماعية من بداية شغلهم في الشركة؟
2497	طيب، فيه إلزام على أصحاب الأعمال بتسجيل الموظفين في التأمينات الاجتماعية من بداية شغلهم في الشركة؟
2498	بصراحة، فيه إلزام على أصحاب الأعمال بتسجيل الموظفين في التأمينات الاجتماعية من بداية شغلهم في الشركة؟
2499	لو سمحت، فيه إلزام على أصحاب الأعمال بتسجيل الموظفين في التأمينات الاجتماعية من بداية شغلهم في الشركة؟
2500	ممكن أعرف فيه إلزام على أصحاب الأعمال بتسجيل الموظفين في التأمينات الاجتماعية من بداية شغلهم في الشركة؟
2501	طب بصراحة، صاحب العمل ملزم يدفع تأمينات للموظف بتاعه من أول ما يمسك الشغلانة ولا فيه فترة سماح؟
2502	يعني طب بصراحة، صاحب العمل ملزم يدفع تأمينات للموظف بتاعه من أول ما يمسك الشغلانة ولا فيه مدة سماح؟
2503	طيب، طب بصراحة، صاحب العمل ملزم يدفع تأمينات للموظف بتاعه من أول ما يمسك الشغلانة ولا فيه زمن سماح؟
2504	بصراحة، طب بصراحة، صاحب العمل ملزم يدفع تأمينات للموظف بتاعه من أول ما يمسك العملانة ولا فيه فترة سماح؟
2505	لو سمحت، طب بصفسحة، صاحب العمل ملزم يدفع تأمينات للموظف بتاعه من أول ما يمسك الوظيفةانة ولا فيه مدة سماح؟
2506	ممكن أعرف طب بصراحة، صاحب الشغل ملزم يدفع تأمينات للموظف بتاعه من أول ما يمسك الشغلانة ولا فيه فترة سماح؟
2507	بالبلدي كده، صاحب الشغل لازم يشترك للموظف بتاعه في التأمينات من أول يوم في الشغل، ولا الموضوع فيه كلام تاني؟
2508	يعني بالبلدي كده، صاحب الشغل لازم يشترك للموظف بتاعه في التأمينات من أول يوم في الشغل، ولا الموضوع فيه كلام تاني؟
2509	طيب، بالبلدي كده، صاحب العمل واجب يشترك للموظف بتاعه في التأمينات من أول يوم في الشغل، ولا الموضوع فيه كلام تاني؟
2510	بصراحة، بالبلدي كده، صاحب الشغل واجب يشترك للموظف بتاعه في التأمينات من أول يوم في الشغل، ولا الموضوع فيه كلام تاني؟
2511	لو سمحت، بالبلدي كده، صاحب الوظيفة مطلوب يشترك للموظف بتاعه في التأمينات من أول يوم في الشغل، ولا الموضوع فيه كلام تاني؟
2512	ممكن أعرف بالبلدي كده، صاحب الشغل واجب يشترك للموظف بتاعه في التأمينات من أول يوم في الشغل، ولا الموضوع فيه كلام تاني؟
2513	الاشتراكات: بتتقسم كام للعامل وكام لصاحب العمل؟
2514	يعني الاشتراكات: بتتقسم إيه عدد للشغال وكام لصاحب العمل؟
2515	طيب، الاشتراكات: بتتقسم كام للشغال وكام لصاحب الدوام؟
2516	بصراحة، الاشتراكات: بتتقسم كام للعامل وكام لصاحب العمل؟
2517	لو سمحت، الاشتراكات: بتتقسم كام للشغال وكام لصاحب العمل؟
2518	ممكن أعرف الاشتراكات: بتتقسم أد أي للعامل وكام لصاحب العمل؟
2519	يا ترى نسبة مساهمة العامل وصاحب الشغل في الاشتراكات بتكون إزاي؟ يعني كل واحد بيدفع قد إيه من الاشتراك؟
2520	يعني يا ترى نسبة مساهمة العامل وصاحب الشغل في الاشتراكات بتكون إزاي؟ يعني كل واحد بيدفع قد ما هو من الاشتراك؟
2521	طيب، يا ترى نسبة مساهمة العامل وصاحب الشغل في الاشتراكات بتكون إزاي؟ يعني كل واحد بيدفع قد ماذا من الاشتراك؟
2522	بصراحة، يا ترى نسبة مساهمة العامل وصاحب الشغل في الاشتراكات بتكون إزاي؟ يعني كل واحد بيدفع قد إيه من الاشتراك؟
2523	لو سمحت، يا ترى نسبة مساهمة العامل وصاحب الشغل في الاشتراكات بتكون إزاي؟ يعني كل واحد بيدفع قد ماذا من الاشتراك؟
2524	ممكن أعرف يا ترى نسبة مساهمة العامل وصاحب العمل في الاشتراكات بتكون إزاي؟ يعني كل واحد بيدفع قد إيه من الاشتراك؟
2525	بالنسبة للاشتراكات، العامل بيتحمل جزء أد إيه منها وصاحب العمل بيتحمل الجزء الباقي؟ عايزين نعرف توزيع المساهمات بالضبط.
2526	يعني بالنسبة للاشتراكات، العامل بيتحمل جزء أد أي منها وصاحب العمل بيتحمل الجزء الباقي؟ عايزين نعرف توزيع المساهمات بالضبط.؟
2527	طيب، بالنسبة للاشتراكات، العامل بيتحمل جزء أد ما هو منها وصاحب الدوام بيتحمل الجزء الباقي؟ عايزين نعرف توزيع المساهمات بالضبط.؟
2528	بصراحة، بالنسبة للاشتراكات، العامل بيتحمل جزء أد ماذا منها وصاحب العمل بيتحمل الجزء الباقي؟ عايزين نعرف توزيع المساهمات بالضبط.؟
2529	لو سمحت، بالنسبة للاشتراكات، العامل بيتحمل جزء أد إيه منها وصاحب الدوام بيتحمل الجزء الباقي؟ عايزين نعرف توزيع المساهمات بالضبط.؟
2530	ممكن أعرف بالنسبة للاشتراكات، العامل بيتحمل جزء أد إيه منها وصاحب الشغل بيتحمل الجزء الباقي؟ عايزين نعرف توزيع المساهمات بالضبط.؟
2531	لو سمحت، الاشتراكات دي بتتقسم بينهم ازاي؟ يعني العامل بيدفع كام في المية وصاحب الشغل كام في المية؟
2532	يعني لو سمحت، الاشتراكات دي بتتقسم بينهم ازاي؟ يعني العامل بيدفع كام في المية وصاحب الشغل كام في المية؟
2533	طيب، لو سمحت، الاشتراكات دي بتتقسم بينهم ازاي؟ يعني العامل بيدفع أد إيه في المية وصاحب الوظيفة كام في المية؟
2534	بصراحة، لو سمحت، الاشتراكات دي بتتقسم بينهم ازاي؟ يعني العامل بيدفع كام في المية وصاحب الشغل كام في المية؟
2535	لو سمحت، الاشتراكات دي بتتقسم بينهم ازاي؟ يعني العامل بيدفع إيه كم في المية وصاحب الشغل كام في المية؟
2536	ممكن أعرف لو سمحت، الاشتراكات دي بتتقسم بينهم ازاي؟ يعني العامل بيدفع كام في المية وصاحب الوظيفة كام في المية؟
2537	عايزين نعرف بالتفصيل، لما بندفع اشتراكات، نصيب العامل منها بيبقى كام بالظبط ونصيب صاحب العمل كام؟
2538	يعني عايزين نعرف بالتفصيل، لما بندفع اشتراكات، نصيب العامل منها بيبقى قد إيه بالظبط ونصيب صاحب العمل كام؟
2539	طيب، عايزين نعرف بالتفصيل، لما بندفع اشتراكات، نصيب العامل منها بيبقى كام بالظبط ونصيب صاحب العمل كام؟
2540	بصراحة، عايزين نعرف بالتفصيل، لما بندفع اشتراكات، نصيب العامل منها بيبقى إيه عدد بالظبط ونصيب صاحب العمل كام؟
2541	لو سمحت، عايزين نعرف بالتفصيل، لما بندفع اشتراكات، نصيب العامل منها بيبقى كام بالظبط ونصيب صاحب العمل كام؟
2542	ممكن أعرف عايزين نعرف بالتفصيل، لما بندفع اشتراكات، نصيب العامل منها بيبقى كام بالظبط ونصيب صاحب الدوام كام؟
2543	بخصوص الاشتراكات، ممكن توضحلي مين بيدفع كام؟ يعني العامل بيساهم بقد إيه وصاحب الشغل بيكمل الباقي؟
2544	يعني بخصوص الاشتراكات، مسموح توضحلي مين بيدفع كام؟ يعني العامل بيساهم بقد إيه وصاحب العمل بيكمل الباقي؟
2545	طيب، بخصوص الاشتراكات، يمكن توضحلي مين بيدفع كام؟ يعني العامل بيساهم بقد إيه وصاحب العمل بيكمل الباقي؟
2546	بصراحة، بخصوص الاشتراكات، يجوز توضحلي مين بيدفع كام؟ يعني العامل بيساهم بقد إيه وصاحب الشغل بيكمل الباقي؟
2547	لو سمحت، بخصوص الاشتراكات، ممكن توضحلي مين بيدفع كام؟ يعني العامل بيساهم بقد إيه وصاحب الشغل بيكمل الباقي؟
2548	ممكن أعرف بخصوص الاشتراكات، ممكن توضحلي مين بيدفع كام؟ يعني العامل بيساهم بقد إيه وصاحب الشغل بيكمل الباقي؟
2549	الحد الأدنى والأقصى للأجر التأميني بيتحدد إزاي؟
2550	يعني الحد الأدنى والأقصى للأجر التأميني بيتحدد إزاي؟
2551	طيب، الحد الأدنى والأقصى للأجر التأميني بيتحدد إزاي؟
2552	بصراحة، الحد الأدنى والأقصى للأجر التأميني بيتحدد إزاي؟
2553	لو سمحت، الحد الأدنى والأقصى للأجر التأميني بيتحدد إزاي؟
2554	ممكن أعرف الحد الأدنى والأقصى للأجر التأميني بيتحدد إزاي؟
2555	إيه هي الطريقة اللي بيتحسب بيها أقل وأعلى مبلغ ممكن يتأمن عليه الواحد؟
2556	يعني أي هي الطريقة اللي بيتحسب بيها أقل وأعلى مبلغ ممكن يتأمن عليه الواحد؟
2557	طيب، إيه هي الطريقة اللي بيتحسب بيها أقل وأعلى مبلغ ينفع يتأمن عليه الواحد؟
2558	بصراحة، إيه هي الطريقة اللي بيتحسب بيها أقل وأعلى مبلغ ممكن يتأمن عليه الواحد؟
2559	لو سمحت، إيه هي الطريقة اللي بيتُعتبر بيها أقل وأعلى مبلغ ممكن يتأمن عليه الواحد؟
2560	ممكن أعرف أي هي الطريقة اللي بيتحسب بيها أقل وأعلى مبلغ يجوز يتأمن عليه الواحد؟
2561	إزاي بيعرفوا أقل قيمة وأكبر قيمة للأجر اللي بيتخصم منه التأمين؟
2562	يعني إزاي بيعرفوا أقل قيمة وأكبر قيمة للأجر اللي بيتخصم منه التأمين؟
2563	طيب، إزاي بيعرفوا أقل قيمة وأكبر قيمة للأجر اللي بيتخصم منه التأمين؟
2564	بصراحة، إزاي بيعرفوا أقل قيمة وأكبر قيمة للأجر اللي بيتخصم منه التأمين؟
2565	لو سمحت، إزاي بيعرفوا أقل قيمة وأكبر قيمة للأجر اللي بيتخصم منه التأمين؟
2566	ممكن أعرف إزاي بيعرفوا أقل قيمة وأكبر قيمة للأجر اللي بيتخصم منه التأمين؟
2567	إيه المعايير اللي بيستخدموها عشان يحددوا الحد الأدنى والحد الأقصى للأجر اللي بيتأمن عليه؟
2568	يعني إيه المعايير اللي بيستخدموها عشان يحددوا الحد الأدنى والحد الأقصى للأجر اللي بيتأمن عليه؟
2569	طيب، إيه المعايير اللي بيستخدموها عشان يحددوا الحد الأدنى والحد الأقصى للأجر اللي بيتأمن عليه؟
2570	بصراحة، إيه المعايير اللي بيستخدموها عشان يحددوا الحد الأدنى والحد الأقصى للأجر اللي بيتأمن عليه؟
2571	لو سمحت، ما هو المعايير اللي بيستخدموها عشان يحددوا الحد الأدنى والحد الأقصى للأجر اللي بيتأمن عليه؟
2572	ممكن أعرف أي المعايير اللي بيستخدموها عشان يحددوا الحد الأدنى والحد الأقصى للأجر اللي بيتأمن عليه؟
2573	مين المسؤول عن تحديد أقل وأعلى قيمة للأجور اللي بيتخصم منها اشتراكات التأمين، وبيعملوا كده على أساس إيه؟
2574	يعني مين المسؤول عن تحديد أقل وأعلى قيمة للأجور اللي بيتخصم منها اشتراكات التأمين، وبيعملوا كده على أساس ماذا؟
2575	طيب، مين المسؤول عن تحديد أقل وأعلى قيمة للأجور اللي بيتخصم منها اشتراكات التأمين، وبيعملوا كده على أساس أي؟
2576	بصراحة، مين المسؤول عن تحديد أقل وأعلى قيمة للأجور اللي بيتخصم منها اشتراكات التأمين، وبيعملوا كده على أساس ما هو؟
2577	لو سمحت، مين المسؤول عن تحديد أقل وأعلى قيمة للأجور اللي بيتخصم منها اشتراكات التأمين، وبيعملوا كده على أساس إيه؟
2578	ممكن أعرف مين المسؤول عن تحديد أقل وأعلى قيمة للأجور اللي بيتخصم منها اشتراكات التأمين، وبيعملوا كده على أساس ماذا؟
2579	ممكن تشرحلي إزاي بيتم تحديد سقف الأجر التأميني، يعني إيه هو أقل رقم وأعلى رقم ممكن يتخصم منهم للتأمين؟
2580	يعني ممكن تشرحلي إزاي بيتم تحديد سقف الأجر التأميني، يعني إيه هو أقل رقم وأعلى رقم ممكن يتخصم منهم للتأمين؟
2581	طيب، ممكن تشرحلي إزاي بيتم تحديد سقف الأجر التأميني، يعني إيه هو أقل رقم وأعلى رقم ممكن يتخصم منهم للتأمين؟
2582	بصراحة، ممكن تشرحلي إزاي بيتم تحديد سقف الأجر التأميني، يعني إيه هو أقل رقم وأعلى رقم ممكن يتخصم منهم للتأمين؟
2583	لو سمحت، ممكن تشرحلي إزاي بيتم تحديد سقف الأجر التأميني، يعني إيه هو أقل رقم وأعلى رقم ممكن يتخصم منهم للتأمين؟
2584	ممكن أعرف ينفع تشرحلي إزاي بيتم تحديد سقف الأجر التأميني، يعني إيه هو أقل رقم وأعلى رقم ممكن يتخصم منهم للتأمين؟
2585	سن التقاعد في القطاع الخاص كام حسب القانون الجديد؟
2586	يعني عمر التقاعد في القطاع الخاص قد إيه حسب القانون الجديد؟
2587	طيب، عمر التقاعد في الشركات الخاصة إيه عدد حسب النظام الجديد؟
2588	بصراحة، سن التقاعد في القطاع الخاص قد إيه حسب القانون الجديد؟
2589	لو سمحت، سنه التقاعد في القطاع الأهلي كام حسب القانون الجديد؟
2590	ممكن أعرف سنه التقاعد في الشركات الخاصة كام حسب القانون الجديد؟
2591	القانون الجديد بيقول، سن المعاش في شركات القطاع الخاص بقى كام دلوقتي؟
2592	يعني النظام الجديد بيقول، سنه المعاش في شركات القطاع الخاص بقى كم دلوقتي؟
2593	طيب، القانون الجديد بيقول، سن المعاش في شركات القطاع الخاص بقى كام دلوقتي؟
2594	بصراحة، النظام الجديد بيقول، سن المعاش في شركات الشركات الخاصة بقى قد إيه دلوقتي؟
2595	لو سمحت، التشريع الجديد بيقول، سن المعاش في شركات الشركات الخاصة بقى كام دلوقتي؟
2596	ممكن أعرف القانون الجديد بيقول، سنه المعاش في شركات القطاع الخاص بقى كام دلوقتي؟
2597	طبقا للقانون الجديد، الواحد ممكن يطلع معاش من شغل القطاع الخاص على سن كام؟
2598	يعني طبقا للقانون الجديد، الواحد ممكن يطلع معاش من شغل الشركات الخاصة على عمر كام؟
2599	طيب، طبقا للقانون الجديد، الواحد ممكن يطلع معاش من شغل القطاع الخاص على سن إيه عدد؟
2600	بصراحة، طبقا للقانون الجديد، الواحد ينفع يطلع معاش من شغل القطاع الخاص على سن كام؟
2601	لو سمحت، طبقا للقانون الجديد، الواحد ممكن يطلع معاش من شغل القطاع الخاص على عمر كام؟
2602	ممكن أعرف طبقا للقانون الجديد، الواحد ممكن يطلع معاش من شغل الشركات الخاصة على عمر كام؟
2603	يا ترى سن الخروج على المعاش في القطاع الخاص بقى كام سنة في القانون اللي لسه طالع؟
2604	يعني يا ترى عمر الخروج على المعاش في القطاع الخاص بقى كام سنة في القانون اللي لسه طالع؟
2605	طيب، يا ترى سن الخروج على المعاش في القطاع الخاص بقى كام سنة في القانون اللي لسه طالع؟
2606	بصراحة، يا ترى سنه الخروج على المعاش في القطاع الخاص بقى كام سنة في النظام اللي لسه طالع؟
2607	لو سمحت، يا ترى سن الخروج على المعاش في الشركات الخاصة بقى كام سنة في القانون اللي لسه طالع؟
2608	ممكن أعرف يا ترى سنه الخروج على المعاش في القطاع الأهلي بقى قد أي سنة في النظام اللي لسه طالع؟
2609	الواحد عشان يطلع معاش من شركة خاصة، المفروض يكون عنده كام سنة حسب القانون الجديد؟
2610	يعني الواحد عشان يطلع معاش من شركة خاصة، المفروض يكون عنده أد إيه سنة حسب القانون الجديد؟
2611	طيب، الواحد عشان يطلع معاش من شركة خاصة، المفروض يكون عنده كام سنة حسب الشرع الجديد؟
2612	بصراحة، الواحد عشان يطلع معاش من شركة خاصة، المفروض يكون عنده إيه عدد سنة حسب القانون الجديد؟
2613	لو سمحت، الواحد عشان يطلع معاش من شركة خاصة، المفروض يكون عنده كم عمرة حسب القانون الجديد؟
2614	ممكن أعرف الواحد عشان يطلع معاش من شركة خاصة، المفروض يكون عنده كام سنة حسب النظام الجديد؟
2615	بعد التعديلات الجديدة في القانون، سن المعاش بقى كام للناس اللي شغالة في شركات خاصة؟
2616	يعني بعد التعديلات الجديدة في القانون، سنه المعاش بقى إيه عدد للناس اللي شغالة في شركات خاصة؟
2617	طيب، بعد مرور التعديلات الجديدة في القانون، سن المعاش بقى أد أي للناس اللي شغالة في شركات خاصة؟
2618	بصراحة، بعد التعديلات الجديدة في القانون، سن المعاش بقى كام للناس اللي شغالة في شركات خاصة؟
2619	لو سمحت، عقب التعديلات الجديدة في القانون، سن المعاش بقى كم للناس اللي شغالة في شركات خاصة؟
2620	ممكن أعرف بعد التعديلات الجديدة في القانون، سن المعاش بقى كام للناس اللي شغالة في شركات خاصة؟
2621	هل في فرق بين سن المعاش وبين سن إنهاء عقد العمل؟
2622	يعني هل في فرق بين عمر المعاش وبين سن إنهاء عقد العمل؟
2623	طيب، هل في فرق بين سن المعاش وبين سن إنهاء عقد العمل؟
2624	بصراحة، هل في فرق بين سن المعاش وبين سن إنهاء عقد العمل؟
2625	لو سمحت، هل في فرق بين سن المعاش وبين سن إنهاء عقد العمل؟
2626	ممكن أعرف هل في فرق بين سن المعاش وبين سن إنهاء عقد الدوام؟
2627	يا ترى فيه اختلاف بين السن اللي بيطلع فيه الواحد معاش والسن اللي ممكن صاحب الشغل يمشيك فيه من الشغل؟
2628	يعني يا ترى فيه اختلاف بين السن اللي بيطلع فيه الواحد معاش والسن اللي يمكن صاحب الوظيفة يمشيك فيه من الشغل؟
2629	طيب، يا ترى فيه اختلاف بين السن اللي بيطلع فيه الواحد معاش والسن اللي ممكن صاحب الشغل يمشيك فيه من الشغل؟
2630	بصراحة، يا ترى فيه اختلاف بين العمر اللي بيطلع فيه الواحد معاش والسن اللي ممكن صاحب المؤسسة يمشيك فيه من الشغل؟
2631	لو سمحت، يا ترى فيه اختلاف بين العمر اللي بيطلع فيه الواحد معاش والسن اللي ممكن صاحب الشغل يمشيك فيه من الشغل؟
2632	ممكن أعرف يا ترى فيه اختلاف بين السنه اللي بيطلع فيه الواحد معاش والسن اللي ممكن صاحب الشغل يمشيك فيه من الشغل؟
2633	هل سن التقاعد هو نفسه السن اللي ممكن فيه عقدك يخلص أو الشركة تستغنى عنك؟ ولاّ فيه فرق؟
2634	يعني هل سنه التقاعد هو نفسه السن اللي ممكن فيه عقدك يخلص أو الشركة تستغنى عنك؟ ولاّ فيه فرق؟
2635	طيب، هل سن التقاعد هو نفسه السن اللي يجوز فيه عقدك يخلص أو الشركة تستغنى عنك؟ ولاّ فيه فرق؟
2636	بصراحة، هل عمر التقاعد هو نفسه السن اللي ممكن فيه عقدك يخلص أو الشركة تستغنى عنك؟ ولاّ فيه فرق؟
2637	لو سمحت، هل سن التقاعد هو نفسه السن اللي يمكن فيه عقدك يخلص أو الشركة تستغنى عنك؟ ولاّ فيه فرق؟
2638	ممكن أعرف هل سن التقاعد هو نفسه السن اللي ممكن فيه عقدك يخلص أو الشركة تستغنى عنك؟ ولاّ فيه فرق؟
2639	بصراحة، فيه فرق بين سن الواحد لما يوصل للمعاش وبين السن اللي ممكن فيه عقد شغله ينتهي؟
2640	يعني بصراحة، فيه فرق بين سن الواحد لما يوصل للمعاش وبين السن اللي يمكن فيه عقد شغله ينتهي؟
2641	طيب، بصاستراحة، فيه فرق بين سنه الواحد لما يوصل للمعاش وبين السن اللي ممكن فيه عقد شغله ينتهي؟
2642	بصراحة، فيه فرق بين سن الواحد لما يوصل للمعاش وبين السن اللي ممكن فيه عقد شغله ينتهي؟
2643	لو سمحت، بصراحة، فيه فرق بين عمر الواحد لما يوصل للمعاش وبين السن اللي يمكن فيه عقد شغله ينتهي؟
2644	ممكن أعرف بصفسحة، فيه فرق بين سن الواحد لما يوصل للمعاش وبين السن اللي ممكن فيه عقد شغله ينتهي؟
2645	يعني السن القانوني للمعاش هو هو السن اللي ممكن الشركة تمشيني فيه من الشغل؟ ولا فيه حاجة تانية؟
2646	يعني السن التشريعي للمعاش هو هو السن اللي يمكن الشركة تمشيني فيه من المؤسسة؟ ولا فيه حاجة تانية؟
2647	طيب، يعني السنه القانوني للمعاش هو هو السن اللي ممكن الشركة تمشيني فيه من العمل؟ ولا فيه حاجة تانية؟
2648	بصراحة، يعني السن القانوني للمعاش هو هو السن اللي يمكن الشركة تمشيني فيه من الوظيفة؟ ولا فيه حاجة تانية؟
2649	لو سمحت، يعني السن القانوني للمعاش هو هو السن اللي ممكن الشركة تمشيني فيه من الشغل؟ ولا فيه حاجة تانية؟
2650	ممكن أعرف يعني السنه القانوني للمعاش هو هو السن اللي ممكن الشركة تمشيني فيه من الشغل؟ ولا فيه حاجة تانية؟
2651	هل فيه تماثل بين العمر اللي بيحقلي أخد فيه معاش وبين العمر اللي ممكن صاحب الشغل يقولي مع السلامة؟
2652	يعني هل فيه تماثل بين العمر اللي بيحقلي أخد فيه معاش وبين العمر اللي يمكن صاحب العمل يقولي مع السلامة؟
2653	طيب، هل فيه تماثل بين العمر اللي بيحقلي أخد فيه معاش وبين العمر اللي ممكن صاحب الشغل يقولي مع السلامة؟
2654	بصراحة، هل فيه تماثل بين العمر اللي بيحقلي أخد فيه معاش وبين العمر اللي ينفع صاحب الشغل يقولي مع السلامة؟
2655	لو سمحت، هل فيه تماثل بين العمر اللي بيحقلي أخد فيه معاش وبين العمر اللي ممكن صاحب المؤسسة يقولي مع السلامة؟
2656	ممكن أعرف هل فيه تماثل بين العمر اللي بيحقلي أخد فيه معاش وبين العمر اللي ممكن صاحب الوظيفة يقولي مع السلامة؟
2657	عامل فوق سن الستين ينفع يتبقاله مكافأة نهاية الخدمة؟
2658	يعني عامل علاوة على سنه الستين ينفع يتبقاله مكافأة نهاية الخدمة؟
2659	طيب، عامل فوق عمر الستين ينفع يتبقاله مكافأة نهاية الخدمة؟
2660	بصراحة، عامل فوق سن الستين ينفع يتبنصه مكافأة نهاية الخدمة؟
2661	لو سمحت، عامل فوق سنه الستين ينفع يتبقاله مكافأة نهاية الخدمة؟
2662	ممكن أعرف عامل إضافة إلى سن الستين ينفع يتبقاله مكافأة نهاية الخدمة؟
2663	هل فيه أي استثناءات أو قوانين تمنع صرف مكافأة نهاية الخدمة لشخص عنده أكتر من ستين سنة وبيشتغل؟
2664	يعني هل فيه أي استثناءات أو قوانين تمنع صرف مكافأة نهاية الخدمة لشخص عنده أكتر من ستين سنة وبيشتغل؟
2665	طيب، هل فيه أي استثناءات أو قوانين تمنع صرف مكافأة نهاية الخدمة لشخص عنده أكتر من ستين سنة وبيشتغل؟
2666	بصراحة، هل فيه أي استثناءات أو قوانين تمنع صرف مكافأة نهاية الخدمة لشخص عنده أكتر من ستين عمرة وبيشتغل؟
2667	لو سمحت، هل فيه أي استثناءات أو قوانين تمنع صرف مكافأة نهاية الخدمة لشخص عنده أكتر من ستين سنة وبيشتغل؟
2668	ممكن أعرف هل فيه أي استثناءات أو قوانين تمنع صرف مكافأة نهاية الخدمة لشخص عنده أكتر من ستين سنهة وبيشتغل؟
2669	لو واحد عدى الستين وشغال، هل بيستحق ياخد مكافأة نهاية الخدمة عادي زي أي حد؟
2670	يعني لو واحد عدى الستين وشغال، هل بيستحق يستحق مكافأة نهاية الخدمة عادي زي أي حد؟
2671	طيب، لو واحد عدى الستين وشغال، هل بيستحق ياخد مكافأة نهاية الخدمة عادي زي أي حد؟
2672	بصراحة، لو واحد عدى الستين وشغال، هل بيستحق يحصل على مكافأة نهاية الخدمة عادي زي أي حد؟
2673	لو سمحت، لو واحد عدى الستين وشغال، هل بيستحق ياخد مكافأة نهاية الخدمة عادي زي أي حد؟
2674	ممكن أعرف لو واحد عدى الستين وشغال، هل بيستحق ياخد مكافأة نهاية الخدمة عادي زي أي حد؟
2675	بصراحة، الراجل اللي سنه فوق الستين ده، لما يخلص شغله، هياخد فلوس مكافأة نهاية الخدمة بتاعته ولا القانون بيقول حاجة تانية؟
2676	يعني بصفسحة، الراجل اللي سنهه فوق الستين ده، لما يخلص شغله، هياخد فلوس مكافأة نهاية الخدمة بتاعته ولا التشريع بيقول حاجة تانية؟
2677	طيب، بصراحة، الراجل اللي سنهه علاوة على الستين ده، لما يخلص شغله، هياخد فلوس مكافأة نهاية الخدمة بتاعته ولا النظام بيقول حاجة تانية؟
2678	بصراحة، الراجل اللي سنه علاوة على الستين ده، لما يخلص شغله، هياخد فلوس مكافأة نهاية الخدمة بتاعته ولا النظام بيقول حاجة تانية؟
2679	لو سمحت، بصبريك، الراجل اللي سنهه علاوة على الستين ده، لما يخلص شغله، هيأخذ فلوس مكافأة نهاية الخدمة بتاعته ولا النظام بيقول حاجة تانية؟
2680	ممكن أعرف بصراحة، الراجل اللي سنه فوق الستين ده، لما يخلص شغله، هياخد فلوس مكافأة نهاية الخدمة بتاعته ولا القانون بيقول حاجة تانية؟
2681	فيه مشكلة قانونية لو صاحب شغل صرف مكافأة نهاية خدمة لواحد عامل عنده فوق الستين؟ ولا ده حقه ومفيش كلام؟
2682	يعني فيه مشكلة قانونية لو صاحب شغل صرف مكافأة نهاية خدمة لواحد عامل عنده فوق الستين؟ ولا ده حقه ومفيش كلام؟
2683	طيب، فيه مشكلة قانونية لو صاحب شغل صرف مكافأة نهاية خدمة لواحد عامل عنده إضافة إلى الستين؟ ولا ده حقه ومفيش كلام؟
2684	بصراحة، فيه مشكلة قانونية لو صاحب شغل صرف مكافأة نهاية خدمة لواحد عامل عنده إضافة إلى الستين؟ ولا ده حقه ومفيش كلام؟
2685	لو سمحت، فيه مشكلة قانونية لو صاحب شغل صرف مكافأة نهاية خدمة لواحد عامل عنده فوق الستين؟ ولا ده حقه ومفيش كلام؟
2686	ممكن أعرف فيه مشكلة قانونية لو صاحب شغل صرف مكافأة نهاية خدمة لواحد عامل عنده إضافة إلى الستين؟ ولا ده حقه ومفيش كلام؟
2687	يعني لو واحد سنه كبير شوية (فوق الستين) واشتغل فترة وبعدين مشي، المفروض ياخد مكافأة نهاية خدمة ولا عشان سنه كبير مياخدش؟
2688	يعني لو واحد سنه كبير شوية (علاوة على الستين) واشتغل فترة وعقبين مشي، المفروض ياخد مكافأة نهاية خدمة ولا عشان سنه كبير مياخدش؟
2689	طيب، يعني لو واحد سنهه كبير شوية (إضافة إلى الستين) واشتغل زمن وبعد مرورين مشي، المفروض ياخد مكافأة نهاية خدمة ولا عشان سنه كبير مياخدش؟
2690	بصراحة، يعني لو واحد سنه كبير شوية (فوق الستين) واشتغل فترة وبعدين مشي، المفروض ياخد مكافأة نهاية خدمة ولا عشان سنه كبير مياخدش؟
2691	لو سمحت، يعني لو واحد سنه كبير شوية (إضافة إلى الستين) واشتغل مدة وعقبين مشي، المفروض يستحق مكافأة نهاية خدمة ولا عشان سنه كبير مياخدش؟
2692	ممكن أعرف يعني لو واحد سنه كبير شوية (فوق الستين) واشتغل زمن وبعدين مشي، المفروض ياخد مكافأة نهاية خدمة ولا عشان سنه كبير مياخدش؟
2693	كيف بتحسب مكافأة نهاية الخدمة؟ (نصف شهر للسنة الأولى وشهرين للسنتين اللي بعد كده)
2694	يعني كيف بتحسب مكافأة نهاية الخدمة؟ (نصف شهر للسنة الأولى وشهرين للسنتين اللي عقب كده)؟
2695	طيب، كيف بتحسب مكافأة نهاية الخدمة؟ (نصف شهر للسنة الأولى وشهرين للسنتين اللي بعد كده)؟
2696	بصراحة، كيف بتُعد مكافأة نهاية الخدمة؟ (نصف شهر للعمرة الأولى وشهرين للسنتين اللي عقب كده)؟
2697	لو سمحت، كيف بتُعد مكافأة نهاية الخدمة؟ (نصف شهر للسنة الأولى وشهرين للسنتين اللي بعد كده)؟
2698	ممكن أعرف كيف بتُعد مكافأة نهاية الخدمة؟ (نصف شهر للسنة الأولى وشهرين للسنتين اللي بعد كده)؟
2699	إزاي طريقة حساب مكافأة نهاية الخدمة؟ يعني لو واحد اشتغل سنة ياخد نص شهر، وبعدها سنتين ياخد شهرين، الحسبة بتمشي إزاي بالظبط؟
2700	يعني إزاي طريقة حساب مكافأة نهاية الخدمة؟ يعني لو واحد اشتغل سنة يأخذ نص شهر، وبعدها سنتين ياخد شهرين، الحسبة بتمشي إزاي بالظبط؟
2701	طيب، إزاي طريقة حساب مكافأة نهاية الخدمة؟ يعني لو واحد اشتغل سنة ياخد نص شهر، وبعدها سنتين ياخد شهرين، الحسبة بتمشي إزاي بالظبط؟
2702	بصراحة، إزاي طريقة حساب مكافأة نهاية الخدمة؟ يعني لو واحد اشتغل سنة يأخذ نص شهر، وبعد مرورها سنتين ياخد شهرين، الحسبة بتمشي إزاي بالظبط؟
2703	لو سمحت، إزاي طريقة حساب مكافأة نهاية الخدمة؟ يعني لو واحد اشتغل سنة ياخد نص شهر، وبعدها سنتين ياخد شهرين، الحسبة بتمشي إزاي بالظبط؟
2704	ممكن أعرف إزاي طريقة حساب مكافأة نهاية الخدمة؟ يعني لو واحد اشتغل سنة يستحق نص شهر، وبعدها سنتين ياخد شهرين، الحسبة بتمشي إزاي بالظبط؟
2705	لو سمحت، ممكن تشرح لي طريقة احتساب مكافأة نهاية الخدمة؟ أنا عارف إن السنة الأولى ليها نص شهر، والسنتين اللي بعديها ليهم شهرين، بس عايز أعرف التفاصيل أكتر.
2706	يعني لو سمحت، ينفع تشرح لي طريقة احتساب مكافأة نهاية الخدمة؟ أنا عارف إن العمرة الأولى ليها نص شهر، والسنتين اللي عقبيها ليهم شهرين، بس عايز أعرف التفاصيل أكتر.؟
2707	طيب، لو سمحت، ممكن تشرح لي طريقة احتساب مكافأة نهاية الخدمة؟ أنا عارف إن السنهة الأولى ليها نص شهر، والسنتين اللي عقبيها ليهم شهرين، بس عايز أعرف التفاصيل أكتر.؟
2708	بصراحة، لو سمحت، ممكن تشرح لي طريقة احتساب مكافأة نهاية الخدمة؟ أنا عارف إن العمرة الأولى ليها نص شهر، والسنتين اللي بعد مروريها ليهم شهرين، بس عايز أعرف التفاصيل أكتر.؟
2709	لو سمحت، مباح تشرح لي طريقة احتساب مكافأة نهاية الخدمة؟ أنا عارف إن السنة الأولى ليها نص شهر، والسنتين اللي بعديها ليهم شهرين، بس عايز أعرف التفاصيل فوق.؟
2710	ممكن أعرف لو سمحت، ممكن تشرح لي طريقة احتساب مكافأة نهاية الخدمة؟ أنا عارف إن السنة الأولى ليها نص شهر، والسنتين اللي عقبيها ليهم شهرين، بس عايز أعرف التفاصيل أكتر.؟
2711	عايز أعرف بالتفصيل إزاي بيحسبوا مكافأة نهاية الخدمة؟ سمعت إن فيه نظام معين، نص شهر للسنة الأولى وشهرين للسنتين اللي بعديها، ممكن توضح لي؟
2712	يعني عايز أعرف بالتفصيل إزاي بيحسبوا مكافأة نهاية الخدمة؟ سمعت إن فيه نظام معين، نص شهر للسنة الأولى وشهرين للسنتين اللي بعد مروريها، ممكن توضح لي؟
2713	طيب، عايز أعرف بالتفصيل إزاي بيحسبوا مكافأة نهاية الخدمة؟ سمعت إن فيه نظام معين، نص شهر للسنة الأولى وشهرين للسنتين اللي بعديها، ممكن توضح لي؟
2714	بصراحة، عايز أعرف بالتفصيل إزاي بيحسبوا مكافأة نهاية الخدمة؟ سمعت إن فيه نظام معين، نص شهر للسنة الأولى وشهرين للسنتين اللي بعديها، ممكن توضح لي؟
2715	لو سمحت، عايز أعرف بالتفصيل إزاي بيحسبوا مكافأة نهاية الخدمة؟ سمعت إن فيه نظام معين، نص شهر للسنهة الأولى وشهرين للسنتين اللي بعديها، ممكن توضح لي؟
2716	ممكن أعرف عايز أعرف بالتفصيل إزاي بيحسبوا مكافأة نهاية الخدمة؟ سمعت إن فيه نظام معين، نص شهر للسنة الأولى وشهرين للسنتين اللي بعديها، يمكن توضح لي؟
2717	بفهم منين طريقة حساب مكافأة نهاية الخدمة؟ فيه كلام عن نص شهر للسنة الأولى وشهرين للسنتين اللي بعد كده، بس مش عارف الحسبة دي بتتعمل إزاي.
2718	يعني بفهم منين طريقة حساب مكافأة نهاية الخدمة؟ فيه كلام عن نص شهر للسنة الأولى وشهرين للسنتين اللي عقب كده، بس مش عارف الحسبة دي بتتعمل إزاي.؟
2719	طيب، بفهم منين طريقة حساب مكافأة نهاية الخدمة؟ فيه كلام عن نص شهر للسنة الأولى وشهرين للسنتين اللي بعد كده، بس مش عارف الحسبة دي بتتعمل إزاي.؟
2720	بصراحة، بفهم منين طريقة حساب مكافأة نهاية الخدمة؟ فيه كلام عن نص شهر للسنة الأولى وشهرين للسنتين اللي بعد مرور كده، بس مش عارف الحسبة دي بتتعمل إزاي.؟
2721	لو سمحت، بفهم منين طريقة حساب مكافأة نهاية الخدمة؟ فيه كلام عن نص شهر للسنهة الأولى وشهرين للسنتين اللي بعد كده، بس مش عارف الحسبة دي بتتعمل إزاي.؟
2722	ممكن أعرف بفهم منين طريقة حساب مكافأة نهاية الخدمة؟ فيه كلام عن نص شهر للسنة الأولى وشهرين للسنتين اللي بعد مرور كده، بس مش عارف الحسبة دي بتتعمل إزاي.؟
2723	ياريت تفهمني طريقة حساب مكافأة نهاية الخدمة. يعني أنا عارف إن فيه حاجة اسمها نص شهر للسنة الأولى وشهرين للسنتين اللي بعديها، بس مش فاهم بتتحسب إزاي بالظبط.
2724	يعني ياريت تفهمني طريقة حساب مكافأة نهاية الخدمة. يعني أنا عارف إن فيه حاجة اسمها نص شهر للعمرة الأولى وشهرين للسنتين اللي بعديها، بس مش فاهم تعتبر إزاي بالظبط.؟
2725	طيب، ياريت تفهمني طريقة حساب مكافأة نهاية الخدمة. يعني أنا عارف إن فيه حاجة اسمها نص شهر للعمرة الأولى وشهرين للسنتين اللي بعديها، بس مش فاهم بتتضاف إزاي بالظبط.؟
2726	بصراحة، ياريت تفهمني طريقة حساب مكافأة نهاية الخدمة. يعني أنا عارف إن فيه حاجة اسمها نص شهر للسنة الأولى وشهرين للسنتين اللي عقبيها، بس مش فاهم بتتضاف إزاي بالظبط.؟
2727	لو سمحت، ياريت تفهمني طريقة حساب مكافأة نهاية الخدمة. يعني أنا عارف إن فيه حاجة اسمها نص شهر للعمرة الأولى وشهرين للسنتين اللي بعديها، بس مش فاهم بتتُعتبر إزاي بالظبط.؟
2728	ممكن أعرف ياريت تفهمني طريقة حساب مكافأة نهاية الخدمة. يعني أنا عارف إن فيه حاجة اسمها نص شهر للسنة الأولى وشهرين للسنتين اللي بعديها، بس مش فاهم بتتضاف إزاي بالظبط.؟
2729	العامل في شركة خاصة بيتقاضى إيه بعد سن الستين؟ هل في معاش من الشركة أو من التأمين؟
2730	يعني العامل في شركة خاصة بيتقاضى إيه بعد سن الستين؟ هل في معاش من الشركة أو من التأمين؟
2731	طيب، العامل في شركة خاصة بيتقاضى إيه عقب سن الستين؟ هل في معاش من الشركة أو من التأمين؟
2732	بصراحة، العامل في شركة خاصة بيتقاضى إيه بعد سن الستين؟ هل في معاش من الشركة أو من التأمين؟
2733	لو سمحت، العامل في شركة خاصة بيتقاضى إيه بعد عمر الستين؟ هل في معاش من الشركة أو من التأمين؟
2734	ممكن أعرف العامل في شركة خاصة بيتقاضى إيه بعد عمر الستين؟ هل في معاش من الشركة أو من التأمين؟
2735	الراجل اللي شغال في شركة قطاع خاص، بعد ما يوصل سن الستين، بيكون له حقوق إيه؟ فيه معاش الشركة بتصرفه له، ولا الموضوع بيعتمد على التأمين بس؟
2736	يعني الراجل اللي شغال في شركة قطاع خاص، بعد ما يوصل سن الستين، بيكون له حقوق ما هو؟ فيه معاش الشركة بتصرفه له، ولا الموضوع بيعتمد على التأمين بس؟
2737	طيب، الراجل اللي شغال في شركة قطاع خاص، عقب ما يوصل سن الستين، بيكون له حقوق إيه؟ فيه معاش الشركة بتصرفه له، ولا الموضوع بيعتمد على التأمين بس؟
2738	بصراحة، الراجل اللي شغال في شركة قطاع خاص، عقب ما يوصل سنه الستين، بيكون له حقوق إيه؟ فيه معاش الشركة بتصرفه له، ولا الموضوع بيعتمد على التأمين بس؟
2739	لو سمحت، الراجل اللي شغال في شركة قطاع خاص، بعد ما يوصل سن الستين، بيكون له حقوق ما هو؟ فيه معاش الشركة بتصرفه له، ولا الموضوع بيعتمد على التأمين بس؟
2740	ممكن أعرف الراجل اللي شغال في شركة قطاع خاص، بعد ما يوصل سن الستين، بيكون له حقوق إيه؟ فيه معاش الشركة بتصرفه له، ولا الموضوع بيعتمد على التأمين بس؟
2741	لما موظف في شركة خاصة يبلغ الستين سنة، إيه وضعه بالنسبة للمعاش؟ الشركة بتدفع له حاجة ولا كل حاجة بتيجي من التأمينات؟
2742	يعني لما موظف في شركة خاصة يبلغ الستين سنة، أي وضعه بالنسبة للمعاش؟ الشركة بتدفع له حاجة ولا كل حاجة بتيجي من التأمينات؟
2743	طيب، لما موظف في شركة خاصة يبلغ الستين سنة، إيه وضعه بالنسبة للمعاش؟ الشركة بتدفع له حاجة ولا كل حاجة بتيجي من التأمينات؟
2744	بصراحة، لما موظف في شركة خاصة يبلغ الستين سنة، إيه وضعه بالنسبة للمعاش؟ الشركة بتدفع له حاجة ولا كل حاجة بتيجي من التأمينات؟
2745	لو سمحت، لما موظف في شركة خاصة يبلغ الستين سنة، إيه وضعه بالنسبة للمعاش؟ الشركة بتدفع له حاجة ولا كل حاجة بتيجي من التأمينات؟
2746	ممكن أعرف لما موظف في شركة خاصة يبلغ الستين سنة، أي وضعه بالنسبة للمعاش؟ الشركة بتدفع له حاجة ولا كل حاجة بتيجي من التأمينات؟
2747	طيب، اللي بيشتغل في شركة خاصة، لما يعدي الستين، بياخد معاش منين؟ هل الشركة بتصرف له معاش خاص، ولا التأمين هو اللي بيتولى الموضوع ده؟
2748	يعني طيب، اللي بيشتغل في شركة خاصة، لما يعدي الستين، بياخد معاش منين؟ هل الشركة بتصرف له معاش خاص، ولا التأمين هو اللي بيتولى الموضوع ده؟
2749	طيب، اللي بيشتغل في شركة خاصة، لما يعدي الستين، بياخد معاش منين؟ هل الشركة بتصرف له معاش خاص، ولا التأمين هو اللي بيتولى الموضوع ده؟
2750	بصراحة، طيب، اللي بيشتغل في شركة خاصة، لما يعدي الستين، بيستحق معاش منين؟ هل الشركة بتصرف له معاش خاص، ولا التأمين هو اللي بيتولى الموضوع ده؟
2751	لو سمحت، طيب، اللي بيشتغل في شركة خاصة، لما يعدي الستين، بياخد معاش منين؟ هل الشركة بتصرف له معاش خاص، ولا التأمين هو اللي بيتولى الموضوع ده؟
2752	ممكن أعرف طيب، اللي بيشتغل في شركة خاصة، لما يعدي الستين، بياخد معاش منين؟ هل الشركة بتصرف له معاش خاص، ولا التأمين هو اللي بيتولى الموضوع ده؟
2753	واحد شغال في شركة خاصة وصل سن الستين، يا ترى إيه اللي بيستحقه بعد كده؟ هل في أي مبالغ بتتصرف له من الشركة، ولا هو ماشي تبع نظام التأمين وخلاص؟
2754	يعني واحد شغال في شركة خاصة وصل سن الستين، يا ترى إيه اللي بيستحقه بعد كده؟ هل في أي مبالغ بتتصرف له من الشركة، ولا هو ماشي تبع نظام التأمين وخلاص؟
2755	طيب، واحد شغال في شركة خاصة وصل سن الستين، يا ترى إيه اللي بيستحقه بعد كده؟ هل في أي مبالغ بتتصرف له من الشركة، ولا هو ماشي تبع نظام التأمين وخلاص؟
2756	بصراحة، واحد شغال في شركة خاصة وصل عمر الستين، يا ترى ماذا اللي بيستحقه بعد كده؟ هل في أي مبالغ بتتصرف له من الشركة، ولا هو ماشي تبع نظام التأمين وخلاص؟
2757	لو سمحت، واحد شغال في شركة خاصة وصل سن الستين، يا ترى إيه اللي بيستحقه بعد مرور كده؟ هل في أي مبالغ بتتصرف له من الشركة، ولا هو ماشي تبع نظام التأمين وخلاص؟
2758	ممكن أعرف واحد شغال في شركة خاصة وصل سن الستين، يا ترى إيه اللي بيستحقه بعد كده؟ هل في أي مبالغ بتتصرف له من الشركة، ولا هو ماشي تبع نظام التأمين وخلاص؟
2759	أنا عندي واحد شغال في شركة خاصة، وقرب على سن الستين. عاوز أعرف، بعد كده هيقبض إيه؟ هل فيه معاش من الشركة نفسها، ولا كل حاجة بتروح للتأمين؟
2760	يعني أنا عندي واحد شغال في شركة خاصة، وقرب على سن الستين. عاوز أعرف، بعد كده هيقبض إيه؟ هل فيه معاش من الشركة نفسها، ولا كل حاجة بتروح للتأمين؟
2761	طيب، أنا عندي واحد شغال في شركة خاصة، وقرب على سنه الستين. عاوز أعرف، بعد كده هيقبض إيه؟ هل فيه معاش من الشركة نفسها، ولا كل حاجة بتروح للتأمين؟
2762	بصراحة، أنا عندي واحد شغال في شركة خاصة، وقرب على عمر الستين. عاوز أعرف، بعد كده هيقبض إيه؟ هل فيه معاش من الشركة نفسها، ولا كل حاجة بتروح للتأمين؟
2763	لو سمحت، أنا عندي واحد شغال في شركة خاصة، وقرب على عمر الستين. عاوز أعرف، عقب كده هيقبض ما هو؟ هل فيه معاش من الشركة نفسها، ولا كل حاجة بتروح للتأمين؟
2764	ممكن أعرف أنا عندي واحد شغال في شركة خاصة، وقرب على سنه الستين. عاوز أعرف، بعد مرور كده هيقبض إيه؟ هل فيه معاش من الشركة نفسها، ولا كل حاجة بتروح للتأمين؟
2765	اللي خرج على المعاش بعد اشتغل في جهة بس مش في التأمين، إيه اللي بيحصل؟
2766	يعني اللي خرج على المعاش بعد اشتغل في جهة بس مش في التأمين، ما هو اللي بيحصل؟
2767	طيب، اللي خرج على المعاش بعد اشتغل في جهة بس مش في التأمين، إيه اللي بيحصل؟
2768	بصراحة، اللي خرج على المعاش بعد اشتغل في جهة بس مش في التأمين، إيه اللي بيحصل؟
2769	لو سمحت، اللي خرج على المعاش عقب اشتغل في جهة بس مش في التأمين، ماذا اللي بيحصل؟
2770	ممكن أعرف اللي خرج على المعاش عقب اشتغل في جهة بس مش في التأمين، ما هو اللي بيحصل؟
2771	واحد طلع معاش واشتغل شغلانة تانية بره التأمينات، وضعه بيكون إيه؟
2772	يعني واحد طلع معاش واشتغل شغلانة تانية بره التأمينات، وضعه بيكون إيه؟
2773	طيب، واحد طلع معاش واشتغل شغلانة تانية بره التأمينات، وضعه بيكون إيه؟
2774	بصراحة، واحد طلع معاش واشتغل شغلانة تانية بره التأمينات، وضعه بيكون إيه؟
2775	لو سمحت، واحد طلع معاش واشتغل شغلانة تانية بره التأمينات، وضعه بيكون ما هو؟
2776	ممكن أعرف واحد طلع معاش واشتغل شغلانة تانية بره التأمينات، وضعه بيكون إيه؟
2777	لو واحد اتقاعد وبعدين اشتغل في مكان تاني مش بيدفع تأمينات، إيه النظام بتاعه؟
2778	يعني لو واحد اتقاعد وبعد مرورين اشتغل في مكان تاني مش بيدفع تأمينات، أي النظام بتاعه؟
2779	طيب، لو واحد اتقاعد وبعدين اشتغل في مكان تاني مش بيدفع تأمينات، إيه النظام بتاعه؟
2780	بصراحة، لو واحد اتقاعد وبعد مرورين اشتغل في مكان تاني مش بيدفع تأمينات، إيه النظام بتاعه؟
2781	لو سمحت، لو واحد اتقاعد وبعدين اشتغل في مكان تاني مش بيدفع تأمينات، إيه النظام بتاعه؟
2782	ممكن أعرف لو واحد اتقاعد وبعدين اشتغل في مكان تاني مش بيدفع تأمينات، إيه النظام بتاعه؟
2783	إيه وضع اللي بيوصل لسن المعاش وياخد معاشه، وبعد كده بيشتغل في حتة ملهاش علاقة بالتأمين؟
2784	يعني إيه وضع اللي بيوصل لسن المعاش وياخد معاشه، وعقب كده بيشتغل في حتة ملهاش علاقة بالتأمين؟
2785	طيب، إيه وضع اللي بيوصل لسن المعاش وياخد معاشه، وعقب كده بيشتغل في حتة ملهاش علاقة بالتأمين؟
2786	بصراحة، إيه وضع اللي بيوصل لسن المعاش وياخد معاشه، وبعد كده بيشتغل في حتة ملهاش علاقة بالتأمين؟
2787	لو سمحت، إيه وضع اللي بيوصل لسن المعاش وياخد معاشه، وبعد كده بيشتغل في حتة ملهاش علاقة بالتأمين؟
2788	ممكن أعرف ماذا وضع اللي بيوصل لسن المعاش وياخد معاشه، وعقب كده بيشتغل في حتة ملهاش علاقة بالتأمين؟
2789	لما واحد يخلص شغله وياخد معاشه، وبعدين يلاقي شغل تاني بس مش متأمن عليه، إيه اللي بيترتب على كده؟
2790	يعني لما واحد يخلص شغله ويستحق معاشه، وبعد مرورين يلاقي شغل تاني بس مش متأمن عليه، أي اللي بيترتب على كده؟
2791	طيب، لما واحد يخلص شغله ويأخذ معاشه، بعد ذلك يلاقي شغل تاني بس مش متأمن عليه، إيه اللي بيترتب على كده؟
2792	بصراحة، لما واحد يخلص شغله وياخد معاشه، وبعدين يلاقي شغل تاني بس مش متأمن عليه، ماذا اللي بيترتب على كده؟
2793	لو سمحت، لما واحد يخلص شغله ويحصل على معاشه، وبعدين يلاقي شغل تاني بس مش متأمن عليه، ماذا اللي بيترتب على كده؟
2794	ممكن أعرف لما واحد يخلص شغله ويأخذ معاشه، وعقبين يلاقي شغل تاني بس مش متأمن عليه، إيه اللي بيترتب على كده؟
2795	لو موظف طلع على المعاش واشتغل في شغلانة تانية مش متسجلة في التأمينات، ده يأثر على إيه؟
2796	يعني لو موظف طلع على المعاش واشتغل في شغلانة تانية مش متسجلة في التأمينات، ده يأثر على إيه؟
2797	طيب، لو موظف طلع على المعاش واشتغل في شغلانة تانية مش متسجلة في التأمينات، ده يأثر على ما هو؟
2798	بصراحة، لو موظف طلع على المعاش واشتغل في شغلانة تانية مش متسجلة في التأمينات، ده يأثر على أي؟
2799	لو سمحت، لو موظف طلع على المعاش واشتغل في شغلانة تانية مش متسجلة في التأمينات، ده يأثر على إيه؟
2800	ممكن أعرف لو موظف طلع على المعاش واشتغل في شغلانة تانية مش متسجلة في التأمينات، ده يأثر على إيه؟
2801	هو الواحد من حقه يختار يتقاعد إمتى بإرادته؟ إزاي؟
2802	يعني هو الواحد من حقه يختار يتقاعد إمتى بإرادته؟ إزاي؟
2803	طيب، هو الواحد من حقه يختار يتقاعد إمتى بإرادته؟ إزاي؟
2804	بصراحة، هو الواحد من حقه يختار يتقاعد إمتى بإرادته؟ إزاي؟
2805	لو سمحت، هو الواحد من حقه يختار يتقاعد إمتى بإرادته؟ إزاي؟
2806	ممكن أعرف هو الواحد من حقه يختار يتقاعد إمتى بإرادته؟ إزاي؟
2807	هل قانونًا الواحد يقدر يحدد بنفسه ميعاد خروجه على المعاش؟ وإيه هي الطريقة اللي يقدر يعمل بيها كده؟
2808	يعني هل قانونًا الواحد يقدر يحدد بنفسه ميعاد خروجه على المعاش؟ وإيه هي الطريقة اللي يقدر يعمل بيها كده؟
2809	طيب، هل قانونًا الواحد يقدر يحدد بنفسه ميعاد خروجه على المعاش؟ وإيه هي الطريقة اللي يقدر يعمل بيها كده؟
2810	بصراحة، هل قانونًا الواحد يقدر يحدد بنفسه ميعاد خروجه على المعاش؟ وماذا هي الطريقة اللي يقدر يعمل بيها كده؟
2811	لو سمحت، هل قانونًا الواحد يقدر يحدد بنفسه ميعاد خروجه على المعاش؟ وماذا هي الطريقة اللي يقدر يعمل بيها كده؟
2812	ممكن أعرف هل قانونًا الواحد يقدر يحدد بنفسه ميعاد خروجه على المعاش؟ وإيه هي الطريقة اللي يقدر يعمل بيها كده؟
2813	طيب، هل فيه إمكانية الواحد يختار معاد التقاعد بتاعه بمزاجه؟ ولو فيه، إيه الخطوات اللي المفروض يعملها؟
2814	يعني طيب، هل فيه إمكانية الواحد يختار معاد التقاعد بتاعه بمزاجه؟ ولو فيه، إيه الخطوات اللي المفروض يعملها؟
2815	طيب، هل فيه إمكانية الواحد يختار معاد التقاعد بتاعه بمزاجه؟ ولو فيه، إيه الخطوات اللي المفروض يعملها؟
2816	بصراحة، طيب، هل فيه إمكانية الواحد يختار معاد التقاعد بتاعه بمزاجه؟ ولو فيه، إيه الخطوات اللي المفروض يعملها؟
2817	لو سمحت، طيب، هل فيه إمكانية الواحد يختار معاد التقاعد بتاعه بمزاجه؟ ولو فيه، ما هو الخطوات اللي المفروض يعملها؟
2818	ممكن أعرف طيب، هل فيه إمكانية الواحد يختار معاد التقاعد بتاعه بمزاجه؟ ولو فيه، إيه الخطوات اللي المفروض يعملها؟
2819	يعني، هل الشخص يقدر يقرر وقت ما ياخد معاشه بإرادته الكاملة؟ ولو الإجابة بنعم، ازاي يقدر يحقق ده؟
2820	يعني، هل الشخص يقدر يقرر وقت ما ياخد معاشه بإرادته الكاملة؟ ولو الإجابة بنعم، ازاي يقدر يحقق ده؟
2821	طيب، يعني، هل الشخص يقدر يقرر وقت ما ياخد معاشه بإرادته الكاملة؟ ولو الإجابة بنعم، ازاي يقدر يحقق ده؟
2822	بصراحة، يعني، هل الشخص يقدر يقرر وقت ما ياخد معاشه بإرادته القد إيهلة؟ ولو الإجابة بنعم، ازاي يقدر يحقق ده؟
2823	لو سمحت، يعني، هل الشخص يقدر يقرر وقت ما ياخد معاشه بإرادته الكملة؟ ولو الإجابة بنعم، ازاي يقدر يحقق ده؟
2824	ممكن أعرف يعني، هل الشخص يقدر يقرر وقت ما ياخد معاشه بإرادته الكاملة؟ ولو الإجابة بنعم، ازاي يقدر يحقق ده؟
2825	سؤالي هو، هل العامل عنده الحق يختار سن التقاعد اللي يناسبه؟ ولو ده متاح، إيه هي الآلية اللي بتسمحله بكده؟
2826	يعني سؤالي هو، هل العامل عنده الحق يختار سنه التقاعد اللي يناسبه؟ ولو ده متاح، أي هي الآلية اللي بتسمحله بكده؟
2827	طيب، سؤالي هو، هل العامل عنده الحق يختار سن التقاعد اللي يناسبه؟ ولو ده متاح، إيه هي الآلية اللي بتسمحله بكده؟
2828	بصراحة، سؤالي هو، هل العامل عنده الحق يختار سن التقاعد اللي يناسبه؟ ولو ده متاح، ماذا هي الآلية اللي بتسمحله بكده؟
2829	لو سمحت، سؤالي هو، هل العامل عنده الحق يختار سن التقاعد اللي يناسبه؟ ولو ده متاح، إيه هي الآلية اللي بتسمحله بكده؟
2830	ممكن أعرف سؤالي هو، هل العامل عنده الحق يختار عمر التقاعد اللي يناسبه؟ ولو ده متاح، إيه هي الآلية اللي بتسمحله بكده؟
2831	بصراحة، هل فيه أي طريقة تخلي الواحد هو اللي يحدد ميعاد خروجه من الشغل للمعاش بإرادته؟ ويا ترى الطريقة دي عبارة عن إيه؟
2832	يعني بصاستراحة، هل فيه أي طريقة تخلي الواحد هو اللي يحدد ميعاد خروجه من العمل للمعاش بإرادته؟ ويا ترى الطريقة دي عبارة عن إيه؟
2833	طيب، بصراحة، هل فيه أي طريقة تخلي الواحد هو اللي يحدد ميعاد خروجه من الشغل للمعاش بإرادته؟ ويا ترى الطريقة دي عبارة عن أي؟
2834	بصراحة، بصفسحة، هل فيه أي طريقة تخلي الواحد هو اللي يحدد ميعاد خروجه من الشغل للمعاش بإرادته؟ ويا ترى الطريقة دي عبارة عن ما هو؟
2835	لو سمحت، بصراحة، هل فيه أي طريقة تخلي الواحد هو اللي يحدد ميعاد خروجه من الشركة للمعاش بإرادته؟ ويا ترى الطريقة دي عبارة عن ماذا؟
2836	ممكن أعرف بصراحة، هل فيه أي طريقة تخلي الواحد هو اللي يحدد ميعاد خروجه من العمل للمعاش بإرادته؟ ويا ترى الطريقة دي عبارة عن إيه؟
2837	هل العامل من حقه يطلب صرف المكافأة قبل التقاعد؟
2838	يعني هل العامل من حقه يلزم صرف المكافأة قبل التقاعد؟
2839	طيب، هل العامل من حقه يطلب صرف المكافأة قبل التقاعد؟
2840	بصراحة، هل العامل من حقه يطلب صرف المكافأة قبل التقاعد؟
2841	لو سمحت، هل العامل من حقه يطلب صرف المكافأة قبل التقاعد؟
2842	ممكن أعرف هل العامل من حقه يطلب صرف المكافأة قبل التقاعد؟
2843	ينفع العامل ياخد مكافأة نهاية الخدمة قبل ما يوصل سن المعاش ولا ده مش من حقه؟
2844	يعني ينفع العامل يستحق مكافأة نهاية الخدمة قبل ما يوصل سنه المعاش ولا ده مش من حقه؟
2845	طيب، ينفع العامل يحصل على مكافأة نهاية الخدمة قبل ما يوصل سن المعاش ولا ده مش من حقه؟
2846	بصراحة، ينفع العامل ياخد مكافأة نهاية الخدمة قبل ما يوصل سن المعاش ولا ده مش من حقه؟
2847	لو سمحت، ينفع العامل ياخد مكافأة نهاية الخدمة قبل ما يوصل عمر المعاش ولا ده مش من حقه؟
2848	ممكن أعرف ينفع العامل يستحق مكافأة نهاية الخدمة قبل ما يوصل عمر المعاش ولا ده مش من حقه؟
2849	هل قانوناً العامل يقدر يصرف المكافأة بتاعته قبل ما يتقاعد رسمياً، ولا لازم يستنى لحد المعاش؟
2850	يعني هل قانوناً العامل يقدر يصرف المكافأة بتاعته قبل ما يتقاعد رسمياً، ولا لازم يستنى لحد المعاش؟
2851	طيب، هل قانوناً العامل يقدر يصرف المكافأة بتاعته قبل ما يتقاعد رسمياً، ولا واجب يستنى لحد المعاش؟
2852	بصراحة، هل قانوناً العامل يقدر يصرف المكافأة بتاعته قبل ما يتقاعد رسمياً، ولا واجب يستنى لحد المعاش؟
2853	لو سمحت، هل قانوناً العامل يقدر يصرف المكافأة بتاعته قبل ما يتقاعد رسمياً، ولا لازم يستنى لحد المعاش؟
2854	ممكن أعرف هل قانوناً العامل يقدر يصرف المكافأة بتاعته قبل ما يتقاعد رسمياً، ولا مفروض يستنى لحد المعاش؟
2855	هل من حق الموظف إنه يقدم طلب لصرف مكافأة نهاية الخدمة بتاعته قبل ما يطلع على المعاش؟
2856	يعني هل من حق الموظف إنه يقدم طلب لصرف مكافأة نهاية الخدمة بتاعته قبل ما يطلع على المعاش؟
2857	طيب، هل من حق الموظف إنه يقدم طلب لصرف مكافأة نهاية الخدمة بتاعته قبل ما يطلع على المعاش؟
2858	بصراحة، هل من حق الموظف إنه يقدم طلب لصرف مكافأة نهاية الخدمة بتاعته قبل ما يطلع على المعاش؟
2859	لو سمحت، هل من حق الموظف إنه يقدم طلب لصرف مكافأة نهاية الخدمة بتاعته قبل ما يطلع على المعاش؟
2860	ممكن أعرف هل من حق الموظف إنه يقدم طلب لصرف مكافأة نهاية الخدمة بتاعته قبل ما يطلع على المعاش؟
2861	لو واحد شغال في شركة، ممكن ياخد المكافأة اللي المفروض ياخدها بعد التقاعد بدري شوية، ولا ده ميصحش؟
2862	يعني لو واحد شغال في شركة، ممكن ياخد المكافأة اللي المفروض ياخدها عقب التقاعد بدري شوية، ولا ده ميصحش؟
2863	طيب، لو واحد شغال في شركة، ممكن ياخد المكافأة اللي المفروض ياخدها بعد التقاعد بدري شوية، ولا ده ميصحش؟
2864	بصراحة، لو واحد شغال في شركة، يمكن ياخد المكافأة اللي المفروض ياخدها بعد التقاعد بدري شوية، ولا ده ميصحش؟
2865	لو سمحت، لو واحد شغال في شركة، ممكن يأخذ المكافأة اللي المفروض ياخدها عقب التقاعد بدري شوية، ولا ده ميصحش؟
2866	ممكن أعرف لو واحد شغال في شركة، ممكن ياخد المكافأة اللي المفروض ياخدها بعد التقاعد بدري شوية، ولا ده ميصحش؟
2867	العامل ليه الحق إنه يطلب ياخد فلوس المكافأة بتاعته اللي المفروض ياخدها لما يوصل سن المعاش، قبل ما يوصله فعلاً؟
2868	يعني العامل ليه الحق إنه يشترط ياخد فلوس المكافأة بتاعته اللي المفروض ياخدها لما يوصل سن المعاش، قبل ما يوصله فعلاً؟
2869	طيب، العامل ليه الحق إنه يلزم ياخد فلوس المكافأة بتاعته اللي المفروض ياخدها لما يوصل سن المعاش، قبل ما يوصله فعلاً؟
2870	بصراحة، العامل ليه الحق إنه يلزم ياخد فلوس المكافأة بتاعته اللي المفروض ياخدها لما يوصل عمر المعاش، قبل ما يوصله فعلاً؟
2871	لو سمحت، العامل ليه الحق إنه يطلب ياخد فلوس المكافأة بتاعته اللي المفروض ياخدها لما يوصل سن المعاش، قبل ما يوصله فعلاً؟
2872	ممكن أعرف العامل ليه الحق إنه يطلب ياخد فلوس المكافأة بتاعته اللي المفروض ياخدها لما يوصل سن المعاش، قبل ما يوصله فعلاً؟
2873	إيه الفرق بين صرف المكافأة والتعويض؟
2874	يعني إيه الفرق بين صرف المكافأة والتعويض؟
2875	طيب، إيه الفرق بين صرف المكافأة والتعويض؟
2876	بصراحة، إيه الفرق بين صرف المكافأة والتعويض؟
2877	لو سمحت، إيه الفرق بين صرف المكافأة والتعويض؟
2878	ممكن أعرف إيه الفرق بين صرف المكافأة والتعويض؟
2879	يعني إيه الفرق الجوهري بين لما أصرف مكافأة وبين لما أصرف تعويض؟ قصدي، إمتى دي وإمتى دي؟
2880	يعني أي الفرق الجوهري بين لما أصرف مكافأة وبين لما أصرف تعويض؟ قصدي، إمتى دي وإمتى دي؟
2881	طيب، يعني ما هو الفرق الجوهري بين لما أصرف مكافأة وبين لما أصرف تعويض؟ قصدي، إمتى دي وإمتى دي؟
2882	بصراحة، يعني إيه الفرق الجوهري بين لما أصرف مكافأة وبين لما أصرف تعويض؟ قصدي، إمتى دي وإمتى دي؟
2883	لو سمحت، يعني إيه الفرق الجوهري بين لما أصرف مكافأة وبين لما أصرف تعويض؟ قصدي، إمتى دي وإمتى دي؟
2884	ممكن أعرف يعني إيه الفرق الجوهري بين لما أصرف مكافأة وبين لما أصرف تعويض؟ قصدي، إمتى دي وإمتى دي؟
2885	لو سمحت، ممكن توضح لي الفرق بين صرف المكافأة وصرف التعويض؟ أصل أنا مش فاهمة أوي إيه الفرق بينهم.
2886	يعني لو سمحت، ممكن توضح لي الفرق بين صرف المكافأة وصرف التعويض؟ أصل أنا مش فاهمة أوي أي الفرق بينهم.؟
2887	طيب، لو سمحت، يجوز توضح لي الفرق بين صرف المكافأة وصرف التعويض؟ أصل أنا مش فاهمة أوي إيه الفرق بينهم.؟
2888	بصراحة، لو سمحت، يمكن توضح لي الفرق بين صرف المكافأة وصرف التعويض؟ أصل أنا مش فاهمة أوي إيه الفرق بينهم.؟
2889	لو سمحت، يجوز توضح لي الفرق بين صرف المكافأة وصرف التعويض؟ أصل أنا مش فاهمة أوي إيه الفرق بينهم.؟
2890	ممكن أعرف لو سمحت، يجوز توضح لي الفرق بين صرف المكافأة وصرف التعويض؟ أصل أنا مش فاهمة أوي إيه الفرق بينهم.؟
2891	عاوز أعرف، إيه اللي بيميز المكافأة عن التعويض لما نيجي نصرفهم؟ يعني إيه اللي بيخلي ده مكافأة وده تعويض؟
2892	يعني عاوز أعرف، أي اللي بيميز المكافأة عن التعويض لما نيجي نصرفهم؟ يعني إيه اللي بيخلي ده مكافأة وده تعويض؟
2893	طيب، عاوز أعرف، ما هو اللي بيميز المكافأة عن التعويض لما نيجي نصرفهم؟ يعني إيه اللي بيخلي ده مكافأة وده تعويض؟
2894	بصراحة، عاوز أعرف، إيه اللي بيميز المكافأة عن التعويض لما نيجي نصرفهم؟ يعني إيه اللي بيخلي ده مكافأة وده تعويض؟
2895	لو سمحت، عاوز أعرف، إيه اللي بيميز المكافأة عن التعويض لما نيجي نصرفهم؟ يعني إيه اللي بيخلي ده مكافأة وده تعويض؟
2896	ممكن أعرف عاوز أعرف، ماذا اللي بيميز المكافأة عن التعويض لما نيجي نصرفهم؟ يعني إيه اللي بيخلي ده مكافأة وده تعويض؟
2897	لو حد صرف فلوس، إيه اللي يخليني أقول إن دي مكافأة مش تعويض؟ أو العكس، إيه الفرق اللي بيحدد؟
2898	يعني لو حد صرف فلوس، ماذا اللي يخليني أقول إن دي مكافأة مش تعويض؟ أو العكس، إيه الفرق اللي بيحدد؟
2899	طيب، لو حد صرف فلوس، إيه اللي يخليني أقول إن دي مكافأة مش تعويض؟ أو العكس، إيه الفرق اللي بيحدد؟
2900	بصراحة، لو حد صرف فلوس، ما هو اللي يخليني أقول إن دي مكافأة مش تعويض؟ أو العكس، إيه الفرق اللي بيحدد؟
2901	لو سمحت، لو حد صرف فلوس، ما هو اللي يخليني أقول إن دي مكافأة مش تعويض؟ أو العكس، إيه الفرق اللي بيحدد؟
2902	ممكن أعرف لو حد صرف فلوس، ماذا اللي يخليني أقول إن دي مكافأة مش تعويض؟ أو العكس، إيه الفرق اللي بيحدد؟
2903	ببساطة كدة، المكافأة دي حاجة والتعويض ده حاجة تانية خالص، صح؟ طيب إيه الفرق اللي بينهم علشان أفهم؟
2904	يعني ببساطة كدة، المكافأة دي حاجة والتعويض ده حاجة تانية خالص، صح؟ طيب إيه الفرق اللي بينهم علشان أفهم؟
2905	طيب، ببساطة كدة، المكافأة دي حاجة والتعويض ده حاجة تانية خالص، صح؟ طيب إيه الفرق اللي بينهم علشان أفهم؟
2906	بصراحة، ببساطة كدة، المكافأة دي حاجة والتعويض ده حاجة تانية خالص، صح؟ طيب ماذا الفرق اللي بينهم علشان أفهم؟
2907	لو سمحت، ببساطة كدة، المكافأة دي حاجة والتعويض ده حاجة تانية خالص، صح؟ طيب إيه الفرق اللي بينهم علشان أفهم؟
2908	ممكن أعرف ببساطة كدة، المكافأة دي حاجة والتعويض ده حاجة تانية خالص، صح؟ طيب إيه الفرق اللي بينهم علشان أفهم؟
2909	هل العامل ممكن يشتغل في المعاش؟ وهل يلاقي صعوبة؟
2910	يعني هل العامل ممكن يشتغل في المعاش؟ وهل يلاقي صعوبة؟
2911	طيب، هل العامل ممكن يشتغل في المعاش؟ وهل يلاقي صعوبة؟
2912	بصراحة، هل العامل ممكن يشتغل في المعاش؟ وهل يلاقي صعوبة؟
2913	لو سمحت، هل العامل ممكن يشتغل في المعاش؟ وهل يلاقي صعوبة؟
2914	ممكن أعرف هل العامل يجوز يشتغل في المعاش؟ وهل يلاقي صعوبة؟
2915	ينفع العامل يشتغل وهو بياخد معاش؟ ويا ترى هيلاقي مشاكل كتير؟ (تركيز على الإمكانية العملية والمشاكل المحتملة)
2916	يعني ينفع العامل يشتغل وهو بيحصل على معاش؟ ويا ترى هيلاقي مشاكل كتير؟ (تركيز على الإمكانية العملية والمشاكل المحتملة)؟
2917	طيب، ينفع العامل يشتغل وهو بياخد معاش؟ ويا ترى هيلاقي مشاكل كتير؟ (تركيز على الإمكانية العملية والمشاكل المحتملة)؟
2918	بصراحة، ينفع العامل يشتغل وهو بياخد معاش؟ ويا ترى هيلاقي مشاكل كتير؟ (تركيز على الإمكانية العملية والمشاكل المحتملة)؟
2919	لو سمحت، ينفع العامل يشتغل وهو بياخد معاش؟ ويا ترى هيلاقي مشاكل كتير؟ (تركيز على الإمكانية العملية والمشاكل المحتملة)؟
2920	ممكن أعرف ينفع العامل يشتغل وهو بياخد معاش؟ ويا ترى هيلاقي مشاكل كتير؟ (تركيز على الإمكانية العملية والمشاكل المحتملة)؟
2921	طب لو واحد معاشه شغال، ده قانوني؟ وياترى بيواجه صعوبات في الشغل ده؟ (تركيز على الجانب القانوني والصعوبات التي تواجهه)
2922	يعني طب لو واحد معاشه شغال، ده قانوني؟ وياترى بيواجه صعوبات في الشغل ده؟ (تركيز على الجانب القانوني والصعوبات التي تواجهه)؟
2923	طيب، طب لو واحد معاشه شغال، ده قانوني؟ وياترى بيواجه صعوبات في الشغل ده؟ (تركيز على الجانب الشرعي والصعوبات التي تواجهه)؟
2924	بصراحة، طب لو واحد معاشه شغال، ده قانوني؟ وياترى بيواجه صعوبات في الشغل ده؟ (تركيز على الجانب القانوني والصعوبات التي تواجهه)؟
2925	لو سمحت، طب لو واحد معاشه شغال، ده قانوني؟ وياترى بيواجه صعوبات في الشغل ده؟ (تركيز على الجانب القانوني والصعوبات التي تواجهه)؟
2926	ممكن أعرف طب لو واحد معاشه شغال، ده قانوني؟ وياترى بيواجه صعوبات في الوظيفة ده؟ (تركيز على الجانب النظامي والصعوبات التي تواجهه)؟
2927	هل فيه أي قيود على العامل اللي بيقبض معاش إنه يشتغل تاني؟ ولو اشتغل، إيه التحديات اللي ممكن تقابله؟ (تركيز على القيود والتحديات المحددة)
2928	يعني هل فيه أي قيود على العامل اللي بيقبض معاش إنه يشتغل تاني؟ ولو اشتغل، أي التحديات اللي ممكن تقابله؟ (تركيز على القيود والتحديات المحددة)؟
2929	طيب، هل فيه أي قيود على العامل اللي بيقبض معاش إنه يشتغل تاني؟ ولو اشتغل، ماذا التحديات اللي ممكن تقابله؟ (تركيز على القيود والتحديات المعينة)؟
2930	بصراحة، هل فيه أي قيود على العامل اللي بيقبض معاش إنه يشتغل تاني؟ ولو اشتغل، إيه التحديات اللي ممكن تقابله؟ (تركيز على القيود والتحديات المُحددة)؟
2931	لو سمحت، هل فيه أي قيود على العامل اللي بيقبض معاش إنه يشتغل تاني؟ ولو اشتغل، إيه التحديات اللي مسموح تقابله؟ (تركيز على القيود والتحديات المحددة)؟
2932	ممكن أعرف هل فيه أي قيود على العامل اللي بيقبض معاش إنه يشتغل تاني؟ ولو اشتغل، ما هو التحديات اللي ممكن تقابله؟ (تركيز على القيود والتحديات المحددة)؟
2933	إيه وضع العامل اللي بيجمع بين المعاش والشغل؟ وهل الموضوع ده سهل ولا فيه تعقيدات؟ (تركيز على الوضع القانوني والتعقيدات المحتملة)
2934	يعني إيه وضع العامل اللي بيجمع بين المعاش والمؤسسة؟ وهل الموضوع ده سهل ولا فيه تعقيدات؟ (تركيز على الوضع التشريعي والتعقيدات المحتملة)؟
2935	طيب، ماذا وضع العامل اللي بيجمع بين المعاش والشغل؟ وهل الموضوع ده سهل ولا فيه تعقيدات؟ (تركيز على الوضع القانوني والتعقيدات المحتملة)؟
2936	بصراحة، إيه وضع العامل اللي بيجمع بين المعاش والشغل؟ وهل الموضوع ده سهل ولا فيه تعقيدات؟ (تركيز على الوضع القانوني والتعقيدات المحتملة)؟
2937	لو سمحت، إيه وضع العامل اللي بيجمع بين المعاش والشغل؟ وهل الموضوع ده سهل ولا فيه تعقيدات؟ (تركيز على الوضع القانوني والتعقيدات المحتملة)؟
2938	ممكن أعرف إيه وضع العامل اللي بيجمع بين المعاش والشغل؟ وهل الموضوع ده سهل ولا فيه تعقيدات؟ (تركيز على الوضع الشرعي والتعقيدات المحتملة)؟
2939	لو عامل طلع معاش، ممكن يرجع يشتغل تاني عادي؟ ولا فيه حاجة بتمنعه أو بتصعب الموضوع عليه؟ (تركيز على إمكانية العودة للعمل والعقبات المحتملة)
2940	يعني لو عامل طلع معاش، يجوز يرجع يشتغل تاني عادي؟ ولا فيه حاجة بتمنعه أو بتصعب الموضوع عليه؟ (تركيز على إمكانية العودة للعمل والعقبات المحتملة)؟
2941	طيب، لو عامل طلع معاش، ممكن يرجع يشتغل تاني عادي؟ ولا فيه حاجة بتمنعه أو بتصعب الموضوع عليه؟ (تركيز على إمكانية العودة للعمل والعقبات المحتملة)؟
2942	بصراحة، لو عامل طلع معاش، ممكن يرجع يشتغل تاني عادي؟ ولا فيه حاجة بتمنعه أو بتصعب الموضوع عليه؟ (تركيز على إمكانية العودة للعمل والعقبات المحتملة)؟
2943	لو سمحت، لو عامل طلع معاش، مسموح يرجع يشتغل تاني عادي؟ ولا فيه حاجة بتمنعه أو بتصعب الموضوع عليه؟ (تركيز على إمكانية العودة للعمل والعقبات المحتملة)؟
2944	ممكن أعرف لو عامل طلع معاش، ممكن يرجع يشتغل تاني عادي؟ ولا فيه حاجة بتمنعه أو بتصعب الموضوع عليه؟ (تركيز على إمكانية العودة للعمل والعقبات المحتملة)؟
2945	إيه نماذج التقديم المعتمدة في المعاش؟ وهل بيطلع بعد المعاش بمدة؟
2946	يعني أي نماذج التقديم المعتمدة في المعاش؟ وهل بيطلع بعد المعاش بمدة؟
2947	طيب، أي نماذج التقديم المعتمدة في المعاش؟ وهل بيطلع عقب المعاش بمدة؟
2948	بصراحة، أي نماذج التقديم المعتمدة في المعاش؟ وهل بيطلع بعد المعاش بمدة؟
2949	لو سمحت، ماذا نماذج التقديم المعتمدة في المعاش؟ وهل بيطلع بعد المعاش بمدة؟
2950	ممكن أعرف ما هو نماذج التقديم المعتمدة في المعاش؟ وهل بيطلع بعد المعاش بمدة؟
2951	إيه الأوراق المطلوبة عشان أقدم على المعاش؟ ويا ترى المعاش بييجي بعد قد إيه من التقاعد؟ (تركز على الأوراق المطلوبة والمدة الزمنية)
2952	يعني إيه الأوراق المطلوبة عشان أقدم على المعاش؟ ويا ترى المعاش بييجي بعد قد إيه من التقاعد؟ (تركز على الأوراق المطلوبة والمدة الزمنية)؟
2953	طيب، إيه الأوراق المطلوبة عشان أقدم على المعاش؟ ويا ترى المعاش بييجي بعد قد إيه من التقاعد؟ (تركز على الأوراق المطلوبة والمدة الزمنية)؟
2954	بصراحة، إيه الأوراق المطلوبة عشان أقدم على المعاش؟ ويا ترى المعاش بييجي بعد مرور قد إيه من التقاعد؟ (تركز على الأوراق المطلوبة والمدة الزمنية)؟
2955	لو سمحت، أي الأوراق المطلوبة عشان أقدم على المعاش؟ ويا ترى المعاش بييجي بعد قد إيه من التقاعد؟ (تركز على الأوراق المطلوبة والمدة الزمنية)؟
2956	ممكن أعرف إيه الأوراق المطلوبة عشان أقدم على المعاش؟ ويا ترى المعاش بييجي بعد مرور قد إيه من التقاعد؟ (تركز على الأوراق المطلوبة والمدة الزمنية)؟
2957	إزاي أقدر أقدم طلب صرف المعاش؟ وهل فيه وقت محدد بين نهاية الخدمة واستلام المعاش؟ (تركز على كيفية التقديم ووجود فترة محددة)
2958	يعني إزاي أقدر أقدم طلب صرف المعاش؟ وهل فيه وقت محدد بين نهاية الخدمة واستلام المعاش؟ (تركز على كيفية التقديم ووجود فترة محددة)؟
2959	طيب، إزاي أقدر أقدم طلب صرف المعاش؟ وهل فيه وقت محدد بين نهاية الخدمة واستلام المعاش؟ (تركز على كيفية التقديم ووجود مدة محددة)؟
2960	بصراحة، إزاي أقدر أقدم طلب صرف المعاش؟ وهل فيه وقت محدد بين نهاية الخدمة واستلام المعاش؟ (تركز على كيفية التقديم ووجود فترة خاصة)؟
2961	لو سمحت، إزاي أقدر أقدم طلب صرف المعاش؟ وهل فيه وقت محدد بين نهاية الخدمة واستلام المعاش؟ (تركز على كيفية التقديم ووجود فترة مُحددة)؟
2962	ممكن أعرف إزاي أقدر أقدم طلب صرف المعاش؟ وهل فيه وقت محدد بين نهاية الخدمة واستلام المعاش؟ (تركز على كيفية التقديم ووجود زمن محددة)؟
2963	إيه هي الإجراءات اللي لازم أعملها عشان أقبض المعاش بتاعي؟ وهل المعاش بينزل على طول ولا بيتأخر شوية؟ (تركز على الإجراءات المطلوبة وتوقيت صرف المعاش)
2964	يعني إيه هي الإجراءات اللي واجب أعملها عشان أقبض المعاش بتاعي؟ وهل المعاش بينزل على طول ولا بيتأخر شوية؟ (تركز على الإجراءات المطلوبة وتوقيت صرف المعاش)؟
2965	طيب، إيه هي الإجراءات اللي لازم أعملها عشان أقبض المعاش بتاعي؟ وهل المعاش بينزل على طول ولا بيتأخر شوية؟ (تركز على الإجراءات المطلوبة وتوقيت صرف المعاش)؟
2966	بصراحة، ما هو هي الإجراءات اللي لازم أعملها عشان أقبض المعاش بتاعي؟ وهل المعاش بينزل على طول ولا بيتأخر شوية؟ (تركز على الإجراءات المطلوبة وتوقيت صرف المعاش)؟
2967	لو سمحت، إيه هي الإجراءات اللي مفروض أعملها عشان أقبض المعاش بتاعي؟ وهل المعاش بينزل على طول ولا بيتأخر شوية؟ (تركز على الإجراءات المطلوبة وتوقيت صرف المعاش)؟
2968	ممكن أعرف إيه هي الإجراءات اللي لازم أعملها عشان أقبض المعاش بتاعي؟ وهل المعاش بينزل على طول ولا بيتأخر شوية؟ (تركز على الإجراءات المطلوبة وتوقيت صرف المعاش)؟
2969	إيه هيا المستندات الرسمية اللي المفروض أجهزها عشان أستحق المعاش؟ وهل فيه فترة انتظار بعد التقاعد لحد ما المعاش يبدأ؟ (تركز على المستندات اللازمة وفترة الانتظار)
2970	يعني إيه هيا المستندات الرسمية اللي المفروض أجهزها عشان أستحق المعاش؟ وهل فيه فترة انتظار بعد التقاعد لحد ما المعاش يبدأ؟ (تركز على المستندات اللازمة وفترة الانتظار)؟
2971	طيب، ماذا هيا المستندات الرسمية اللي المفروض أجهزها عشان أستحق المعاش؟ وهل فيه مدة انتظار بعد التقاعد لحد ما المعاش يبدأ؟ (تركز على المستندات المطلوبة وفترة الانتظار)؟
2972	بصراحة، إيه هيا المستندات الرسمية اللي المفروض أجهزها عشان أستحق المعاش؟ وهل فيه فترة انتظار بعد مرور التقاعد لحد ما المعاش يبدأ؟ (تركز على المستندات المطلوبة وفترة الانتظار)؟
2973	لو سمحت، ماذا هيا المستندات الرسمية اللي المفروض أجهزها عشان أستحق المعاش؟ وهل فيه فترة انتظار عقب التقاعد لحد ما المعاش يبدأ؟ (تركز على المستندات اللازمة وفترة الانتظار)؟
2974	ممكن أعرف ماذا هيا المستندات الرسمية اللي المفروض أجهزها عشان أستحق المعاش؟ وهل فيه زمن انتظار عقب التقاعد لحد ما المعاش يبدأ؟ (تركز على المستندات اللازمة وفترة الانتظار)؟
2975	لو سمحت، عايز أعرف إيه هي النماذج والاستمارات المطلوبة عشان أقدم على المعاش؟ و يا ترى فيه وقت معين عشان المعاش يبتدي ينزل بعد ما اتقاعد؟ (تستخدم كلمات أكثر رسمية وتؤكد على بداية صرف المعاش)
2976	يعني لو سمحت، عايز أعرف أي هي النماذج والاستمارات المطلوبة عشان أقدم على المعاش؟ و يا ترى فيه وقت معين عشان المعاش يبتدي ينزل بعد ما اتقاعد؟ (تستخدم كلمات أكثر رسمية وتؤكد على بداية صرف المعاش)؟
2977	طيب، لو سمحت، عايز أعرف إيه هي النماذج والاستمارات المطلوبة عشان أقدم على المعاش؟ و يا ترى فيه وقت معين عشان المعاش يبتدي ينزل بعد مرور ما اتقاعد؟ (تستخدم كلمات أكثر رسمية وتؤكد على بداية صرف المعاش)؟
2978	بصراحة، لو سمحت، عايز أعرف إيه هي النماذج والاستمارات المطلوبة عشان أقدم على المعاش؟ و يا ترى فيه وقت معين عشان المعاش يبتدي ينزل بعد ما اتقاعد؟ (تستخدم كلمات أكثر رسمية وتؤكد على بداية صرف المعاش)؟
2979	لو سمحت، عايز أعرف إيه هي النماذج والاستمارات المطلوبة عشان أقدم على المعاش؟ و يا ترى فيه وقت معين عشان المعاش يبتدي ينزل بعد ما اتقاعد؟ (تستخدم كلمات أكثر رسمية وتؤكد على بداية صرف المعاش)؟
2980	ممكن أعرف لو سمحت، عايز أعرف إيه هي النماذج والاستمارات المطلوبة عشان أقدم على المعاش؟ و يا ترى فيه وقت معين عشان المعاش يبتدي ينزل بعد ما اتقاعد؟ (تستخدم كلمات أكثر رسمية وتؤكد على بداية صرف المعاش)؟
2981	صاحب العمل يقدر يفصل العامل أمتى؟ القانون قال الفصل لازم يكون بقرار من المحكمة؟
2982	يعني صاحب العمل يقدر يفصل العامل أمتى؟ القانون قال الفصل لازم يكون بقرار من المحكمة؟
2983	طيب، صاحب الدوام يقدر يفصل العامل أمتى؟ القانون ذكر الفصل لازم يكون بقرار من المحكمة؟
2984	بصراحة، صاحب العمل يقدر يفصل العامل أمتى؟ التشريع نص الفصل واجب يكون بقرار من المحكمة؟
2985	لو سمحت، صاحب العمل يقدر يفصل العامل أمتى؟ القانون نص الفصل لازم يكون بقرار من المحكمة؟
2986	ممكن أعرف صاحب العمل يقدر يفصل العامل أمتى؟ القانون ذكر الفصل لازم يكون بقرار من المحكمة؟
2987	إمتى بالظبط صاحب الشغل يقدر يمشي الموظف بتاعه؟ صحيح لازم حكم محكمة عشان الفصل يبقى رسمي؟
2988	يعني إمتى بالظبط صاحب الشغل يقدر يمشي الموظف بتاعه؟ صحيح لازم حكم محكمة عشان الفصل يبقى رسمي؟
2989	طيب، إمتى بالظبط صاحب الشغل يقدر يمشي الموظف بتاعه؟ صحيح واجب حكم محكمة عشان الفصل يبقى رسمي؟
2990	بصراحة، إمتى بالظبط صاحب الشغل يقدر يمشي الموظف بتاعه؟ صحيح لازم حكم محكمة عشان الفصل يبقى رسمي؟
2991	لو سمحت، إمتى بالظبط صاحب الشغل يقدر يمشي الموظف بتاعه؟ صحيح واجب حكم محكمة عشان الفصل يبقى رسمي؟
2992	ممكن أعرف إمتى بالظبط صاحب الشغل يقدر يمشي الموظف بتاعه؟ صحيح لازم حكم محكمة عشان الفصل يبقى رسمي؟
2993	إيه هي الحالات اللي تسمح لصاحب العمل إنه ينهي خدمة العامل؟ و هل القانون بيشترط قرار قضائي لإنهاء الخدمة ده؟
2994	يعني ما هو هي الحالات اللي تسمح لصاحب العمل إنه ينهي خدمة العامل؟ و هل القانون بيشترط قرار قضائي لإنهاء الخدمة ده؟
2995	طيب، ما هو هي الحالات اللي تسمح لصاحب العمل إنه ينهي خدمة العامل؟ و هل النظام بيشترط قرار قضائي لإنهاء الخدمة ده؟
2996	بصراحة، ماذا هي الحالات اللي تسمح لصاحب العمل إنه ينهي خدمة العامل؟ و هل الشرع بيشترط قرار قضائي لإنهاء الخدمة ده؟
2997	لو سمحت، إيه هي الحالات اللي تسمح لصاحب العمل إنه ينهي خدمة العامل؟ و هل القانون بيشترط قرار قضائي لإنهاء الخدمة ده؟
2998	ممكن أعرف إيه هي الحالات اللي تسمح لصاحب الدوام إنه ينهي خدمة العامل؟ و هل الشرع بيشترط قرار قضائي لإنهاء الخدمة ده؟
2999	تحت أي ظروف يقدر رب العمل يسرح العامل اللي عنده؟ وهل ضروري يبقى فيه حكم من المحكمة عشان التسريح ده يبقى قانوني؟
3000	يعني تحت أي ظروف يقدر رب العمل يسرح العامل اللي عنده؟ وهل ضروري يبقى فيه حكم من المحكمة عشان التسريح ده يبقى قانوني؟
3001	طيب، تحت أي ظروف يقدر رب العمل يسرح العامل اللي عنده؟ وهل ضروري يبقى فيه حكم من المحكمة عشان التسريح ده يبقى قانوني؟
3002	بصراحة، تحت أي ظروف يقدر رب الدوام يسرح العامل اللي عنده؟ وهل ضروري يبقى فيه حكم من المحكمة عشان التسريح ده يبقى قانوني؟
3003	لو سمحت، تحت أي ظروف يقدر رب الشغل يسرح العامل اللي عنده؟ وهل ضروري يبقى فيه حكم من المحكمة عشان التسريح ده يبقى قانوني؟
3004	ممكن أعرف تحت أي ظروف يقدر رب العمل يسرح العامل اللي عنده؟ وهل ضروري يبقى فيه حكم من المحكمة عشان التسريح ده يبقى قانوني؟
3005	إيه الحقوق اللي بتدي لصاحب الشغل الحق إنه يفصل العامل؟ وهل لازم يستنى حكم المحكمة قبل ما ياخد القرار ده؟
3006	يعني إيه الحقوق اللي بتدي لصاحب الشغل الحق إنه يفصل العامل؟ وهل لازم يستنى حكم المحكمة قبل ما ياخد القرار ده؟
3007	طيب، إيه الحقوق اللي بتدي لصاحب العمل الحق إنه يفصل العامل؟ وهل مطلوب يستنى حكم المحكمة قبل ما يأخذ القرار ده؟
3008	بصراحة، أي الحقوق اللي بتدي لصاحب المؤسسة الحق إنه يفصل العامل؟ وهل مفروض يستنى حكم المحكمة قبل ما يستحق القرار ده؟
3009	لو سمحت، ما هو الحقوق اللي بتدي لصاحب المؤسسة الحق إنه يفصل العامل؟ وهل لازم يستنى حكم المحكمة قبل ما يأخذ القرار ده؟
3010	ممكن أعرف ما هو الحقوق اللي بتدي لصاحب الشغل الحق إنه يفصل العامل؟ وهل واجب يستنى حكم المحكمة قبل ما ياخد القرار ده؟
3011	امتى بالظبط يقدر صاحب الشغل يستغنى عن خدمات العامل؟ وهل القانون بيفرض وجود قرار من المحكمة علشان الفصل ده يكون سليم؟
3012	يعني امتى بالظبط يقدر صاحب الشركة يستغنى عن خدمات العامل؟ وهل القانون بيفرض وجود قرار من المحكمة علشان الفصل ده يكون سليم؟
3013	طيب، امتى بالظبط يقدر صاحب الوظيفة يستغنى عن خدمات العامل؟ وهل النظام بيفرض وجود قرار من المحكمة علشان الفصل ده يكون سليم؟
3014	بصراحة، امتى بالظبط يقدر صاحب الشغل يستغنى عن خدمات العامل؟ وهل القانون بيفرض وجود قرار من المحكمة علشان الفصل ده يكون سليم؟
3015	لو سمحت، امتى بالظبط يقدر صاحب الشغل يستغنى عن خدمات العامل؟ وهل القانون بيفرض وجود قرار من المحكمة علشان الفصل ده يكون سليم؟
3016	ممكن أعرف امتى بالظبط يقدر صاحب الشغل يستغنى عن خدمات العامل؟ وهل القانون بيفرض وجود قرار من المحكمة علشان الفصل ده يكون سليم؟
3017	يعني مينفعش يفصله كده من غير سبب؟ القانون حظر الفصل التعسفي؟
3018	يعني مينفعش يفصله كده من غير سبب؟ القانون حظر الفصل التعسفي؟
3019	طيب، يعني مينفعش يفصله كده من غير سبب؟ الشرع حظر الفصل التعسفي؟
3020	بصراحة، يعني مينفعش يفصله كده من غير سبب؟ الشرع حظر الفصل التعسفي؟
3021	لو سمحت، يعني مينفعش يفصله كده من غير سبب؟ التشريع حظر الفصل التعسفي؟
3022	ممكن أعرف يعني مينفعش يفصله كده من غير سبب؟ التشريع حظر الفصل التعسفي؟
3023	يعني مينفعش صاحب الشغل يمشي الموظف طوالي كده بدون وجه حق؟ هو القانون بيحمي الواحد من الفصل اللي زي ده؟
3024	يعني مينفعش صاحب العمل يمشي الموظف طوالي كده بدون وجه حق؟ هو القانون بيحمي الواحد من الفصل اللي زي ده؟
3025	طيب، يعني مينفعش صاحب العمل يمشي الموظف طوالي كده بدون وجه حق؟ هو القانون بيحمي الواحد من الفصل اللي زي ده؟
3026	بصراحة، يعني مينفعش صاحب الشغل يمشي الموظف طوالي كده بدون وجه حق؟ هو القانون بيحمي الواحد من الفصل اللي زي ده؟
3027	لو سمحت، يعني مينفعش صاحب الشغل يمشي الموظف طوالي كده بدون وجه حق؟ هو القانون بيحمي الواحد من الفصل اللي زي ده؟
3028	ممكن أعرف يعني مينفعش صاحب المؤسسة يمشي الموظف طوالي كده بدون وجه حق؟ هو القانون بيحمي الواحد من الفصل اللي زي ده؟
3029	طب هو لو اترفد فجأة بدون ما يكون عمل حاجة غلط، يبقى كده الشركة خالفت القانون ولا إيه؟ الفصل ده يبقى تعسفي؟
3030	يعني طب هو لو اترفد فجأة بدون ما يكون عمل حاجة غلط، يبقى كده الشركة خالفت القانون ولا إيه؟ الفصل ده يبقى تعسفي؟
3031	طيب، طب هو لو اترفد فجأة بدون ما يكون عمل حاجة غلط، يبقى كده الشركة خالفت النظام ولا ما هو؟ الفصل ده يبقى تعسفي؟
3032	بصراحة، طب هو لو اترفد فجأة بدون ما يكون عمل حاجة غلط، يبقى كده الشركة خالفت القانون ولا إيه؟ الفصل ده يبقى تعسفي؟
3033	لو سمحت، طب هو لو اترفد فجأة بدون ما يكون عمل حاجة غلط، يبقى كده الشركة خالفت القانون ولا إيه؟ الفصل ده يبقى تعسفي؟
3034	ممكن أعرف طب هو لو اترفد فجأة بدون ما يكون عمل حاجة غلط، يبقى كده الشركة خالفت القانون ولا إيه؟ الفصل ده يبقى تعسفي؟
3035	أفهم من كده إنه لو واحد اتطرد من الشغل فجأة بدون مبرر، يبقى القانون بيقف جنبه؟ مفيش صاحب شغل يقدر يعمل كده بمزاجه؟
3036	يعني أفهم من كده إنه لو واحد اتطرد من العمل فجأة بدون مبرر، يبقى الشرع بيقف جنبه؟ مفيش صاحب شغل يقدر يعمل كده بمزاجه؟
3037	طيب، أفهم من كده إنه لو واحد اتطرد من العمل فجأة بدون مبرر، يبقى القانون بيقف جنبه؟ مفيش صاحب شغل يقدر يعمل كده بمزاجه؟
3038	بصراحة، أفهم من كده إنه لو واحد اتطرد من الشغل فجأة بدون مبرر، يبقى النظام بيقف جنبه؟ مفيش صاحب شغل يقدر يعمل كده بمزاجه؟
3039	لو سمحت، أفهم من كده إنه لو واحد اتطرد من المؤسسة فجأة بدون مبرر، يبقى النظام بيقف جنبه؟ مفيش صاحب شغل يقدر يعمل كده بمزاجه؟
3040	ممكن أعرف أفهم من كده إنه لو واحد اتطرد من الشغل فجأة بدون مبرر، يبقى القانون بيقف جنبه؟ مفيش صاحب شغل يقدر يعمل كده بمزاجه؟
3041	يعني بالبلدي كده، مينفعش صاحب العمل يمشي حد من غير ذنب؟ القانون بيسمح بحاجة زي دي ولا بيحمي العامل من الظلم ده؟
3042	يعني بالبلدي كده، مينفعش صاحب العمل يمشي حد من غير ذنب؟ التشريع بيسمح بحاجة زي دي ولا بيحمي العامل من الظلم ده؟
3043	طيب، يعني بالبلدي كده، مينفعش صاحب العمل يمشي حد من غير ذنب؟ القانون بيسمح بحاجة زي دي ولا بيحمي العامل من الظلم ده؟
3044	بصراحة، يعني بالبلدي كده، مينفعش صاحب العمل يمشي حد من غير ذنب؟ القانون بيسمح بحاجة زي دي ولا بيحمي العامل من الظلم ده؟
3045	لو سمحت، يعني بالبلدي كده، مينفعش صاحب العمل يمشي حد من غير ذنب؟ النظام بيسمح بحاجة زي دي ولا بيحمي العامل من الظلم ده؟
3046	ممكن أعرف يعني بالبلدي كده، مينفعش صاحب العمل يمشي حد من غير ذنب؟ النظام بيسمح بحاجة زي دي ولا بيحمي العامل من الظلم ده؟
3047	لو شركة فصلت موظف من غير أي سبب مقنع، ده يعتبر مخالفة للقانون؟ القانون بيحمي الناس من الفصل اللي بدون حق ده ولا لأ؟
3048	يعني لو شركة فصلت موظف من غير أي سبب مقنع، ده يعتبر مخالفة للقانون؟ الشرع بيحمي الناس من الفصل اللي بدون حق ده ولا لأ؟
3049	طيب، لو شركة فصلت موظف من غير أي سبب مقنع، ده يعتبر مخالفة للقانون؟ النظام بيحمي الناس من الفصل اللي بدون حق ده ولا لأ؟
3050	بصراحة، لو شركة فصلت موظف من غير أي سبب مقنع، ده يعتبر مخالفة للقانون؟ الشرع بيحمي الناس من الفصل اللي بدون حق ده ولا لأ؟
3051	لو سمحت، لو شركة فصلت موظف من غير أي سبب مقنع، ده يعتبر مخالفة للقانون؟ النظام بيحمي الناس من الفصل اللي بدون حق ده ولا لأ؟
3052	ممكن أعرف لو شركة فصلت موظف من غير أي سبب مقنع، ده يعتبر مخالفة للقانون؟ القانون بيحمي الناس من الفصل اللي بدون حق ده ولا لأ؟
3053	لو وقعت استقالة تحت ضغوط ينفع ألغيها ولا القانون بيعتبرها نهائية؟
3054	يعني لو وقعت استحددة تحت ضغوط ينفع ألغيها ولا القانون بيعتبرها نهائية؟
3055	طيب، لو وقعت استقالة تحت ضغوط ينفع ألغيها ولا النظام بيعتبرها نهائية؟
3056	بصراحة، لو وقعت استقالة تحت ضغوط ينفع ألغيها ولا التشريع بيعتبرها نهائية؟
3057	لو سمحت، لو وقعت استقالة تحت ضغوط ينفع ألغيها ولا الشرع بيعتبرها نهائية؟
3058	ممكن أعرف لو وقعت استقالة تحت ضغوط ينفع ألغيها ولا القانون بيعتبرها نهائية؟
3059	"لو واحد قدم استقالته وهو مضغوط عليه، ممكن يتراجع فيها بعد كده ولا خلاص الاستقالة دي كده تمام ومينفعش يغير رأيه؟ (تركز على إمكانية التراجع وتوضيح معنى ""نهائية"")"
3060	"يعني لو واحد قدم استقالته وهو مضغوط عليه، ممكن يتراجع فيها بعد كده ولا خلاص الاستقالة دي كده تمام ومينفعش يغير رأيه؟ (تركز على إمكانية التراجع وتوضيح معنى ""نهائية"")؟"
3061	"طيب، لو واحد قدم استقالته وهو مضغوط عليه، يمكن يتراجع فيها بعد كده ولا خلاص الاستقالة دي كده تمام ومينفعش يغير رأيه؟ (تركز على إمكانية التراجع وتوضيح معنى ""نهائية"")؟"
3062	"بصراحة، لو واحد قدم استقالته وهو مضغوط عليه، يمكن يتراجع فيها بعد كده ولا خلاص الاستقالة دي كده تمام ومينفعش يغير رأيه؟ (تركز على إمكانية التراجع وتوضيح معنى ""نهائية"")؟"
3063	"لو سمحت، لو واحد قدم استقالته وهو مضغوط عليه، ممكن يتراجع فيها بعد كده ولا خلاص الاستقالة دي كده تمام ومينفعش يغير رأيه؟ (تركز على إمكانية التراجع وتوضيح معنى ""نهائية"")؟"
3064	"ممكن أعرف لو واحد قدم استقالته وهو مضغوط عليه، ممكن يتراجع فيها بعد مرور كده ولا خلاص الاستقالة دي كده تمام ومينفعش يغير رأيه؟ (تركز على إمكانية التراجع وتوضيح معنى ""نهائية"")؟"
3065	"لو حد استقال غصب عنه، يقدر يسحب الاستقالة دي تاني؟ ولا القانون بيحكم إن خلاص الاستقالة اتقبلت ومفيش كلام تاني؟ (تستبدل ""ضغوط"" بـ ""غصب عنه"" وتوضح فكرة ""السحب"")"
3066	"يعني لو حد استحدد غصب عنه، يقدر يسحب الاستقالة دي تاني؟ ولا القانون بيحكم إن خلاص الاستقالة اتقبلت ومفيش كلام تاني؟ (تستبدل ""ضغوط"" بـ ""غصب عنه"" وتوضح فكرة ""السحب"")؟"
3067	"طيب، لو حد استقال غصب عنه، يقدر يسحب الاستقالة دي تاني؟ ولا التشريع بيحكم إن خلاص الاستقالة اتقبلت ومفيش كلام تاني؟ (تستبدل ""ضغوط"" بـ ""غصب عنه"" وتوضح فكرة ""السحب"")؟"
3068	"بصراحة، لو حد استحدد غصب عنه، يقدر يسحب الاستقالة دي تاني؟ ولا التشريع بيحكم إن خلاص الاستقالة اتقبلت ومفيش كلام تاني؟ (تستبدل ""ضغوط"" بـ ""غصب عنه"" وتوضح فكرة ""السحب"")؟"
3069	"لو سمحت، لو حد استقال غصب عنه، يقدر يسحب الاستقالة دي تاني؟ ولا الشرع بيحكم إن خلاص الاستقالة اتقبلت ومفيش كلام تاني؟ (تستبدل ""ضغوط"" بـ ""غصب عنه"" وتوضح فكرة ""السحب"")؟"
3070	"ممكن أعرف لو حد استقال غصب عنه، يقدر يسحب الاستقالة دي تاني؟ ولا القانون بيحكم إن خلاص الاستقالة اتقبلت ومفيش كلام تاني؟ (تستبدل ""ضغوط"" بـ ""غصب عنه"" وتوضح فكرة ""السحب"")؟"
3071	"لو الاستقالة كانت بسبب ظروف صعبة، ينفع الواحد يلغيها بعد ما قدمها؟ ولا الاستقالة كده تعتبر رسمية ومش هينفع يعمل حاجة؟ (تستخدم ""ظروف صعبة"" بدلاً من ""ضغوط"" وتركز على الرسمية)"
3072	"يعني لو الاستقالة كانت بسبب ظروف صعبة، ينفع الواحد يلغيها عقب ما قدمها؟ ولا الاستقالة كده تعتبر رسمية ومش هينفع يعمل حاجة؟ (تستخدم ""ظروف صعبة"" بدلاً من ""ضغوط"" وتركز على الرسمية)؟"
3073	"طيب، لو الاستحددة كانت بسبب ظروف صعبة، ينفع الواحد يلغيها عقب ما قدمها؟ ولا الاستقالة كده تعتبر رسمية ومش هينفع يعمل حاجة؟ (تستخدم ""ظروف صعبة"" بدلاً من ""ضغوط"" وتركز على الرسمية)؟"
3074	"بصراحة، لو الاستذكرة كانت بسبب ظروف صعبة، ينفع الواحد يلغيها بعد ما قدمها؟ ولا الاستقالة كده تعتبر رسمية ومش هينفع يعمل حاجة؟ (تستخدم ""ظروف صعبة"" بدلاً من ""ضغوط"" وتركز على الرسمية)؟"
3075	"لو سمحت، لو الاستقالة كانت بسبب ظروف صعبة، ينفع الواحد يلغيها بعد ما قدمها؟ ولا الاستقالة كده تعتبر رسمية ومش هينفع يعمل حاجة؟ (تستخدم ""ظروف صعبة"" بدلاً من ""ضغوط"" وتركز على الرسمية)؟"
3076	"ممكن أعرف لو الاستحددة كانت بسبب ظروف صعبة، ينفع الواحد يلغيها عقب ما قدمها؟ ولا الاستقالة كده تعتبر رسمية ومش هينفع يعمل حاجة؟ (تستخدم ""ظروف صعبة"" بدلاً من ""ضغوط"" وتركز على الرسمية)؟"
3077	"لو الاستقالة طلعت مني وأنا متوتر ومجبور، أقدر أرجع في كلامي وأقول مش عايز استقيل؟ ولا القانون بيقول خلاص كده الاستقالة تمت ومينفعش أغير فيها؟ (تستخدم ""متوتر ومجبور"" لتوضيح الضغط وتشدد على الرغبة في التراجع)"
3078	"يعني لو الاستقالة طلعت مني وأنا متوتر ومجبور، أقدر أرجع في كلامي وأقول مش عايز استقيل؟ ولا القانون بيقول خلاص كده الاستقالة تمت ومينفعش أغير فيها؟ (تستخدم ""متوتر ومجبور"" لتوضيح الضغط وتشدد على الرغبة في التراجع)؟"
3079	"طيب، لو الاستذكرة طلعت مني وأنا متوتر ومجبور، أقدر أرجع في كلامي وأقول مش عايز استقيل؟ ولا التشريع بيقول خلاص كده الاستقالة تمت ومينفعش أغير فيها؟ (تستخدم ""متوتر ومجبور"" لتوضيح الضغط وتشدد على الرغبة في التراجع)؟"
3080	"بصراحة، لو الاستقالة طلعت مني وأنا متوتر ومجبور، أقدر أرجع في كلامي وأقول مش عايز استقيل؟ ولا القانون بيقول خلاص كده الاستقالة تمت ومينفعش أغير فيها؟ (تستخدم ""متوتر ومجبور"" لتوضيح الضغط وتشدد على الرغبة في التراجع)؟"
3081	"لو سمحت، لو الاستقالة طلعت مني وأنا متوتر ومجبور، أقدر أرجع في كلامي وأقول مش عايز استقيل؟ ولا التشريع بيقول خلاص كده الاستقالة تمت ومينفعش أغير فيها؟ (تستخدم ""متوتر ومجبور"" لتوضيح الضغط وتشدد على الرغبة في التراجع)؟"
3082	"ممكن أعرف لو الاستقالة طلعت مني وأنا متوتر ومجبور، أقدر أرجع في كلامي وأقول مش عايز استقيل؟ ولا القانون بيقول خلاص كده الاستقالة تمت ومينفعش أغير فيها؟ (تستخدم ""متوتر ومجبور"" لتوضيح الضغط وتشدد على الرغبة في التراجع)؟"
3083	"لو الاستقالة دي كانت نتيجة إجبار أو تهديد، هل فيه أي طريقة إني ألغيها؟ ولا القانون شايف إنها كده استقالة صحيحة ومينفعش الواحد يرجع فيها؟ (تستخدم ""إجبار أو تهديد"" بدلاً من ""ضغوط"" وتسأل عن وجود ""طريقة للإلغاء"")"
3084	"يعني لو الاستحددة دي كانت نتيجة إجبار أو تهديد، هل فيه أي طريقة إني ألغيها؟ ولا القانون شايف إنها كده استقالة صحيحة ومينفعش الواحد يرجع فيها؟ (تستخدم ""إجبار أو تهديد"" بدلاً من ""ضغوط"" وتسأل عن وجود ""طريقة للإلغاء"")؟"
3085	"طيب، لو الاستقالة دي كانت نتيجة إجبار أو تهديد، هل فيه أي طريقة إني ألغيها؟ ولا القانون شايف إنها كده استقالة صحيحة ومينفعش الواحد يرجع فيها؟ (تستخدم ""إجبار أو تهديد"" بدلاً من ""ضغوط"" وتسأل عن وجود ""طريقة للإلغاء"")؟"
3086	"بصراحة، لو الاستقالة دي كانت نتيجة إجبار أو تهديد، هل فيه أي طريقة إني ألغيها؟ ولا القانون شايف إنها كده استقالة صحيحة ومينفعش الواحد يرجع فيها؟ (تستخدم ""إجبار أو تهديد"" بدلاً من ""ضغوط"" وتسأل عن وجود ""طريقة للإلغاء"")؟"
3087	"لو سمحت، لو الاستحددة دي كانت نتيجة إجبار أو تهديد، هل فيه أي طريقة إني ألغيها؟ ولا القانون شايف إنها كده استقالة صحيحة ومينفعش الواحد يرجع فيها؟ (تستخدم ""إجبار أو تهديد"" بدلاً من ""ضغوط"" وتسأل عن وجود ""طريقة للإلغاء"")؟"
3088	"ممكن أعرف لو الاستنصة دي كانت نتيجة إجبار أو تهديد، هل فيه أي طريقة إني ألغيها؟ ولا التشريع شايف إنها كده استقالة صحيحة ومينفعش الواحد يرجع فيها؟ (تستخدم ""إجبار أو تهديد"" بدلاً من ""ضغوط"" وتسأل عن وجود ""طريقة للإلغاء"")؟"
3089	"ليه في ""استقالة"" و""إنهاء خدمة"" وبعضها قانوني وتطوعي؟"
3090	"يعني ليه في ""استذكرة"" و""إنهاء خدمة"" وبعضها قانوني وتطوعي؟"
3091	"طيب، ليه في ""استقالة"" و""إنهاء خدمة"" وبعضها قانوني وتطوعي؟"
3092	"بصراحة، ليه في ""استحددة"" و""إنهاء خدمة"" وبعضها قانوني وتطوعي؟"
3093	"لو سمحت، ليه في ""استقالة"" و""إنهاء خدمة"" وبعضها قانوني وتطوعي؟"
3094	"ممكن أعرف ليه في ""استقالة"" و""إنهاء خدمة"" وبعضها قانوني وتطوعي؟"
3095	إيه الفرق بين الاستقالة وإنهاء الخدمة، وإزاي فيه أنواع منها قانونية والنوع التاني برغبة الموظف؟ (هذا السؤال يركز على الفروق الجوهرية بين المفهومين وكيفية اختلافهما من حيث القانونية والاختيارية.)
3096	يعني أي الفرق بين الاستقالة وإنهاء الخدمة، وإزاي فيه أنواع منها قانونية والنوع التاني برغبة الموظف؟ (هذا السؤال يركز على الفروق الجوهرية بين المفهومين وكيفية اختلافهما من حيث القانونية والاختيارية.)؟
3097	طيب، إيه الفرق بين الاستنصة وإنهاء الخدمة، وإزاي فيه أنواع منها قانونية والنوع التاني برغبة الموظف؟ (هذا السؤال يركز على الفروق الجوهرية بين المفهومين وكيفية اختلافهما من حيث المشروعة والاختيارية.)؟
3098	بصراحة، أي الفرق بين الاستنصة وإنهاء الخدمة، وإزاي فيه أنواع منها قانونية والنوع التاني برغبة الموظف؟ (هذا السؤال يركز على الفروق الجوهرية بين المفهومين وكيفية اختلافهما من حيث الشرعية والاختيارية.)؟
3099	لو سمحت، إيه الفرق بين الاستذكرة وإنهاء الخدمة، وإزاي فيه أنواع منها قانونية والنوع التاني برغبة الموظف؟ (هذا السؤال يركز على الفروق الجوهرية بين المفهومين وكيفية اختلافهما من حيث الرسمية والاختيارية.)؟
3100	ممكن أعرف إيه الفرق بين الاستنصة وإنهاء الخدمة، وإزاي فيه أنواع منها قانونية والنوع التاني برغبة الموظف؟ (هذا السؤال يركز على الفروق الجوهرية بين المفهومين وكيفية اختلافهما من حيث القانونية والاختيارية.)؟
3101	"ليه بنلاقي مصطلحات زي ""استقالة"" و ""إنهاء خدمة"" موجودة، وإيه اللي بيخلي فيه منهم حاجات ماشية بالقانون وحاجات تانية بتبقى بمزاج الموظف نفسه؟ (هذا السؤال يركز على سبب وجود المصطلحات المختلفة، ويوضح أن بعضها يعتمد على القانون بينما البعض الآخر يعتمد على رغبة الموظف.)"
3102	"يعني ليه بنلاقي مصطلحات زي ""استقالة"" و ""إنهاء خدمة"" موجودة، وماذا اللي بيخلي فيه منهم حاجات ماشية بالقانون وحاجات تانية بتبقى بمزاج الموظف نفسه؟ (هذا السؤال يركز على سبب وجود المصطلحات المختلفة، ويوضح أن بعضها يعتمد على القانون بينما البعض الآخر يعتمد على رغبة الموظف.)؟"
3103	"طيب، ليه بنلاقي مصطلحات زي ""استقالة"" و ""إنهاء خدمة"" موجودة، وماذا اللي بيخلي فيه منهم حاجات ماشية بالنظام وحاجات تانية بتبقى بمزاج الموظف نفسه؟ (هذا السؤال يركز على سبب وجود المصطلحات المختلفة، ويوضح أن بعضها يعتمد على القانون بينما البعض الآخر يعتمد على رغبة الموظف.)؟"
3104	"بصراحة، ليه بنلاقي مصطلحات زي ""استقالة"" و ""إنهاء خدمة"" موجودة، وإيه اللي بيخلي فيه منهم حاجات ماشية بالشرع وحاجات تانية بتبقى بمزاج الموظف نفسه؟ (هذا السؤال يركز على سبب وجود المصطلحات المختلفة، ويوضح أن بعضها يعتمد على القانون بينما البعض الآخر يعتمد على رغبة الموظف.)؟"
3105	"لو سمحت، ليه بنلاقي مصطلحات زي ""استقالة"" و ""إنهاء خدمة"" موجودة، وأي اللي بيخلي فيه منهم حاجات ماشية بالقانون وحاجات تانية بتبقى بمزاج الموظف نفسه؟ (هذا السؤال يركز على سبب وجود المصطلحات المختلفة، ويوضح أن بعضها يعتمد على القانون بينما البعض الآخر يعتمد على رغبة الموظف.)؟"
3106	"ممكن أعرف ليه بنلاقي مصطلحات زي ""استقالة"" و ""إنهاء خدمة"" موجودة، وإيه اللي بيخلي فيه منهم حاجات ماشية بالقانون وحاجات تانية بتبقى بمزاج الموظف نفسه؟ (هذا السؤال يركز على سبب وجود المصطلحات المختلفة، ويوضح أن بعضها يعتمد على القانون بينما البعض الآخر يعتمد على رغبة الموظف.)؟"
3107	"إيه الحكمة من وجود حاجة اسمها ""استقالة"" وحاجة اسمها ""إنهاء خدمة""، ويا ترى إيه الفرق بينهم من ناحية القانون، وإمتى الموظف بيكون ليه حرية الاختيار؟ (هذا السؤال يستفسر عن الحكمة من وراء وجود المصطلحين، ويسأل عن الفرق القانوني بينهما وحرية اختيار الموظف.)"
3108	"يعني إيه الحكمة من وجود حاجة اسمها ""استنصة"" وحاجة اسمها ""إنهاء خدمة""، ويا ترى إيه الفرق بينهم من ناحية النظام، وإمتى الموظف بيكون ليه حرية الاختيار؟ (هذا السؤال يستفسر عن الحكمة من وراء وجود المصطلحين، ويسأل عن الفرق القانوني بينهما وحرية اختيار الموظف.)؟"
3109	"طيب، إيه الحكمة من وجود حاجة اسمها ""استقالة"" وحاجة اسمها ""إنهاء خدمة""، ويا ترى إيه الفرق بينهم من ناحية القانون، وإمتى الموظف بيكون ليه حرية الاختيار؟ (هذا السؤال يستفسر عن الحكمة من وراء وجود المصطلحين، ويسأل عن الفرق القانوني بينهما وحرية اختيار الموظف.)؟"
3110	"بصراحة، إيه الحكمة من وجود حاجة اسمها ""استنصة"" وحاجة اسمها ""إنهاء خدمة""، ويا ترى إيه الفرق بينهم من ناحية التشريع، وإمتى الموظف بيكون ليه حرية الاختيار؟ (هذا السؤال يستفسر عن الحكمة من وراء وجود المصطلحين، ويسأل عن الفرق القانوني بينهما وحرية اختيار الموظف.)؟"
3111	"لو سمحت، أي الحكمة من وجود حاجة اسمها ""استقالة"" وحاجة اسمها ""إنهاء خدمة""، ويا ترى إيه الفرق بينهم من ناحية القانون، وإمتى الموظف بيكون ليه حرية الاختيار؟ (هذا السؤال يستفسر عن الحكمة من وراء وجود المصطلحين، ويسأل عن الفرق القانوني بينهما وحرية اختيار الموظف.)؟"
3112	"ممكن أعرف إيه الحكمة من وجود حاجة اسمها ""استقالة"" وحاجة اسمها ""إنهاء خدمة""، ويا ترى إيه الفرق بينهم من ناحية النظام، وإمتى الموظف بيكون ليه حرية الاختيار؟ (هذا السؤال يستفسر عن الحكمة من وراء وجود المصطلحين، ويسأل عن الفرق القانوني بينهما وحرية اختيار الموظف.)؟"
3113	"ليه لما حد بيسيب شغل بنسمع عن ""استقالة"" و ""إنهاء خدمة""؟ وإيه المعنى القانوني لكل واحدة فيهم، وإمتى الواحد يقدر يختار الطريقة اللي يمشي بيها؟ (هذا السؤال يركز على سبب استخدام المصطلحين في حالة ترك العمل، والمعنى القانوني لكل مصطلح، وحرية اختيار الموظف.)"
3114	"يعني ليه لما حد بيسيب شغل بنسمع عن ""استقالة"" و ""إنهاء خدمة""؟ وإيه المعنى القانوني لكل واحدة فيهم، وإمتى الواحد يقدر يختار الطريقة اللي يمشي بيها؟ (هذا السؤال يركز على سبب استخدام المصطلحين في حالة ترك الدوام، والمعنى القانوني لكل مصطلح، وحرية اختيار الموظف.)؟"
3115	"طيب، ليه لما حد بيسيب شغل بنسمع عن ""استقالة"" و ""إنهاء خدمة""؟ وإيه المعنى القانوني لكل واحدة فيهم، وإمتى الواحد يقدر يختار الطريقة اللي يمشي بيها؟ (هذا السؤال يركز على سبب استخدام المصطلحين في حالة ترك العمل، والمعنى القانوني لكل مصطلح، وحرية اختيار الموظف.)؟"
3116	"بصراحة، ليه لما حد بيسيب شغل بنسمع عن ""استقالة"" و ""إنهاء خدمة""؟ وإيه المعنى التشريعي لكل واحدة فيهم، وإمتى الواحد يقدر يختار الطريقة اللي يمشي بيها؟ (هذا السؤال يركز على سبب استخدام المصطلحين في حالة ترك الشغل، والمعنى القانوني لكل مصطلح، وحرية اختيار الموظف.)؟"
3117	"لو سمحت، ليه لما حد بيسيب شغل بنسمع عن ""استقالة"" و ""إنهاء خدمة""؟ وإيه المعنى الشرعي لكل واحدة فيهم، وإمتى الواحد يقدر يختار الطريقة اللي يمشي بيها؟ (هذا السؤال يركز على سبب استخدام المصطلحين في حالة ترك الشغل، والمعنى القانوني لكل مصطلح، وحرية اختيار الموظف.)؟"
3118	"ممكن أعرف ليه لما حد بيسيب شغل بنسمع عن ""استقالة"" و ""إنهاء خدمة""؟ وإيه المعنى النظامي لكل واحدة فيهم، وإمتى الواحد يقدر يختار الطريقة اللي يمشي بيها؟ (هذا السؤال يركز على سبب استخدام المصطلحين في حالة ترك العمل، والمعنى القانوني لكل مصطلح، وحرية اختيار الموظف.)؟"
3119	"إيه السبب في إننا بنستخدم كلمتين مختلفتين زي ""الاستقالة"" و""إنهاء الخدمة"" لما حد بيسيب الشغل؟ وإزاي القانون بيتعامل مع كل واحدة فيهم؟ وهل الموظف دايمًا بيكون عنده حرية الاختيار بين الطريقتين؟ (هذا السؤال يركز على سبب استخدام كلمتين مختلفتين، وكيف يتعامل القانون مع كل منهما، وما إذا كان الموظف لديه دائمًا حرية الاختيار.)"
3120	"يعني إيه السبب في إننا بنستخدم كلمتين مختلفتين زي ""الاستقالة"" و""إنهاء الخدمة"" لما حد بيسيب العمل؟ وإزاي التشريع بيتعامل مع كل واحدة فيهم؟ وهل الموظف دايمًا بيكون عنده حرية الاختيار بين الطريقتين؟ (هذا السؤال يركز على سبب استخدام كلمتين مختلفتين، وكيف يتعامل القانون مع كل منهما، وما إذا كان الموظف لديه دائمًا حرية الاختيار.)؟"
3121	"طيب، ماذا السبب في إننا بنستخدم كلمتين مختلفتين زي ""الاستنصة"" و""إنهاء الخدمة"" لما حد بيسيب العمل؟ وإزاي القانون بيتعامل مع كل واحدة فيهم؟ وهل الموظف دايمًا بيكون عنده حرية الاختيار بين الطريقتين؟ (هذا السؤال يركز على سبب استخدام كلمتين مختلفتين، وكيف يتعامل القانون مع كل منهما، وما إذا كان الموظف لديه دائمًا حرية الاختيار.)؟"
3122	"بصراحة، ما هو السبب في إننا بنستخدم كلمتين مختلفتين زي ""الاستنصة"" و""إنهاء الخدمة"" لما حد بيسيب الشغل؟ وإزاي التشريع بيتعامل مع كل واحدة فيهم؟ وهل الموظف دايمًا بيكون عنده حرية الاختيار بين الطريقتين؟ (هذا السؤال يركز على سبب استخدام كلمتين مختلفتين، وكيف يتعامل القانون مع كل منهما، وما إذا كان الموظف لديه دائمًا حرية الاختيار.)؟"
3123	"لو سمحت، ماذا السبب في إننا بنستخدم كلمتين مختلفتين زي ""الاستقالة"" و""إنهاء الخدمة"" لما حد بيسيب الشغل؟ وإزاي النظام بيتعامل مع كل واحدة فيهم؟ وهل الموظف دايمًا بيكون عنده حرية الاختيار بين الطريقتين؟ (هذا السؤال يركز على سبب استخدام كلمتين مختلفتين، وكيف يتعامل القانون مع كل منهما، وما إذا كان الموظف لديه دائمًا حرية الاختيار.)؟"
3124	"ممكن أعرف ماذا السبب في إننا بنستخدم كلمتين مختلفتين زي ""الاستقالة"" و""إنهاء الخدمة"" لما حد بيسيب المؤسسة؟ وإزاي القانون بيتعامل مع كل واحدة فيهم؟ وهل الموظف دايمًا بيكون عنده حرية الاختيار بين الطريقتين؟ (هذا السؤال يركز على سبب استخدام كلمتين مختلفتين، وكيف يتعامل القانون مع كل منهما، وما إذا كان الموظف لديه دائمًا حرية الاختيار.)؟"
3125	مفروض أسلم إشعار قبل ما أرجع؟ القانون قال فترة الرجوع للاستقالة كام يوم؟
3126	يعني مفروض أسلم إشعار قبل ما أرجع؟ التشريع قال فترة الرجوع للاستقالة كام يوم؟
3127	طيب، مفروض أسلم إشعار قبل ما أرجع؟ التشريع حدد فترة الرجوع للاستقالة كام يوم؟
3128	بصراحة، مفروض أسلم إشعار قبل ما أرجع؟ الشرع قال فترة الرجوع للاستقالة كام يوم؟
3129	لو سمحت، مفروض أسلم إشعار قبل ما أرجع؟ القانون حدد زمن الرجوع للاستقالة كم يوم؟
3130	ممكن أعرف مفروض أسلم إشعار قبل ما أرجع؟ الشرع ذكر فترة الرجوع للاستقالة كم يوم؟
3131	هل لازم أبلغ قبل ما أرجع في استقالتي؟ ويا ترى القانون محددلي مدة معينة عشان أقدر أتراجع عن الاستقالة ولا لأ؟ (هذا السؤال يستخدم كلمات أكثر تفصيلاً ويسأل بشكل مباشر عن وجود فترة محددة).
3132	يعني هل ضروري أبلغ قبل ما أرجع في استذكرتي؟ ويا ترى النظام محددلي مدة معينة عشان أقدر أتراجع عن الاستقالة ولا لأ؟ (هذا السؤال يستخدم كلمات أكثر تفصيلاً ويسأل بشكل مباشر عن وجود فترة مُحددة).؟
3133	طيب، هل ضروري أبلغ قبل ما أرجع في استقالتي؟ ويا ترى الشرع محددلي مدة معينة عشان أقدر أتراجع عن الاستقالة ولا لأ؟ (هذا السؤال يستخدم كلمات أكثر تفصيلاً ويسأل بشكل مباشر عن وجود زمن محددة).؟
3134	بصراحة، هل لازم أبلغ قبل ما أرجع في استحددتي؟ ويا ترى القانون محددلي مدة معينة عشان أقدر أتراجع عن الاستقالة ولا لأ؟ (هذا السؤال يستخدم كلمات أكثر تفصيلاً ويسأل بشكل مباشر عن وجود فترة محددة).؟
3135	لو سمحت، هل لازم أبلغ قبل ما أرجع في استقالتي؟ ويا ترى القانون محددلي مدة معينة عشان أقدر أتراجع عن الاستقالة ولا لأ؟ (هذا السؤال يستخدم كلمات أكثر تفصيلاً ويسأل بشكل مباشر عن وجود زمن محددة).؟
3136	ممكن أعرف هل واجب أبلغ قبل ما أرجع في استحددتي؟ ويا ترى القانون محددلي مدة معينة عشان أقدر أتراجع عن الاستقالة ولا لأ؟ (هذا السؤال يستخدم كلمات أكثر تفصيلاً ويسأل بشكل مباشر عن وجود فترة محددة).؟
3137	"يعني لازم أعمل إخطار رسمي لو حبيت أسحب استقالتي؟ وكمان، في مهلة قانونية للرجوع في الاستقالة دي ولا الوضع مفتوح؟ (هذا السؤال يستخدم كلمة ""إخطار رسمي"" ويعبر عن القلق بشأن وجود مهلة محددة)."
3138	"يعني لازم أعمل إخطار رسمي لو حبيت أسحب استقالتي؟ وكمان، في مهلة قانونية للرجوع في الاستقالة دي ولا الوضع مفتوح؟ (هذا السؤال يستخدم كلمة ""إخطار رسمي"" ويعبر عن القلق بشأن وجود مهلة محددة).؟"
3139	"طيب، يعني واجب أعمل إخطار رسمي لو حبيت أسحب استقالتي؟ وكمان، في مهلة قانونية للرجوع في الاستقالة دي ولا الوضع مفتوح؟ (هذا السؤال يستخدم كلمة ""إخطار رسمي"" ويعبر عن القلق بشأن وجود مهلة خاصة).؟"
3140	"بصراحة، يعني لازم أعمل إخطار رسمي لو حبيت أسحب استحددتي؟ وكمان، في مهلة قانونية للرجوع في الاستقالة دي ولا الوضع مفتوح؟ (هذا السؤال يستخدم كلمة ""إخطار رسمي"" ويعبر عن القلق بشأن وجود مهلة محددة).؟"
3141	"لو سمحت، يعني مطلوب أعمل إخطار رسمي لو حبيت أسحب استحددتي؟ وكمان، في مهلة قانونية للرجوع في الاستقالة دي ولا الوضع مفتوح؟ (هذا السؤال يستخدم كلمة ""إخطار رسمي"" ويعبر عن القلق بشأن وجود مهلة معينة).؟"
3142	"ممكن أعرف يعني مطلوب أعمل إخطار رسمي لو حبيت أسحب استنصتي؟ وكمان، في مهلة قانونية للرجوع في الاستقالة دي ولا الوضع مفتوح؟ (هذا السؤال يستخدم كلمة ""إخطار رسمي"" ويعبر عن القلق بشأن وجود مهلة خاصة).؟"
3143	"طيب، لو قررت ألغي الاستقالة اللي قدمتها، لازم أقدم حاجة زي إنذار الأول؟ والسؤال التاني، ممكن أرجع في الاستقالة دي لحد إمتى بالظبط حسب القانون؟ (هذا السؤال يستخدم كلمة ""إنذار"" ويسأل عن الحد الزمني للرجوع في الاستقالة)."
3144	"يعني طيب، لو قررت ألغي الاستنصة اللي قدمتها، مطلوب أقدم حاجة زي إنذار الأول؟ والسؤال التاني، ممكن أرجع في الاستقالة دي لحد إمتى بالظبط حسب الشرع؟ (هذا السؤال يستخدم كلمة ""إنذار"" ويسأل عن الحد الزمني للرجوع في الاستقالة).؟"
3145	"طيب، لو قررت ألغي الاستقالة اللي قدمتها، لازم أقدم حاجة زي إنذار الأول؟ والسؤال التاني، يمكن أرجع في الاستقالة دي لحد إمتى بالظبط حسب القانون؟ (هذا السؤال يستخدم كلمة ""إنذار"" ويسأل عن الحد الزمني للرجوع في الاستقالة).؟"
3146	"بصراحة، طيب، لو قررت ألغي الاستذكرة اللي قدمتها، لازم أقدم حاجة زي إنذار الأول؟ والسؤال التاني، ممكن أرجع في الاستقالة دي لحد إمتى بالظبط حسب الشرع؟ (هذا السؤال يستخدم كلمة ""إنذار"" ويسأل عن الحد الزمني للرجوع في الاستقالة).؟"
3147	"لو سمحت، طيب، لو قررت ألغي الاستقالة اللي قدمتها، مفروض أقدم حاجة زي إنذار الأول؟ والسؤال التاني، ممكن أرجع في الاستقالة دي لحد إمتى بالظبط حسب التشريع؟ (هذا السؤال يستخدم كلمة ""إنذار"" ويسأل عن الحد الزمني للرجوع في الاستقالة).؟"
3148	"ممكن أعرف طيب، لو قررت ألغي الاستنصة اللي قدمتها، لازم أقدم حاجة زي إنذار الأول؟ والسؤال التاني، ممكن أرجع في الاستقالة دي لحد إمتى بالظبط حسب القانون؟ (هذا السؤال يستخدم كلمة ""إنذار"" ويسأل عن الحد الزمني للرجوع في الاستقالة).؟"
3149	هل في إجراءات معينة لازم أعملها قبل ما أقول إني رجعت في كلامي عن الاستقالة؟ وياترى القانون بيسمحلي أرجع في الاستقالة دي لحد مدة قد إيه؟ (هذا السؤال يركز على الإجراءات المطلوبة ويسأل عن المدة التي يسمح بها القانون).
3150	يعني هل في إجراءات معينة مطلوب أعملها قبل ما أقول إني رجعت في كلامي عن الاستقالة؟ وياترى القانون بيسمحلي أرجع في الاستقالة دي لحد مدة قد أي؟ (هذا السؤال يركز على الإجراءات المطلوبة ويسأل عن المدة التي يسمح بها القانون).؟
3151	طيب، هل في إجراءات معينة ضروري أعملها قبل ما أقول إني رجعت في كلامي عن الاستقالة؟ وياترى النظام بيسمحلي أرجع في الاستقالة دي لحد مدة قد إيه؟ (هذا السؤال يركز على الإجراءات المطلوبة ويسأل عن المدة التي يسمح بها القانون).؟
3152	بصراحة، هل في إجراءات معينة ضروري أعملها قبل ما أقول إني رجعت في كلامي عن الاستقالة؟ وياترى التشريع بيسمحلي أرجع في الاستقالة دي لحد مدة قد ماذا؟ (هذا السؤال يركز على الإجراءات المطلوبة ويسأل عن المدة التي يسمح بها القانون).؟
3153	لو سمحت، هل في إجراءات معينة مطلوب أعملها قبل ما أقول إني رجعت في كلامي عن الاستذكرة؟ وياترى القانون بيسمحلي أرجع في الاستقالة دي لحد مدة قد ماذا؟ (هذا السؤال يركز على الإجراءات المطلوبة ويسأل عن المدة التي يسمح بها القانون).؟
3154	ممكن أعرف هل في إجراءات معينة لازم أعملها قبل ما أقول إني رجعت في كلامي عن الاستذكرة؟ وياترى القانون بيسمحلي أرجع في الاستقالة دي لحد مدة قد إيه؟ (هذا السؤال يركز على الإجراءات المطلوبة ويسأل عن المدة التي يسمح بها القانون).؟
3155	بصراحة، أنا محتار، لو عايز أتراجع عن الاستقالة، أبلغهم إزاي الأول؟ ويا ترى القانون سامحلي بفترة أد إيه عشان أغير رأيي في موضوع الاستقالة ده؟ (هذا السؤال يعبر عن الحيرة ويسأل عن طريقة التبليغ والفترة المتاحة لتغيير الرأي).
3156	يعني بصراحة، أنا محتار، لو عايز أتراجع عن الاستقالة، أبلغهم إزاي الأول؟ ويا ترى القانون سامحلي بفترة أد إيه عشان أغير رأيي في موضوع الاستقالة ده؟ (هذا السؤال يعبر عن الحيرة ويسأل عن طريقة التبليغ والفترة المتاحة لتغيير الرأي).؟
3157	طيب، بصراحة، أنا محتار، لو عايز أتراجع عن الاستحددة، أبلغهم إزاي الأول؟ ويا ترى القانون سامحلي بفترة أد ما هو عشان أغير رأيي في موضوع الاستقالة ده؟ (هذا السؤال يعبر عن الحيرة ويسأل عن طريقة التبليغ والفترة المتاحة لتغيير الرأي).؟
3158	بصراحة، أنا محتار، لو عايز أتراجع عن الاستقالة، أبلغهم إزاي الأول؟ ويا ترى القانون سامحلي بفترة أد أي عشان أغير رأيي في موضوع الاستقالة ده؟ (هذا السؤال يعبر عن الحيرة ويسأل عن طريقة التبليغ والفترة المتاحة لتغيير الرأي).؟
3159	لو سمحت، بصراحة، أنا محتار، لو عايز أتراجع عن الاستنصة، أبلغهم إزاي الأول؟ ويا ترى القانون سامحلي بوقت أد ما هو عشان أغير رأيي في موضوع الاستقالة ده؟ (هذا السؤال يعبر عن الحيرة ويسأل عن طريقة التبليغ والفترة المتاحة لتغيير الرأي).؟
3160	ممكن أعرف بصراحة، أنا محتار، لو عايز أتراجع عن الاستقالة، أبلغهم إزاي الأول؟ ويا ترى القانون سامحلي بوقت أد ما هو عشان أغير رأيي في موضوع الاستقالة ده؟ (هذا السؤال يعبر عن الحيرة ويسأل عن طريقة التبليغ والفترة المتاحة لتغيير الرأي).؟
3161	لو قدمت استقالتي بس بعد كده العمل أو الجهة الإدارية رفضوا يعتمدوا عليها؟
3162	يعني لو قدمت استذكرتي بس بعد مرور كده الوظيفة أو الجهة الإدارية رفضوا يعتمدوا عليها؟
3163	طيب، لو قدمت استذكرتي بس بعد مرور كده الدوام أو الجهة الإدارية رفضوا يعتمدوا عليها؟
3164	بصراحة، لو قدمت استذكرتي بس بعد كده العمل أو الجهة الإدارية رفضوا يعتمدوا عليها؟
3165	لو سمحت، لو قدمت استنصتي بس عقب كده الدوام أو الجهة الإدارية رفضوا يعتمدوا عليها؟
3166	ممكن أعرف لو قدمت استذكرتي بس بعد كده الوظيفة أو الجهة الإدارية رفضوا يعتمدوا عليها؟
3167	طب لو أنا مشيت وكتبت استقالتي، بس الشغل مارضيش ياخد بيها، أعمل إيه؟ (تركيز على الإجراء التالي)
3168	يعني طب لو أنا مشيت وكتبت استحددتي، بس الشغل مارضيش ياخد بيها، أعمل ماذا؟ (تركيز على الإجراء التالي)؟
3169	طيب، طب لو أنا مشيت وكتبت استقالتي، بس الشغل مارضيش ياخد بيها، أعمل ماذا؟ (تركيز على الإجراء التالي)؟
3170	بصراحة، طب لو أنا مشيت وكتبت استذكرتي، بس الشغل مارضيش يحصل على بيها، أعمل إيه؟ (تركيز على الإجراء التالي)؟
3171	لو سمحت، طب لو أنا مشيت وكتبت استقالتي، بس العمل مارضيش ياخد بيها، أعمل إيه؟ (تركيز على الإجراء التالي)؟
3172	ممكن أعرف طب لو أنا مشيت وكتبت استقالتي، بس العمل مارضيش ياخد بيها، أعمل إيه؟ (تركيز على الإجراء التالي)؟
3173	إيه اللي ممكن يحصل لو أنا استقلت والشركة رفضت الاستقالة بتاعتي؟ (تركيز على النتائج المحتملة)
3174	يعني إيه اللي ممكن يحصل لو أنا استقلت والشركة رفضت الاستذكرة بتاعتي؟ (تركيز على النتائج المحتملة)؟
3175	طيب، إيه اللي يجوز يحصل لو أنا استقلت والشركة رفضت الاستقالة بتاعتي؟ (تركيز على النتائج المحتملة)؟
3176	بصراحة، ماذا اللي ممكن يحصل لو أنا استقلت والشركة رفضت الاستذكرة بتاعتي؟ (تركيز على النتائج المحتملة)؟
3177	لو سمحت، أي اللي ممكن يحصل لو أنا استقلت والشركة رفضت الاستنصة بتاعتي؟ (تركيز على النتائج المحتملة)؟
3178	ممكن أعرف أي اللي ممكن يحصل لو أنا استقلت والشركة رفضت الاستقالة بتاعتي؟ (تركيز على النتائج المحتملة)؟
3179	لو أنا قدمت طلب استقالتي وجهة العمل ما وافقتش عليه، الوضع القانوني ساعتها بيكون إيه؟ (تركيز على الجانب القانوني)
3180	يعني لو أنا قدمت طلب استقالتي وجهة العمل ما وافقتش عليه، الوضع القانوني ساعتها بيكون أي؟ (تركيز على الجانب القانوني)؟
3181	طيب، لو أنا قدمت طلب استقالتي وجهة العمل ما وافقتش عليه، الوضع القانوني ساعتها بيكون أي؟ (تركيز على الجانب القانوني)؟
3182	بصراحة، لو أنا قدمت طلب استقالتي وجهة العمل ما وافقتش عليه، الوضع القانوني ساعتها بيكون ما هو؟ (تركيز على الجانب القانوني)؟
3183	لو سمحت، لو أنا قدمت طلب استحددتي وجهة الشغل ما وافقتش عليه، الوضع القانوني ساعتها بيكون ماذا؟ (تركيز على الجانب القانوني)؟
3184	ممكن أعرف لو أنا قدمت طلب استنصتي وجهة العمل ما وافقتش عليه، الوضع الشرعي ساعتها بيكون إيه؟ (تركيز على الجانب القانوني)؟
3185	فرضًا أنا سيبت الشغل وقدمت استقالتي، بس الإدارة رفضت تمشيها، كده يعتبروني لسه شغال ولا إيه بالظبط؟ (تركيز على الحالة الوظيفية)
3186	يعني فرضًا أنا سيبت الشغل وقدمت استحددتي، بس الإدارة رفضت تمشيها، كده يعتبروني لسه شغال ولا إيه بالظبط؟ (تركيز على الحالة الوظيفية)؟
3187	طيب، فرضًا أنا سيبت الشغل وقدمت استنصتي، بس الإدارة رفضت تمشيها، كده يعتبروني لسه شغال ولا ما هو بالظبط؟ (تركيز على الحالة الوظيفية)؟
3188	بصراحة، فرضًا أنا سيبت المؤسسة وقدمت استقالتي، بس الإدارة رفضت تمشيها، كده يعتبروني لسه شغال ولا ما هو بالظبط؟ (تركيز على الحالة الوظيفية)؟
3189	لو سمحت، فرضًا أنا سيبت الشركة وقدمت استقالتي، بس الإدارة رفضت تمشيها، كده يعتبروني لسه شغال ولا أي بالظبط؟ (تركيز على الحالة الوظيفية)؟
3190	ممكن أعرف فرضًا أنا سيبت الشركة وقدمت استقالتي، بس الإدارة رفضت تمشيها، كده يعتبروني لسه شغال ولا إيه بالظبط؟ (تركيز على الحالة الوظيفية)؟
3191	لو أنا كتبت استقالتي وقدمتها، بس الشغل مرديش يمضي عليها، أقدر أعمل حاجة تانية؟ (تركيز على الخيارات المتاحة)
3192	يعني لو أنا كتبت استقالتي وقدمتها، بس الشغل مرديش يمضي عليها، أقدر أعمل حاجة تانية؟ (تركيز على الخيارات المتاحة)؟
3193	طيب، لو أنا كتبت استقالتي وقدمتها، بس الشركة مرديش يمضي عليها، أقدر أعمل حاجة تانية؟ (تركيز على الخيارات المتاحة)؟
3194	بصراحة، لو أنا كتبت استقالتي وقدمتها، بس المؤسسة مرديش يمضي عليها، أقدر أعمل حاجة تانية؟ (تركيز على الخيارات المتاحة)؟
3195	لو سمحت، لو أنا كتبت استحددتي وقدمتها، بس الشغل مرديش يمضي عليها، أقدر أعمل حاجة تانية؟ (تركيز على الخيارات المتاحة)؟
3196	ممكن أعرف لو أنا كتبت استقالتي وقدمتها، بس الشغل مرديش يمضي عليها، أقدر أعمل حاجة تانية؟ (تركيز على الخيارات المتاحة)؟
3197	لو حصلت على حكم في قضية تعويض لأنه القانون حددش سقف التعويض؟
3198	يعني لو حصلت على حكم في قضية تعويض لأنه القانون حددش سقف التعويض؟
3199	طيب، لو حصلت على حكم في قضية تعويض لأنه القانون حددش سقف التعويض؟
3200	بصراحة، لو حصلت على حكم في قضية تعويض لأنه القانون حددش سقف التعويض؟
3201	لو سمحت، لو حصلت على حكم في قضية تعويض لأنه الشرع حددش سقف التعويض؟
3202	ممكن أعرف لو حصلت على حكم في قضية تعويض لأنه القانون حددش سقف التعويض؟
3203	يعني لو كسبت قضية وخدت تعويض، ممكن قيمة التعويض دي متزيدش عن حد معين عشان القانون عامل زي سقف كده؟
3204	يعني لو كسبت قضية وخدت تعويض، ممكن قيمة التعويض دي متزيدش عن حد معين عشان القانون عامل زي سقف كده؟
3205	طيب، يعني لو كسبت قضية وخدت تعويض، ينفع قيمة التعويض دي متزيدش عن حد معين عشان التشريع عامل زي سقف كده؟
3206	بصراحة، يعني لو كسبت قضية وخدت تعويض، ممكن قيمة التعويض دي متزيدش عن حد معين عشان القانون عامل زي سقف كده؟
3207	لو سمحت، يعني لو كسبت قضية وخدت تعويض، ممكن قيمة التعويض دي متزيدش عن حد معين عشان القانون عامل زي سقف كده؟
3208	ممكن أعرف يعني لو كسبت قضية وخدت تعويض، ممكن قيمة التعويض دي متزيدش عن حد معين عشان القانون عامل زي سقف كده؟
3209	لو القانون حاطط ليميت أو حد أقصى للتعويضات، ده معناه إن حتى لو القضية تستاهل أكتر، مش هاخد غير المبلغ اللي القانون محدده؟
3210	يعني لو القانون حاطط ليميت أو حد أقصى للتعويضات، ده معناه إن حتى لو القضية تستاهل أكتر، مش هاخد غير المبلغ اللي القانون محدده؟
3211	طيب، لو الشرع حاطط ليميت أو حد أقصى للتعويضات، ده معناه إن حتى لو القضية تستاهل زيادة، مش هاخد غير المبلغ اللي القانون محدده؟
3212	بصراحة، لو القانون حاطط ليميت أو حد أقصى للتعويضات، ده معناه إن حتى لو القضية تستاهل أكتر، مش هاخد غير المبلغ اللي القانون محدده؟
3213	لو سمحت، لو القانون حاطط ليميت أو حد أقصى للتعويضات، ده معناه إن حتى لو القضية تستاهل أكتر، مش هاخد غير المبلغ اللي القانون محدده؟
3214	ممكن أعرف لو الشرع حاطط ليميت أو حد أقصى للتعويضات، ده معناه إن حتى لو القضية تستاهل فوق، مش هاخد غير المبلغ اللي القانون محدده؟
3215	هل لو كسبت تعويض في المحكمة، ممكن المبلغ اللي هيتدفع لي يكون أقل من اللي كنت متوقعه، عشان القانون فيه سقف معين للتعويض؟
3216	يعني هل لو كسبت تعويض في المحكمة، ممكن المبلغ اللي هيتدفع لي يكون أقل من اللي كنت متوقعه، عشان التشريع فيه سقف معين للتعويض؟
3217	طيب، هل لو كسبت تعويض في المحكمة، ممكن المبلغ اللي هيتدفع لي يكون أقل من اللي كنت متوقعه، عشان القانون فيه سقف معين للتعويض؟
3218	بصراحة، هل لو كسبت تعويض في المحكمة، ممكن المبلغ اللي هيتدفع لي يكون أقل من اللي كنت متوقعه، عشان التشريع فيه سقف معين للتعويض؟
3219	لو سمحت، هل لو كسبت تعويض في المحكمة، ممكن المبلغ اللي هيتدفع لي يكون أقل من اللي كنت متوقعه، عشان القانون فيه سقف معين للتعويض؟
3220	ممكن أعرف هل لو كسبت تعويض في المحكمة، ينفع المبلغ اللي هيتدفع لي يكون أقل من اللي كنت متوقعه، عشان القانون فيه سقف معين للتعويض؟
3221	طب فرضًا كسبت قضية تعويض، هل فيه احتمال إني ماخدش المبلغ اللي بستحقه بالكامل بسبب وجود حد أقصى للتعويضات في القانون؟
3222	يعني طب فرضًا كسبت قضية تعويض، هل فيه احتمال إني ماخدش المبلغ اللي بستحقه بالكامل بسبب وجود حد أقصى للتعويضات في القانون؟
3223	طيب، طب فرضًا كسبت قضية تعويض، هل فيه احتمال إني ماخدش المبلغ اللي بستحقه بالإيه كمل بسبب وجود حد أقصى للتعويضات في التشريع؟
3224	بصراحة، طب فرضًا كسبت قضية تعويض، هل فيه احتمال إني ماخدش المبلغ اللي بستحقه بالإيه عددل بسبب وجود حد أقصى للتعويضات في القانون؟
3225	لو سمحت، طب فرضًا كسبت قضية تعويض، هل فيه احتمال إني ماخدش المبلغ اللي بستحقه بالأد إيهل بسبب وجود حد أقصى للتعويضات في القانون؟
3226	ممكن أعرف طب فرضًا كسبت قضية تعويض، هل فيه احتمال إني ماخدش المبلغ اللي بستحقه بالكامل بسبب وجود حد أقصى للتعويضات في النظام؟
3227	لو التعويض اللي المفروض اخده كبير جدًا، هل ممكن القانون يقلله عشان فيه قيمة محددة مينفعش اتعداها؟
3228	يعني لو التعويض اللي المفروض اخده كبير جدًا، هل ممكن القانون يقلله عشان فيه قيمة معينة مينفعش اتعداها؟
3229	طيب، لو التعويض اللي المفروض اخده كبير جدًا، هل ممكن الشرع يقلله عشان فيه قيمة خاصة مينفعش اتعداها؟
3230	بصراحة، لو التعويض اللي المفروض اخده كبير جدًا، هل ممكن القانون يقلله عشان فيه قيمة محددة مينفعش اتعداها؟
3231	لو سمحت، لو التعويض اللي المفروض اخده كبير جدًا، هل ممكن القانون يقلله عشان فيه قيمة محددة مينفعش اتعداها؟
3232	ممكن أعرف لو التعويض اللي المفروض اخده كبير جدًا، هل يجوز القانون يقلله عشان فيه قيمة محددة مينفعش اتعداها؟
3233	التعويض بيتحسب على كام سنين خدمة؟ وليه القانون سايبها؟
3234	يعني التعويض بيتُحسب على قد إيه سنهين خدمة؟ وليه النظام سايبها؟
3235	طيب، التعويض بيتحسب على كام سنين خدمة؟ وليه القانون سايبها؟
3236	بصراحة، التعويض بيتُعد على كم سنين خدمة؟ وليه القانون سايبها؟
3237	لو سمحت، التعويض بيتُحسب على كام عمرين خدمة؟ وليه القانون سايبها؟
3238	ممكن أعرف التعويض بيتُعتبر على أد إيه سنين خدمة؟ وليه الشرع سايبها؟
3239	طيب، الواحد بياخد تعويض عن كام سنة شغل؟ وايه السبب اللي خلى القانون ما يحددش المدة بالظبط؟ (تركز على العامل وأحقيته)
3240	يعني طيب، الواحد بيأخذ تعويض عن إيه عدد سنة شغل؟ وايه السبب اللي خلى القانون ما يحددش المدة بالظبط؟ (تركز على العامل وأحقيته)؟
3241	طيب، الواحد بياخد تعويض عن قد إيه سنة شغل؟ وايه السبب اللي خلى النظام ما يحددش المدة بالظبط؟ (تركز على العامل وأحقيته)؟
3242	بصراحة، طيب، الواحد بياخد تعويض عن ماذا كمية سنة شغل؟ وايه السبب اللي خلى الشرع ما يحددش المدة بالظبط؟ (تركز على العامل وأحقيته)؟
3243	لو سمحت، طيب، الواحد بيحصل على تعويض عن أد أي سنة شغل؟ وايه السبب اللي خلى النظام ما يحددش المدة بالظبط؟ (تركز على العامل وأحقيته)؟
3244	ممكن أعرف طيب، الواحد بياخد تعويض عن كام سنهة شغل؟ وايه السبب اللي خلى القانون ما يحددش المدة بالظبط؟ (تركز على العامل وأحقيته)؟
3245	معلش، التعويض ده بيتحدد على أساس عدد سنين الشغل اللي قضيتها ولا إيه؟ وليه القانون مش قاطع في الموضوع ده ومحددهاش؟ (تركز على الغموض في القانون)
3246	يعني معلش، التعويض ده بيتحدد على أساس مقدار سنين الشغل اللي قضيتها ولا ماذا؟ وليه القانون مش قاطع في الموضوع ده ومحددهاش؟ (تركز على الغموض في القانون)؟
3247	طيب، معلش، التعويض ده بيتحدد على أساس كم عمرين العمل اللي قضيتها ولا ما هو؟ وليه القانون مش قاطع في الموضوع ده ومحددهاش؟ (تركز على الغموض في القانون)؟
3248	بصراحة، معلش، التعويض ده بيتحدد على أساس عدد عمرين الشغل اللي قضيتها ولا ما هو؟ وليه القانون مش قاطع في الموضوع ده ومحددهاش؟ (تركز على الغموض في القانون)؟
3249	لو سمحت، معلش، التعويض ده بيتحدد على أساس عدد سنين الشغل اللي قضيتها ولا إيه؟ وليه التشريع مش قاطع في الموضوع ده ومحددهاش؟ (تركز على الغموض في القانون)؟
3250	ممكن أعرف معلش، التعويض ده بيتحدد على أساس عدد سنهين الشغل اللي قضيتها ولا ماذا؟ وليه القانون مش قاطع في الموضوع ده ومحددهاش؟ (تركز على الغموض في القانون)؟
3251	يعني التعويض بيتحسب على أساس كام سنة خدمة بالظبط؟ وايه الحكمة إن القانون ساب الموضوع عايم كده ومحددش عدد السنين؟ (تركز على الحكمة من عدم التحديد)
3252	يعني التعويض بيتحسب على أساس قد ماذا عمرة خدمة بالظبط؟ وايه الحكمة إن التشريع ساب الموضوع عايم كده ومحددش عدد السنين؟ (تركز على الحكمة من عدم التحديد)؟
3253	طيب، يعني التعويض بيتحسب على أساس كام سنة خدمة بالظبط؟ وايه الحكمة إن القانون ساب الموضوع عايم كده ومحددش كم السنين؟ (تركز على الحكمة من عدم التحديد)؟
3254	بصراحة، يعني التعويض بيتحسب على أساس كم سنة خدمة بالظبط؟ وايه الحكمة إن القانون ساب الموضوع عايم كده ومحددش مقدار السنين؟ (تركز على الحكمة من عدم التحديد)؟
3255	لو سمحت، يعني التعويض بيتحسب على أساس إيه كم عمرة خدمة بالظبط؟ وايه الحكمة إن الشرع ساب الموضوع عايم كده ومحددش عدد السنين؟ (تركز على الحكمة من عدم التحديد)؟
3256	ممكن أعرف يعني التعويض بيتحسب على أساس أد إيه سنهة خدمة بالظبط؟ وايه الحكمة إن التشريع ساب الموضوع عايم كده ومحددش كم السنين؟ (تركز على الحكمة من عدم التحديد)؟
3257	بالبلدي كده، لما الواحد ييجي ياخد تعويض، بيحسبوا له التعويض ده على كام سنة اشتغلها؟ وايه اللي خلى القانون ما يحددش المدة دي بشكل واضح؟ (تستخدم كلمات أكثر بساطة وعامية)
3258	يعني بالبلدي كده، لما الواحد ييجي يستحق تعويض، بيحسبوا له التعويض ده على كام سنة اشتغلها؟ وايه اللي خلى القانون ما يحددش المدة دي بشكل واضح؟ (تستخدم كلمات أكثر بساطة وعامية)؟
3259	طيب، بالبلدي كده، لما الواحد ييجي ياخد تعويض، بيحسبوا له التعويض ده على أي كمية سنة اشتغلها؟ وايه اللي خلى التشريع ما يحددش المدة دي بشكل واضح؟ (تستخدم كلمات أكثر بساطة وعامية)؟
3260	بصراحة، بالبلدي كده، لما الواحد ييجي يستحق تعويض، بيحسبوا له التعويض ده على كام عمرة اشتغلها؟ وايه اللي خلى القانون ما يحددش المدة دي بشكل واضح؟ (تستخدم كلمات أكثر بساطة وعامية)؟
3261	لو سمحت، بالبلدي كده، لما الواحد ييجي يحصل على تعويض، بيحسبوا له التعويض ده على كام سنهة اشتغلها؟ وايه اللي خلى القانون ما يحددش المدة دي بشكل واضح؟ (تستخدم كلمات أكثر بساطة وعامية)؟
3262	ممكن أعرف بالبلدي كده، لما الواحد ييجي يستحق تعويض، بيحسبوا له التعويض ده على كام سنة اشتغلها؟ وايه اللي خلى القانون ما يحددش المدة دي بشكل واضح؟ (تستخدم كلمات أكثر بساطة وعامية)؟
3263	طيب سؤال، لما أجي أقبض التعويض بتاعي، بيحسبوه على عدد سنين خدمتي كلها ولا فيه عدد سنين معين؟ واشمعنى القانون ما بينصش على عدد السنين دي بالتفصيل؟ (تركز على عملية قبض التعويض)
3264	يعني طيب سؤال، لما أجي أقبض التعويض بتاعي، بيحسبوه على مقدار عمرين خدمتي كلها ولا فيه عدد سنين معين؟ واشمعنى القانون ما بينصش على عدد السنين دي بالتفصيل؟ (تركز على عملية قبض التعويض)؟
3265	طيب سؤال، لما أجي أقبض التعويض بتاعي، بيحسبوه على عدد سنين خدمتي كلها ولا فيه عدد سنين معين؟ واشمعنى التشريع ما بينصش على عدد السنين دي بالتفصيل؟ (تركز على عملية قبض التعويض)؟
3266	بصراحة، طيب سؤال، لما أجي أقبض التعويض بتاعي، بيحسبوه على عدد سنين خدمتي كلها ولا فيه عدد سنين معين؟ واشمعنى الشرع ما بينصش على عدد السنين دي بالتفصيل؟ (تركز على عملية قبض التعويض)؟
3267	لو سمحت، طيب سؤال، لما أجي أقبض التعويض بتاعي، بيحسبوه على عدد سنين خدمتي كلها ولا فيه عدد سنين معين؟ واشمعنى القانون ما بينصش على عدد السنين دي بالتفصيل؟ (تركز على عملية قبض التعويض)؟
3268	ممكن أعرف طيب سؤال، لما أجي أقبض التعويض بتاعي، بيحسبوه على كمية سنهين خدمتي كلها ولا فيه عدد سنين معين؟ واشمعنى النظام ما بينصش على عدد السنين دي بالتفصيل؟ (تركز على عملية قبض التعويض)؟
3269	محكمة القضاء الإداري (استقالة) ولا خدمة؟ خدمة القانون اللى بيتعامل مع الاستقالة؟
3270	يعني محكمة القضاء الإداري (استقالة) ولا خدمة؟ خدمة القانون اللى بيتعامل مع الاستقالة؟
3271	طيب، محكمة القضاء الإداري (استقالة) ولا خدمة؟ خدمة القانون اللى بيتعامل مع الاستقالة؟
3272	بصراحة، محكمة القضاء الإداري (استقالة) ولا خدمة؟ خدمة القانون اللى بيتعامل مع الاستقالة؟
3273	لو سمحت، محكمة القضاء الإداري (استحددة) ولا خدمة؟ خدمة القانون اللى بيتعامل مع الاستقالة؟
3274	ممكن أعرف محكمة القضاء الإداري (استقالة) ولا خدمة؟ خدمة القانون اللى بيتعامل مع الاستقالة؟
3275	بالبلدي كده، لما واحد يستقيل، محكمة القضاء الإداري بتطبق قانون إيه بالظبط؟ إيه القانون اللي بيحكم الاستقالة دي؟ (تعبير بسيط ومباشر)
3276	يعني بالبلدي كده، لما واحد يستقيل، محكمة القضاء الإداري بتطبق قانون إيه بالظبط؟ إيه التشريع اللي بيحكم الاستحددة دي؟ (تعبير بسيط ومباشر)؟
3277	طيب، بالبلدي كده، لما واحد يستقيل، محكمة القضاء الإداري بتطبق قانون إيه بالظبط؟ إيه التشريع اللي بيحكم الاستقالة دي؟ (تعبير بسيط ومباشر)؟
3278	بصراحة، بالبلدي كده، لما واحد يستقيل، محكمة القضاء الإداري بتطبق قانون إيه بالظبط؟ إيه القانون اللي بيحكم الاستقالة دي؟ (تعبير بسيط ومباشر)؟
3279	لو سمحت، بالبلدي كده، لما واحد يستقيل، محكمة القضاء الإداري بتطبق قانون إيه بالظبط؟ إيه القانون اللي بيحكم الاستقالة دي؟ (تعبير بسيط ومباشر)؟
3280	ممكن أعرف بالبلدي كده، لما واحد يستقيل، محكمة القضاء الإداري بتطبق قانون إيه بالظبط؟ إيه القانون اللي بيحكم الاستحددة دي؟ (تعبير بسيط ومباشر)؟
3281	يعني لما حد يقدم استقالته، القضاء الإداري بيشوف الموضوع ده ازاي؟ إيه القانون اللي بيستندوا عليه في حالات الاستقالة؟ (يركز على كيفية تعامل القضاء الإداري مع الأمر)
3282	يعني لما حد يقدم استذكرته، القضاء الإداري بيشوف الموضوع ده ازاي؟ أي القانون اللي بيستندوا عليه في حالات الاستقالة؟ (يركز على كيفية تعامل القضاء الإداري مع الأمر)؟
3283	طيب، يعني لما حد يقدم استذكرته، القضاء الإداري بيشوف الموضوع ده ازاي؟ أي التشريع اللي بيستندوا عليه في حالات الاستقالة؟ (يركز على كيفية تعامل القضاء الإداري مع الأمر)؟
3284	بصراحة، يعني لما حد يقدم استقالته، القضاء الإداري بيشوف الموضوع ده ازاي؟ إيه النظام اللي بيستندوا عليه في حالات الاستقالة؟ (يركز على كيفية تعامل القضاء الإداري مع الأمر)؟
3285	لو سمحت، يعني لما حد يقدم استنصته، القضاء الإداري بيشوف الموضوع ده ازاي؟ أي النظام اللي بيستندوا عليه في حالات الاستقالة؟ (يركز على كيفية تعامل القضاء الإداري مع الأمر)؟
3286	ممكن أعرف يعني لما حد يقدم استقالته، القضاء الإداري بيشوف الموضوع ده ازاي؟ إيه التشريع اللي بيستندوا عليه في حالات الاستقالة؟ (يركز على كيفية تعامل القضاء الإداري مع الأمر)؟
3287	طيب، في حالة الاستقالة، إيه وضع محكمة القضاء الإداري؟ إيه القانون اللي بيحكم الاستقالات دي تبعهم؟ (يسأل عن اختصاص القضاء الإداري والقانون المطبق)
3288	يعني طيب، في حالة الاستنصة، أي وضع محكمة القضاء الإداري؟ إيه الشرع اللي بيحكم الاستقالات دي تبعهم؟ (يسأل عن اختصاص القضاء الإداري والقانون المطبق)؟
3289	طيب، في حالة الاستقالة، أي وضع محكمة القضاء الإداري؟ إيه القانون اللي بيحكم الاستقالات دي تبعهم؟ (يسأل عن اختصاص القضاء الإداري والقانون المطبق)؟
3290	بصراحة، طيب، في حالة الاستقالة، ماذا وضع محكمة القضاء الإداري؟ إيه القانون اللي بيحكم الاستقالات دي تبعهم؟ (يسأل عن اختصاص القضاء الإداري والقانون المطبق)؟
3291	لو سمحت، طيب، في حالة الاستقالة، ما هو وضع محكمة القضاء الإداري؟ إيه القانون اللي بيحكم الاستقالات دي تبعهم؟ (يسأل عن اختصاص القضاء الإداري والقانون المطبق)؟
3292	ممكن أعرف طيب، في حالة الاستقالة، ما هو وضع محكمة القضاء الإداري؟ إيه القانون اللي بيحكم الاستقالات دي تبعهم؟ (يسأل عن اختصاص القضاء الإداري والقانون المطبق)؟
3293	لما موظف يستقيل، محكمة القضاء الإداري بتشتغل بإيه؟ إيه القانون اللي بيطبقوه على موضوع الاستقالة ده تحديدًا؟ (يركز على القانون المحدد الذي يتم تطبيقه)
3294	يعني لما موظف يستقيل، محكمة القضاء الإداري بتشتغل بإيه؟ إيه النظام اللي بيطبقوه على موضوع الاستقالة ده تحديدًا؟ (يركز على القانون المحدد الذي يتم تطبيقه)؟
3295	طيب، لما موظف يستقيل، محكمة القضاء الإداري بتشتغل بإيه؟ إيه القانون اللي بيطبقوه على موضوع الاستقالة ده تحديدًا؟ (يركز على القانون المحدد الذي يتم تطبيقه)؟
3296	بصراحة، لما موظف يستقيل، محكمة القضاء الإداري بتشتغل بأي؟ إيه التشريع اللي بيطبقوه على موضوع الاستقالة ده تحديدًا؟ (يركز على القانون المحدد الذي يتم تطبيقه)؟
3297	لو سمحت، لما موظف يستقيل، محكمة القضاء الإداري بتشتغل بما هو؟ إيه النظام اللي بيطبقوه على موضوع الاستقالة ده تحديدًا؟ (يركز على القانون المحدد الذي يتم تطبيقه)؟
3298	ممكن أعرف لما موظف يستقيل، محكمة القضاء الإداري بتشتغل بإيه؟ إيه الشرع اللي بيطبقوه على موضوع الاستقالة ده تحديدًا؟ (يركز على القانون المحدد الذي يتم تطبيقه)؟
3299	في موضوع الاستقالة ده، محكمة القضاء الإداري بتتعامل إزاي؟ إيه القانون اللي بيحكم حالات الاستقالة عندهم؟ (سؤال عام عن كيفية التعامل مع حالات الاستقالة)
3300	يعني في موضوع الاستقالة ده، محكمة القضاء الإداري بتتعامل إزاي؟ إيه القانون اللي بيحكم حالات الاستقالة عندهم؟ (سؤال عام عن كيفية التعامل مع حالات الاستقالة)؟
3301	طيب، في موضوع الاستقالة ده، محكمة القضاء الإداري بتتعامل إزاي؟ إيه التشريع اللي بيحكم حالات الاستقالة عندهم؟ (سؤال عام عن كيفية التعامل مع حالات الاستقالة)؟
3302	بصراحة، في موضوع الاستقالة ده، محكمة القضاء الإداري بتتعامل إزاي؟ إيه النظام اللي بيحكم حالات الاستقالة عندهم؟ (سؤال عام عن كيفية التعامل مع حالات الاستقالة)؟
3303	لو سمحت، في موضوع الاستحددة ده، محكمة القضاء الإداري بتتعامل إزاي؟ إيه النظام اللي بيحكم حالات الاستقالة عندهم؟ (سؤال عام عن كيفية التعامل مع حالات الاستقالة)؟
3304	ممكن أعرف في موضوع الاستقالة ده، محكمة القضاء الإداري بتتعامل إزاي؟ إيه الشرع اللي بيحكم حالات الاستقالة عندهم؟ (سؤال عام عن كيفية التعامل مع حالات الاستقالة)؟
3305	محكمة العمل الجديدة بتختص بإيه؟ لو فرضًا فصلتني، ليه هناك حق أروح المحكمة بدون موافقة الحكومة؟
3306	يعني محكمة الدوام الجديدة بتختص بإيه؟ لو فرضًا فصلتني، ليه هناك حق أروح المحكمة بدون موافقة الحكومة؟
3307	طيب، محكمة العمل الجديدة بتختص بإيه؟ لو فرضًا فصلتني، ليه هناك حق أروح المحكمة بدون موافقة الحكومة؟
3308	بصراحة، محكمة الوظيفة الجديدة بتختص بأي؟ لو فرضًا فصلتني، ليه هناك حق أروح المحكمة بدون موافقة الحكومة؟
3309	لو سمحت، محكمة الوظيفة الجديدة بتختص بأي؟ لو فرضًا فصلتني، ليه هناك حق أروح المحكمة بدون موافقة الحكومة؟
3310	ممكن أعرف محكمة العمل الجديدة بتختص بإيه؟ لو فرضًا فصلتني، ليه هناك حق أروح المحكمة بدون موافقة الحكومة؟
3311	طيب، محكمة الشغل الجديدة دي شغلها إيه بالظبط؟ وإفرض يعني الشركة طردتني، إيه اللي يخليني أقدر أروح المحكمة دي من غير ما أستأذن الحكومة؟ (تركز على التوضيح والشرح البسيط)
3312	يعني طيب، محكمة الشغل الجديدة دي شغلها ماذا بالظبط؟ وإفرض يعني الشركة طردتني، إيه اللي يخليني أقدر أروح المحكمة دي من غير ما أستأذن الحكومة؟ (تركز على التوضيح والشرح البسيط)؟
3313	طيب، محكمة الشغل الجديدة دي شغلها إيه بالظبط؟ وإفرض يعني الشركة طردتني، إيه اللي يخليني أقدر أروح المحكمة دي من غير ما أستأذن الحكومة؟ (تركز على التوضيح والشرح البسيط)؟
3314	بصراحة، طيب، محكمة الشغل الجديدة دي شغلها إيه بالظبط؟ وإفرض يعني الشركة طردتني، إيه اللي يخليني أقدر أروح المحكمة دي من غير ما أستأذن الحكومة؟ (تركز على التوضيح والشرح البسيط)؟
3315	لو سمحت، طيب، محكمة الشغل الجديدة دي شغلها إيه بالظبط؟ وإفرض يعني الشركة طردتني، إيه اللي يخليني أقدر أروح المحكمة دي من غير ما أستأذن الحكومة؟ (تركز على التوضيح والشرح البسيط)؟
3316	ممكن أعرف طيب، محكمة الشركة الجديدة دي شغلها إيه بالظبط؟ وإفرض يعني الشركة طردتني، إيه اللي يخليني أقدر أروح المحكمة دي من غير ما أستأذن الحكومة؟ (تركز على التوضيح والشرح البسيط)؟
3317	"يعني لما يقولوا محكمة عمل، معناها بتنظر في قضايا إيه بالظبط؟ ولو حصل معايا مشكلة في شغلي واترفدت، أقدر أشتكي هناك على طول ولا لازم واسطة من الحكومة الأول؟ (تستخدم كلمة ""تشتكي"" بدلاً من ""أروح المحكمة"" وتضيف فكرة ""الواسطة"")"
3318	"يعني لما يقولوا محكمة عمل، معناها بتنظر في قضايا إيه بالظبط؟ ولو حصل معايا مشكلة في شغلي واترفدت، أقدر أشتكي هناك على طول ولا مطلوب واسطة من الحكومة الأول؟ (تستخدم كلمة ""تشتكي"" بدلاً من ""أروح المحكمة"" وتضيف فكرة ""الواسطة"")؟"
3319	"طيب، يعني لما يقولوا محكمة عمل، معناها بتنظر في قضايا إيه بالظبط؟ ولو حصل معايا مشكلة في شغلي واترفدت، أقدر أشتكي هناك على طول ولا واجب واسطة من الحكومة الأول؟ (تستخدم كلمة ""تشتكي"" بدلاً من ""أروح المحكمة"" وتضيف فكرة ""الواسطة"")؟"
3320	"بصراحة، يعني لما يقولوا محكمة عمل، معناها بتنظر في قضايا ما هو بالظبط؟ ولو حصل معايا مشكلة في شغلي واترفدت، أقدر أشتكي هناك على طول ولا لازم واسطة من الحكومة الأول؟ (تستخدم كلمة ""تشتكي"" بدلاً من ""أروح المحكمة"" وتضيف فكرة ""الواسطة"")؟"
3321	"لو سمحت، يعني لما يقولوا محكمة عمل، معناها بتنظر في قضايا إيه بالظبط؟ ولو حصل معايا مشكلة في شغلي واترفدت، أقدر أشتكي هناك على طول ولا لازم واسطة من الحكومة الأول؟ (تستخدم كلمة ""تشتكي"" بدلاً من ""أروح المحكمة"" وتضيف فكرة ""الواسطة"")؟"
3322	"ممكن أعرف يعني لما يقولوا محكمة عمل، معناها بتنظر في قضايا ما هو بالظبط؟ ولو حصل معايا مشكلة في شغلي واترفدت، أقدر أشتكي هناك على طول ولا لازم واسطة من الحكومة الأول؟ (تستخدم كلمة ""تشتكي"" بدلاً من ""أروح المحكمة"" وتضيف فكرة ""الواسطة"")؟"
3323	"إيه القضايا اللي ممكن محكمة العمل الجديدة دي تحكم فيها؟ ولو صاحب الشغل مشيني، هل عندي الحق أرفع قضية هناك بشكل مباشر، ولا فيه إجراءات تانية لازم أعملها قبل ما أروح؟ (تستخدم كلمة ""أرفع قضية"" بدلاً من ""أروح المحكمة"" وتضيف فكرة ""إجراءات تانية"")"
3324	"يعني إيه القضايا اللي يجوز محكمة العمل الجديدة دي تحكم فيها؟ ولو صاحب الشغل مشيني، هل عندي الحق أرفع قضية هناك بشكل مباشر، ولا فيه إجراءات تانية مفروض أعملها قبل ما أروح؟ (تستخدم كلمة ""أرفع قضية"" بدلاً من ""أروح المحكمة"" وتضيف فكرة ""إجراءات تانية"")؟"
3325	"طيب، إيه القضايا اللي ممكن محكمة الوظيفة الجديدة دي تحكم فيها؟ ولو صاحب الشغل مشيني، هل عندي الحق أرفع قضية هناك بشكل مباشر، ولا فيه إجراءات تانية لازم أعملها قبل ما أروح؟ (تستخدم كلمة ""أرفع قضية"" بدلاً من ""أروح المحكمة"" وتضيف فكرة ""إجراءات تانية"")؟"
3326	"بصراحة، ما هو القضايا اللي ينفع محكمة العمل الجديدة دي تحكم فيها؟ ولو صاحب الشغل مشيني، هل عندي الحق أرفع قضية هناك بشكل مباشر، ولا فيه إجراءات تانية واجب أعملها قبل ما أروح؟ (تستخدم كلمة ""أرفع قضية"" بدلاً من ""أروح المحكمة"" وتضيف فكرة ""إجراءات تانية"")؟"
3327	"لو سمحت، إيه القضايا اللي يمكن محكمة العمل الجديدة دي تحكم فيها؟ ولو صاحب الشغل مشيني، هل عندي الحق أرفع قضية هناك بشكل مباشر، ولا فيه إجراءات تانية لازم أعملها قبل ما أروح؟ (تستخدم كلمة ""أرفع قضية"" بدلاً من ""أروح المحكمة"" وتضيف فكرة ""إجراءات تانية"")؟"
3328	"ممكن أعرف ما هو القضايا اللي ممكن محكمة العمل الجديدة دي تحكم فيها؟ ولو صاحب العمل مشيني، هل عندي الحق أرفع قضية هناك بشكل مباشر، ولا فيه إجراءات تانية مطلوب أعملها قبل ما أروح؟ (تستخدم كلمة ""أرفع قضية"" بدلاً من ""أروح المحكمة"" وتضيف فكرة ""إجراءات تانية"")؟"
3329	"المحكمة اللي عاملينها مخصوص لقضايا الشغل دي، إيه نوع المشاكل اللي بتتعامل معاها؟ ولو اترفدت من الشغل، ينفع أروح أقدم شكوى هناك على طول، ولا لازم أستنى موافقة من جهة حكومية؟ (تستخدم كلمة ""أقدم شكوى"" بدلاً من ""أروح المحكمة"" وتؤكد على فكرة ""الجهة الحكومية"")"
3330	"يعني المحكمة اللي عاملينها مخصوص لقضايا الشغل دي، إيه نوع المشاكل اللي بتتعامل معاها؟ ولو اترفدت من الشغل، ينفع أروح أقدم شكوى هناك على طول، ولا واجب أستنى موافقة من جهة حكومية؟ (تستخدم كلمة ""أقدم شكوى"" بدلاً من ""أروح المحكمة"" وتؤكد على فكرة ""الجهة الحكومية"")؟"
3331	"طيب، المحكمة اللي عاملينها مخصوص لقضايا العمل دي، ماذا نوع المشاكل اللي بتتعامل معاها؟ ولو اترفدت من الشغل، ينفع أروح أقدم شكوى هناك على طول، ولا مفروض أستنى موافقة من جهة حكومية؟ (تستخدم كلمة ""أقدم شكوى"" بدلاً من ""أروح المحكمة"" وتؤكد على فكرة ""الجهة الحكومية"")؟"
3332	"بصراحة، المحكمة اللي عاملينها مخصوص لقضايا الشغل دي، إيه نوع المشاكل اللي بتتعامل معاها؟ ولو اترفدت من الشغل، ينفع أروح أقدم شكوى هناك على طول، ولا لازم أستنى موافقة من جهة حكومية؟ (تستخدم كلمة ""أقدم شكوى"" بدلاً من ""أروح المحكمة"" وتؤكد على فكرة ""الجهة الحكومية"")؟"
3333	"لو سمحت، المحكمة اللي عاملينها مخصوص لقضايا الشغل دي، ما هو نوع المشاكل اللي بتتعامل معاها؟ ولو اترفدت من الشغل، ينفع أروح أقدم شكوى هناك على طول، ولا واجب أستنى موافقة من جهة حكومية؟ (تستخدم كلمة ""أقدم شكوى"" بدلاً من ""أروح المحكمة"" وتؤكد على فكرة ""الجهة الحكومية"")؟"
3334	"ممكن أعرف المحكمة اللي عاملينها مخصوص لقضايا الشغل دي، إيه نوع المشاكل اللي بتتعامل معاها؟ ولو اترفدت من الشغل، ينفع أروح أقدم شكوى هناك على طول، ولا واجب أستنى موافقة من جهة حكومية؟ (تستخدم كلمة ""أقدم شكوى"" بدلاً من ""أروح المحكمة"" وتؤكد على فكرة ""الجهة الحكومية"")؟"
3335	"بالتفصيل كده، محكمة العمل دي بتفصل في إيه؟ ولو الشركة فصلتني تعسفيًا، إزاي أقدر أوصل لحقي عن طريق المحكمة دي من غير ما أدخل الحكومة في الموضوع؟ (تستخدم كلمة ""تفصل في إيه"" بدلاً من ""بتختص بإيه"" وتضيف كلمة ""تعسفيًا"" لوصف الفصل)"
3336	"يعني بالتفصيل كده، محكمة العمل دي بتفصل في إيه؟ ولو الشركة فصلتني تعسفيًا، إزاي أقدر أوصل لحقي عن طريق المحكمة دي من غير ما أدخل الحكومة في الموضوع؟ (تستخدم كلمة ""تفصل في إيه"" بدلاً من ""بتختص بإيه"" وتضيف كلمة ""تعسفيًا"" لوصف الفصل)؟"
3337	"طيب، بالتفصيل كده، محكمة الشغل دي بتفصل في أي؟ ولو الشركة فصلتني تعسفيًا، إزاي أقدر أوصل لحقي عن طريق المحكمة دي من غير ما أدخل الحكومة في الموضوع؟ (تستخدم كلمة ""تفصل في إيه"" بدلاً من ""بتختص بإيه"" وتضيف كلمة ""تعسفيًا"" لوصف الفصل)؟"
3338	"بصراحة، بالتفصيل كده، محكمة العمل دي بتفصل في ماذا؟ ولو الشركة فصلتني تعسفيًا، إزاي أقدر أوصل لحقي عن طريق المحكمة دي من غير ما أدخل الحكومة في الموضوع؟ (تستخدم كلمة ""تفصل في إيه"" بدلاً من ""بتختص بإيه"" وتضيف كلمة ""تعسفيًا"" لوصف الفصل)؟"
3339	"لو سمحت، بالتفصيل كده، محكمة العمل دي بتفصل في ما هو؟ ولو الشركة فصلتني تعسفيًا، إزاي أقدر أوصل لحقي عن طريق المحكمة دي من غير ما أدخل الحكومة في الموضوع؟ (تستخدم كلمة ""تفصل في إيه"" بدلاً من ""بتختص بإيه"" وتضيف كلمة ""تعسفيًا"" لوصف الفصل)؟"
3340	"ممكن أعرف بالتفصيل كده، محكمة العمل دي بتفصل في إيه؟ ولو الشركة فصلتني تعسفيًا، إزاي أقدر أوصل لحقي عن طريق المحكمة دي من غير ما أدخل الحكومة في الموضوع؟ (تستخدم كلمة ""تفصل في إيه"" بدلاً من ""بتختص بإيه"" وتضيف كلمة ""تعسفيًا"" لوصف الفصل)؟"
3341	الست الحامل ساعات عملها اليومية بتقل ابتداءً من أي شهر في الحمل؟
3342	يعني الست الحامل وقت عملها اليومية بتقل ابتداءً من أي شهر في الحمل؟
3343	طيب، الست الحامل وقت عملها اليومية بتقل ابتداءً من أي شهر في الحمل؟
3344	بصراحة، الست الحامل وقت عملها اليومية بتقل ابتداءً من أي شهر في الحمل؟
3345	لو سمحت، الست الحامل ساعات عملها اليومية بتقل ابتداءً من أي شهر في الحمل؟
3346	ممكن أعرف الست الحامل ساعات عملها اليومية بتقل ابتداءً من أي شهر في الحمل؟
3347	الحامل تبدأ تخفف شغلها اليومي من أول شهر كام في الحمل؟
3348	يعني الحامل تبدأ تخفف شغلها اليومي من أول شهر أد إيه في الحمل؟
3349	طيب، الحامل تبدأ تخفف شغلها اليومي من أول شهر كام في الحمل؟
3350	بصراحة، الحامل تبدأ تخفف شغلها اليومي من أول شهر كام في الحمل؟
3351	لو سمحت، الحامل تبدأ تخفف شغلها اليومي من أول شهر أد ماذا في الحمل؟
3352	ممكن أعرف الحامل تبدأ تخفف شغلها اليومي من أول شهر كام في الحمل؟
3353	من أنهي شهر في الحمل المفروض الست تبدأ تقلل عدد ساعات شغلها في اليوم؟
3354	يعني من أنهي شهر في الحمل المفروض الست تبدأ تقلل كم وقت شغلها كل يوم؟
3355	طيب، من أنهي شهر في الحمل المفروض الست تبدأ تقلل عدد ساعات شغلها في اليوم؟
3356	بصراحة، من أنهي شهر في الحمل المفروض الست تبدأ تقلل عدد ساعات شغلها في اليوم؟
3357	لو سمحت، من أنهي شهر في الحمل المفروض الست تبدأ تقلل عدد ساعات شغلها في اليوم؟
3358	ممكن أعرف من أنهي شهر في الحمل المفروض الست تبدأ تقلل كم ساعات شغلها كل يوم؟
3359	ابتداءً من شهر كام، الشغل اليومي بتاع الحامل المفروض يقل؟
3360	يعني ابتداءً من شهر كام، الشركة اليومي بتاع الحامل المفروض يقل؟
3361	طيب، ابتداءً من شهر كم، الشغل اليومي بتاع الحامل المفروض يقل؟
3362	بصراحة، ابتداءً من شهر قد إيه، الشغل اليومي بتاع الحامل المفروض يقل؟
3363	لو سمحت، ابتداءً من شهر كام، الشغل اليومي بتاع الحامل المفروض يقل؟
3364	ممكن أعرف ابتداءً من شهر كام، الشغل اليومي بتاع الحامل المفروض يقل؟
3365	في شهور الحمل، من أول شهر كام المفروض الست الحامل متشتغلش نفس عدد الساعات اللي كانت بتشتغلها قبل الحمل؟
3366	يعني في شهور الحمل، من أول شهر كم المفروض الست الحامل متشتغلش نفس كمية الساعات اللي كانت بتشتغلها قبل الحمل؟
3367	طيب، في شهور الحمل، من أول شهر كام المفروض الست الحامل متشتغلش نفس كم الوقت اللي كانت بتشتغلها قبل الحمل؟
3368	بصراحة، في شهور الحمل، من أول شهر كام المفروض الست الحامل متشتغلش نفس كمية الوقت اللي كانت بتشتغلها قبل الحمل؟
3369	لو سمحت، في شهور الحمل، من أول شهر أد إيه المفروض الست الحامل متشتغلش نفس كم الساعات اللي كانت بتشتغلها قبل الحمل؟
3370	ممكن أعرف في شهور الحمل، من أول شهر كام المفروض الست الحامل متشتغلش نفس كمية الساعات اللي كانت بتشتغلها قبل الحمل؟
3371	الحامل المفروض تبدأ تاخد بالها وتقلل مجهودها اليومي، وتقليل عدد ساعات الشغل ده بيبدأ من أول شهر كام في الحمل؟
3372	يعني الحامل المفروض تبدأ تاخد بالها وتقلل مجهودها اليومي، وتقليل عدد ساعة الشغل ده بيبدأ من أول شهر كام في الحمل؟
3373	طيب، الحامل المفروض تبدأ تاخد بالها وتقلل مجهودها اليومي، وتقليل كم ساعات العمل ده بيبدأ من أول شهر كام في الحمل؟
3374	بصراحة، الحامل المفروض تبدأ تاخد بالها وتقلل مجهودها اليومي، وتقليل كمية ساعات الوظيفة ده بيبدأ من أول شهر كام في الحمل؟
3375	لو سمحت، الحامل المفروض تبدأ تاخد بالها وتقلل مجهودها اليومي، وتقليل كم ساعات الشركة ده بيبدأ من أول شهر قد ماذا في الحمل؟
3376	ممكن أعرف الحامل المفروض تبدأ تاخد بالها وتقلل مجهودها اليومي، وتقليل عدد ساعة العمل ده بيبدأ من أول شهر ماذا عدد في الحمل؟
3377	الست الحامل ممنوع تشتغل فوق الساعات العادية أو إضافي أثناء الحمل؟ القانون قال إيه؟
3378	يعني الست الحامل ممنوع تشتغل فوق الوقت العادية أو إضافي أثناء الحمل؟ التشريع قال ماذا؟
3379	طيب، الست الحامل ممنوع تشتغل فوق الوقت العادية أو إضافي أثناء الحمل؟ القانون ذكر إيه؟
3380	بصراحة، الست الحامل ممنوع تشتغل فوق الساعات العادية أو إضافي أثناء الحمل؟ القانون قال إيه؟
3381	لو سمحت، الست الحامل ممنوع تشتغل علاوة على الساعة العادية أو إضافي أثناء الحمل؟ القانون ذكر إيه؟
3382	ممكن أعرف الست الحامل ممنوع تشتغل إضافة إلى الساعات العادية أو إضافي أثناء الحمل؟ القانون قال ما هو؟
3383	الواحدة اللي حامل ينفع تشتغل ساعات زيادة أو تعمل شغل إضافي وهي حامل ولا القانون مانعها؟ (تغيير في الأسلوب والكلمات المستخدمة)
3384	يعني الواحدة اللي حامل ينفع تشتغل ساعات زيادة أو تعمل شغل إضافي وهي حامل ولا الشرع مانعها؟ (تغيير في الأسلوب والكلمات المستخدمة)؟
3385	طيب، الواحدة اللي حامل ينفع تشتغل ساعات زيادة أو تعمل شغل إضافي وهي حامل ولا القانون مانعها؟ (تغيير في الأسلوب والكلمات المستخدمة)؟
3386	بصراحة، الواحدة اللي حامل ينفع تشتغل ساعة زيادة أو تعمل شغل إضافي وهي حامل ولا القانون مانعها؟ (تغيير في الأسلوب والكلمات المستخدمة)؟
3387	لو سمحت، الواحدة اللي حامل ينفع تشتغل ساعات زيادة أو تعمل شغل إضافي وهي حامل ولا النظام مانعها؟ (تغيير في الأسلوب والكلمات المستخدمة)؟
3388	ممكن أعرف الواحدة اللي حامل ينفع تشتغل ساعات زيادة أو تعمل شغل إضافي وهي حامل ولا القانون مانعها؟ (تغيير في الأسلوب والكلمات المستخدمة)؟
3389	شغل الست الحامل بعد مواعيد العمل الرسمية أو بأجر إضافي، مسموح بيه ولا مخالف للقانون؟ (تغيير في التركيز على نوع العمل)
3390	يعني شغل الست الحامل عقب مواعيد العمل الرسمية أو بأجر إضافي، جائز بيه ولا مخالف للقانون؟ (تغيير في التركيز على نوع العمل)؟
3391	طيب، شغل الست الحامل بعد مواعيد الوظيفة الرسمية أو بأجر إضافي، مسموح بيه ولا مخالف للقانون؟ (تغيير في التركيز على نوع العمل)؟
3392	بصراحة، شغل الست الحامل بعد مواعيد الوظيفة الرسمية أو بأجر إضافي، مسموح بيه ولا مخالف للقانون؟ (تغيير في التركيز على نوع العمل)؟
3393	لو سمحت، شغل الست الحامل بعد مواعيد العمل الرسمية أو بأجر إضافي، مسموح بيه ولا مخالف للقانون؟ (تغيير في التركيز على نوع العمل)؟
3394	ممكن أعرف شغل الست الحامل بعد مواعيد الوظيفة الرسمية أو بأجر إضافي، مسموح بيه ولا مخالف للقانون؟ (تغيير في التركيز على نوع العمل)؟
3395	إيه وضع الحوامل بالنسبة للشغل الإضافي أو الساعات اللي فوق المعدل الطبيعي؟ القانون المصري بيسمح بكده ولا لأ؟ (تغيير في صياغة السؤال بشكل أكثر رسمية)
3396	يعني إيه وضع الحوامل بالنسبة للشغل الإضافي أو الساعات اللي إضافة إلى المعدل الطبيعي؟ القانون المصري بيسمح بكده ولا لأ؟ (تغيير في صياغة السؤال بشكل أكثر رسمية)؟
3397	طيب، إيه وضع الحوامل بالنسبة للشغل الإضافي أو الساعة اللي فوق المعدل الطبيعي؟ القانون المصري بيسمح بكده ولا لأ؟ (تغيير في صياغة السؤال بشكل أكثر رسمية)؟
3398	بصراحة، إيه وضع الحوامل بالنسبة للشغل الإضافي أو الساعات اللي علاوة على المعدل الطبيعي؟ القانون المصري بيسمح بكده ولا لأ؟ (تغيير في صياغة السؤال بشكل أكثر رسمية)؟
3399	لو سمحت، إيه وضع الحوامل بالنسبة للشغل الإضافي أو الساعات اللي فوق المعدل الطبيعي؟ النظام المصري بيسمح بكده ولا لأ؟ (تغيير في صياغة السؤال بشكل أكثر رسمية)؟
3400	ممكن أعرف إيه وضع الحوامل بالنسبة للشغل الإضافي أو الساعات اللي علاوة على المعدل الطبيعي؟ التشريع المصري بيسمح بكده ولا لأ؟ (تغيير في صياغة السؤال بشكل أكثر رسمية)؟
3401	لو واحدة حامل شغالة، هل ينفع صاحب الشغل يشغلها وقت زيادة أو إضافي ولا ده ممنوع بالقانون؟ (تغيير في التركيز على مسؤولية صاحب العمل)
3402	يعني لو واحدة حامل شغالة، هل ينفع صاحب الشغل يشغلها وقت زيادة أو إضافي ولا ده ممنوع بالقانون؟ (تغيير في التركيز على مسؤولية صاحب العمل)؟
3403	طيب، لو واحدة حامل شغالة، هل ينفع صاحب الشغل يشغلها وقت زيادة أو إضافي ولا ده ممنوع بالتشريع؟ (تغيير في التركيز على مسؤولية صاحب الوظيفة)؟
3404	بصراحة، لو واحدة حامل شغالة، هل ينفع صاحب الشغل يشغلها وقت زيادة أو إضافي ولا ده ممنوع بالتشريع؟ (تغيير في التركيز على مسؤولية صاحب العمل)؟
3405	لو سمحت، لو واحدة حامل شغالة، هل ينفع صاحب المؤسسة يشغلها وقت زيادة أو إضافي ولا ده ممنوع بالنظام؟ (تغيير في التركيز على مسؤولية صاحب الشغل)؟
3406	ممكن أعرف لو واحدة حامل شغالة، هل ينفع صاحب الشغل يشغلها وقت زيادة أو إضافي ولا ده ممنوع بالقانون؟ (تغيير في التركيز على مسؤولية صاحب الوظيفة)؟
3407	القانون المصري بيقول إيه بخصوص شغل الحوامل ساعات طويلة أو إضافية؟ هل ده من حقهم ولا ممنوع منعًا باتًا؟ (تغيير في الصياغة لتأكيد الحظر المحتمل)
3408	يعني النظام المصري بيقول إيه بخصوص شغل الحوامل ساعات طويلة أو إضافية؟ هل ده من حقهم ولا ممنوع منعًا باتًا؟ (تغيير في الصياغة لتأكيد الحظر المحتمل)؟
3409	طيب، القانون المصري بيقول ما هو بخصوص شغل الحوامل ساعات طويلة أو إضافية؟ هل ده من حقهم ولا ممنوع منعًا باتًا؟ (تغيير في الصياغة لتأكيد الحظر المحتمل)؟
3410	بصراحة، الشرع المصري بيقول إيه بخصوص شغل الحوامل ساعات طويلة أو إضافية؟ هل ده من حقهم ولا ممنوع منعًا باتًا؟ (تغيير في الصياغة لتأكيد الحظر المحتمل)؟
3411	لو سمحت، القانون المصري بيقول إيه بخصوص شغل الحوامل ساعات طويلة أو إضافية؟ هل ده من حقهم ولا ممنوع منعًا باتًا؟ (تغيير في الصياغة لتأكيد الحظر المحتمل)؟
3412	ممكن أعرف القانون المصري بيقول إيه بخصوص شغل الحوامل ساعات طويلة أو إضافية؟ هل ده من حقهم ولا ممنوع منعًا باتًا؟ (تغيير في الصياغة لتأكيد الحظر المحتمل)؟
3413	الست المرضعة يحق لها قانونًا العمل نص يوم كام قرارات رضاعة في اليوم؟
3414	يعني الست المرضعة يحق لها قانونًا العمل نص يوم أد ماذا قرارات رضاعة في اليوم؟
3415	طيب، الست المرضعة يحق لها قانونًا الشغل نص يوم قد إيه قرارات رضاعة كل يوم؟
3416	بصراحة، الست المرضعة يحق لها قانونًا الوظيفة نص يوم إيه عدد قرارات رضاعة يومياً؟
3417	لو سمحت، الست المرضعة يحق لها قانونًا العمل نص يوم كام قرارات رضاعة في اليوم؟
3418	ممكن أعرف الست المرضعة يحق لها قانونًا الشغل نص يوم أد إيه قرارات رضاعة في اليوم؟
3419	إيه حقوق الأم العاملة اللي بترضع طفلها في قانون العمل من ناحية عدد ساعات الشغل أو وقت الرضاعة المخصص ليها في اليوم؟
3420	يعني إيه حقوق الأم العاملة اللي بترضع طفلها في قانون الوظيفة من ناحية عدد ساعات الشغل أو وقت الرضاعة المخصص ليها في اليوم؟
3421	طيب، إيه حقوق الأم العاملة اللي بترضع طفلها في قانون العمل من ناحية عدد ساعة المؤسسة أو وقت الرضاعة المخصص ليها يومياً؟
3422	بصراحة، إيه حقوق الأم العاملة اللي بترضع طفلها في قانون الوظيفة من ناحية كم وقت الشغل أو وقت الرضاعة المخصص ليها في اليوم؟
3423	لو سمحت، إيه حقوق الأم العاملة اللي بترضع طفلها في قانون العمل من ناحية عدد ساعات الوظيفة أو وقت الرضاعة المخصص ليها في اليوم؟
3424	ممكن أعرف إيه حقوق الأم العاملة اللي بترضع طفلها في قانون الوظيفة من ناحية كمية ساعات الوظيفة أو وقت الرضاعة المخصص ليها يومياً؟
3425	بالقانون، الأم اللي بتشتغل وبترضع بيبي، المفروض تشتغل كام ساعة في اليوم، وإيه عدد مرات الرضاعة اللي من حقها تاخدها خلال الشغل؟
3426	يعني بالتشريع، الأم اللي بتشتغل وبترضع بيبي، المفروض تشتغل كام ساعة في اليوم، وما هو عدد مرات الرضاعة اللي من حقها تاخدها خلال الشركة؟
3427	طيب، بالشرع، الأم اللي بتشتغل وبترضع بيبي، المفروض تشتغل كام ساعة في اليوم، وماذا عدد مرات الرضاعة اللي من حقها تاخدها خلال الوظيفة؟
3428	بصراحة، بالتشريع، الأم اللي بتشتغل وبترضع بيبي، المفروض تشتغل قد ماذا ساعة في اليوم، وإيه عدد مرات الرضاعة اللي من حقها تاخدها خلال الشغل؟
3429	لو سمحت، بالنظام، الأم اللي بتشتغل وبترضع بيبي، المفروض تشتغل كام ساعة يومياً، وإيه كم مرات الرضاعة اللي من حقها تاخدها خلال الوظيفة؟
3430	ممكن أعرف بالشرع، الأم اللي بتشتغل وبترضع بيبي، المفروض تشتغل كام ساعة يومياً، وإيه كم مرات الرضاعة اللي من حقها تاخدها خلال الشغل؟
3431	في قانون الشغل المصري، إيه هي المدة الزمنية اللي المفروض تشتغلها الست اللي بترضع، و كام مرة تقدر تاخد بريك للرضاعة في اليوم؟
3432	يعني في قانون الوظيفة المصري، ماذا هي المدة الزمنية اللي المفروض تشتغلها الست اللي بترضع، و كام مرة تقدر تاخد بريك للرضاعة في اليوم؟
3433	طيب، في قانون الوظيفة المصري، إيه هي المدة الزمنية اللي المفروض تشتغلها الست اللي بترضع، و كام مرة تقدر تاخد بريك للرضاعة في اليوم؟
3434	بصراحة، في قانون الشغل المصري، إيه هي المدة الزمنية اللي المفروض تشتغلها الست اللي بترضع، و كام مرة تقدر تاخد بريك للرضاعة في اليوم؟
3435	لو سمحت، في قانون المؤسسة المصري، ماذا هي المدة الزمنية اللي المفروض تشتغلها الست اللي بترضع، و كام مرة تقدر تاخد بريك للرضاعة في اليوم؟
3436	ممكن أعرف في قانون العمل المصري، أي هي المدة الزمنية اللي المفروض تشتغلها الست اللي بترضع، و إيه كم مرة تقدر تاخد بريك للرضاعة في اليوم؟
3437	الست اللي بتشتغل وبترضع طفلها، القانون بيقول إيه عن عدد ساعات شغلها اليومية وحقوقها في أوقات مخصصة للرضاعة؟
3438	يعني الست اللي بتشتغل وبترضع طفلها، القانون بيقول إيه عن عدد وقت شغلها اليومية وحقوقها في أوقات مخصصة للرضاعة؟
3439	طيب، الست اللي بتشتغل وبترضع طفلها، القانون بيقول ما هو عن مقدار ساعات شغلها اليومية وحقوقها في أوقات مخصصة للرضاعة؟
3440	بصراحة، الست اللي بتشتغل وبترضع طفلها، القانون بيقول إيه عن عدد ساعات شغلها اليومية وحقوقها في أوقات مخصصة للرضاعة؟
3441	لو سمحت، الست اللي بتشتغل وبترضع طفلها، النظام بيقول إيه عن عدد ساعات شغلها اليومية وحقوقها في أوقات مخصصة للرضاعة؟
3442	ممكن أعرف الست اللي بتشتغل وبترضع طفلها، النظام بيقول ماذا عن مقدار ساعات شغلها اليومية وحقوقها في أوقات مخصصة للرضاعة؟
3443	إيه اللي بينص عليه قانون العمل بخصوص عدد ساعات عمل الأم المرضعة في اليوم، وعدد مرات الرضاعة المسموح بيها خلال الدوام؟
3444	يعني إيه اللي بينص عليه قانون الوظيفة بخصوص عدد ساعات عمل الأم المرضعة كل يوم، وعدد مرات الرضاعة المسموح بيها خلال الدوام؟
3445	طيب، إيه اللي بينص عليه قانون الوظيفة بخصوص عدد ساعات عمل الأم المرضعة في اليوم، وعدد مرات الرضاعة الجائز بيها خلال الدوام؟
3446	بصراحة، إيه اللي بينص عليه قانون العمل بخصوص كم ساعات عمل الأم المرضعة في اليوم الواحد، وعدد مرات الرضاعة المسموح بيها خلال الدوام؟
3447	لو سمحت، إيه اللي بينص عليه قانون الشغل بخصوص عدد ساعات عمل الأم المرضعة باليوم، وعدد مرات الرضاعة المسموح بيها خلال الدوام؟
3448	ممكن أعرف إيه اللي بينص عليه قانون العمل بخصوص كمية وقت عمل الأم المرضعة في اليوم، وعدد مرات الرضاعة المسموح بيها خلال الدوام؟
3449	فترات الرضاعة ضمن محسوبة ضمن ساعات العمل ولا مش محسوبين؟
3450	يعني فترات الرضاعة ضمن محسوبة ضمن ساعات العمل ولا مش محسوبين؟
3451	طيب، فترات الرضاعة ضمن محسوبة ضمن ساعة العمل ولا مش محسوبين؟
3452	بصراحة، فترات الرضاعة من ضمن محسوبة ضمن ساعات العمل ولا مش محسوبين؟
3453	لو سمحت، فترات الرضاعة ضمن محسوبة ضمن ساعات العمل ولا مش محسوبين؟
3454	ممكن أعرف فترات الرضاعة ضمن محسوبة ضمن ساعات الشغل ولا مش محسوبين؟
3455	وقت الرضاعة الطبيعية للأم العاملة بيتخصم من وقت الشغل ولا يعتبر جزء من الدوام؟
3456	يعني وقت الرضاعة الطبيعية للأم العاملة بيتخصم من وقت الشغل ولا يعتبر جزء من الدوام؟
3457	طيب، وقت الرضاعة الطبيعية للأم العاملة بيتخصم من وقت الوظيفة ولا يعتبر جزء من الدوام؟
3458	بصراحة، وقت الرضاعة الطبيعية للأم العاملة بيتخصم من وقت الشغل ولا يعتبر جزء من الدوام؟
3459	لو سمحت، وقت الرضاعة الطبيعية للأم العاملة بيتخصم من وقت الشغل ولا يعتبر جزء من الدوام؟
3460	ممكن أعرف وقت الرضاعة الطبيعية للأم العاملة بيتخصم من وقت الشغل ولا يعتبر جزء من الدوام؟
3461	الأم اللي بترضع في الشغل، ساعات الرضاعة دي بتتحسب لها شغل ولا بتضيع عليها؟
3462	يعني الأم اللي بترضع في الشغل، ساعات الرضاعة دي تعتبر لها شغل ولا بتضيع عليها؟
3463	طيب، الأم اللي بترضع في الشغل، ساعة الرضاعة دي بتتُعد لها شغل ولا بتضيع عليها؟
3464	بصراحة، الأم اللي بترضع في الشغل، وقت الرضاعة دي بتتُعتبر لها شغل ولا بتضيع عليها؟
3465	لو سمحت، الأم اللي بترضع في الشغل، وقت الرضاعة دي بتتحسب لها شغل ولا بتضيع عليها؟
3466	ممكن أعرف الأم اللي بترضع في الشغل، وقت الرضاعة دي بتتحسب لها شغل ولا بتضيع عليها؟
3467	بالنسبة للموظفة اللي بترضع، ساعات الرضاعة دي من ضمن ساعات عملها الأساسية ولا لأ؟
3468	يعني بالنسبة للموظفة اللي بترضع، ساعات الرضاعة دي من ضمن ساعات عملها الأساسية ولا لأ؟
3469	طيب، بالنسبة للموظفة اللي بترضع، ساعات الرضاعة دي من ضمن ساعات عملها الأساسية ولا لأ؟
3470	بصراحة، بالنسبة للموظفة اللي بترضع، ساعة الرضاعة دي من ضمن ساعات عملها الأساسية ولا لأ؟
3471	لو سمحت، بالنسبة للموظفة اللي بترضع، وقت الرضاعة دي من من ضمن ساعات عملها الأساسية ولا لأ؟
3472	ممكن أعرف بالنسبة للموظفة اللي بترضع، ساعات الرضاعة دي من ضمن ساعات عملها الأساسية ولا لأ؟
3473	هل وقت الرضاعة للموظفات المرضعات بيعتبروه شغل رسمي وبيقبضوا عليه، ولا بيعتبروه حاجة زيادة مش بيتحاسبوا عليها؟
3474	يعني هل وقت الرضاعة للموظفات المرضعات بيعتبروه شغل رسمي وبيقبضوا عليه، ولا بيعتبروه حاجة زيادة مش بيتحاسبوا عليها؟
3475	طيب، هل وقت الرضاعة للموظفات المرضعات بيعتبروه شغل رسمي وبيقبضوا عليه، ولا بيعتبروه حاجة زيادة مش بيتحاسبوا عليها؟
3476	بصراحة، هل وقت الرضاعة للموظفات المرضعات بيعتبروه شغل رسمي وبيقبضوا عليه، ولا بيعتبروه حاجة زيادة مش بيتحاسبوا عليها؟
3477	لو سمحت، هل وقت الرضاعة للموظفات المرضعات بيعتبروه شغل رسمي وبيقبضوا عليه، ولا بيعتبروه حاجة زيادة مش بيتحاسبوا عليها؟
3478	ممكن أعرف هل وقت الرضاعة للموظفات المرضعات بيعتبروه شغل رسمي وبيقبضوا عليه، ولا بيعتبروه حاجة زيادة مش بيتحاسبوا عليها؟
3479	لو أم بترضع طفلها في الشغل، وقت الرضاعة ده بيعتبر جزء من الدوام الرسمي بتاعها ولا لازم تعوضه بعدين؟
3480	يعني لو أم بترضع طفلها في الشغل، وقت الرضاعة ده بيعتبر جزء من الدوام الرسمي بتاعها ولا مطلوب تعوضه بعدين؟
3481	طيب، لو أم بترضع طفلها في الشغل، وقت الرضاعة ده بيعتبر جزء من الدوام الرسمي بتاعها ولا لازم تعوضه عقبين؟
3482	بصراحة، لو أم بترضع طفلها في الشغل، وقت الرضاعة ده بيعتبر جزء من الدوام الرسمي بتاعها ولا لازم تعوضه عقبين؟
3483	لو سمحت، لو أم بترضع طفلها في الشغل، وقت الرضاعة ده بيعتبر جزء من الدوام الرسمي بتاعها ولا ضروري تعوضه بعدين؟
3484	ممكن أعرف لو أم بترضع طفلها في الشغل، وقت الرضاعة ده بيعتبر جزء من الدوام الرسمي بتاعها ولا لازم تعوضه عقبين؟
3485	بعد الولادة لو رجعت شغلها بسرعة القانون بيدّي الحق الواقع الوظيفي يضمن كده؟
3486	يعني بعد مرور الولادة لو رجعت شغلها بسرعة القانون بيدّي الحق الواقع الوظيفي يضمن كده؟
3487	طيب، بعد الولادة لو رجعت شغلها بسرعة الشرع بيدّي الحق الواقع الوظيفي يضمن كده؟
3488	بصراحة، عقب الولادة لو رجعت شغلها بسرعة التشريع بيدّي الحق الواقع الوظيفي يضمن كده؟
3489	لو سمحت، بعد مرور الولادة لو رجعت شغلها بسرعة القانون بيدّي الحق الواقع الوظيفي يضمن كده؟
3490	ممكن أعرف بعد الولادة لو رجعت شغلها بسرعة القانون بيدّي الحق الواقع الوظيفي يفي كده؟
3491	لو الست نزلت الشغل على طول بعد ما خلفت، هل القانون والواقع العملي بيحموا حقها الوظيفي؟
3492	يعني لو الست نزلت الشغل على طول بعد ما خلفت، هل القانون والواقع الدوامي بيحموا حقها الوظيفي؟
3493	طيب، لو الست نزلت الشغل على طول بعد مرور ما خلفت، هل القانون والواقع العملي بيحموا حقها الوظيفي؟
3494	بصراحة، لو الست نزلت الشغل على طول بعد ما خلفت، هل القانون والواقع العملي بيحموا حقها الوظيفي؟
3495	لو سمحت، لو الست نزلت الشغل على طول بعد مرور ما خلفت، هل الشرع والواقع الوظيفةي بيحموا حقها الوظيفي؟
3496	ممكن أعرف لو الست نزلت الوظيفة على طول عقب ما خلفت، هل النظام والواقع الشغلي بيحموا حقها الوظيفي؟
3497	واحدة ولدت ورجعت شغلها في فترة قصيرة، هل ده حقها قانونًا، وهل نظام الشغل بيسمح بكده فعلاً؟
3498	يعني واحدة ولدت ورجعت شغلها في فترة قصيرة، هل ده حقها قانونًا، وهل نظام الشغل بيسمح بكده فعلاً؟
3499	طيب، واحدة ولدت ورجعت شغلها في فترة قصيرة، هل ده حقها قانونًا، وهل نظام الشغل بيسمح بكده فعلاً؟
3500	بصراحة، واحدة ولدت ورجعت شغلها في فترة قصيرة، هل ده حقها قانونًا، وهل نظام الشغل بيسمح بكده فعلاً؟
3501	لو سمحت، واحدة ولدت ورجعت شغلها في فترة قصيرة، هل ده حقها قانونًا، وهل نظام الوظيفة بيسمح بكده فعلاً؟
3502	ممكن أعرف واحدة ولدت ورجعت شغلها في فترة قصيرة، هل ده حقها قانونًا، وهل نظام المؤسسة بيسمح بكده فعلاً؟
3503	بعد الولادة مباشرةً، لو الموظفة رجعت لشغلها بسرعة، هل القانون بيضمن لها وظيفتها، وهل ده بيحصل في الشركات فعلًا؟
3504	يعني بعد الولادة مباشرةً، لو الموظفة رجعت لشغلها بسرعة، هل القانون بيضمن لها وظيفتها، وهل ده بيحصل في الشركات فعلًا؟
3505	طيب، بعد الولادة مباشرةً، لو الموظفة رجعت لشغلها بسرعة، هل القانون بيضمن لها وظيفتها، وهل ده بيحصل في الشركات فعلًا؟
3506	بصراحة، بعد الولادة مباشرةً، لو الموظفة رجعت لشغلها بسرعة، هل القانون بيضمن لها وظيفتها، وهل ده بيحصل في الشركات فعلًا؟
3507	لو سمحت، بعد الولادة مباشرةً، لو الموظفة رجعت لشغلها بسرعة، هل القانون بيضمن لها وظيفتها، وهل ده بيحصل في الشركات فعلًا؟
3508	ممكن أعرف عقب الولادة مباشرةً، لو الموظفة رجعت لشغلها بسرعة، هل الشرع بيضمن لها وظيفتها، وهل ده بيحصل في الشركات فعلًا؟
3509	لو ست اشتغلت بعد الولادة على طول، يا ترى القانون بيحمي حقوقها في الشغل، ولا الواقع حاجة تانية؟
3510	يعني لو ست اشتغلت بعد الولادة على طول، يا ترى القانون بيحمي حقوقها في الشغل، ولا الواقع حاجة تانية؟
3511	طيب، لو ست اشتغلت بعد الولادة على طول، يا ترى النظام بيحمي حقوقها في الشركة، ولا الواقع حاجة تانية؟
3512	بصراحة، لو ست اشتغلت بعد مرور الولادة على طول، يا ترى القانون بيحمي حقوقها في المؤسسة، ولا الواقع حاجة تانية؟
3513	لو سمحت، لو ست اشتغلت عقب الولادة على طول، يا ترى النظام بيحمي حقوقها في الشغل، ولا الواقع حاجة تانية؟
3514	ممكن أعرف لو ست اشتغلت بعد مرور الولادة على طول، يا ترى التشريع بيحمي حقوقها في الشغل، ولا الواقع حاجة تانية؟
3515	بعد ما الست بتولد، لو رجعت الشغل بدري، إيه حقوقها القانونية في شغلها، وهل ده مضمون في الواقع العملي؟
3516	يعني بعد ما الست بتولد، لو رجعت الشغل بدري، إيه حقوقها المعتمدة في شغلها، وهل ده مضمون في الواقع الشغلي؟
3517	طيب، بعد مرور ما الست بتولد، لو رجعت العمل بدري، إيه حقوقها المشروعة في شغلها، وهل ده مضمون في الواقع العملي؟
3518	بصراحة، عقب ما الست بتولد، لو رجعت الشغل بدري، إيه حقوقها المشروعة في شغلها، وهل ده مضمون في الواقع العملي؟
3519	لو سمحت، بعد ما الست بتولد، لو رجعت الشغل بدري، ما هو حقوقها المشروعة في شغلها، وهل ده مضمون في الواقع العملي؟
3520	ممكن أعرف بعد ما الست بتولد، لو رجعت الشغل بدري، إيه حقوقها النظامية في شغلها، وهل ده مضمون في الواقع العملي؟
3521	هل ينفع الشركة تفضل الحامل وهي في إجازة الوضع أو بعدها مباشرة؟
3522	يعني هل ينفع الشركة تفضل الحامل وهي في إجازة الوضع أو بعدها مباشرة؟
3523	طيب، هل ينفع الشركة تفضل الحامل وهي في إجازة الوضع أو بعدها مباشرة؟
3524	بصراحة، هل ينفع الشركة تفضل الحامل وهي في إجازة الوضع أو بعدها مباشرة؟
3525	لو سمحت، هل ينفع الشركة تفضل الحامل وهي في إجازة الوضع أو بعدها مباشرة؟
3526	ممكن أعرف هل ينفع الشركة تفضل الحامل وهي في إجازة الوضع أو بعد مرورها مباشرة؟
3527	ينفع قانونًا الشركة تميّز الحامل بالإيجاب وهي في إجازة ولادة أو بعد ما تخلص إجازتها علطول؟ (هذه الصيغة تركز على الجانب القانوني)
3528	يعني ينفع قانونًا الشركة تميّز الحامل بالإيجاب وهي في إجازة ولادة أو بعد ما تخلص إجازتها علطول؟ (هذه الصيغة تركز على الجانب النظامي)؟
3529	طيب، ينفع قانونًا الشركة تميّز الحامل بالإيجاب وهي في إجازة ولادة أو بعد ما تخلص إجازتها علطول؟ (هذه الصيغة تركز على الجانب القانوني)؟
3530	بصراحة، ينفع قانونًا الشركة تميّز الحامل بالإيجاب وهي في إجازة ولادة أو عقب ما تخلص إجازتها علطول؟ (هذه الصيغة تركز على الجانب النظامي)؟
3531	لو سمحت، ينفع قانونًا الشركة تميّز الحامل بالإيجاب وهي في إجازة ولادة أو عقب ما تخلص إجازتها علطول؟ (هذه الصيغة تركز على الجانب التشريعي)؟
3532	ممكن أعرف ينفع قانونًا الشركة تميّز الحامل بالإيجاب وهي في إجازة ولادة أو عقب ما تخلص إجازتها علطول؟ (هذه الصيغة تركز على الجانب القانوني)؟
3533	"مسموح للشركة تدي ميزات أو معاملة خاصة للموظفة الحامل سواء في فترة إجازة الوضع أو أول ما ترجع شغل؟ (هذه الصيغة تستخدم كلمة ""مسموح"" وتوضح المقصود بـ""تفضل"" باستخدام ""ميزات أو معاملة خاصة"")"
3534	"يعني مسموح للشركة تدي ميزات أو معاملة خاصة للموظفة الحامل سواء في فترة إجازة الوضع أو أول ما ترجع شغل؟ (هذه الصيغة تستخدم كلمة ""مسموح"" وتوضح المقصود بـ""تفضل"" باستخدام ""ميزات أو معاملة خاصة"")؟"
3535	"طيب، مسموح للشركة تدي ميزات أو معاملة خاصة للموظفة الحامل سواء في فترة إجازة الوضع أو أول ما ترجع شغل؟ (هذه الصيغة تستخدم كلمة ""مسموح"" وتوضح المقصود بـ""تفضل"" باستخدام ""ميزات أو معاملة خاصة"")؟"
3536	"بصراحة، مسموح للشركة تدي ميزات أو معاملة خاصة للموظفة الحامل سواء في مدة إجازة الوضع أو أول ما ترجع شغل؟ (هذه الصيغة تستخدم كلمة ""مسموح"" وتوضح المقصود بـ""تفضل"" باستخدام ""ميزات أو معاملة خاصة"")؟"
3537	"لو سمحت، جائز للشركة تدي ميزات أو معاملة خاصة للموظفة الحامل سواء في مدة إجازة الوضع أو أول ما ترجع شغل؟ (هذه الصيغة تستخدم كلمة ""مسموح"" وتوضح المقصود بـ""تفضل"" باستخدام ""ميزات أو معاملة خاصة"")؟"
3538	"ممكن أعرف مسموح للشركة تدي ميزات أو معاملة خاصة للموظفة الحامل سواء في فترة إجازة الوضع أو أول ما ترجع شغل؟ (هذه الصيغة تستخدم كلمة ""مسموح"" وتوضح المقصود بـ""تفضل"" باستخدام ""ميزات أو معاملة خاصة"")؟"
3539	"هل فيه مشكلة لو الشركة أدت أفضلية للموظفة اللي لسة والدة، سواء كانت لسة في إجازة الوضع أو رجعت الشغل قريب؟ (هذه الصيغة تستخدم كلمة ""مشكلة"" وتوضح ""أفضلية"" بدلاً من ""تفضل"")"
3540	"يعني هل فيه مشكلة لو الشركة أدت أفضلية للموظفة اللي لسة والدة، سواء كانت لسة في إجازة الوضع أو رجعت الشركة قريب؟ (هذه الصيغة تستخدم كلمة ""مشكلة"" وتوضح ""أفضلية"" بدلاً من ""تفضل"")؟"
3541	"طيب، هل فيه مشكلة لو الشركة أدت أفضلية للموظفة اللي لسة والدة، سواء كانت لسة في إجازة الوضع أو رجعت الشغل قريب؟ (هذه الصيغة تستخدم كلمة ""مشكلة"" وتوضح ""أفضلية"" بدلاً من ""تفضل"")؟"
3542	"بصراحة، هل فيه مشكلة لو الشركة أدت أفضلية للموظفة اللي لسة والدة، سواء كانت لسة في إجازة الوضع أو رجعت الشركة قريب؟ (هذه الصيغة تستخدم كلمة ""مشكلة"" وتوضح ""أفضلية"" بدلاً من ""تفضل"")؟"
3543	"لو سمحت، هل فيه مشكلة لو الشركة أدت أفضلية للموظفة اللي لسة والدة، سواء كانت لسة في إجازة الوضع أو رجعت الشغل قريب؟ (هذه الصيغة تستخدم كلمة ""مشكلة"" وتوضح ""أفضلية"" بدلاً من ""تفضل"")؟"
3544	"ممكن أعرف هل فيه مشكلة لو الشركة أدت أفضلية للموظفة اللي لسة والدة، سواء كانت لسة في إجازة الوضع أو رجعت الوظيفة قريب؟ (هذه الصيغة تستخدم كلمة ""مشكلة"" وتوضح ""أفضلية"" بدلاً من ""تفضل"")؟"
3545	"الشركة ليها الحق إنها تعامل الموظفة الحامل أو اللي لسة والدة معاملة أحسن وهي في إجازة الوضع أو بعد الولادة بفترة بسيطة؟ (هذه الصيغة تسأل عن ""الحق"" وتستخدم ""معاملة أحسن"" لتوضيح المقصود)"
3546	"يعني الشركة ليها الحق إنها تعامل الموظفة الحامل أو اللي لسة والدة معاملة أحسن وهي في إجازة الوضع أو بعد الولادة بزمن بسيطة؟ (هذه الصيغة تسأل عن ""الحق"" وتستخدم ""معاملة أحسن"" لتوضيح المقصود)؟"
3547	"طيب، الشركة ليها الحق إنها تعامل الموظفة الحامل أو اللي لسة والدة معاملة أحعمر وهي في إجازة الوضع أو عقب الولادة بمدة بسيطة؟ (هذه الصيغة تسأل عن ""الحق"" وتستخدم ""معاملة أحسن"" لتوضيح المقصود)؟"
3548	"بصراحة، الشركة ليها الحق إنها تعامل الموظفة الحامل أو اللي لسة والدة معاملة أحسنه وهي في إجازة الوضع أو عقب الولادة بفترة بسيطة؟ (هذه الصيغة تسأل عن ""الحق"" وتستخدم ""معاملة أحسن"" لتوضيح المقصود)؟"
3549	"لو سمحت، الشركة ليها الحق إنها تعامل الموظفة الحامل أو اللي لسة والدة معاملة أحسن وهي في إجازة الوضع أو بعد الولادة بفترة بسيطة؟ (هذه الصيغة تسأل عن ""الحق"" وتستخدم ""معاملة أحسن"" لتوضيح المقصود)؟"
3550	"ممكن أعرف الشركة ليها الحق إنها تعامل الموظفة الحامل أو اللي لسة والدة معاملة أحعمر وهي في إجازة الوضع أو بعد الولادة بفترة بسيطة؟ (هذه الصيغة تسأل عن ""الحق"" وتستخدم ""معاملة أحسن"" لتوضيح المقصود)؟"
3551	"هل فيه أي مانع لو الشركة قدمت تسهيلات أو امتيازات للموظفة الحامل اللي واخده إجازة وضع أو اللي رجعت الشغل بعدها علطول؟ (هذه الصيغة تستخدم ""تسهيلات أو امتيازات"" وتوضح حالة الموظفة بشكل مفصل)"
3552	"يعني هل فيه أي مانع لو الشركة قدمت تسهيلات أو امتيازات للموظفة الحامل اللي واخده إجازة وضع أو اللي رجعت الوظيفة بعدها علطول؟ (هذه الصيغة تستخدم ""تسهيلات أو امتيازات"" وتوضح حالة الموظفة بشكل مفصل)؟"
3553	"طيب، هل فيه أي مانع لو الشركة قدمت تسهيلات أو امتيازات للموظفة الحامل اللي واخده إجازة وضع أو اللي رجعت الشغل بعدها علطول؟ (هذه الصيغة تستخدم ""تسهيلات أو امتيازات"" وتوضح حالة الموظفة بشكل مفصل)؟"
3554	"بصراحة، هل فيه أي مانع لو الشركة قدمت تسهيلات أو امتيازات للموظفة الحامل اللي واخده إجازة وضع أو اللي رجعت الشغل بعدها علطول؟ (هذه الصيغة تستخدم ""تسهيلات أو امتيازات"" وتوضح حالة الموظفة بشكل مفصل)؟"
3555	"لو سمحت، هل فيه أي مانع لو الشركة قدمت تسهيلات أو امتيازات للموظفة الحامل اللي واخده إجازة وضع أو اللي رجعت الشغل عقبها علطول؟ (هذه الصيغة تستخدم ""تسهيلات أو امتيازات"" وتوضح حالة الموظفة بشكل مفصل)؟"
3556	"ممكن أعرف هل فيه أي مانع لو الشركة قدمت تسهيلات أو امتيازات للموظفة الحامل اللي واخده إجازة وضع أو اللي رجعت الشغل بعد مرورها علطول؟ (هذه الصيغة تستخدم ""تسهيلات أو امتيازات"" وتوضح حالة الموظفة بشكل مفصل)؟"
3557	في قانون العمل الجديد، فين العلامات (التمييزية للحاملات) زي إيه؟
3558	يعني في قانون العمل الجديد، فين العلامات (التمييزية للحاملات) زي إيه؟
3559	طيب، في قانون الوظيفة الجديد، فين العلامات (التمييزية للحاملات) زي إيه؟
3560	بصراحة، في قانون الوظيفة الجديد، فين العلامات (التمييزية للحاملات) زي إيه؟
3561	لو سمحت، في قانون العمل الجديد، فين العلامات (التمييزية للحاملات) زي إيه؟
3562	ممكن أعرف في قانون العمل الجديد، فين العلامات (التمييزية للحاملات) زي إيه؟
3563	يعني إيه الحاجات اللي بتميز حقوق الستات الحوامل في قانون الشغل الجديد؟
3564	يعني إيه الحاجات اللي بتميز حقوق الستات الحوامل في قانون الشغل الجديد؟
3565	طيب، يعني أي الحاجات اللي بتميز حقوق الستات الحوامل في قانون الوظيفة الجديد؟
3566	بصراحة، يعني إيه الحاجات اللي بتميز حقوق الستات الحوامل في قانون الوظيفة الجديد؟
3567	لو سمحت، يعني إيه الحاجات اللي بتميز حقوق الستات الحوامل في قانون العمل الجديد؟
3568	ممكن أعرف يعني أي الحاجات اللي بتميز حقوق الستات الحوامل في قانون الشغل الجديد؟
3569	إيه هي الحقوق والميزات اللي القانون الجديد للشغل بيديها للستات الحوامل بالتحديد؟
3570	يعني ماذا هي الحقوق والميزات اللي الشرع الجديد للشغل بيديها للستات الحوامل بالتحديد؟
3571	طيب، إيه هي الحقوق والميزات اللي القانون الجديد للشغل بيديها للستات الحوامل بالتحديد؟
3572	بصراحة، ما هو هي الحقوق والميزات اللي النظام الجديد للشغل بيديها للستات الحوامل بالتحديد؟
3573	لو سمحت، إيه هي الحقوق والميزات اللي التشريع الجديد للشغل بيديها للستات الحوامل بالتحديد؟
3574	ممكن أعرف إيه هي الحقوق والميزات اللي القانون الجديد للشغل بيديها للستات الحوامل بالتحديد؟
3575	إيه اللي اختلف بالنسبة للستات الحوامل في قانون العمل الجديد؟ إيه الجديد ليهم؟
3576	يعني إيه اللي اختلف بالنسبة للستات الحوامل في قانون العمل الجديد؟ إيه الجديد ليهم؟
3577	طيب، إيه اللي اختلف بالنسبة للستات الحوامل في قانون الوظيفة الجديد؟ إيه الجديد ليهم؟
3578	بصراحة، ماذا اللي اختلف بالنسبة للستات الحوامل في قانون العمل الجديد؟ إيه الجديد ليهم؟
3579	لو سمحت، إيه اللي اختلف بالنسبة للستات الحوامل في قانون العمل الجديد؟ إيه الجديد ليهم؟
3580	ممكن أعرف إيه اللي اختلف بالنسبة للستات الحوامل في قانون الدوام الجديد؟ إيه الجديد ليهم؟
3581	إيه الامتيازات أو الحقوق الإضافية اللي ستات الحوامل أخدوها في قانون الشغل الجديد؟
3582	يعني ماذا الامتيازات أو الحقوق الإضافية اللي ستات الحوامل أخدوها في قانون الشغل الجديد؟
3583	طيب، إيه الامتيازات أو الحقوق الإضافية اللي ستات الحوامل أخدوها في قانون الشغل الجديد؟
3584	بصراحة، إيه الامتيازات أو الحقوق الإضافية اللي ستات الحوامل أخدوها في قانون الشركة الجديد؟
3585	لو سمحت، إيه الامتيازات أو الحقوق الإضافية اللي ستات الحوامل أخدوها في قانون المؤسسة الجديد؟
3586	ممكن أعرف إيه الامتيازات أو الحقوق الإضافية اللي ستات الحوامل أخدوها في قانون الشغل الجديد؟
3587	إيه هي أوجه الاختلاف أو التمييز اللي القانون الجديد عملها لصالح الستات الحوامل في الشغل؟
3588	يعني إيه هي أوجه الاختلاف أو التمييز اللي القانون الجديد عملها لصالح الستات الحوامل في الشغل؟
3589	طيب، ماذا هي أوجه الاختلاف أو التمييز اللي الشرع الجديد عملها لصالح الستات الحوامل في الشركة؟
3590	بصراحة، إيه هي أوجه الاختلاف أو التمييز اللي الشرع الجديد عملها لصالح الستات الحوامل في الشغل؟
3591	لو سمحت، إيه هي أوجه الاختلاف أو التمييز اللي القانون الجديد عملها لصالح الستات الحوامل في الشغل؟
3592	ممكن أعرف أي هي أوجه الاختلاف أو التمييز اللي التشريع الجديد عملها لصالح الستات الحوامل في الشغل؟
3593	أقصى العمل للحوامل يوافقوا عليه لو عدد الموظفات عندهم فوق كام؟
3594	يعني أقصى الوظيفة للحوامل يوافقوا عليه لو كمية الموظفات عندهم علاوة على كام؟
3595	طيب، أقصى العمل للحوامل يوافقوا عليه لو عدد الموظفات عندهم فوق كام؟
3596	بصراحة، أقصى الوظيفة للحوامل يوافقوا عليه لو عدد الموظفات عندهم علاوة على إيه عدد؟
3597	لو سمحت، أقصى الشغل للحوامل يوافقوا عليه لو عدد الموظفات عندهم إضافة إلى كام؟
3598	ممكن أعرف أقصى الوظيفة للحوامل يوافقوا عليه لو عدد الموظفات عندهم إضافة إلى كام؟
3599	يا ترى لو الشركة فيها عدد موظفات يتخطى كام واحدة، بيكون أقصى شغل مسموح بيه للحوامل عندهم؟
3600	يعني يا ترى لو الشركة فيها عدد موظفات يتخطى كام واحدة، بيكون أقصى شغل مسموح بيه للحوامل عندهم؟
3601	طيب، يا ترى لو الشركة فيها مقدار موظفات يتخطى كم واحدة، بيكون أقصى شغل مسموح بيه للحوامل عندهم؟
3602	بصراحة، يا ترى لو الشركة فيها عدد موظفات يتخطى أد ماذا واحدة، بيكون أقصى شغل مسموح بيه للحوامل عندهم؟
3603	لو سمحت، يا ترى لو الشركة فيها كمية موظفات يتخطى كام واحدة، بيكون أقصى شغل مسموح بيه للحوامل عندهم؟
3604	ممكن أعرف يا ترى لو الشركة فيها عدد موظفات يتخطى كام واحدة، بيكون أقصى شغل مسموح بيه للحوامل عندهم؟
3605	الشركة بتسمح بأقصى مجهود قد إيه للحوامل؟ و ده بيعتمد على عدد الموظفات، يعني لو فيه كام موظفة أو أكتر؟
3606	يعني الشركة بتسمح بأقصى مجهود قد إيه للحوامل؟ و ده بيعتمد على كمية الموظفات، يعني لو فيه كام موظفة أو أكتر؟
3607	طيب، الشركة بتسمح بأقصى مجهود قد إيه للحوامل؟ و ده بيعتمد على كمية الموظفات، يعني لو فيه قد إيه موظفة أو زيادة؟
3608	بصراحة، الشركة بتسمح بأقصى مجهود قد إيه للحوامل؟ و ده بيعتمد على كم الموظفات، يعني لو فيه كام موظفة أو أكتر؟
3609	لو سمحت، الشركة بتسمح بأقصى مجهود قد إيه للحوامل؟ و ده بيعتمد على عدد الموظفات، يعني لو فيه كام موظفة أو أكتر؟
3610	ممكن أعرف الشركة بتسمح بأقصى مجهود قد ما هو للحوامل؟ و ده بيعتمد على كمية الموظفات، يعني لو فيه كام موظفة أو أكتر؟
3611	إيه هو الحد الأقصى للشغل اللي ممكن الست الحامل تعمله في الشركة دي؟ وهل الرقم ده بيتحدد على حسب عدد الموظفات اللي شغالين، يعني لو العدد وصل لكام موظفة؟
3612	يعني ماذا هو الحد الأقصى للشغل اللي ممكن الست الحامل تعمله في الشركة دي؟ وهل الرقم ده بيتحدد على حسب عدد الموظفات اللي شغالين، يعني لو العدد وصل لكام موظفة؟
3613	طيب، إيه هو الحد الأقصى للشغل اللي يمكن الست الحامل تعمله في الشركة دي؟ وهل الرقم ده بيتحدد على حسب كمية الموظفات اللي شغالين، يعني لو العدد وصل لقد إيه موظفة؟
3614	بصراحة، أي هو الحد الأقصى للشغل اللي يمكن الست الحامل تعمله في الشركة دي؟ وهل الرقم ده بيتحدد على حسب عدد الموظفات اللي شغالين، يعني لو العدد وصل لكام موظفة؟
3615	لو سمحت، إيه هو الحد الأقصى للشغل اللي ممكن الست الحامل تعمله في الشركة دي؟ وهل الرقم ده بيتحدد على حسب كمية الموظفات اللي شغالين، يعني لو العدد وصل لكام موظفة؟
3616	ممكن أعرف إيه هو الحد الأقصى للشغل اللي يمكن الست الحامل تعمله في الشركة دي؟ وهل الرقم ده بيتحدد على حسب عدد الموظفات اللي شغالين، يعني لو العدد وصل لكام موظفة؟
3617	فيه قيود معينة على شغل الستات الحوامل في الشركة دي؟ ولو فيه، القيود دي بتبدأ تطبق من أول ما عدد الموظفات يوصل لكام؟
3618	يعني فيه قيود معينة على شغل الستات الحوامل في الشركة دي؟ ولو فيه، القيود دي بتبدأ تطبق من أول ما كم الموظفات يوصل لأد ماذا؟
3619	طيب، فيه قيود معينة على شغل الستات الحوامل في الشركة دي؟ ولو فيه، القيود دي بتبدأ تطبق من أول ما عدد الموظفات يوصل لكام؟
3620	بصراحة، فيه قيود معينة على شغل الستات الحوامل في الشركة دي؟ ولو فيه، القيود دي بتبدأ تطبق من أول ما عدد الموظفات يوصل لأد إيه؟
3621	لو سمحت، فيه قيود معينة على شغل الستات الحوامل في الشركة دي؟ ولو فيه، القيود دي بتبدأ تطبق من أول ما عدد الموظفات يوصل لكام؟
3622	ممكن أعرف فيه قيود معينة على شغل الستات الحوامل في الشركة دي؟ ولو فيه، القيود دي بتبدأ تطبق من أول ما مقدار الموظفات يوصل لكام؟
3623	يعني لو عدد الموظفات في الشركة زاد عن كام واحدة، بيكون فيه شروط خاصة أو تخفيف في الشغل بالنسبة للستات الحوامل؟
3624	يعني لو عدد الموظفات في الشركة زاد عن كام واحدة، بيكون فيه شروط خاصة أو تخفيف في الشغل بالنسبة للستات الحوامل؟
3625	طيب، يعني لو عدد الموظفات في الشركة زاد عن كام واحدة، بيكون فيه شروط خاصة أو تخفيف في الشغل بالنسبة للستات الحوامل؟
3626	بصراحة، يعني لو عدد الموظفات في الشركة زاد عن كام واحدة، بيكون فيه شروط خاصة أو تخفيف في الشغل بالنسبة للستات الحوامل؟
3627	لو سمحت، يعني لو عدد الموظفات في الشركة زاد عن كام واحدة، بيكون فيه شروط خاصة أو تخفيف في الشغل بالنسبة للستات الحوامل؟
3628	ممكن أعرف يعني لو عدد الموظفات في الشركة زاد عن كام واحدة، بيكون فيه شروط خاصة أو تخفيف في الوظيفة بالنسبة للستات الحوامل؟
3629	قانون 2025 ضد التمييز في الأمور المرتبطة بالحمل، لأي شكل؟
3630	يعني قانون 2025 ضد التمييز في الأمور المرتبطة بالحمل، لأي شكل؟
3631	طيب، قانون 2025 ضد التمييز في الأمور المرتبطة بالحمل، لأي شكل؟
3632	بصراحة، قانون 2025 ضد التمييز في الأمور المرتبطة بالحمل، لأي شكل؟
3633	لو سمحت، قانون 2025 ضد التمييز في الأمور المرتبطة بالحمل، لأي شكل؟
3634	ممكن أعرف قانون 2025 ضد التمييز في الأمور المرتبطة بالحمل، لأي شكل؟
3635	"""قانون سنة 2025 اللي بيحارب التمييز بسبب الحمل ده، بيستهدف منع التمييز في إيه بالظبط؟"""
3636	"يعني ""قانون عمرة 2025 اللي بيحارب التمييز بسبب الحمل ده، بيستهدف منع التمييز في أي بالظبط؟""؟"
3637	"طيب، ""قانون عمرة 2025 اللي بيحارب التمييز بسبب الحمل ده، بيستهدف منع التمييز في إيه بالظبط؟""؟"
3638	"بصراحة، ""قانون سنهة 2025 اللي بيحارب التمييز بسبب الحمل ده، بيستهدف منع التمييز في إيه بالظبط؟""؟"
3639	"لو سمحت، ""قانون سنة 2025 اللي بيحارب التمييز بسبب الحمل ده، بيستهدف منع التمييز في إيه بالظبط؟""؟"
3640	"ممكن أعرف ""قانون سنة 2025 اللي بيحارب التمييز بسبب الحمل ده، بيستهدف منع التمييز في أي بالظبط؟""؟"
3641	"""إيه المجالات اللي القانون بتاع سنة 2025، اللي بيحمي الستات الحوامل من التمييز، بيغطيها؟"""
3642	"يعني ""إيه المجالات اللي القانون بتاع عمرة 2025، اللي بيحمي الستات الحوامل من التمييز، بيغطيها؟""؟"
3643	"طيب، ""ماذا المجالات اللي القانون بتاع عمرة 2025، اللي بيحمي الستات الحوامل من التمييز، بيغطيها؟""؟"
3644	"بصراحة، ""إيه المجالات اللي القانون بتاع عمرة 2025، اللي بيحمي الستات الحوامل من التمييز، بيغطيها؟""؟"
3645	"لو سمحت، ""إيه المجالات اللي القانون بتاع سنهة 2025، اللي بيحمي الستات الحوامل من التمييز، بيغطيها؟""؟"
3646	"ممكن أعرف ""ماذا المجالات اللي الشرع بتاع سنة 2025، اللي بيحمي الستات الحوامل من التمييز، بيغطيها؟""؟"
3647	"""القانون اللي طالع سنة 2025 عشان يمنع التمييز ضد الحوامل، عايز يحل مشكلة التمييز في أي ناحية من نواحي الحياة؟"""
3648	"يعني ""التشريع اللي طالع سنة 2025 عشان يمنع التمييز ضد الحوامل، عايز يحل مشكلة التمييز في أي ناحية من نواحي الحياة؟""؟"
3649	"طيب، ""القانون اللي طالع سنة 2025 عشان يمنع التمييز ضد الحوامل، عايز يحل مشكلة التمييز في أي ناحية من نواحي الحياة؟""؟"
3650	"بصراحة، ""الشرع اللي طالع عمرة 2025 عشان يمنع التمييز ضد الحوامل، عايز يحل مشكلة التمييز في أي ناحية من نواحي الحياة؟""؟"
3651	"لو سمحت، ""القانون اللي طالع سنة 2025 عشان يمنع التمييز ضد الحوامل، عايز يحل مشكلة التمييز في أي ناحية من نواحي الحياة؟""؟"
3652	"ممكن أعرف ""القانون اللي طالع سنة 2025 عشان يمنع التمييز ضد الحوامل، عايز يحل مشكلة التمييز في أي ناحية من نواحي الحياة؟""؟"
3653	"""بخصوص القانون اللي صدر سنة 2025 وبيحرم التمييز على أساس الحمل، التمييز الممنوع ده بيكون في انهي أنواع من التعاملات أو المواقف؟"""
3654	"يعني ""بخصوص التشريع اللي صدر سنة 2025 وبيحرم التمييز على أساس الحمل، التمييز الممنوع ده بيكون في انهي أنواع من التعاملات أو المواقف؟""؟"
3655	"طيب، ""بخصوص القانون اللي صدر سنة 2025 وبيحرم التمييز على أساس الحمل، التمييز الممنوع ده بيكون في انهي أنواع من التعاملات أو المواقف؟""؟"
3656	"بصراحة، ""بخصوص الشرع اللي صدر سنة 2025 وبيحرم التمييز على أساس الحمل، التمييز الممنوع ده بيكون في انهي أنواع من التعاملات أو المواقف؟""؟"
3657	"لو سمحت، ""بخصوص النظام اللي صدر عمرة 2025 وبيحرم التمييز على أساس الحمل، التمييز الممنوع ده بيكون في انهي أنواع من التعاملات أو المواقف؟""؟"
3658	"ممكن أعرف ""بخصوص القانون اللي صدر سنة 2025 وبيحرم التمييز على أساس الحمل، التمييز الممنوع ده بيكون في انهي أنواع من التعاملات أو المواقف؟""؟"
3659	"""قانون 2025 الخاص بمنع التمييز ضد المرأة الحامل، بيحميها من التمييز في إيه تحديدًا، يعني إيه الحاجات اللي القانون ده بيغطيها؟"""
3660	"يعني ""قانون 2025 الخاص بمنع التمييز ضد المرأة الحامل، بيحميها من التمييز في ما هو تحديدًا، يعني إيه الحاجات اللي القانون ده بيغطيها؟""؟"
3661	"طيب، ""قانون 2025 الخاص بمنع التمييز ضد المرأة الحامل، بيحميها من التمييز في ماذا تحديدًا، يعني إيه الحاجات اللي القانون ده بيغطيها؟""؟"
3662	"بصراحة، ""قانون 2025 الخاص بمنع التمييز ضد المرأة الحامل، بيحميها من التمييز في إيه تحديدًا، يعني إيه الحاجات اللي القانون ده بيغطيها؟""؟"
3663	"لو سمحت، ""قانون 2025 الخاص بمنع التمييز ضد المرأة الحامل، بيحميها من التمييز في أي تحديدًا، يعني إيه الحاجات اللي القانون ده بيغطيها؟""؟"
3664	"ممكن أعرف ""قانون 2025 الخاص بمنع التمييز ضد المرأة الحامل، بيحميها من التمييز في إيه تحديدًا، يعني إيه الحاجات اللي النظام ده بيغطيها؟""؟"
3665	صاحب العمل عليه يوفر وسائل حماية للعمال؟ القانون قال إيه؟
3666	يعني صاحب العمل عليه يوفر وسائل حماية للعمال؟ التشريع قال ما هو؟
3667	طيب، صاحب الدوام عليه يوفر وسائل حماية للعمال؟ النظام قال إيه؟
3668	بصراحة، صاحب الشغل عليه يوفر وسائل حماية للعمال؟ القانون قال أي؟
3669	لو سمحت، صاحب العمل عليه يوفر وسائل حماية للعمال؟ القانون ذكر إيه؟
3670	ممكن أعرف صاحب العمل عليه يوفر وسائل حماية للعمال؟ التشريع قال إيه؟
3671	إيه هي إجراءات السلامة اللي المفروض صاحب الشغل يوفرها للعمال حسب القانون؟
3672	يعني إيه هي إجراءات السلامة اللي المفروض صاحب الشغل يوفرها للعمال حسب التشريع؟
3673	طيب، إيه هي إجراءات السلامة اللي المفروض صاحب الشغل يوفرها للعمال حسب القانون؟
3674	بصراحة، ماذا هي إجراءات السلامة اللي المفروض صاحب المؤسسة يوفرها للعمال حسب القانون؟
3675	لو سمحت، إيه هي إجراءات السلامة اللي المفروض صاحب الشغل يوفرها للعمال حسب القانون؟
3676	ممكن أعرف إيه هي إجراءات السلامة اللي المفروض صاحب الشغل يوفرها للعمال حسب القانون؟
3677	إيه واجبات صاحب العمل ناحية تأمين العمال في الشغل؟ القانون بينص على إيه في الموضوع ده؟
3678	يعني إيه واجبات صاحب العمل ناحية تأمين العمال في الشغل؟ النظام بينص على إيه في الموضوع ده؟
3679	طيب، إيه واجبات صاحب العمل ناحية تأمين العمال في العمل؟ القانون بينص على إيه في الموضوع ده؟
3680	بصراحة، إيه واجبات صاحب الوظيفة ناحية تأمين العمال في الوظيفة؟ الشرع بينص على إيه في الموضوع ده؟
3681	لو سمحت، إيه واجبات صاحب الشركة ناحية تأمين العمال في الشغل؟ القانون بينص على إيه في الموضوع ده؟
3682	ممكن أعرف ما هو واجبات صاحب الدوام ناحية تأمين العمال في الشغل؟ القانون بينص على إيه في الموضوع ده؟
3683	بموجب القانون المصري، صاحب الشغل ملزم بتوفير إيه علشان يحمي العمال في مكان الشغل؟
3684	يعني بموجب القانون المصري، صاحب الشغل ملزم بتوفير ما هو علشان يحمي العمال في مكان الشغل؟
3685	طيب، بموجب القانون المصري، صاحب الوظيفة ملزم بتوفير إيه علشان يحمي العمال في مكان الشغل؟
3686	بصراحة، بموجب القانون المصري، صاحب الشغل ملزم بتوفير إيه علشان يحمي العمال في مكان الشغل؟
3687	لو سمحت، بموجب القانون المصري، صاحب العمل ملزم بتوفير إيه علشان يحمي العمال في مكان الشغل؟
3688	ممكن أعرف بموجب التشريع المصري، صاحب الشركة ملزم بتوفير إيه علشان يحمي العمال في مكان الشغل؟
3689	يا ترى القانون المصري بيُلزم صاحب العمل بتوفير إيه من وسائل الحماية والأمان للعمال اللي عنده؟
3690	يعني يا ترى القانون المصري بيُلزم صاحب العمل بتوفير إيه من وسائل الحماية والأمان للعمال اللي عنده؟
3691	طيب، يا ترى القانون المصري بيُلزم صاحب الوظيفة بتوفير ما هو من وسائل الحماية والأمان للعمال اللي عنده؟
3692	بصراحة، يا ترى التشريع المصري بيُلزم صاحب العمل بتوفير إيه من وسائل الحماية والأمان للعمال اللي عنده؟
3693	لو سمحت، يا ترى القانون المصري بيُلزم صاحب الوظيفة بتوفير أي من وسائل الحماية والأمان للعمال اللي عنده؟
3694	ممكن أعرف يا ترى التشريع المصري بيُلزم صاحب العمل بتوفير ماذا من وسائل الحماية والأمان للعمال اللي عنده؟
3695	إيه هي بنود القانون اللي بتحدد مسئولية صاحب العمل عن سلامة العمال وتأمينهم ضد المخاطر في الشغل؟
3696	يعني إيه هي بنود القانون اللي بتحدد مسئولية صاحب العمل عن سلامة العمال وتأمينهم ضد المخاطر في الشغل؟
3697	طيب، إيه هي بنود القانون اللي بتحدد مسئولية صاحب العمل عن سلامة العمال وتأمينهم ضد المخاطر في الشغل؟
3698	بصراحة، إيه هي بنود التشريع اللي بتحدد مسئولية صاحب العمل عن سلامة العمال وتأمينهم ضد المخاطر في الشركة؟
3699	لو سمحت، إيه هي بنود القانون اللي بتحدد مسئولية صاحب العمل عن سلامة العمال وتأمينهم ضد المخاطر في الشغل؟
3700	ممكن أعرف إيه هي بنود القانون اللي بتحدد مسئولية صاحب العمل عن سلامة العمال وتأمينهم ضد المخاطر في العمل؟
3701	لازم يكون في طبيب عمل أو طبيب متخصص داخل المصانع؟
3702	يعني واجب يكون في طبيب عمل أو طبيب متخصص داخل المصانع؟
3703	طيب، لازم يكون في طبيب عمل أو طبيب متخصص داخل المصانع؟
3704	بصراحة، مفروض يكون في طبيب عمل أو طبيب متخصص داخل المصانع؟
3705	لو سمحت، واجب يكون في طبيب عمل أو طبيب متخصص داخل المصانع؟
3706	ممكن أعرف مفروض يكون في طبيب عمل أو طبيب متخصص داخل المصانع؟
3707	ضروري يبقى فيه دكتور شغل أو دكتور متخصص موجود في المصانع؟
3708	يعني ضروري يبقى فيه دكتور شغل أو دكتور متخصص موجود في المصانع؟
3709	طيب، ضروري يبقى فيه دكتور شغل أو دكتور متخصص موجود في المصانع؟
3710	بصراحة، ضروري يبقى فيه دكتور شغل أو دكتور متخصص موجود في المصانع؟
3711	لو سمحت، ضروري يبقى فيه دكتور شغل أو دكتور متخصص موجود في المصانع؟
3712	ممكن أعرف ضروري يبقى فيه دكتور شغل أو دكتور متخصص موجود في المصانع؟
3713	هل فيه إلزام بتعيين دكتور خاص بالشغل أو دكتور متخصص جوة المصانع ولا لأ؟
3714	يعني هل فيه إلزام بتعيين دكتور خاص بالمؤسسة أو دكتور متخصص جوة المصانع ولا لأ؟
3715	طيب، هل فيه إلزام بتعيين دكتور خاص بالمؤسسة أو دكتور متخصص جوة المصانع ولا لأ؟
3716	بصراحة، هل فيه إلزام بتعيين دكتور خاص بالمؤسسة أو دكتور متخصص جوة المصانع ولا لأ؟
3717	لو سمحت، هل فيه إلزام بتعيين دكتور خاص بالشغل أو دكتور متخصص جوة المصانع ولا لأ؟
3718	ممكن أعرف هل فيه إلزام بتعيين دكتور خاص بالشغل أو دكتور متخصص جوة المصانع ولا لأ؟
3719	هل القوانين بتفرض وجود دكتور مهني أو دكتور متخصص تبع المصنع نفسه؟
3720	يعني هل القوانين بتفرض وجود دكتور مهني أو دكتور متخصص تبع المصنع نفسه؟
3721	طيب، هل القوانين بتفرض وجود دكتور مهني أو دكتور متخصص تبع المصنع نفسه؟
3722	بصراحة، هل القوانين بتفرض وجود دكتور مهني أو دكتور متخصص تبع المصنع نفسه؟
3723	لو سمحت، هل القوانين بتفرض وجود دكتور مهني أو دكتور متخصص تبع المصنع نفسه؟
3724	ممكن أعرف هل القوانين بتفرض وجود دكتور مهني أو دكتور متخصص تبع المصنع نفسه؟
3725	يا ترى المصانع لازم يكون عندها دكتور متخصص في صحة العاملين أو دكتور شغل؟
3726	يعني يا ترى المصانع واجب يكون عندها دكتور متخصص في صحة العاملين أو دكتور شغل؟
3727	طيب، يا ترى المصانع لازم يكون عندها دكتور متخصص في صحة العاملين أو دكتور شغل؟
3728	بصراحة، يا ترى المصانع واجب يكون عندها دكتور متخصص في صحة العاملين أو دكتور شغل؟
3729	لو سمحت، يا ترى المصانع لازم يكون عندها دكتور متخصص في صحة العاملين أو دكتور شغل؟
3730	ممكن أعرف يا ترى المصانع لازم يكون عندها دكتور متخصص في صحة العاملين أو دكتور شغل؟
3731	هل فيه أي قوانين بتوجب وجود دكتور مسؤول عن صحة العمال أو دكتور شغل جوة المصانع؟
3732	يعني هل فيه أي قوانين بتوجب وجود دكتور مسؤول عن صحة العمال أو دكتور شغل جوة المصانع؟
3733	طيب، هل فيه أي قوانين بتوجب وجود دكتور مسؤول عن صحة العمال أو دكتور شغل جوة المصانع؟
3734	بصراحة، هل فيه أي قوانين بتوجب وجود دكتور مسؤول عن صحة العمال أو دكتور شغل جوة المصانع؟
3735	لو سمحت، هل فيه أي قوانين بتوجب وجود دكتور مسؤول عن صحة العمال أو دكتور شغل جوة المصانع؟
3736	ممكن أعرف هل فيه أي قوانين بتوجب وجود دكتور مسؤول عن صحة العمال أو دكتور شغل جوة المصانع؟
3737	في حالة حادث أو إصابة مين بيتحمل المسئولية؟
3738	يعني في حالة حادث أو إصابة مين بيتحمل المسئولية؟
3739	طيب، في حالة حادث أو إصابة مين بيتحمل المسئولية؟
3740	بصراحة، في حالة حادث أو إصابة مين بيتحمل المسئولية؟
3741	لو سمحت، في حالة حادث أو إصابة مين بيتحمل المسئولية؟
3742	ممكن أعرف في حالة حادث أو إصابة مين بيتحمل المسئولية؟
3743	"لو حصلت خبطة أو حد اتعور، اللوم يقع على مين؟ (تستخدم كلمة ""خبطة"" للإشارة إلى الحادث، وتستبدل ""المسؤولية"" بـ ""اللوم"")"
3744	"يعني لو حصلت خبطة أو حد اتعور، اللوم يقع على مين؟ (تستخدم كلمة ""خبطة"" للإشارة إلى الحادث، وتستبدل ""المسؤولية"" بـ ""اللوم"")؟"
3745	"طيب، لو حصلت خبطة أو حد اتعور، اللوم يقع على مين؟ (تستخدم كلمة ""خبطة"" للإشارة إلى الحادث، وتستبدل ""المسؤولية"" بـ ""اللوم"")؟"
3746	"بصراحة، لو حصلت خبطة أو حد اتعور، اللوم يقع على مين؟ (تستخدم كلمة ""خبطة"" للإشارة إلى الحادث، وتستبدل ""المسؤولية"" بـ ""اللوم"")؟"
3747	"لو سمحت، لو حصلت خبطة أو حد اتعور، اللوم يقع على مين؟ (تستخدم كلمة ""خبطة"" للإشارة إلى الحادث، وتستبدل ""المسؤولية"" بـ ""اللوم"")؟"
3748	"ممكن أعرف لو حصلت خبطة أو حد اتعور، اللوم يقع على مين؟ (تستخدم كلمة ""خبطة"" للإشارة إلى الحادث، وتستبدل ""المسؤولية"" بـ ""اللوم"")؟"
3749	"في حالة وقوع حادثة أو أذية لحد، مين اللي يشيل الشيلة؟ (تستخدم ""أذية"" بدل ""إصابة""، و""يشيل الشيلة"" تعبير عن تحمل المسؤولية)"
3750	"يعني في حالة وقوع حادثة أو أذية لحد، مين اللي يشيل الشيلة؟ (تستخدم ""أذية"" بدل ""إصابة""، و""يشيل الشيلة"" تعبير عن تحمل المسؤولية)؟"
3751	"طيب، في حالة وقوع حادثة أو أذية لحد، مين اللي يشيل الشيلة؟ (تستخدم ""أذية"" بدل ""إصابة""، و""يشيل الشيلة"" تعبير عن تحمل المسؤولية)؟"
3752	"بصراحة، في حالة وقوع حادثة أو أذية لحد، مين اللي يشيل الشيلة؟ (تستخدم ""أذية"" بدل ""إصابة""، و""يشيل الشيلة"" تعبير عن تحمل المسؤولية)؟"
3753	"لو سمحت، في حالة وقوع حادثة أو أذية لحد، مين اللي يشيل الشيلة؟ (تستخدم ""أذية"" بدل ""إصابة""، و""يشيل الشيلة"" تعبير عن تحمل المسؤولية)؟"
3754	"ممكن أعرف في حالة وقوع حادثة أو أذية لحد، مين اللي يشيل الشيلة؟ (تستخدم ""أذية"" بدل ""إصابة""، و""يشيل الشيلة"" تعبير عن تحمل المسؤولية)؟"
3755	"لو حصلت مشكلة أو حد اتأذى، مين اللي هيتحاسب؟ (تستخدم ""مشكلة"" بدل ""حادث""، و""اتأذى"" بدل ""إصابة""، و""يتحاسب"" للإشارة إلى تحمل العواقب)"
3756	"يعني لو حصلت مشكلة أو حد اتأذى، مين اللي هيتحاسب؟ (تستخدم ""مشكلة"" بدل ""حادث""، و""اتأذى"" بدل ""إصابة""، و""يتحاسب"" للإشارة إلى تحمل العواقب)؟"
3757	"طيب، لو حصلت مشكلة أو حد اتأذى، مين اللي هيتحاسب؟ (تستخدم ""مشكلة"" بدل ""حادث""، و""اتأذى"" بدل ""إصابة""، و""يتحاسب"" للإشارة إلى تحمل العواقب)؟"
3758	"بصراحة، لو حصلت مشكلة أو حد اتأذى، مين اللي هيتحاسب؟ (تستخدم ""مشكلة"" بدل ""حادث""، و""اتأذى"" بدل ""إصابة""، و""يتحاسب"" للإشارة إلى تحمل العواقب)؟"
3759	"لو سمحت، لو حصلت مشكلة أو حد اتأذى، مين اللي هيتحاسب؟ (تستخدم ""مشكلة"" بدل ""حادث""، و""اتأذى"" بدل ""إصابة""، و""يتحاسب"" للإشارة إلى تحمل العواقب)؟"
3760	"ممكن أعرف لو حصلت مشكلة أو حد اتأذى، مين اللي هيتحاسب؟ (تستخدم ""مشكلة"" بدل ""حادث""، و""اتأذى"" بدل ""إصابة""، و""يتحاسب"" للإشارة إلى تحمل العواقب)؟"
3761	"لما تحصل مصيبة أو حد يتصاب، مين اللي هيتحط عليه الحق؟ (تستخدم ""مصيبة"" بدل ""حادث""، و""يتصاب"" بدل ""إصابة""، و""يتحط عليه الحق"" كتعبير عن تحمل المسؤولية)"
3762	"يعني لما تحصل مصيبة أو حد يتصاب، مين اللي هيتحط عليه الحق؟ (تستخدم ""مصيبة"" بدل ""حادث""، و""يتصاب"" بدل ""إصابة""، و""يتحط عليه الحق"" كتعبير عن تحمل المسؤولية)؟"
3763	"طيب، لما تحصل مصيبة أو حد يتصاب، مين اللي هيتحط عليه الحق؟ (تستخدم ""مصيبة"" بدل ""حادث""، و""يتصاب"" بدل ""إصابة""، و""يتحط عليه الحق"" كتعبير عن تحمل المسؤولية)؟"
3764	"بصراحة، لما تحصل مصيبة أو حد يتصاب، مين اللي هيتحط عليه الحق؟ (تستخدم ""مصيبة"" بدل ""حادث""، و""يتصاب"" بدل ""إصابة""، و""يتحط عليه الحق"" كتعبير عن تحمل المسؤولية)؟"
3765	"لو سمحت، لما تحصل مصيبة أو حد يتصاب، مين اللي هيتحط عليه الحق؟ (تستخدم ""مصيبة"" بدل ""حادث""، و""يتصاب"" بدل ""إصابة""، و""يتحط عليه الحق"" كتعبير عن تحمل المسؤولية)؟"
3766	"ممكن أعرف لما تحصل مصيبة أو حد يتصاب، مين اللي هيتحط عليه الحق؟ (تستخدم ""مصيبة"" بدل ""حادث""، و""يتصاب"" بدل ""إصابة""، و""يتحط عليه الحق"" كتعبير عن تحمل المسؤولية)؟"
3767	"مين الطرف اللي هيكون مسؤول عن أي حاجة تحصل لو حد اتخبط أو حصل له ضرر؟ (تستخدم ""الطرف"" بدلا من ""مين""، و""اتخبط"" بدلا من ""حادث""، و""ضرر"" بدلا من ""إصابة"")"
3768	"يعني مين الطرف اللي هيكون مسؤول عن أي حاجة تحصل لو حد اتخبط أو حصل له ضرر؟ (تستخدم ""الطرف"" بدلا من ""مين""، و""اتخبط"" بدلا من ""حادث""، و""ضرر"" بدلا من ""إصابة"")؟"
3769	"طيب، مين الطرف اللي هيكون مسؤول عن أي حاجة تحصل لو حد اتخبط أو حصل له ضرر؟ (تستخدم ""الطرف"" بدلا من ""مين""، و""اتخبط"" بدلا من ""حادث""، و""ضرر"" بدلا من ""إصابة"")؟"
3770	"بصراحة، مين الطرف اللي هيكون مسؤول عن أي حاجة تحصل لو حد اتخبط أو حصل له ضرر؟ (تستخدم ""الطرف"" بدلا من ""مين""، و""اتخبط"" بدلا من ""حادث""، و""ضرر"" بدلا من ""إصابة"")؟"
3771	"لو سمحت، مين الطرف اللي هيكون مسؤول عن أي حاجة تحصل لو حد اتخبط أو حصل له ضرر؟ (تستخدم ""الطرف"" بدلا من ""مين""، و""اتخبط"" بدلا من ""حادث""، و""ضرر"" بدلا من ""إصابة"")؟"
3772	"ممكن أعرف مين الطرف اللي هيكون مسؤول عن أي حاجة تحصل لو حد اتخبط أو حصل له ضرر؟ (تستخدم ""الطرف"" بدلا من ""مين""، و""اتخبط"" بدلا من ""حادث""، و""ضرر"" بدلا من ""إصابة"")؟"
3773	هل في حد أدنى لتوفير وسائل الحماية بشكل قانوني؟ مثلًا خوذة أو زي حماية؟
3774	يعني هل في حد أدنى لتوفير وسائل الحماية بشكل قانوني؟ مثلًا خوذة أو زي حماية؟
3775	طيب، هل في حد أدنى لتوفير وسائل الحماية بشكل قانوني؟ مثلًا خوذة أو زي حماية؟
3776	بصراحة، هل في حد أدنى لتوفير وسائل الحماية بشكل قانوني؟ مثلًا خوذة أو زي حماية؟
3777	لو سمحت، هل في حد أدنى لتوفير وسائل الحماية بشكل قانوني؟ مثلًا خوذة أو زي حماية؟
3778	ممكن أعرف هل في حد أدنى لتوفير وسائل الحماية بشكل قانوني؟ مثلًا خوذة أو زي حماية؟
3779	يعني القانون بيفرض حد أدنى من إجراءات السلامة والأمان؟ زي مثلًا لبس معين أو خوذة لازم الشركة توفرها؟
3780	يعني النظام بيفرض حد أدنى من إجراءات السلامة والأمان؟ زي مثلًا لبس معين أو خوذة مطلوب الشركة توفرها؟
3781	طيب، يعني القانون بيفرض حد أدنى من إجراءات السلامة والأمان؟ زي مثلًا لبس معين أو خوذة مفروض الشركة توفرها؟
3782	بصراحة، يعني القانون بيفرض حد أدنى من إجراءات السلامة والأمان؟ زي مثلًا لبس معين أو خوذة لازم الشركة توفرها؟
3783	لو سمحت، يعني القانون بيفرض حد أدنى من إجراءات السلامة والأمان؟ زي مثلًا لبس معين أو خوذة واجب الشركة توفرها؟
3784	ممكن أعرف يعني القانون بيفرض حد أدنى من إجراءات السلامة والأمان؟ زي مثلًا لبس معين أو خوذة لازم الشركة توفرها؟
3785	هل فيه متطلبات قانونية بتحدد مستوى معين من وسائل الوقاية الشخصية لازم تكون متاحة، زي الخوذ أو الملابس الواقية؟
3786	يعني هل فيه متطلبات قانونية بتحدد مستوى معين من وسائل الوقاية الشخصية لازم تكون متاحة، زي الخوذ أو الملابس الواقية؟
3787	طيب، هل فيه متطلبات قانونية بتحدد مستوى معين من وسائل الوقاية الشخصية لازم تكون متاحة، زي الخوذ أو الملابس الواقية؟
3788	بصراحة، هل فيه متطلبات قانونية بتحدد مستوى معين من وسائل الوقاية الشخصية لازم تكون متاحة، زي الخوذ أو الملابس الواقية؟
3789	لو سمحت، هل فيه متطلبات قانونية بتحدد مستوى معين من وسائل الوقاية الشخصية مطلوب تكون متاحة، زي الخوذ أو الملابس الواقية؟
3790	ممكن أعرف هل فيه متطلبات قانونية بتحدد مستوى معين من وسائل الوقاية الشخصية مطلوب تكون متاحة، زي الخوذ أو الملابس الواقية؟
3791	هل القانون بيحدد إيه أقل حاجة لازم صاحب العمل يوفرها من ناحية أدوات الحماية زي الخوذة أو اللبس الواقي؟
3792	يعني هل التشريع بيحدد إيه أقل حاجة لازم صاحب العمل يوفرها من ناحية أدوات الحماية زي الخوذة أو اللبس الواقي؟
3793	طيب، هل النظام بيحدد إيه أقل حاجة لازم صاحب الشغل يوفرها من ناحية أدوات الحماية زي الخوذة أو اللبس الواقي؟
3794	بصراحة، هل القانون بيحدد إيه أقل حاجة لازم صاحب العمل يوفرها من ناحية أدوات الحماية زي الخوذة أو اللبس الواقي؟
3795	لو سمحت، هل الشرع بيحدد ماذا أقل حاجة واجب صاحب الدوام يوفرها من ناحية أدوات الحماية زي الخوذة أو اللبس الواقي؟
3796	ممكن أعرف هل القانون بيحدد إيه أقل حاجة لازم صاحب الشغل يوفرها من ناحية أدوات الحماية زي الخوذة أو اللبس الواقي؟
3797	هل فيه لسته قانونية بأقل الإمكانيات اللي لازم تكون موجودة لحماية العمال، زي توفير خوذة أو لبس مخصوص؟
3798	يعني هل فيه لسته قانونية بأقل الإمكانيات اللي لازم تكون موجودة لحماية العمال، زي توفير خوذة أو لبس مخصوص؟
3799	طيب، هل فيه لسته قانونية بأقل الإمكانيات اللي لازم تكون موجودة لحماية العمال، زي توفير خوذة أو لبس مخصوص؟
3800	بصراحة، هل فيه لسته قانونية بأقل الإمكانيات اللي مطلوب تكون موجودة لحماية العمال، زي توفير خوذة أو لبس مخصوص؟
3801	لو سمحت، هل فيه لسته قانونية بأقل الإمكانيات اللي لازم تكون موجودة لحماية العمال، زي توفير خوذة أو لبس مخصوص؟
3802	ممكن أعرف هل فيه لسته قانونية بأقل الإمكانيات اللي لازم تكون موجودة لحماية العمال، زي توفير خوذة أو لبس مخصوص؟
3803	القانون بيقول إيه عن أقل مستوى من الحماية لازم يتوفر للعمال؟ يعني لازم يكون فيه خوذة أو لبس حماية ولا لأ؟
3804	يعني التشريع بيقول إيه عن أقل مستوى من الحماية لازم يتوفر للعمال؟ يعني لازم يكون فيه خوذة أو لبس حماية ولا لأ؟
3805	طيب، القانون بيقول ما هو عن أقل مستوى من الحماية ضروري يتوفر للعمال؟ يعني لازم يكون فيه خوذة أو لبس حماية ولا لأ؟
3806	بصراحة، القانون بيقول أي عن أقل مستوى من الحماية مفروض يتوفر للعمال؟ يعني لازم يكون فيه خوذة أو لبس حماية ولا لأ؟
3807	لو سمحت، التشريع بيقول إيه عن أقل مستوى من الحماية لازم يتوفر للعمال؟ يعني لازم يكون فيه خوذة أو لبس حماية ولا لأ؟
3808	ممكن أعرف القانون بيقول إيه عن أقل مستوى من الحماية ضروري يتوفر للعمال؟ يعني لازم يكون فيه خوذة أو لبس حماية ولا لأ؟
3809	القانون ينظم التفتيش والسلامة بشكل دوري؟ كل قد إيه؟
3810	يعني القانون ينظم التفتيش والسلامة بشكل دوري؟ كل قد إيه؟
3811	طيب، الشرع ينظم التفتيش والسلامة بشكل دوري؟ كل قد ما هو؟
3812	بصراحة، التشريع ينظم التفتيش والسلامة بشكل دوري؟ كل قد إيه؟
3813	لو سمحت، الشرع ينظم التفتيش والسلامة بشكل دوري؟ كل قد إيه؟
3814	ممكن أعرف القانون ينظم التفتيش والسلامة بشكل دوري؟ كل قد إيه؟
3815	القانون بيقول إن فيه تفتيش دوري على السلامة، صح؟ طيب، التفتيش ده بيكون كل مدة قد إيه بالظبط؟ (تغيير في ترتيب السؤال وتفصيل بسيط)
3816	يعني القانون بيقول إن فيه تفتيش دوري على السلامة، صح؟ طيب، التفتيش ده بيكون كل مدة قد إيه بالظبط؟ (تغيير في ترتيب السؤال وتفصيل بسيط)؟
3817	طيب، القانون بيقول إن فيه تفتيش دوري على السلامة، صح؟ طيب، التفتيش ده بيكون كل مدة قد إيه بالظبط؟ (تغيير في ترتيب السؤال وتفصيل بسيط)؟
3818	بصراحة، القانون بيقول إن فيه تفتيش دوري على السلامة، صح؟ طيب، التفتيش ده بيكون كل مدة قد إيه بالظبط؟ (تغيير في ترتيب السؤال وتفصيل بسيط)؟
3819	لو سمحت، القانون بيقول إن فيه تفتيش دوري على السلامة، صح؟ طيب، التفتيش ده بيكون كل مدة قد إيه بالظبط؟ (تغيير في ترتيب السؤال وتفصيل بسيط)؟
3820	ممكن أعرف القانون بيقول إن فيه تفتيش دوري على السلامة، صح؟ طيب، التفتيش ده بيكون كل مدة قد إيه بالظبط؟ (تغيير في ترتيب السؤال وتفصيل بسيط)؟
3821	فيه قانون بينظم مواعيد التفتيش على السلامة؟ يعني التفتيش ده بيتعمل كل فترة زمنية معينة؟ الفترة دي أد إيه؟ (تركيز على وجود قانون ينظم المواعيد)
3822	يعني فيه قانون بينظم مواعيد التفتيش على السلامة؟ يعني التفتيش ده بيتعمل كل وقت زمنية معينة؟ الفترة دي أد إيه؟ (تركيز على وجود قانون ينظم المواعيد)؟
3823	طيب، فيه قانون بينظم مواعيد التفتيش على السلامة؟ يعني التفتيش ده بيتعمل كل مدة زمنية معينة؟ الفترة دي أد إيه؟ (تركيز على وجود قانون ينظم المواعيد)؟
3824	بصراحة، فيه قانون بينظم مواعيد التفتيش على السلامة؟ يعني التفتيش ده بيتعمل كل فترة زمنية معينة؟ الفترة دي أد ماذا؟ (تركيز على وجود قانون ينظم المواعيد)؟
3825	لو سمحت، فيه قانون بينظم مواعيد التفتيش على السلامة؟ يعني التفتيش ده بيتعمل كل فترة زمنية معينة؟ الفترة دي أد ما هو؟ (تركيز على وجود قانون ينظم المواعيد)؟
3826	ممكن أعرف فيه قانون بينظم مواعيد التفتيش على السلامة؟ يعني التفتيش ده بيتعمل كل وقت زمنية معينة؟ الفترة دي أد إيه؟ (تركيز على وجود قانون ينظم المواعيد)؟
3827	التفتيش على السلامة ده، القانون بيحدده بيحصل بانتظام؟ لو آه، بيحصل كل قد إيه تحديدا؟ (تأكيد على الانتظام والسؤال عن المدة المحددة)
3828	يعني التفتيش على السلامة ده، القانون بيحدده بيحصل بانتظام؟ لو آه، بيحصل كل قد ماذا تحديدا؟ (تأكيد على الانتظام والسؤال عن المدة المحددة)؟
3829	طيب، التفتيش على السلامة ده، القانون بيحدده بيحصل بانتظام؟ لو آه، بيحصل كل قد أي تحديدا؟ (تأكيد على الانتظام والسؤال عن المدة المعينة)؟
3830	بصراحة، التفتيش على السلامة ده، القانون بيحدده بيحصل بانتظام؟ لو آه، بيحصل كل قد ما هو تحديدا؟ (تأكيد على الانتظام والسؤال عن المدة المعينة)؟
3831	لو سمحت، التفتيش على السلامة ده، القانون بيحدده بيحصل بانتظام؟ لو آه، بيحصل كل قد إيه تحديدا؟ (تأكيد على الانتظام والسؤال عن المدة المعينة)؟
3832	ممكن أعرف التفتيش على السلامة ده، القانون بيحدده بيحصل بانتظام؟ لو آه، بيحصل كل قد أي تحديدا؟ (تأكيد على الانتظام والسؤال عن المدة المحددة)؟
3833	التفتيشات اللي بتتعمل عشان نتأكد من السلامة، ليها جدول زمني محدد في القانون؟ يعني بيفتشوا كل كام شهر أو سنة؟ (تحديد أكثر للفترة الزمنية المحتملة)
3834	يعني التفتيشات اللي بتتعمل عشان نتأكد من السلامة، ليها جدول زمني محدد في القانون؟ يعني بيفتشوا كل كام شهر أو سنة؟ (تحديد أكثر للوقت الزمنية المحتملة)؟
3835	طيب، التفتيشات اللي بتتعمل عشان نتأكد من السلامة، ليها جدول زمني محدد في النظام؟ يعني بيفتشوا كل كام شهر أو عمرة؟ (تحديد أكثر للفترة الزمنية المحتملة)؟
3836	بصراحة، التفتيشات اللي بتتعمل عشان نتأكد من السلامة، ليها جدول زمني محدد في النظام؟ يعني بيفتشوا كل أد إيه شهر أو سنهة؟ (تحديد أكثر للفترة الزمنية المحتملة)؟
3837	لو سمحت، التفتيشات اللي بتتعمل عشان نتأكد من السلامة، ليها جدول زمني محدد في التشريع؟ يعني بيفتشوا كل أد ما هو شهر أو سنة؟ (تحديد أكثر للفترة الزمنية المحتملة)؟
3838	ممكن أعرف التفتيشات اللي بتتعمل عشان نتأكد من السلامة، ليها جدول زمني محدد في القانون؟ يعني بيفتشوا كل كام شهر أو سنهة؟ (تحديد أكثر للفترة الزمنية المحتملة)؟
3839	إحنا عارفين إن فيه تفتيش دوري على السلامة، بس السؤال هنا: القانون بيقول التفتيش ده لازم يتعمل كل قد إيه؟ (تقديم معلومة معروفة ثم التركيز على السؤال الرئيسي)
3840	يعني إحنا عارفين إن فيه تفتيش دوري على السلامة، بس السؤال هنا: القانون بيقول التفتيش ده مطلوب يتعمل كل قد إيه؟ (تقديم معلومة معروفة ثم التركيز على السؤال الرئيسي)؟
3841	طيب، إحنا عارفين إن فيه تفتيش دوري على السلامة، بس السؤال هنا: القانون بيقول التفتيش ده لازم يتعمل كل قد أي؟ (تقديم معلومة معروفة ثم التركيز على السؤال الرئيسي)؟
3842	بصراحة، إحنا عارفين إن فيه تفتيش دوري على السلامة، بس السؤال هنا: القانون بيقول التفتيش ده لازم يتعمل كل قد إيه؟ (تقديم معلومة معروفة ثم التركيز على السؤال الرئيسي)؟
3843	لو سمحت، إحنا عارفين إن فيه تفتيش دوري على السلامة، بس السؤال هنا: القانون بيقول التفتيش ده لازم يتعمل كل قد إيه؟ (تقديم معلومة معروفة ثم التركيز على السؤال الرئيسي)؟
3844	ممكن أعرف إحنا عارفين إن فيه تفتيش دوري على السلامة، بس السؤال هنا: القانون بيقول التفتيش ده لازم يتعمل كل قد ما هو؟ (تقديم معلومة معروفة ثم التركيز على السؤال الرئيسي)؟
3845	القانون بيتكلم عن التحرش الجنسي في الشغل؟
3846	يعني القانون بيتكلم عن التحرش الجنسي في الشغل؟
3847	طيب، القانون بيتكلم عن التحرش الجنسي في العمل؟
3848	بصراحة، التشريع بيتكلم عن التحرش الجنسي في الشغل؟
3849	لو سمحت، النظام بيتكلم عن التحرش الجنسي في الشركة؟
3850	ممكن أعرف القانون بيتكلم عن التحرش الجنسي في الشغل؟
3851	يا ترى القانون فيه كلام عن التحرش الجنسي اللي بيحصل في أماكن الشغل؟
3852	يعني يا ترى النظام فيه كلام عن التحرش الجنسي اللي بيحصل في أماكن المؤسسة؟
3853	طيب، يا ترى التشريع فيه كلام عن التحرش الجنسي اللي بيحصل في أماكن الشغل؟
3854	بصراحة، يا ترى القانون فيه كلام عن التحرش الجنسي اللي بيحصل في أماكن الشغل؟
3855	لو سمحت، يا ترى القانون فيه كلام عن التحرش الجنسي اللي بيحصل في أماكن العمل؟
3856	ممكن أعرف يا ترى القانون فيه كلام عن التحرش الجنسي اللي بيحصل في أماكن الشركة؟
3857	هو القانون المصري بيغطي موضوع التحرش الجنسي اللي ممكن الواحد يتعرض له وهو شغال؟
3858	يعني هو التشريع المصري بيغطي موضوع التحرش الجنسي اللي ممكن الواحد يتعرض له وهو شغال؟
3859	طيب، هو القانون المصري بيغطي موضوع التحرش الجنسي اللي مسموح الواحد يتعرض له وهو شغال؟
3860	بصراحة، هو القانون المصري بيغطي موضوع التحرش الجنسي اللي مسموح الواحد يتعرض له وهو شغال؟
3861	لو سمحت، هو القانون المصري بيغطي موضوع التحرش الجنسي اللي ينفع الواحد يتعرض له وهو شغال؟
3862	ممكن أعرف هو القانون المصري بيغطي موضوع التحرش الجنسي اللي ممكن الواحد يتعرض له وهو شغال؟
3863	يعني القانون بيحمي الناس من التحرش الجنسي في الشغل ولا الموضوع ده مالوش تغطية قانونية؟
3864	يعني القانون بيحمي الناس من التحرش الجنسي في الوظيفة ولا الموضوع ده مالوش تغطية قانونية؟
3865	طيب، يعني النظام بيحمي الناس من التحرش الجنسي في الوظيفة ولا الموضوع ده مالوش تغطية قانونية؟
3866	بصراحة، يعني النظام بيحمي الناس من التحرش الجنسي في الشركة ولا الموضوع ده مالوش تغطية قانونية؟
3867	لو سمحت، يعني القانون بيحمي الناس من التحرش الجنسي في المؤسسة ولا الموضوع ده مالوش تغطية قانونية؟
3868	ممكن أعرف يعني القانون بيحمي الناس من التحرش الجنسي في الشغل ولا الموضوع ده مالوش تغطية قانونية؟
3869	فيه نصوص قانونية بتتعامل مع حالات التحرش الجنسي اللي بتحصل جوه الشركات والمؤسسات؟
3870	يعني فيه نصوص قانونية بتتعامل مع حالات التحرش الجنسي اللي بتحصل جوه الشركات والمؤسسات؟
3871	طيب، فيه نصوص قانونية بتتعامل مع حالات التحرش الجنسي اللي بتحصل جوه الشركات والمؤسسات؟
3872	بصراحة، فيه نصوص قانونية بتتعامل مع حالات التحرش الجنسي اللي بتحصل جوه الشركات والمؤسسات؟
3873	لو سمحت، فيه نصوص قانونية بتتعامل مع حالات التحرش الجنسي اللي بتحصل جوه الشركات والمؤسسات؟
3874	ممكن أعرف فيه نصوص قانونية بتتعامل مع حالات التحرش الجنسي اللي بتحصل جوه الشركات والمؤسسات؟
3875	هل القانون بيجرم التحرش الجنسي في بيئة العمل ولا دي حاجة مش متجرمة؟
3876	يعني هل القانون بيجرم التحرش الجنسي في بيئة الوظيفة ولا دي حاجة مش متجرمة؟
3877	طيب، هل النظام بيجرم التحرش الجنسي في بيئة العمل ولا دي حاجة مش متجرمة؟
3878	بصراحة، هل القانون بيجرم التحرش الجنسي في بيئة العمل ولا دي حاجة مش متجرمة؟
3879	لو سمحت، هل الشرع بيجرم التحرش الجنسي في بيئة الدوام ولا دي حاجة مش متجرمة؟
3880	ممكن أعرف هل القانون بيجرم التحرش الجنسي في بيئة الدوام ولا دي حاجة مش متجرمة؟
3881	صاحب العمل مينفعش يعمل إجراء ضد الضحية لو اشتكت؟ القانون بيحمي الضحايا؟
3882	يعني صاحب الدوام مينفعش يعمل إجراء ضد الضحية لو اشتكت؟ القانون بيحمي الضحايا؟
3883	طيب، صاحب العمل مينفعش يعمل إجراء ضد الضحية لو اشتكت؟ القانون بيحمي الضحايا؟
3884	بصراحة، صاحب العمل مينفعش يعمل إجراء ضد الضحية لو اشتكت؟ القانون بيحمي الضحايا؟
3885	لو سمحت، صاحب المؤسسة مينفعش يعمل إجراء ضد الضحية لو اشتكت؟ التشريع بيحمي الضحايا؟
3886	ممكن أعرف صاحب العمل مينفعش يعمل إجراء ضد الضحية لو اشتكت؟ القانون بيحمي الضحايا؟
3887	يعني لو حد اتعرض لأذية في شغله وراح اشتكى، مديره مبيقدرش ياخد ضده أي إجراء؟ القانون واقف في صف اللي اتأذى فعلًا؟
3888	يعني لو حد اتعرض لأذية في شغله وراح اشتكى، مديره مبيقدرش يستحق ضده أي إجراء؟ القانون واقف في صف اللي اتأذى فعلًا؟
3889	طيب، يعني لو حد اتعرض لأذية في شغله وراح اشتكى، مديره مبيقدرش يحصل على ضده أي إجراء؟ القانون واقف في صف اللي اتأذى فعلًا؟
3890	بصراحة، يعني لو حد اتعرض لأذية في شغله وراح اشتكى، مديره مبيقدرش ياخد ضده أي إجراء؟ القانون واقف في صف اللي اتأذى فعلًا؟
3891	لو سمحت، يعني لو حد اتعرض لأذية في شغله وراح اشتكى، مديره مبيقدرش ياخد ضده أي إجراء؟ النظام واقف في صف اللي اتأذى فعلًا؟
3892	ممكن أعرف يعني لو حد اتعرض لأذية في شغله وراح اشتكى، مديره مبيقدرش يأخذ ضده أي إجراء؟ القانون واقف في صف اللي اتأذى فعلًا؟
3893	هل القانون بيسمح لصاحب الشغل إنه يعاقب الموظف اللي رفع شكوى بسبب معاملة سيئة؟ ولا في حماية قانونية للضحية في الحالة دي؟
3894	يعني هل القانون بيسمح لصاحب المؤسسة إنه يعاقب الموظف اللي رفع شكوى بسبب معاملة سيئة؟ ولا في حماية قانونية للضحية في الحالة دي؟
3895	طيب، هل الشرع بيسمح لصاحب الشركة إنه يعاقب الموظف اللي رفع شكوى بسبب معاملة سيئة؟ ولا في حماية قانونية للضحية في الحالة دي؟
3896	بصراحة، هل الشرع بيسمح لصاحب الشغل إنه يعاقب الموظف اللي رفع شكوى بسبب معاملة سيئة؟ ولا في حماية قانونية للضحية في الحالة دي؟
3897	لو سمحت، هل التشريع بيسمح لصاحب الشغل إنه يعاقب الموظف اللي رفع شكوى بسبب معاملة سيئة؟ ولا في حماية قانونية للضحية في الحالة دي؟
3898	ممكن أعرف هل القانون بيسمح لصاحب الشغل إنه يعاقب الموظف اللي رفع شكوى بسبب معاملة سيئة؟ ولا في حماية قانونية للضحية في الحالة دي؟
3899	طب لو موظف قدم شكوى ضد مديره بسبب مضايقات أو أذية، هل كده بيضمن إن مفيش أي انتقام هيحصل من صاحب الشغل؟ القانون بيأمنه يعني؟
3900	يعني طب لو موظف قدم شكوى ضد مديره بسبب مضايقات أو أذية، هل كده بيمن ضمن إن مفيش أي انتقام هيحصل من صاحب الشغل؟ الشرع بيأمنه يعني؟
3901	طيب، طب لو موظف قدم شكوى ضد مديره بسبب مضايقات أو أذية، هل كده بيجزء من إن مفيش أي انتقام هيحصل من صاحب الشغل؟ النظام بيأمنه يعني؟
3902	بصراحة، طب لو موظف قدم شكوى ضد مديره بسبب مضايقات أو أذية، هل كده بيضمن إن مفيش أي انتقام هيحصل من صاحب العمل؟ القانون بيأمنه يعني؟
3903	لو سمحت، طب لو موظف قدم شكوى ضد مديره بسبب مضايقات أو أذية، هل كده بيجزء من إن مفيش أي انتقام هيحصل من صاحب المؤسسة؟ القانون بيأمنه يعني؟
3904	ممكن أعرف طب لو موظف قدم شكوى ضد مديره بسبب مضايقات أو أذية، هل كده بيمن ضمن إن مفيش أي انتقام هيحصل من صاحب الشغل؟ القانون بيأمنه يعني؟
3905	لو واحد أو واحدة اتظلموا في شغلهم وقدموا شكوى، هل صاحب العمل يقدر يعمل لهم حاجة تضرهم بعد كده؟ ولا القانون بيحمي الناس دي من أي تداعيات؟
3906	يعني لو واحد أو واحدة اتظلموا في شغلهم وقدموا شكوى، هل صاحب الشغل يقدر يعمل لهم حاجة تضرهم عقب كده؟ ولا القانون بيحمي الناس دي من أي تداعيات؟
3907	طيب، لو واحد أو واحدة اتظلموا في شغلهم وقدموا شكوى، هل صاحب العمل يقدر يعمل لهم حاجة تضرهم بعد كده؟ ولا القانون بيحمي الناس دي من أي تداعيات؟
3908	بصراحة، لو واحد أو واحدة اتظلموا في شغلهم وقدموا شكوى، هل صاحب العمل يقدر يعمل لهم حاجة تضرهم عقب كده؟ ولا القانون بيحمي الناس دي من أي تداعيات؟
3909	لو سمحت، لو واحد أو واحدة اتظلموا في شغلهم وقدموا شكوى، هل صاحب العمل يقدر يعمل لهم حاجة تضرهم بعد مرور كده؟ ولا القانون بيحمي الناس دي من أي تداعيات؟
3910	ممكن أعرف لو واحد أو واحدة اتظلموا في شغلهم وقدموا شكوى، هل صاحب الدوام يقدر يعمل لهم حاجة تضرهم بعد كده؟ ولا التشريع بيحمي الناس دي من أي تداعيات؟
3911	هل الموظف اللي بيتضرر ويبلغ عن اللي حصله بيكون في أمان من أي إجراءات تأديبية أو عقابية من صاحب الشغل؟ القانون بيوفرله الحماية اللازمة؟
3912	يعني هل الموظف اللي بيتضرر ويبلغ عن اللي حصله بيكون في أمان من أي إجراءات تأديبية أو عقابية من صاحب الشغل؟ القانون بيوفرله الحماية اللازمة؟
3913	طيب، هل الموظف اللي بيتضرر ويبلغ عن اللي حصله بيكون في أمان من أي إجراءات تأديبية أو عقابية من صاحب الشركة؟ الشرع بيوفرله الحماية المطلوبة؟
3914	بصراحة، هل الموظف اللي بيتضرر ويبلغ عن اللي حصله بيكون في أمان من أي إجراءات تأديبية أو عقابية من صاحب المؤسسة؟ التشريع بيوفرله الحماية اللازمة؟
3915	لو سمحت، هل الموظف اللي بيتضرر ويبلغ عن اللي حصله بيكون في أمان من أي إجراءات تأديبية أو عقابية من صاحب العمل؟ الشرع بيوفرله الحماية المطلوبة؟
3916	ممكن أعرف هل الموظف اللي بيتضرر ويبلغ عن اللي حصله بيكون في أمان من أي إجراءات تأديبية أو عقابية من صاحب الوظيفة؟ القانون بيوفرله الحماية اللازمة؟
3917	القانون بيلزم صاحب العمل إنه يفحص السجل الجنائي للموظفين لسبب السلامة؟
3918	يعني القانون بيلزم صاحب العمل إنه يفحص السجل الجنائي للموظفين لسبب السلامة؟
3919	طيب، الشرع بيلزم صاحب الدوام إنه يفحص السجل الجنائي للموظفين لسبب السلامة؟
3920	بصراحة، التشريع بيلزم صاحب العمل إنه يفحص السجل الجنائي للموظفين لسبب السلامة؟
3921	لو سمحت، القانون بيلزم صاحب العمل إنه يفحص السجل الجنائي للموظفين لسبب السلامة؟
3922	ممكن أعرف النظام بيلزم صاحب العمل إنه يفحص السجل الجنائي للموظفين لسبب السلامة؟
3923	"هو صاحب الشغل ملزوم قانونًا يكشف على صحيفة الحالة الجنائية بتاعة العمال عشان يحافظ على الأمان ولا لأ؟ (تغيير في الكلمات والتعبير عن ""الفحص"" بـ ""يكشف على"")."
3924	"يعني هو صاحب الشغل ملزوم قانونًا يكشف على صحيفة الحالة الجنائية بتاعة العمال عشان يحافظ على الأمان ولا لأ؟ (تغيير في الكلمات والتعبير عن ""الفحص"" بـ ""يكشف على"").؟"
3925	"طيب، هو صاحب الشغل ملزوم قانونًا يكشف على صحيفة الحالة الجنائية بتاعة العمال عشان يحافظ على الأمان ولا لأ؟ (تغيير في الكلمات والتعبير عن ""الفحص"" بـ ""يكشف على"").؟"
3926	"بصراحة، هو صاحب الشغل ملزوم قانونًا يكشف على صحيفة الحالة الجنائية بتاعة العمال عشان يحافظ على الأمان ولا لأ؟ (تغيير في الكلمات والتعبير عن ""الفحص"" بـ ""يكشف على"").؟"
3927	"لو سمحت، هو صاحب الشغل ملزوم قانونًا يكشف على صحيفة الحالة الجنائية بتاعة العمال عشان يحافظ على الأمان ولا لأ؟ (تغيير في الكلمات والتعبير عن ""الفحص"" بـ ""يكشف على"").؟"
3928	"ممكن أعرف هو صاحب العمل ملزوم قانونًا يكشف على صحيفة الحالة الجنائية بتاعة العمال عشان يحافظ على الأمان ولا لأ؟ (تغيير في الكلمات والتعبير عن ""الفحص"" بـ ""يكشف على"").؟"
3929	يا ترى القانون بيفرض على الشركات إنها تتأكد من خلو موظفينها من أي سوابق إجرامية، وده كله عشان الأمن والسلامة؟ (تغيير في الكلمات والمصطلحات المستخدمة، مع التركيز على الشركات بدلاً من صاحب العمل).
3930	يعني يا ترى الشرع بيفرض على الشركات إنها تتأكد من خلو موظفينها من أي سوابق إجرامية، وده كله عشان الأمن والسلامة؟ (تغيير في الكلمات والمصطلحات المستخدمة، مع التركيز على الشركات بدلاً من صاحب الشغل).؟
3931	طيب، يا ترى القانون بيفرض على الشركات إنها تتأكد من خلو موظفينها من أي سوابق إجرامية، وده كله عشان الأمن والسلامة؟ (تغيير في الكلمات والمصطلحات المستخدمة، مع التركيز على الشركات بدلاً من صاحب العمل).؟
3932	بصراحة، يا ترى القانون بيفرض على الشركات إنها تتأكد من خلو موظفينها من أي سوابق إجرامية، وده كله عشان الأمن والسلامة؟ (تغيير في الكلمات والمصطلحات المستخدمة، مع التركيز على الشركات بدلاً من صاحب الشغل).؟
3933	لو سمحت، يا ترى القانون بيفرض على الشركات إنها تتأكد من خلو موظفينها من أي سوابق إجرامية، وده كله عشان الأمن والسلامة؟ (تغيير في الكلمات والمصطلحات المستخدمة، مع التركيز على الشركات بدلاً من صاحب الدوام).؟
3934	ممكن أعرف يا ترى القانون بيفرض على الشركات إنها تتأكد من خلو موظفينها من أي سوابق إجرامية، وده كله عشان الأمن والسلامة؟ (تغيير في الكلمات والمصطلحات المستخدمة، مع التركيز على الشركات بدلاً من صاحب العمل).؟
3935	في إلزام قانوني على أصحاب المصانع والمحلات إنهم يعرفوا تاريخ الموظفين الإجرامي قبل ما يشغلوهم، ولا ده مش ضروري عشان إجراءات السلامة؟ (تغيير في الكلمات والتعبير عن ضرورة معرفة التاريخ الإجرامي للموظف).
3936	يعني في إلزام قانوني على أصحاب المصانع والمحلات إنهم يعرفوا تاريخ الموظفين الإجرامي قبل ما يشغلوهم، ولا ده مش ضروري عشان إجراءات السلامة؟ (تغيير في الكلمات والتعبير عن ضرورة معرفة التاريخ الإجرامي للموظف).؟
3937	طيب، في إلزام قانوني على أصحاب المصانع والمحلات إنهم يعرفوا تاريخ الموظفين الإجرامي قبل ما يشغلوهم، ولا ده مش ضروري عشان إجراءات السلامة؟ (تغيير في الكلمات والتعبير عن ضرورة معرفة التاريخ الإجرامي للموظف).؟
3938	بصراحة، في إلزام قانوني على أصحاب المصانع والمحلات إنهم يعرفوا تاريخ الموظفين الإجرامي قبل ما يشغلوهم، ولا ده مش ضروري عشان إجراءات السلامة؟ (تغيير في الكلمات والتعبير عن ضرورة معرفة التاريخ الإجرامي للموظف).؟
3939	لو سمحت، في إلزام قانوني على أصحاب المصانع والمحلات إنهم يعرفوا تاريخ الموظفين الإجرامي قبل ما يشغلوهم، ولا ده مش ضروري عشان إجراءات السلامة؟ (تغيير في الكلمات والتعبير عن ضرورة معرفة التاريخ الإجرامي للموظف).؟
3940	ممكن أعرف في إلزام قانوني على أصحاب المصانع والمحلات إنهم يعرفوا تاريخ الموظفين الإجرامي قبل ما يشغلوهم، ولا ده مش ضروري عشان إجراءات السلامة؟ (تغيير في الكلمات والتعبير عن ضرورة معرفة التاريخ الإجرامي للموظف).؟
3941	"هل فيه نص في القانون بيقول إن صاحب العمل لازم يعمل زي كشف جنائي على اللي بيشتغلوا عنده، وده بهدف إنه يضمن بيئة عمل آمنة؟ (تغيير في الكلمات والتعبير عن ""الفحص"" بـ ""كشف جنائي"" مع التركيز على ضمان بيئة عمل آمنة)."
3942	"يعني هل فيه نص في القانون بيقول إن صاحب الدوام ضروري يعمل زي كشف جنائي على اللي بيشتغلوا عنده، وده بهدف إنه يضمن بيئة عمل آمنة؟ (تغيير في الكلمات والتعبير عن ""الفحص"" بـ ""كشف جنائي"" مع التركيز على ضمان بيئة عمل آمنة).؟"
3943	"طيب، هل فيه نص في القانون بيقول إن صاحب الشغل لازم يعمل زي كشف جنائي على اللي بيشتغلوا عنده، وده بهدف إنه يفي بيئة عمل آمنة؟ (تغيير في الكلمات والتعبير عن ""الفحص"" بـ ""كشف جنائي"" مع التركيز على ضمان بيئة عمل آمنة).؟"
3944	"بصراحة، هل فيه نص في القانون بيقول إن صاحب الدوام لازم يعمل زي كشف جنائي على اللي بيشتغلوا عنده، وده بهدف إنه يضمن بيئة عمل آمنة؟ (تغيير في الكلمات والتعبير عن ""الفحص"" بـ ""كشف جنائي"" مع التركيز على ضمان بيئة عمل آمنة).؟"
3945	"لو سمحت، هل فيه نص في القانون بيقول إن صاحب العمل مطلوب يعمل زي كشف جنائي على اللي بيشتغلوا عنده، وده بهدف إنه يفي بيئة عمل آمنة؟ (تغيير في الكلمات والتعبير عن ""الفحص"" بـ ""كشف جنائي"" مع التركيز على ضمان بيئة عمل آمنة).؟"
3946	"ممكن أعرف هل فيه نص في التشريع بيقول إن صاحب العمل لازم يعمل زي كشف جنائي على اللي بيشتغلوا عنده، وده بهدف إنه يمن ضمن بيئة عمل آمنة؟ (تغيير في الكلمات والتعبير عن ""الفحص"" بـ ""كشف جنائي"" مع التركيز على ضمان بيئة عمل آمنة).؟"
3947	"يا جدعان، هو القانون بيجبر صاحب أي مصلحة إنه يشوف سجلات الموظفين اللي عنده في الشرطة، عشان يتأكد إنهم مش خطر على باقي الناس؟ (تغيير في الكلمات واللهجة مع التركيز على ""الخطر على باقي الناس"")."
3948	"يعني يا جدعان، هو الشرع بيجبر صاحب أي مصلحة إنه يشوف سجلات الموظفين اللي عنده في الشرطة، عشان يتأكد إنهم مش خطر على باقي الناس؟ (تغيير في الكلمات واللهجة مع التركيز على ""الخطر على باقي الناس"").؟"
3949	"طيب، يا جدعان، هو القانون بيجبر صاحب أي مصلحة إنه يشوف سجلات الموظفين اللي عنده في الشرطة، عشان يتأكد إنهم مش خطر على باقي الناس؟ (تغيير في الكلمات واللهجة مع التركيز على ""الخطر على باقي الناس"").؟"
3950	"بصراحة، يا جدعان، هو القانون بيجبر صاحب أي مصلحة إنه يشوف سجلات الموظفين اللي عنده في الشرطة، عشان يتأكد إنهم مش خطر على باقي الناس؟ (تغيير في الكلمات واللهجة مع التركيز على ""الخطر على باقي الناس"").؟"
3951	"لو سمحت، يا جدعان، هو القانون بيجبر صاحب أي مصلحة إنه يشوف سجلات الموظفين اللي عنده في الشرطة، عشان يتأكد إنهم مش خطر على باقي الناس؟ (تغيير في الكلمات واللهجة مع التركيز على ""الخطر على باقي الناس"").؟"
3952	"ممكن أعرف يا جدعان، هو القانون بيجبر صاحب أي مصلحة إنه يشوف سجلات الموظفين اللي عنده في الشرطة، عشان يتأكد إنهم مش خطر على باقي الناس؟ (تغيير في الكلمات واللهجة مع التركيز على ""الخطر على باقي الناس"").؟"
3953	عامل فوق 60 سنة بيأخذ إيه بدل مكان الشغل؟ (مكافأة نهاية الخدمة)
3954	يعني عامل فوق 60 سنة بيأخذ إيه بدل مكان الشغل؟ (مكافأة نهاية الخدمة)؟
3955	طيب، عامل فوق 60 سنة بيأخذ إيه بدل مكان الشغل؟ (مكافأة نهاية الخدمة)؟
3956	بصراحة، عامل فوق 60 سنة بيأخذ إيه بدل مكان المؤسسة؟ (مكافأة نهاية الخدمة)؟
3957	لو سمحت، عامل فوق 60 سنة بيأخذ أي بدل مكان الشغل؟ (مكافأة نهاية الخدمة)؟
3958	ممكن أعرف عامل فوق 60 عمرة بيأخذ إيه بدل مكان الشغل؟ (مكافأة نهاية الخدمة)؟
3959	واحد عدى الستين واشتغل، ياخد تعويض إيه لما يبطل شغل؟ (نهاية خدمة يعني)
3960	يعني واحد عدى الستين واشتغل، يأخذ تعويض إيه لما يبطل شغل؟ (نهاية خدمة يعني)؟
3961	طيب، واحد عدى الستين واشتغل، ياخد تعويض أي لما يبطل شغل؟ (نهاية خدمة يعني)؟
3962	بصراحة، واحد عدى الستين واشتغل، يحصل على تعويض إيه لما يبطل شغل؟ (نهاية خدمة يعني)؟
3963	لو سمحت، واحد عدى الستين واشتغل، ياخد تعويض إيه لما يبطل شغل؟ (نهاية خدمة يعني)؟
3964	ممكن أعرف واحد عدى الستين واشتغل، يحصل على تعويض إيه لما يبطل شغل؟ (نهاية خدمة يعني)؟
3965	الراجل اللي سنه أكبر من 60 سنة، القانون بيقول له إيه لما يتقاعد؟ (بمعنى مكافأة التقاعد)
3966	يعني الراجل اللي سنه أكبر من 60 سنة، النظام بيقول له إيه لما يتقاعد؟ (بمعنى مكافأة التقاعد)؟
3967	طيب، الراجل اللي سنه أكبر من 60 سنة، الشرع بيقول له ما هو لما يتقاعد؟ (بمعنى مكافأة التقاعد)؟
3968	بصراحة، الراجل اللي سنهه أكبر من 60 سنة، القانون بيقول له ماذا لما يتقاعد؟ (بمعنى مكافأة التقاعد)؟
3969	لو سمحت، الراجل اللي سنه أكبر من 60 سنة، التشريع بيقول له أي لما يتقاعد؟ (بمعنى مكافأة التقاعد)؟
3970	ممكن أعرف الراجل اللي سنهه أكبر من 60 سنة، القانون بيقول له إيه لما يتقاعد؟ (بمعنى مكافأة التقاعد)؟
3971	إيه الحقوق المادية اللي بتيجي لواحد شغله لما يكمل الستين سنة؟ (زي مكافأة نهاية الخدمة)
3972	يعني ماذا الحقوق المادية اللي بتيجي لواحد شغله لما يكمل الستين سنهة؟ (زي مكافأة نهاية الخدمة)؟
3973	طيب، إيه الحقوق المادية اللي بتيجي لواحد شغله لما يكمل الستين سنهة؟ (زي مكافأة نهاية الخدمة)؟
3974	بصراحة، إيه الحقوق المادية اللي بتيجي لواحد شغله لما يكمل الستين سنة؟ (زي مكافأة نهاية الخدمة)؟
3975	لو سمحت، إيه الحقوق المادية اللي بتيجي لواحد شغله لما يكمل الستين عمرة؟ (زي مكافأة نهاية الخدمة)؟
3976	ممكن أعرف ما هو الحقوق المادية اللي بتيجي لواحد شغله لما يكمل الستين عمرة؟ (زي مكافأة نهاية الخدمة)؟
3977	لو موظف سنه فوق الستين، المفروض ياخد كام قرش لما يسيب الشغل؟ (يعني تعويض نهاية الخدمة)
3978	يعني لو موظف سنه إضافة إلى الستين، المفروض ياخد كام قرش لما يسيب الشغل؟ (يعني تعويض نهاية الخدمة)؟
3979	طيب، لو موظف سنه فوق الستين، المفروض يأخذ أد إيه قرش لما يسيب الشغل؟ (يعني تعويض نهاية الخدمة)؟
3980	بصراحة، لو موظف سنه فوق الستين، المفروض ياخد كام قرش لما يسيب الشغل؟ (يعني تعويض نهاية الخدمة)؟
3981	لو سمحت، لو موظف عمره فوق الستين، المفروض يأخذ كام قرش لما يسيب الشركة؟ (يعني تعويض نهاية الخدمة)؟
3982	ممكن أعرف لو موظف سنه فوق الستين، المفروض ياخد كام قرش لما يسيب الوظيفة؟ (يعني تعويض نهاية الخدمة)؟
3983	إيه اللي بيستحقه أي حد سنه عدا الستين وبيشتغل، لما يمشي من الشغل؟ (أقصد مكافأة نهاية الخدمة)
3984	يعني إيه اللي بيستحقه أي حد سنهه عدا الستين وبيشتغل، لما يمشي من الشغل؟ (أقصد مكافأة نهاية الخدمة)؟
3985	طيب، ماذا اللي بيستحقه أي حد سنهه عدا الستين وبيشتغل، لما يمشي من الشغل؟ (أقصد مكافأة نهاية الخدمة)؟
3986	بصراحة، أي اللي بيستحقه أي حد سنه عدا الستين وبيشتغل، لما يمشي من الشغل؟ (أقصد مكافأة نهاية الخدمة)؟
3987	لو سمحت، إيه اللي بيستحقه أي حد سنهه عدا الستين وبيشتغل، لما يمشي من الشغل؟ (أقصد مكافأة نهاية الخدمة)؟
3988	ممكن أعرف إيه اللي بيستحقه أي حد سنه عدا الستين وبيشتغل، لما يمشي من الشغل؟ (أقصد مكافأة نهاية الخدمة)؟
3989	كيف بتتحسب مكافأة نهاية الخدمة؟ (نصف شهر للسنين الأولى وشهر للسنين البعد كده)
3990	يعني كيف بتتضاف مكافأة نهاية الخدمة؟ (نصف شهر للسنين الأولى وشهر للسنين البعد كده)؟
3991	طيب، كيف تحسب مكافأة نهاية الخدمة؟ (نصف شهر للسنهين الأولى وشهر للسنين البعد كده)؟
3992	بصراحة، كيف بتتحسب مكافأة نهاية الخدمة؟ (نصف شهر للسنين الأولى وشهر للسنين البعد كده)؟
3993	لو سمحت، كيف بتتحسب مكافأة نهاية الخدمة؟ (نصف شهر للسنين الأولى وشهر للسنين البعد مرور كده)؟
3994	ممكن أعرف كيف بتتضاف مكافأة نهاية الخدمة؟ (نصف شهر للسنين الأولى وشهر للسنين البعد مرور كده)؟
3995	إزاي بيتم حساب مبلغ نهاية الخدمة؟ قصدي، النص شهر عن السنين الأولى والشهر الكامل بعد كدة بيتحسبوا إزاي بالظبط؟
3996	يعني إزاي بيتم حساب مبلغ نهاية الخدمة؟ قصدي، النص شهر عن العمرين الأولى والشهر الكامل عقب كدة بيتحسبوا إزاي بالظبط؟
3997	طيب، إزاي بيتم حساب مبلغ نهاية الخدمة؟ قصدي، النص شهر عن السنهين الأولى والشهر الكامل بعد كدة بيتُعتبروا إزاي بالظبط؟
3998	بصراحة، إزاي بيتم حساب مبلغ نهاية الخدمة؟ قصدي، النص شهر عن السنين الأولى والشهر الكامل بعد كدة بيتحسبوا إزاي بالظبط؟
3999	لو سمحت، إزاي بيتم حساب مبلغ نهاية الخدمة؟ قصدي، النص شهر عن السنين الأولى والشهر القد إيهل بعد كدة بيتُحسبوا إزاي بالظبط؟
4000	ممكن أعرف إزاي بيتم حساب مبلغ نهاية الخدمة؟ قصدي، النص شهر عن السنين الأولى والشهر القد إيهل بعد كدة بيتحسبوا إزاي بالظبط؟
4001	عاوز أعرف طريقة احتساب مكافأة نهاية الخدمة. يعني، لو اشتغلت كام سنة، النص شهر ده والشهر اللي بعده بيتجابوا إزاي؟
4002	يعني عاوز أعرف طريقة احتساب مكافأة نهاية الخدمة. يعني، لو اشتغلت قد إيه سنة، النص شهر ده والشهر اللي عقبه بيتجابوا إزاي؟
4003	طيب، عاوز أعرف طريقة احتساب مكافأة نهاية الخدمة. يعني، لو اشتغلت كام سنة، النص شهر ده والشهر اللي عقبه بيتجابوا إزاي؟
4004	بصراحة، عاوز أعرف طريقة احتساب مكافأة نهاية الخدمة. يعني، لو اشتغلت إيه مقدار سنة، النص شهر ده والشهر اللي بعد مروره بيتجابوا إزاي؟
4005	لو سمحت، عاوز أعرف طريقة احتساب مكافأة نهاية الخدمة. يعني، لو اشتغلت قد إيه سنهة، النص شهر ده والشهر اللي بعده بيتجابوا إزاي؟
4006	ممكن أعرف عاوز أعرف طريقة احتساب مكافأة نهاية الخدمة. يعني، لو اشتغلت أد إيه سنة، النص شهر ده والشهر اللي بعده بيتجابوا إزاي؟
4007	ممكن تشرح لي آلية حساب تعويض نهاية الخدمة؟ بالذات الجزء بتاع نص المرتب عن كل سنة في الأول وشهر المرتب بعدين.
4008	يعني يجوز تشرح لي آلية حساب تعويض نهاية الخدمة؟ بالذات الجزء بتاع نص المرتب عن كل سنهة في الأول وشهر المرتب بعدين.؟
4009	طيب، يمكن تشرح لي آلية حساب تعويض نهاية الخدمة؟ بالذات الجزء بتاع نص المرتب عن كل عمرة في الأول وشهر المرتب بعدين.؟
4010	بصراحة، ممكن تشرح لي آلية حساب تعويض نهاية الخدمة؟ بالذات الجزء بتاع نص المرتب عن كل سنة في الأول وشهر المرتب بعدين.؟
4011	لو سمحت، ممكن تشرح لي آلية حساب تعويض نهاية الخدمة؟ بالذات الجزء بتاع نص المرتب عن كل سنة في الأول وشهر المرتب بعدين.؟
4012	ممكن أعرف ممكن تشرح لي آلية حساب تعويض نهاية الخدمة؟ بالذات الجزء بتاع نص المرتب عن كل عمرة في الأول وشهر المرتب بعد مرورين.؟
4013	إيه هي الطريقة اللي الشركة بتحسب بيها مستحقات نهاية الخدمة؟ والنظام بتاع نص شهر وشهر على السنين، ده بيتم إزاي؟
4014	يعني إيه هي الطريقة اللي الشركة بتحسب بيها مستحقات نهاية الخدمة؟ والنظام بتاع نص شهر وشهر على العمرين، ده بيتم إزاي؟
4015	طيب، إيه هي الطريقة اللي الشركة بتُعد بيها مستحقات نهاية الخدمة؟ والنظام بتاع نص شهر وشهر على السنهين، ده بيتم إزاي؟
4016	بصراحة، ما هو هي الطريقة اللي الشركة بتُعد بيها مستحقات نهاية الخدمة؟ والنظام بتاع نص شهر وشهر على السنين، ده بيتم إزاي؟
4017	لو سمحت، إيه هي الطريقة اللي الشركة بتُعتبر بيها مستحقات نهاية الخدمة؟ والنظام بتاع نص شهر وشهر على السنهين، ده بيتم إزاي؟
4018	ممكن أعرف إيه هي الطريقة اللي الشركة بتحسب بيها مستحقات نهاية الخدمة؟ والنظام بتاع نص شهر وشهر على السنين، ده بيتم إزاي؟
4019	لو سمحت، ممكن تفهمني طريقة حساب مكافأة نهاية الخدمة؟ يعني النص شهر عن السنين اللي قضيتها في الأول والشهر الكامل بعد كده، بيتحسبوا بناءً على إيه؟
4020	يعني لو سمحت، ممكن تفهمني طريقة حساب مكافأة نهاية الخدمة؟ يعني النص شهر عن السنين اللي قضيتها في الأول والشهر الكامل بعد كده، بيتحسبوا بناءً على إيه؟
4021	طيب، لو سمحت، ممكن تفهمني طريقة حساب مكافأة نهاية الخدمة؟ يعني النص شهر عن السنين اللي قضيتها في الأول والشهر الكامل بعد مرور كده، بيتُعتبروا بناءً على إيه؟
4022	بصراحة، لو سمحت، ممكن تفهمني طريقة حساب مكافأة نهاية الخدمة؟ يعني النص شهر عن العمرين اللي قضيتها في الأول والشهر الكمل بعد كده، بيتحسبوا بناءً على ماذا؟
4023	لو سمحت، ممكن تفهمني طريقة حساب مكافأة نهاية الخدمة؟ يعني النص شهر عن السنين اللي قضيتها في الأول والشهر الكامل عقب كده، بيتُحسبوا بناءً على ماذا؟
4024	ممكن أعرف لو سمحت، ينفع تفهمني طريقة حساب مكافأة نهاية الخدمة؟ يعني النص شهر عن العمرين اللي قضيتها في الأول والشهر القد إيهل بعد كده، بيتحسبوا بناءً على إيه؟
4025	الفلوس دي بتصرف لو العامل استقال بعد السن دي ولا بس لو اتفصل؟
4026	يعني الفلوس دي بتصرف لو العامل استذكر بعد السن دي ولا بس لو اتفصل؟
4027	طيب، الفلوس دي بتصرف لو العامل استقال بعد مرور العمر دي ولا بس لو اتفصل؟
4028	بصراحة، الفلوس دي بتصرف لو العامل استحدد عقب السن دي ولا بس لو اتفصل؟
4029	لو سمحت، الفلوس دي بتصرف لو العامل استقال بعد السن دي ولا بس لو اتفصل؟
4030	ممكن أعرف الفلوس دي بتصرف لو العامل استقال عقب السن دي ولا بس لو اتفصل؟
4031	هل المبالغ دي بتُدفع في حالة استقالة الموظف بعد العمر ده، ولا بتتصرف بس لو الشركة مشّيته؟
4032	يعني هل المبالغ دي بتُدفع في حالة استنصة الموظف بعد مرور العمر ده، ولا بتتصرف بس لو الشركة مشّيته؟
4033	طيب، هل المبالغ دي بتُدفع في حالة استقالة الموظف بعد العمر ده، ولا بتتصرف بس لو الشركة مشّيته؟
4034	بصراحة، هل المبالغ دي بتُدفع في حالة استقالة الموظف بعد العمر ده، ولا بتتصرف بس لو الشركة مشّيته؟
4035	لو سمحت، هل المبالغ دي بتُدفع في حالة استقالة الموظف بعد مرور العمر ده، ولا بتتصرف بس لو الشركة مشّيته؟
4036	ممكن أعرف هل المبالغ دي بتُدفع في حالة استذكرة الموظف بعد مرور العمر ده، ولا بتتصرف بس لو الشركة مشّيته؟
4037	طيب، الفلوس دي ليها علاقة بسّن الموظف؟ يعني لو ساب الشغل بعد سن معين، ياخدها؟ ولا هي بس للّي بيمشّوا غصب عنهم؟
4038	يعني طيب، الفلوس دي ليها علاقة بسّن الموظف؟ يعني لو ساب الشغل بعد مرور سن معين، يأخذها؟ ولا هي بس للّي بيمشّوا غصب عنهم؟
4039	طيب، الفلوس دي ليها علاقة بسّن الموظف؟ يعني لو ساب الشغل عقب سنه معين، ياخدها؟ ولا هي بس للّي بيمشّوا غصب عنهم؟
4040	بصراحة، طيب، الفلوس دي ليها علاقة بسّن الموظف؟ يعني لو ساب الوظيفة عقب سنه معين، ياخدها؟ ولا هي بس للّي بيمشّوا غصب عنهم؟
4041	لو سمحت، طيب، الفلوس دي ليها علاقة بسّن الموظف؟ يعني لو ساب العمل بعد سنه معين، يحصل علىها؟ ولا هي بس للّي بيمشّوا غصب عنهم؟
4042	ممكن أعرف طيب، الفلوس دي ليها علاقة بسّن الموظف؟ يعني لو ساب الشغل بعد سن معين، ياخدها؟ ولا هي بس للّي بيمشّوا غصب عنهم؟
4043	هو لو حد مشي من الشغل بمزاجه بعد العمر ده، ياخد مستحقاته دي ولا لأ؟ المستحقات دي مرتبطة بالاستقالة ولا الفصل؟
4044	يعني هو لو حد مشي من الشغل بمزاجه بعد مرور العمر ده، يستحق مستحقاته دي ولا لأ؟ المستحقات دي مرتبطة بالاستنصة ولا الفصل؟
4045	طيب، هو لو حد مشي من الشغل بمزاجه عقب العمر ده، يحصل على مستحقاته دي ولا لأ؟ المستحقات دي مرتبطة بالاستقالة ولا الفصل؟
4046	بصراحة، هو لو حد مشي من الشغل بمزاجه بعد العمر ده، يأخذ مستحقاته دي ولا لأ؟ المستحقات دي مرتبطة بالاستقالة ولا الفصل؟
4047	لو سمحت، هو لو حد مشي من الوظيفة بمزاجه بعد العمر ده، يحصل على مستحقاته دي ولا لأ؟ المستحقات دي مرتبطة بالاستقالة ولا الفصل؟
4048	ممكن أعرف هو لو حد مشي من الشغل بمزاجه بعد مرور العمر ده، ياخد مستحقاته دي ولا لأ؟ المستحقات دي مرتبطة بالاستقالة ولا الفصل؟
4049	بالنسبة للمبالغ دي، هل ليها شروط متعلقة بسبب ترك الشغل؟ يعني لو الموظف استقال بعد سن معين، هل يستحقها زي اللي اترفد؟
4050	يعني بالنسبة للمبالغ دي، هل ليها شروط متعلقة بسبب ترك المؤسسة؟ يعني لو الموظف استقال عقب عمر معين، هل يستحقها زي اللي اترفد؟
4051	طيب، بالنسبة للمبالغ دي، هل ليها شروط متعلقة بسبب ترك الشركة؟ يعني لو الموظف استقال بعد مرور عمر معين، هل يستحقها زي اللي اترفد؟
4052	بصراحة، بالنسبة للمبالغ دي، هل ليها شروط متعلقة بسبب ترك الشركة؟ يعني لو الموظف استذكر بعد مرور سن معين، هل يستحقها زي اللي اترفد؟
4053	لو سمحت، بالنسبة للمبالغ دي، هل ليها شروط متعلقة بسبب ترك الشغل؟ يعني لو الموظف استقال بعد سن معين، هل يستحقها زي اللي اترفد؟
4054	ممكن أعرف بالنسبة للمبالغ دي، هل ليها شروط متعلقة بسبب ترك الشغل؟ يعني لو الموظف استقال بعد مرور عمر معين، هل يستحقها زي اللي اترفد؟
4055	السؤال بالبلدي: الفلوس دي بندفعها للموظف لو قرر يسيب الشغل بعد سن معين، ولا دي بس للناس اللي الشركة بتستغنى عنهم؟
4056	يعني السؤال بالبلدي: الفلوس دي بندفعها للموظف لو قرر يسيب الشغل بعد عمر معين، ولا دي بس للناس اللي الشركة بتستغنى عنهم؟
4057	طيب، السؤال بالبلدي: الفلوس دي بندفعها للموظف لو قرر يسيب المؤسسة بعد مرور سن معين، ولا دي بس للناس اللي الشركة بتستغنى عنهم؟
4058	بصراحة، السؤال بالبلدي: الفلوس دي بندفعها للموظف لو قرر يسيب الشغل بعد سن معين، ولا دي بس للناس اللي الشركة بتستغنى عنهم؟
4059	لو سمحت، السؤال بالبلدي: الفلوس دي بندفعها للموظف لو قرر يسيب الشغل عقب سن معين، ولا دي بس للناس اللي الشركة بتستغنى عنهم؟
4060	ممكن أعرف السؤال بالبلدي: الفلوس دي بندفعها للموظف لو قرر يسيب الوظيفة بعد سن معين، ولا دي بس للناس اللي الشركة بتستغنى عنهم؟
4061	لو الواحد مات وهو شغال، المستحقين ليه يأخذوا إيه؟
4062	يعني لو الواحد مات وهو شغال، المستحقين ليه يأخذوا إيه؟
4063	طيب، لو الواحد مات وهو شغال، المستحقين ليه يأخذوا ماذا؟
4064	بصراحة، لو الواحد مات وهو شغال، المستحقين ليه يأخذوا إيه؟
4065	لو سمحت، لو الواحد مات وهو شغال، المستحقين ليه يأخذوا إيه؟
4066	ممكن أعرف لو الواحد مات وهو شغال، المستحقين ليه يأخذوا ما هو؟
4067	"طب فرضًا واحد كان بيشتغل وربنا افتكره، أهله ياخدوا حقوقه ولا إيه النظام؟ (هنا استخدمنا تعابير مثل ""ربنا افتكره"" و ""إيه النظام"" لتقريبها للهجة المصرية)."
4068	"يعني طب فرضًا واحد كان بيشتغل وربنا افتكره، أهله ياخدوا حقوقه ولا ماذا النظام؟ (هنا استخدمنا تعابير مثل ""ربنا افتكره"" و ""إيه النظام"" لتقريبها للهجة المصرية).؟"
4069	"طيب، طب فرضًا واحد كان بيشتغل وربنا افتكره، أهله ياخدوا حقوقه ولا إيه النظام؟ (هنا استخدمنا تعابير مثل ""ربنا افتكره"" و ""إيه النظام"" لتقريبها للهجة المصرية).؟"
4070	"بصراحة، طب فرضًا واحد كان بيشتغل وربنا افتكره، أهله ياخدوا حقوقه ولا إيه النظام؟ (هنا استخدمنا تعابير مثل ""ربنا افتكره"" و ""إيه النظام"" لتقريبها للهجة المصرية).؟"
4071	"لو سمحت، طب فرضًا واحد كان بيشتغل وربنا افتكره، أهله ياخدوا حقوقه ولا إيه النظام؟ (هنا استخدمنا تعابير مثل ""ربنا افتكره"" و ""إيه النظام"" لتقريبها للهجة المصرية).؟"
4072	"ممكن أعرف طب فرضًا واحد كان بيشتغل وربنا افتكره، أهله ياخدوا حقوقه ولا إيه النظام؟ (هنا استخدمنا تعابير مثل ""ربنا افتكره"" و ""إيه النظام"" لتقريبها للهجة المصرية).؟"
4073	"لو واحد اتوفى وهو على رأس عمله، الناس اللي كانوا بيعتمدوا عليه، ياخدوا تعويضات أو حاجة؟ (ركزنا على فكرة الاعتماد المالي واستخدام كلمة ""تعويضات"")."
4074	"يعني لو واحد اتوفى وهو على رأس عمله، الناس اللي كانوا بيعتمدوا عليه، يحصل علىوا تعويضات أو حاجة؟ (ركزنا على فكرة الاعتماد المالي واستخدام كلمة ""تعويضات"").؟"
4075	"طيب، لو واحد اتوفى وهو على رأس عمله، الناس اللي كانوا بيعتمدوا عليه، ياخدوا تعويضات أو حاجة؟ (ركزنا على فكرة الاعتماد المالي واستخدام كلمة ""تعويضات"").؟"
4076	"بصراحة، لو واحد اتوفى وهو على رأس عمله، الناس اللي كانوا بيعتمدوا عليه، يحصل علىوا تعويضات أو حاجة؟ (ركزنا على فكرة الاعتماد المالي واستخدام كلمة ""تعويضات"").؟"
4077	"لو سمحت، لو واحد اتوفى وهو على رأس عمله، الناس اللي كانوا بيعتمدوا عليه، ياخدوا تعويضات أو حاجة؟ (ركزنا على فكرة الاعتماد المالي واستخدام كلمة ""تعويضات"").؟"
4078	"ممكن أعرف لو واحد اتوفى وهو على رأس عمله، الناس اللي كانوا بيعتمدوا عليه، يستحقوا تعويضات أو حاجة؟ (ركزنا على فكرة الاعتماد المالي واستخدام كلمة ""تعويضات"").؟"
4079	"يعني لو الراجل كان شغال ومات، الورثة بتوعه ليهم معاش أو مستحقات معينة ولا خلاص كده؟ (استخدمنا مصطلح ""الورثة"" و""معاش"" لجعله أكثر تحديدًا)."
4080	"يعني لو الراجل كان شغال ومات، الورثة بتوعه ليهم معاش أو مستحقات معينة ولا خلاص كده؟ (استخدمنا مصطلح ""الورثة"" و""معاش"" لجعله أكثر تحديدًا).؟"
4081	"طيب، يعني لو الراجل كان شغال ومات، الورثة بتوعه ليهم معاش أو مستحقات معينة ولا خلاص كده؟ (استخدمنا مصطلح ""الورثة"" و""معاش"" لجعله أكثر تحديدًا).؟"
4082	"بصراحة، يعني لو الراجل كان شغال ومات، الورثة بتوعه ليهم معاش أو مستحقات معينة ولا خلاص كده؟ (استخدمنا مصطلح ""الورثة"" و""معاش"" لجعله أكثر تحديدًا).؟"
4083	"لو سمحت، يعني لو الراجل كان شغال ومات، الورثة بتوعه ليهم معاش أو مستحقات معينة ولا خلاص كده؟ (استخدمنا مصطلح ""الورثة"" و""معاش"" لجعله أكثر تحديدًا).؟"
4084	"ممكن أعرف يعني لو الراجل كان شغال ومات، الورثة بتوعه ليهم معاش أو مستحقات معينة ولا خلاص كده؟ (استخدمنا مصطلح ""الورثة"" و""معاش"" لجعله أكثر تحديدًا).؟"
4085	"طيب الواحد لو مات وهو في وظيفته، أسرته تستحق إيه من الشركة أو الحكومة؟ (هنا حددنا جهات ممكنة للدفع مثل ""الشركة"" أو ""الحكومة"")."
4086	"يعني طيب الواحد لو مات وهو في وظيفته، أسرته تستحق ماذا من الشركة أو الحكومة؟ (هنا حددنا جهات ممكنة للدفع مثل ""الشركة"" أو ""الحكومة"").؟"
4087	"طيب الواحد لو مات وهو في وظيفته، أسرته تستحق إيه من الشركة أو الحكومة؟ (هنا حددنا جهات ممكنة للدفع مثل ""الشركة"" أو ""الحكومة"").؟"
4088	"بصراحة، طيب الواحد لو مات وهو في وظيفته، أسرته تستحق إيه من الشركة أو الحكومة؟ (هنا حددنا جهات ممكنة للدفع مثل ""الشركة"" أو ""الحكومة"").؟"
4089	"لو سمحت، طيب الواحد لو مات وهو في وظيفته، أسرته تستحق إيه من الشركة أو الحكومة؟ (هنا حددنا جهات ممكنة للدفع مثل ""الشركة"" أو ""الحكومة"").؟"
4090	"ممكن أعرف طيب الواحد لو مات وهو في وظيفته، أسرته تستحق إيه من الشركة أو الحكومة؟ (هنا حددنا جهات ممكنة للدفع مثل ""الشركة"" أو ""الحكومة"").؟"
4091	"لو شخص كان بيشتغل ومات فجأة، أهله ياخدوا مرتب شهر ولا إيه اللي بيحصل بالضبط في الحالات دي؟ (ركزنا على إمكانية الحصول على ""مرتب شهر"" كمثال، مع استخدام عبارة ""إيه اللي بيحصل بالضبط"")."
4092	"يعني لو شخص كان بيشتغل ومات فجأة، أهله ياخدوا مرتب شهر ولا ما هو اللي بيحصل بالضبط في الحالات دي؟ (ركزنا على إمكانية الحصول على ""مرتب شهر"" كمثال، مع استخدام عبارة ""إيه اللي بيحصل بالضبط"").؟"
4093	"طيب، لو شخص كان بيشتغل ومات فجأة، أهله ياخدوا مرتب شهر ولا ماذا اللي بيحصل بالضبط في الحالات دي؟ (ركزنا على إمكانية الحصول على ""مرتب شهر"" كمثال، مع استخدام عبارة ""إيه اللي بيحصل بالضبط"").؟"
4094	"بصراحة، لو شخص كان بيشتغل ومات فجأة، أهله ياخدوا مرتب شهر ولا إيه اللي بيحصل بالضبط في الحالات دي؟ (ركزنا على إمكانية الحصول على ""مرتب شهر"" كمثال، مع استخدام عبارة ""إيه اللي بيحصل بالضبط"").؟"
4095	"لو سمحت، لو شخص كان بيشتغل ومات فجأة، أهله ياخدوا مرتب شهر ولا إيه اللي بيحصل بالضبط في الحالات دي؟ (ركزنا على إمكانية الحصول على ""مرتب شهر"" كمثال، مع استخدام عبارة ""إيه اللي بيحصل بالضبط"").؟"
4096	"ممكن أعرف لو شخص كان بيشتغل ومات فجأة، أهله ياخدوا مرتب شهر ولا إيه اللي بيحصل بالضبط في الحالات دي؟ (ركزنا على إمكانية الحصول على ""مرتب شهر"" كمثال، مع استخدام عبارة ""إيه اللي بيحصل بالضبط"").؟"
4097	التأمين الصحي: هل بيغطي علاج الأمراض اللي بتحصل في الشغل؟
4098	يعني التأمين الصحي: هل بيغطي علاج الأمراض اللي بتحصل في الشغل؟
4099	طيب، التأمين الصحي: هل بيغطي علاج الأمراض اللي بتحصل في الشغل؟
4100	بصراحة، التأمين الصحي: هل بيغطي علاج الأمراض اللي بتحصل في الشغل؟
4101	لو سمحت، التأمين الصحي: هل بيغطي علاج الأمراض اللي بتحصل في الشغل؟
4102	ممكن أعرف التأمين الصحي: هل بيغطي علاج الأمراض اللي بتحصل في الشغل؟
4103	بالنسبة للتأمين الصحي، هل يشمل علاج أي أمراض الواحد ممكن يصاب بيها بسبب شغله؟ (تركيز على شمولية التأمين)
4104	يعني بالنسبة للتأمين الصحي، هل يشمل علاج أي أمراض الواحد مسموح يصاب بيها بسبب شغله؟ (تركيز على شمولية التأمين)؟
4105	طيب، بالنسبة للتأمين الصحي، هل يشمل علاج أي أمراض الواحد ينفع يصاب بيها بسبب شغله؟ (تركيز على شمولية التأمين)؟
4106	بصراحة، بالنسبة للتأمين الصحي، هل يشمل علاج أي أمراض الواحد ممكن يصاب بيها بسبب شغله؟ (تركيز على شمولية التأمين)؟
4107	لو سمحت، بالنسبة للتأمين الصحي، هل يشمل علاج أي أمراض الواحد يمكن يصاب بيها بسبب شغله؟ (تركيز على شمولية التأمين)؟
4108	ممكن أعرف بالنسبة للتأمين الصحي، هل يشمل علاج أي أمراض الواحد ممكن يصاب بيها بسبب شغله؟ (تركيز على شمولية التأمين)؟
4109	لو الواحد جاله مرض نتيجة شغله، هل التأمين الصحي بيتحمل تكاليف علاجه؟ (تركيز على تحمل التكاليف)
4110	يعني لو الواحد جاله مرض نتيجة شغله، هل التأمين الصحي بيتحمل تكاليف علاجه؟ (تركيز على تحمل التكاليف)؟
4111	طيب، لو الواحد جاله مرض نتيجة شغله، هل التأمين الصحي بيتحمل تكاليف علاجه؟ (تركيز على تحمل التكاليف)؟
4112	بصراحة، لو الواحد جاله مرض نتيجة شغله، هل التأمين الصحي بيتحمل تكاليف علاجه؟ (تركيز على تحمل التكاليف)؟
4113	لو سمحت، لو الواحد جاله مرض نتيجة شغله، هل التأمين الصحي بيتحمل تكاليف علاجه؟ (تركيز على تحمل التكاليف)؟
4114	ممكن أعرف لو الواحد جاله مرض نتيجة شغله، هل التأمين الصحي بيتحمل تكاليف علاجه؟ (تركيز على تحمل التكاليف)؟
4115	لو حصلتلي مشكلة صحية بسبب الشغل، هل أقدر أعتمد على التأمين الصحي بتاعي في العلاج؟ (تركيز على الاعتماد على التأمين)
4116	يعني لو حصلتلي مشكلة صحية بسبب الشغل، هل أقدر أعتمد على التأمين الصحي بتاعي في العلاج؟ (تركيز على الاعتماد على التأمين)؟
4117	طيب، لو حصلتلي مشكلة صحية بسبب الشغل، هل أقدر أعتمد على التأمين الصحي بتاعي في العلاج؟ (تركيز على الاعتماد على التأمين)؟
4118	بصراحة، لو حصلتلي مشكلة صحية بسبب الشغل، هل أقدر أعتمد على التأمين الصحي بتاعي في العلاج؟ (تركيز على الاعتماد على التأمين)؟
4119	لو سمحت، لو حصلتلي مشكلة صحية بسبب الوظيفة، هل أقدر أعتمد على التأمين الصحي بتاعي في العلاج؟ (تركيز على الاعتماد على التأمين)؟
4120	ممكن أعرف لو حصلتلي مشكلة صحية بسبب الشغل، هل أقدر أعتمد على التأمين الصحي بتاعي في العلاج؟ (تركيز على الاعتماد على التأمين)؟
4121	التأمين الصحي اللي معايا ده، هل بيغطي أي علاج أنا محتاجه لو تعبت من الشغل؟ (تركيز على التأمين المحدد للشخص)
4122	يعني التأمين الصحي اللي معايا ده، هل بيغطي أي علاج أنا محتاجه لو تعبت من الشركة؟ (تركيز على التأمين المحدد للشخص)؟
4123	طيب، التأمين الصحي اللي معايا ده، هل بيغطي أي علاج أنا محتاجه لو تعبت من الشغل؟ (تركيز على التأمين المحدد للشخص)؟
4124	بصراحة، التأمين الصحي اللي معايا ده، هل بيغطي أي علاج أنا محتاجه لو تعبت من الشغل؟ (تركيز على التأمين المحدد للشخص)؟
4125	لو سمحت، التأمين الصحي اللي معايا ده، هل بيغطي أي علاج أنا محتاجه لو تعبت من الشغل؟ (تركيز على التأمين المحدد للشخص)؟
4126	ممكن أعرف التأمين الصحي اللي معايا ده، هل بيغطي أي علاج أنا محتاجه لو تعبت من المؤسسة؟ (تركيز على التأمين المحدد للشخص)؟
4127	هل فيه أي تغطية من التأمين الصحي للأمراض اللي ممكن الواحد يصاب بيها نتيجة ظروف العمل؟ (تركيز على ظروف العمل)
4128	يعني هل فيه أي تغطية من التأمين الصحي للأمراض اللي ممكن الواحد يصاب بيها نتيجة ظروف العمل؟ (تركيز على ظروف العمل)؟
4129	طيب، هل فيه أي تغطية من التأمين الصحي للأمراض اللي ممكن الواحد يصاب بيها نتيجة ظروف العمل؟ (تركيز على ظروف العمل)؟
4130	بصراحة، هل فيه أي تغطية من التأمين الصحي للأمراض اللي ممكن الواحد يصاب بيها نتيجة ظروف العمل؟ (تركيز على ظروف العمل)؟
4131	لو سمحت، هل فيه أي تغطية من التأمين الصحي للأمراض اللي ممكن الواحد يصاب بيها نتيجة ظروف العمل؟ (تركيز على ظروف العمل)؟
4132	ممكن أعرف هل فيه أي تغطية من التأمين الصحي للأمراض اللي ممكن الواحد يصاب بيها نتيجة ظروف العمل؟ (تركيز على ظروف العمل)؟
4133	إذا الواحد اتصاب جدي في الشغل، مين بيتصرف العلاج والتعويض؟
4134	يعني إذا الواحد اتصاب جدي في العمل، مين بيتصرف العلاج والتعويض؟
4135	طيب، إذا الواحد اتصاب جدي في الشركة، مين بيتصرف العلاج والتعويض؟
4136	بصراحة، إذا الواحد اتصاب جدي في الشغل، مين بيتصرف العلاج والتعويض؟
4137	لو سمحت، إذا الواحد اتصاب جدي في الشغل، مين بيتصرف العلاج والتعويض؟
4138	ممكن أعرف إذا الواحد اتصاب جدي في الشغل، مين بيتصرف العلاج والتعويض؟
4139	مين المسؤول عن دفع تكاليف العلاج والتعويضات لو حد حصله إصابة خطيرة وهو بيشتغل؟
4140	يعني مين المسؤول عن دفع تكاليف العلاج والتعويضات لو حد حصله إصابة خطيرة وهو بيشتغل؟
4141	طيب، مين المسؤول عن دفع تكاليف العلاج والتعويضات لو حد حصله إصابة خطيرة وهو بيشتغل؟
4142	بصراحة، مين المسؤول عن دفع تكاليف العلاج والتعويضات لو حد حصله إصابة خطيرة وهو بيشتغل؟
4143	لو سمحت، مين المسؤول عن دفع تكاليف العلاج والتعويضات لو حد حصله إصابة خطيرة وهو بيشتغل؟
4144	ممكن أعرف مين المسؤول عن دفع تكاليف العلاج والتعويضات لو حد حصله إصابة خطيرة وهو بيشتغل؟
4145	لو موظف اتأذى جامد وهو في الشغل، مين اللي بيدي له فلوس العلاج والتعويض اللي يستحقها؟
4146	يعني لو موظف اتأذى جامد وهو في الشغل، مين اللي بيدي له فلوس العلاج والتعويض اللي يستحقها؟
4147	طيب، لو موظف اتأذى جامد وهو في الشركة، مين اللي بيدي له فلوس العلاج والتعويض اللي يستحقها؟
4148	بصراحة، لو موظف اتأذى جامد وهو في الشغل، مين اللي بيدي له فلوس العلاج والتعويض اللي يستحقها؟
4149	لو سمحت، لو موظف اتأذى جامد وهو في الشغل، مين اللي بيدي له فلوس العلاج والتعويض اللي يستحقها؟
4150	ممكن أعرف لو موظف اتأذى جامد وهو في الشغل، مين اللي بيدي له فلوس العلاج والتعويض اللي يستحقها؟
4151	في حالة إن حد اتعور عورة كبيرة في الشغل، مين المفروض يدفع له قيمة العلاج والتعويض؟
4152	يعني في حالة إن حد اتعور عورة كبيرة في الشغل، مين المفروض يدفع له قيمة العلاج والتعويض؟
4153	طيب، في حالة إن حد اتعور عورة كبيرة في المؤسسة، مين المفروض يدفع له قيمة العلاج والتعويض؟
4154	بصراحة، في حالة إن حد اتعور عورة كبيرة في الشغل، مين المفروض يدفع له قيمة العلاج والتعويض؟
4155	لو سمحت، في حالة إن حد اتعور عورة كبيرة في الشغل، مين المفروض يدفع له قيمة العلاج والتعويض؟
4156	ممكن أعرف في حالة إن حد اتعور عورة كبيرة في الشركة، مين المفروض يدفع له قيمة العلاج والتعويض؟
4157	مين الجهة اللي بتتكفل بمصاريف علاج وتعويضات العامل لو اتصاب إصابة بالغة أثناء شغله؟
4158	يعني مين الجهة اللي بتتكفل بمصاريف علاج وتعويضات العامل لو اتصاب إصابة بالغة أثناء شغله؟
4159	طيب، مين الجهة اللي بتتكفل بمصاريف علاج وتعويضات العامل لو اتصاب إصابة بالغة أثناء شغله؟
4160	بصراحة، مين الجهة اللي بتتكفل بمصاريف علاج وتعويضات العامل لو اتصاب إصابة بالغة أثناء شغله؟
4161	لو سمحت، مين الجهة اللي بتتكفل بمصاريف علاج وتعويضات العامل لو اتصاب إصابة بالغة أثناء شغله؟
4162	ممكن أعرف مين الجهة اللي بتتكفل بمصاريف علاج وتعويضات العامل لو اتصاب إصابة بالغة أثناء شغله؟
4163	لو واحد بيشتغل واتعرض لإصابة جسيمة، مين اللي بيتحمل مسؤولية علاجه وتعويضه عن اللي حصله؟
4164	يعني لو واحد بيشتغل واتعرض لإصابة جسيمة، مين اللي بيتحمل مسؤولية علاجه وتعويضه عن اللي حصله؟
4165	طيب، لو واحد بيشتغل واتعرض لإصابة جسيمة، مين اللي بيتحمل مسؤولية علاجه وتعويضه عن اللي حصله؟
4166	بصراحة، لو واحد بيشتغل واتعرض لإصابة جسيمة، مين اللي بيتحمل مسؤولية علاجه وتعويضه عن اللي حصله؟
4167	لو سمحت، لو واحد بيشتغل واتعرض لإصابة جسيمة، مين اللي بيتحمل مسؤولية علاجه وتعويضه عن اللي حصله؟
4168	ممكن أعرف لو واحد بيشتغل واتعرض لإصابة جسيمة، مين اللي بيتحمل مسؤولية علاجه وتعويضه عن اللي حصله؟
4169	احنا بندفع اشتراك المعاش في المرتب بتاعتنا؟مين بياخد المعاش بعد التقاعد؟
4170	يعني احنا بندفع اشتراك المعاش في المرتب بتاعتنا؟مين بياخد المعاش بعد التقاعد؟
4171	طيب، احنا بندفع اشتراك المعاش في المرتب بتاعتنا؟مين بياخد المعاش بعد التقاعد؟
4172	بصراحة، احنا بندفع اشتراك المعاش في المرتب بتاعتنا؟مين بياخد المعاش عقب التقاعد؟
4173	لو سمحت، احنا بندفع اشتراك المعاش في المرتب بتاعتنا؟مين بيستحق المعاش بعد التقاعد؟
4174	ممكن أعرف احنا بندفع اشتراك المعاش في المرتب بتاعتنا؟مين بياخد المعاش بعد التقاعد؟
4175	هل بيتم خصم فلوس للمعاش من مرتبنا؟ و بعد ما نطلع معاش، مين اللي بيقبض الفلوس دي؟ (تركيز على الخصم الفعلي ومن يستفيد من المعاش بعد التقاعد)
4176	يعني هل بيتم خصم فلوس للمعاش من مرتبنا؟ و بعد ما نطلع معاش، مين اللي بيقبض الفلوس دي؟ (تركيز على الخصم الفعلي ومن يستفيد من المعاش بعد التقاعد)؟
4177	طيب، هل بيتم خصم فلوس للمعاش من مرتبنا؟ و بعد ما نطلع معاش، مين اللي بيقبض الفلوس دي؟ (تركيز على الخصم الفعلي ومن يستفيد من المعاش بعد التقاعد)؟
4178	بصراحة، هل بيتم خصم فلوس للمعاش من مرتبنا؟ و بعد ما نطلع معاش، مين اللي بيقبض الفلوس دي؟ (تركيز على الخصم الفعلي ومن يستفيد من المعاش بعد التقاعد)؟
4179	لو سمحت، هل بيتم خصم فلوس للمعاش من مرتبنا؟ و بعد ما نطلع معاش، مين اللي بيقبض الفلوس دي؟ (تركيز على الخصم الفعلي ومن يستفيد من المعاش بعد التقاعد)؟
4180	ممكن أعرف هل بيتم خصم فلوس للمعاش من مرتبنا؟ و بعد ما نطلع معاش، مين اللي بيقبض الفلوس دي؟ (تركيز على الخصم الفعلي ومن يستفيد من المعاش بعد التقاعد)؟
4181	"يا ترى، في جزء من مرتبنا بيروح لحساب المعاشات؟ و لو طلعنا على المعاش، الفلوس دي بتروح لمين بالظبط؟ (استخدام ""يا ترى"" لإضفاء طابع الاستفسار، وتركيز على وجهة الأموال)"
4182	"يعني يا ترى، في جزء من مرتبنا بيروح لحساب المعاشات؟ و لو طلعنا على المعاش، الفلوس دي بتروح لمين بالظبط؟ (استخدام ""يا ترى"" لإضفاء طابع الاستفسار، وتركيز على وجهة الأموال)؟"
4183	"طيب، يا ترى، في جزء من مرتبنا بيروح لحساب المعاشات؟ و لو طلعنا على المعاش، الفلوس دي بتروح لمين بالظبط؟ (استخدام ""يا ترى"" لإضفاء طابع الاستفسار، وتركيز على وجهة الأموال)؟"
4184	"بصراحة، يا ترى، في جزء من مرتبنا بيروح لحساب المعاشات؟ و لو طلعنا على المعاش، الفلوس دي بتروح لمين بالظبط؟ (استخدام ""يا ترى"" لإضفاء طابع الاستفسار، وتركيز على وجهة الأموال)؟"
4185	"لو سمحت، يا ترى، في جزء من مرتبنا بيروح لحساب المعاشات؟ و لو طلعنا على المعاش، الفلوس دي بتروح لمين بالظبط؟ (استخدام ""يا ترى"" لإضفاء طابع الاستفسار، وتركيز على وجهة الأموال)؟"
4186	"ممكن أعرف يا ترى، في جزء من مرتبنا بيروح لحساب المعاشات؟ و لو طلعنا على المعاش، الفلوس دي بتروح لمين بالظبط؟ (استخدام ""يا ترى"" لإضفاء طابع الاستفسار، وتركيز على وجهة الأموال)؟"
4187	"بصراحة كده، نسبة من مرتبنا بتروح فين بالظبط عشان المعاش؟ و بعد ما الواحد يوصل سن المعاش، مين اللي بيستفيد من الفلوس دي؟ (استخدام ""بصراحة كده"" لإضفاء طابع الجدية، وتركيز على الجهة المستفيدة)"
4188	"يعني بصاستراحة كده، نسبة من مرتبنا بتروح فين بالظبط عشان المعاش؟ و بعد ما الواحد يوصل سن المعاش، مين اللي بيستفيد من الفلوس دي؟ (استخدام ""بصراحة كده"" لإضفاء طابع الجدية، وتركيز على الجهة المستفيدة)؟"
4189	"طيب، بصبريك كده، نسبة من مرتبنا بتروح فين بالظبط عشان المعاش؟ و بعد ما الواحد يوصل سن المعاش، مين اللي بيستفيد من الفلوس دي؟ (استخدام ""بصراحة كده"" لإضفاء طابع الجدية، وتركيز على الجهة المستفيدة)؟"
4190	"بصراحة، بصفسحة كده، نسبة من مرتبنا بتروح فين بالظبط عشان المعاش؟ و بعد ما الواحد يوصل عمر المعاش، مين اللي بيستفيد من الفلوس دي؟ (استخدام ""بصراحة كده"" لإضفاء طابع الجدية، وتركيز على الجهة المستفيدة)؟"
4191	"لو سمحت، بصراحة كده، نسبة من مرتبنا بتروح فين بالظبط عشان المعاش؟ و بعد ما الواحد يوصل سن المعاش، مين اللي بيستفيد من الفلوس دي؟ (استخدام ""بصراحة كده"" لإضفاء طابع الجدية، وتركيز على الجهة المستفيدة)؟"
4192	"ممكن أعرف بصراحة كده، نسبة من مرتبنا بتروح فين بالظبط عشان المعاش؟ و بعد ما الواحد يوصل سن المعاش، مين اللي بيستفيد من الفلوس دي؟ (استخدام ""بصراحة كده"" لإضفاء طابع الجدية، وتركيز على الجهة المستفيدة)؟"
4193	"هو مرتبنا بيتخصم منه عشان المعاش ولا لأ؟ ولو بيتخصم، مين اللي هياخد المعاش ده بعد ما نتقاعد؟ (صياغة مباشرة باستخدام ""هو"" و ""ولا لأ""، وتركيز على عملية الخصم نفسها)"
4194	"يعني هو مرتبنا بيتخصم منه عشان المعاش ولا لأ؟ ولو بيتخصم، مين اللي هياخد المعاش ده عقب ما نتقاعد؟ (صياغة مباشرة باستخدام ""هو"" و ""ولا لأ""، وتركيز على عملية الخصم نفسها)؟"
4195	"طيب، هو مرتبنا بيتخصم منه عشان المعاش ولا لأ؟ ولو بيتخصم، مين اللي هياخد المعاش ده بعد ما نتقاعد؟ (صياغة مباشرة باستخدام ""هو"" و ""ولا لأ""، وتركيز على عملية الخصم نفسها)؟"
4196	"بصراحة، هو مرتبنا بيتخصم منه عشان المعاش ولا لأ؟ ولو بيتخصم، مين اللي هيحصل على المعاش ده بعد مرور ما نتقاعد؟ (صياغة مباشرة باستخدام ""هو"" و ""ولا لأ""، وتركيز على عملية الخصم نفسها)؟"
4197	"لو سمحت، هو مرتبنا بيتخصم منه عشان المعاش ولا لأ؟ ولو بيتخصم، مين اللي هيحصل على المعاش ده بعد مرور ما نتقاعد؟ (صياغة مباشرة باستخدام ""هو"" و ""ولا لأ""، وتركيز على عملية الخصم نفسها)؟"
4198	"ممكن أعرف هو مرتبنا بيتخصم منه عشان المعاش ولا لأ؟ ولو بيتخصم، مين اللي هيستحق المعاش ده بعد مرور ما نتقاعد؟ (صياغة مباشرة باستخدام ""هو"" و ""ولا لأ""، وتركيز على عملية الخصم نفسها)؟"
4199	"يعني، فيه جزء من فلوسنا بيروح للمعاش و لا دي حاجة تانية؟ و لو فيه معاش، مين اللي بيستلمه لما نخلص شغل؟ (استخدام ""يعني"" للتوضيح، وتركيز على طبيعة الخصم ومن يستلم المعاش في النهاية)"
4200	"يعني، فيه جزء من فلوسنا بيروح للمعاش و لا دي حاجة تانية؟ و لو فيه معاش، مين اللي بيستلمه لما نخلص شغل؟ (استخدام ""يعني"" للتوضيح، وتركيز على طبيعة الخصم ومن يستلم المعاش في النهاية)؟"
4201	"طيب، يعني، فيه جزء من فلوعمرا بيروح للمعاش و لا دي حاجة تانية؟ و لو فيه معاش، مين اللي بيستلمه لما نخلص شغل؟ (استخدام ""يعني"" للتوضيح، وتركيز على طبيعة الخصم ومن يستلم المعاش في النهاية)؟"
4202	"بصراحة، يعني، فيه جزء من فلوسنها بيروح للمعاش و لا دي حاجة تانية؟ و لو فيه معاش، مين اللي بيستلمه لما نخلص شغل؟ (استخدام ""يعني"" للتوضيح، وتركيز على طبيعة الخصم ومن يستلم المعاش في النهاية)؟"
4203	"لو سمحت، يعني، فيه جزء من فلوسنا بيروح للمعاش و لا دي حاجة تانية؟ و لو فيه معاش، مين اللي بيستلمه لما نخلص شغل؟ (استخدام ""يعني"" للتوضيح، وتركيز على طبيعة الخصم ومن يستلم المعاش في النهاية)؟"
4204	"ممكن أعرف يعني، فيه جزء من فلوسنا بيروح للمعاش و لا دي حاجة تانية؟ و لو فيه معاش، مين اللي بيستلمه لما نخلص شغل؟ (استخدام ""يعني"" للتوضيح، وتركيز على طبيعة الخصم ومن يستلم المعاش في النهاية)؟"
4205	"إيه يعني ""إستمارة 6"" وإيه وضعها القانوني دلوقتي؟"
4206	"يعني إيه يعني ""إستمارة 6"" وإيه وضعها الشرعي دلوقتي؟"
4207	"طيب، إيه يعني ""إستمارة 6"" وإيه وضعها القانوني دلوقتي؟"
4208	"بصراحة، ماذا يعني ""إستمارة 6"" وإيه وضعها القانوني دلوقتي؟"
4209	"لو سمحت، إيه يعني ""إستمارة 6"" وإيه وضعها القانوني دلوقتي؟"
4210	"ممكن أعرف إيه يعني ""إستمارة 6"" وإيه وضعها النظامي دلوقتي؟"
4211	"يعني إيه بالظبط ""نموذج 6""؟ وإيه القانون بيقول فيه حالياً؟ (تركز على المصطلح ""نموذج"" بدلاً من ""استمارة"" واستخدام كلمة ""القانون"" بدلًا من ""الوضع القانوني"")"
4212	"يعني إيه بالظبط ""نموذج 6""؟ وإيه القانون بيقول فيه حالياً؟ (تركز على المصطلح ""نموذج"" بدلاً من ""استمارة"" واستخدام كلمة ""القانون"" بدلًا من ""الوضع القانوني"")؟"
4213	"طيب، يعني إيه بالظبط ""نموذج 6""؟ وإيه القانون بيقول فيه حالياً؟ (تركز على المصطلح ""نموذج"" بدلاً من ""استمارة"" واستخدام كلمة ""القانون"" بدلًا من ""الوضع القانوني"")؟"
4214	"بصراحة، يعني ما هو بالظبط ""نموذج 6""؟ وإيه القانون بيقول فيه حالياً؟ (تركز على المصطلح ""نموذج"" بدلاً من ""استمارة"" واستخدام كلمة ""القانون"" بدلًا من ""الوضع القانوني"")؟"
4215	"لو سمحت، يعني إيه بالظبط ""نموذج 6""؟ وإيه التشريع بيقول فيه حالياً؟ (تركز على المصطلح ""نموذج"" بدلاً من ""استمارة"" واستخدام كلمة ""القانون"" بدلًا من ""الوضع القانوني"")؟"
4216	"ممكن أعرف يعني ماذا بالظبط ""نموذج 6""؟ وإيه القانون بيقول فيه حالياً؟ (تركز على المصطلح ""نموذج"" بدلاً من ""استمارة"" واستخدام كلمة ""القانون"" بدلًا من ""الوضع القانوني"")؟"
4217	"ايه المقصود بـ ""الاستمارة رقم 6""؟ ولوقتي القانون بيتعامل معاها إزاي؟ (تستخدم ""المقصود"" و ""التعامل"" للتعبير عن نفس المعنى بطريقة مختلفة)"
4218	"يعني ايه المقصود بـ ""الاستمارة رقم 6""؟ ولوقتي النظام بيتعامل معاها إزاي؟ (تستخدم ""المقصود"" و ""التعامل"" للتعبير عن نفس المعنى بطريقة مختلفة)؟"
4219	"طيب، ايه المقصود بـ ""الاستمارة رقم 6""؟ ولوقتي التشريع بيتعامل معاها إزاي؟ (تستخدم ""المقصود"" و ""التعامل"" للتعبير عن نفس المعنى بطريقة مختلفة)؟"
4220	"بصراحة، ايه المقصود بـ ""الاستمارة رقم 6""؟ ولوقتي الشرع بيتعامل معاها إزاي؟ (تستخدم ""المقصود"" و ""التعامل"" للتعبير عن نفس المعنى بطريقة مختلفة)؟"
4221	"لو سمحت، ايه المقصود بـ ""الاستمارة رقم 6""؟ ولوقتي القانون بيتعامل معاها إزاي؟ (تستخدم ""المقصود"" و ""التعامل"" للتعبير عن نفس المعنى بطريقة مختلفة)؟"
4222	"ممكن أعرف ايه المقصود بـ ""الاستمارة رقم 6""؟ ولوقتي التشريع بيتعامل معاها إزاي؟ (تستخدم ""المقصود"" و ""التعامل"" للتعبير عن نفس المعنى بطريقة مختلفة)؟"
4223	"""استمارة ستة"" دي عبارة عن إيه؟ والقانون بيقول إيه بخصوصها دلوقتي؟ (تستخدم كلمة ""عبارة عن إيه"" بشكل أكثر بساطة وعامية)"
4224	"يعني ""استمارة ستة"" دي عبارة عن إيه؟ والقانون بيقول إيه بخصوصها دلوقتي؟ (تستخدم كلمة ""عبارة عن إيه"" بشكل أكثر بساطة وعامية)؟"
4225	"طيب، ""استمارة ستة"" دي عبارة عن ما هو؟ والقانون بيقول إيه بخصوصها دلوقتي؟ (تستخدم كلمة ""عبارة عن إيه"" بشكل أكثر بساطة وعامية)؟"
4226	"بصراحة، ""استمارة ستة"" دي عبارة عن ما هو؟ والتشريع بيقول إيه بخصوصها دلوقتي؟ (تستخدم كلمة ""عبارة عن إيه"" بشكل أكثر بساطة وعامية)؟"
4227	"لو سمحت، ""استمارة ستة"" دي عبارة عن إيه؟ والقانون بيقول إيه بخصوصها دلوقتي؟ (تستخدم كلمة ""عبارة عن إيه"" بشكل أكثر بساطة وعامية)؟"
4228	"ممكن أعرف ""استمارة ستة"" دي عبارة عن ماذا؟ والشرع بيقول إيه بخصوصها دلوقتي؟ (تستخدم كلمة ""عبارة عن إيه"" بشكل أكثر بساطة وعامية)؟"
4229	"إيه هي ""الاستمارة 6"" دي أصلاً؟ وإيه اللي بينص عليه القانون حالياً بخصوصها؟ (تستخدم ""إيه اللي بينص عليه"" لإعطاء انطباع أقوى عن البحث عن التفاصيل القانونية)"
4230	"يعني ماذا هي ""الاستمارة 6"" دي أصلاً؟ وإيه اللي بينص عليه النظام حالياً بخصوصها؟ (تستخدم ""إيه اللي بينص عليه"" لإعطاء انطباع أقوى عن البحث عن التفاصيل القانونية)؟"
4231	"طيب، إيه هي ""الاستمارة 6"" دي أصلاً؟ وإيه اللي بينص عليه القانون حالياً بخصوصها؟ (تستخدم ""إيه اللي بينص عليه"" لإعطاء انطباع أقوى عن البحث عن التفاصيل القانونية)؟"
4232	"بصراحة، إيه هي ""الاستمارة 6"" دي أصلاً؟ وإيه اللي بينص عليه القانون حالياً بخصوصها؟ (تستخدم ""إيه اللي بينص عليه"" لإعطاء انطباع أقوى عن البحث عن التفاصيل القانونية)؟"
4233	"لو سمحت، إيه هي ""الاستمارة 6"" دي أصلاً؟ وإيه اللي بينص عليه الشرع حالياً بخصوصها؟ (تستخدم ""إيه اللي بينص عليه"" لإعطاء انطباع أقوى عن البحث عن التفاصيل القانونية)؟"
4234	"ممكن أعرف أي هي ""الاستمارة 6"" دي أصلاً؟ وإيه اللي بينص عليه النظام حالياً بخصوصها؟ (تستخدم ""إيه اللي بينص عليه"" لإعطاء انطباع أقوى عن البحث عن التفاصيل القانونية)؟"
4235	"ممكن شرح بسيط لـ ""استمارة 6""؟ وإزاي القانون بيحكمها في الوقت الحالي؟ (تطلب شرحًا بسيطًا وتركز على فكرة ""الحكم"" القانوني)"
4236	"يعني ممكن شرح بسيط لـ ""استمارة 6""؟ وإزاي النظام بيحكمها في الوقت الحالي؟ (تطلب شرحًا بسيطًا وتركز على فكرة ""الحكم"" القانوني)؟"
4237	"طيب، ممكن شرح بسيط لـ ""استمارة 6""؟ وإزاي القانون بيحكمها في الوقت الحالي؟ (تطلب شرحًا بسيطًا وتركز على فكرة ""الحكم"" القانوني)؟"
4238	"بصراحة، ممكن شرح بسيط لـ ""استمارة 6""؟ وإزاي القانون بيحكمها في الوقت الحالي؟ (تطلب شرحًا بسيطًا وتركز على فكرة ""الحكم"" القانوني)؟"
4239	"لو سمحت، مسموح شرح بسيط لـ ""استمارة 6""؟ وإزاي القانون بيحكمها في الوقت الحالي؟ (تطلب شرحًا بسيطًا وتركز على فكرة ""الحكم"" القانوني)؟"
4240	"ممكن أعرف ينفع شرح بسيط لـ ""استمارة 6""؟ وإزاي الشرع بيحكمها في الوقت الحالي؟ (تطلب شرحًا بسيطًا وتركز على فكرة ""الحكم"" القانوني)؟"
4241	مقدرتش استنى عشرة أيام للتراجع؟ القانون حدد فترة التراجع للاستقالة كام يوم؟
4242	يعني مقدرتش استنى عشرة أيام للتراجع؟ النظام حدد وقت التراجع للاستقالة كام يوم؟
4243	طيب، مقدرتش استنى عشرة أيام للتراجع؟ الشرع حدد فترة التراجع للاستحددة ما هو كمية يوم؟
4244	بصراحة، مقدرتش استنى عشرة أيام للتراجع؟ الشرع حدد فترة التراجع للاستقالة كام يوم؟
4245	لو سمحت، مقدرتش استنى عشرة أيام للتراجع؟ القانون حدد فترة التراجع للاستنصة أي عدد يوم؟
4246	ممكن أعرف مقدرتش استنى عشرة أيام للتراجع؟ القانون حدد وقت التراجع للاستقالة كام يوم؟
4247	يعني أنا ما كانش ينفع أصبر عشر أيام قبل ما أرجع في كلامي؟ طب القانون بيقول إيه، فترة السماح اللي أقدر أستقيل فيها كام يوم بالظبط؟ (هذه الصيغة أكثر انفتاحًا و تسأل عن إمكانية الانتظار قبل الرجوع في القرار)
4248	يعني أنا ما كانش ينفع أصبر عشر أيام قبل ما أرجع في كلامي؟ طب الشرع بيقول ما هو، فترة السماح اللي أقدر أستقيل فيها كام يوم بالظبط؟ (هذه الصيغة أكثر انفتاحًا و تسأل عن إمكانية الانتظار قبل الرجوع في القرار)؟
4249	طيب، يعني أنا ما كانش ينفع أصبر عشر أيام قبل ما أرجع في كلامي؟ طب النظام بيقول إيه، زمن السماح اللي أقدر أستقيل فيها أد إيه يوم بالظبط؟ (هذه الصيغة أكثر انفتاحًا و تسأل عن إمكانية الانتظار قبل الرجوع في القرار)؟
4250	بصراحة، يعني أنا ما كانش ينفع أصبر عشر أيام قبل ما أرجع في كلامي؟ طب القانون بيقول إيه، فترة السماح اللي أقدر أستقيل فيها قد إيه يوم بالظبط؟ (هذه الصيغة أكثر انفتاحًا و تسأل عن إمكانية الانتظار قبل الرجوع في القرار)؟
4251	لو سمحت، يعني أنا ما كانش ينفع أصبر عشر أيام قبل ما أرجع في كلامي؟ طب النظام بيقول ما هو، فترة السماح اللي أقدر أستقيل فيها كام يوم بالظبط؟ (هذه الصيغة أكثر انفتاحًا و تسأل عن إمكانية الانتظار قبل الرجوع في القرار)؟
4252	ممكن أعرف يعني أنا ما كانش ينفع أصبر عشر أيام قبل ما أرجع في كلامي؟ طب النظام بيقول ماذا، مدة السماح اللي أقدر أستقيل فيها إيه عدد يوم بالظبط؟ (هذه الصيغة أكثر انفتاحًا و تسأل عن إمكانية الانتظار قبل الرجوع في القرار)؟
4253	كنت فاكر إني لازم أستنى عشرة أيام عشان أقدر أتراجع عن الاستقالة. بس القانون بيقول إيه بالظبط؟ مدة التفكير قبل ما الاستقالة تبقى نهائية قد إيه؟ (هذه الصيغة تركز على الاعتقاد الخاطئ و تسأل عن المدة النهائية للاستقالة)
4254	يعني كنت فاكر إني لازم أستنى عشرة أيام عشان أقدر أتراجع عن الاستنصة. بس القانون بيقول إيه بالظبط؟ مدة التفكير قبل ما الاستقالة تبقى نهائية قد إيه؟ (هذه الصيغة تركز على الاعتقاد الخاطئ و تسأل عن المدة النهائية للاستقالة)؟
4255	طيب، كنت فاكر إني لازم أستنى عشرة أيام عشان أقدر أتراجع عن الاستقالة. بس القانون بيقول إيه بالظبط؟ مدة التفكير قبل ما الاستقالة تبقى نهائية قد إيه؟ (هذه الصيغة تركز على الاعتقاد الخاطئ و تسأل عن المدة النهائية للاستقالة)؟
4256	بصراحة، كنت فاكر إني مفروض أستنى عشرة أيام عشان أقدر أتراجع عن الاستذكرة. بس القانون بيقول إيه بالظبط؟ مدة التفكير قبل ما الاستقالة تبقى نهائية قد إيه؟ (هذه الصيغة تركز على الاعتقاد الخاطئ و تسأل عن المدة النهائية للاستقالة)؟
4257	لو سمحت، كنت فاكر إني مطلوب أستنى عشرة أيام عشان أقدر أتراجع عن الاستقالة. بس القانون بيقول إيه بالظبط؟ مدة التفكير قبل ما الاستقالة تبقى نهائية قد إيه؟ (هذه الصيغة تركز على الاعتقاد الخاطئ و تسأل عن المدة النهائية للاستقالة)؟
4258	ممكن أعرف كنت فاكر إني ضروري أستنى عشرة أيام عشان أقدر أتراجع عن الاستقالة. بس القانون بيقول إيه بالظبط؟ مدة التفكير قبل ما الاستقالة تبقى نهائية قد إيه؟ (هذه الصيغة تركز على الاعتقاد الخاطئ و تسأل عن المدة النهائية للاستقالة)؟
4259	أنا استعجلت و ما استنيتش العشر أيام بتوع التراجع. هل ده صح ولا غلط؟ و أصلاً، القانون محدد كام يوم عشان الواحد يقدر يسحب استقالته؟ (هذه الصيغة تسأل عن صحة التصرف و تؤكد على إمكانية سحب الاستقالة)
4260	يعني أنا استعجلت و ما استنيتش العشر أيام بتوع التراجع. هل ده صح ولا غلط؟ و أصلاً، الشرع محدد كام يوم عشان الواحد يقدر يسحب استقالته؟ (هذه الصيغة تسأل عن صحة التصرف و تؤكد على إمكانية سحب الاستقالة)؟
4261	طيب، أنا استعجلت و ما استنيتش العشر أيام بتوع التراجع. هل ده صح ولا غلط؟ و أصلاً، القانون محدد كام يوم عشان الواحد يقدر يسحب استذكرته؟ (هذه الصيغة تسأل عن صحة التصرف و تؤكد على إمكانية سحب الاستقالة)؟
4262	بصراحة، أنا استعجلت و ما استنيتش العشر أيام بتوع التراجع. هل ده صح ولا غلط؟ و أصلاً، القانون محدد كام يوم عشان الواحد يقدر يسحب استقالته؟ (هذه الصيغة تسأل عن صحة التصرف و تؤكد على إمكانية سحب الاستقالة)؟
4263	لو سمحت، أنا استعجلت و ما استنيتش العشر أيام بتوع التراجع. هل ده صح ولا غلط؟ و أصلاً، القانون محدد كام يوم عشان الواحد يقدر يسحب استقالته؟ (هذه الصيغة تسأل عن صحة التصرف و تؤكد على إمكانية سحب الاستقالة)؟
4264	ممكن أعرف أنا استعجلت و ما استنيتش العشر أيام بتوع التراجع. هل ده صح ولا غلط؟ و أصلاً، الشرع محدد كام يوم عشان الواحد يقدر يسحب استقالته؟ (هذه الصيغة تسأل عن صحة التصرف و تؤكد على إمكانية سحب الاستقالة)؟
4265	ليه ما قدرتش أصبر عشر أيام؟ هو فيه قانون بيحدد المدة اللي ممكن الواحد يرجع فيها عن استقالته؟ يا ترى المدة دي كام يوم؟ (هذه الصيغة تتساءل عن سبب عدم الصبر وتسأل بشكل مباشر عن المدة المحددة قانونًا)
4266	يعني ليه ما قدرتش أصبر عشر أيام؟ هو فيه قانون بيحدد المدة اللي ممكن الواحد يرجع فيها عن استقالته؟ يا ترى المدة دي كام يوم؟ (هذه الصيغة تتساءل عن سبب عدم الصبر وتسأل بشكل مباشر عن المدة المُحددة قانونًا)؟
4267	طيب، ليه ما قدرتش أصبر عشر أيام؟ هو فيه قانون بيحدد المدة اللي ممكن الواحد يرجع فيها عن استقالته؟ يا ترى المدة دي كام يوم؟ (هذه الصيغة تتساءل عن سبب عدم الصبر وتسأل بشكل مباشر عن المدة المُحددة قانونًا)؟
4268	بصراحة، ليه ما قدرتش أصبر عشر أيام؟ هو فيه قانون بيحدد المدة اللي ممكن الواحد يرجع فيها عن استقالته؟ يا ترى المدة دي كم يوم؟ (هذه الصيغة تتساءل عن سبب عدم الصبر وتسأل بشكل مباشر عن المدة المحددة قانونًا)؟
4269	لو سمحت، ليه ما قدرتش أصبر عشر أيام؟ هو فيه قانون بيحدد المدة اللي يجوز الواحد يرجع فيها عن استذكرته؟ يا ترى المدة دي إيه مقدار يوم؟ (هذه الصيغة تتساءل عن سبب عدم الصبر وتسأل بشكل مباشر عن المدة المحددة قانونًا)؟
4270	ممكن أعرف ليه ما قدرتش أصبر عشر أيام؟ هو فيه قانون بيحدد المدة اللي ممكن الواحد يرجع فيها عن استحددته؟ يا ترى المدة دي كم يوم؟ (هذه الصيغة تتساءل عن سبب عدم الصبر وتسأل بشكل مباشر عن المدة المحددة قانونًا)؟
4271	أنا ما اديتش لنفسي فرصة العشر أيام اللي المفروض أفكر فيهم قبل الاستقالة. دلوقتي عايز أعرف، المدة القانونية اللي بتديني الحق أرجع في كلامي عن الاستقالة هي أد إيه؟ (هذه الصيغة تؤكد على أهمية فترة التفكير وتسأل عن الحق القانوني في الرجوع عن القرار)
4272	يعني أنا ما اديتش لنفسي فرصة العشر أيام اللي المفروض أفكر فيهم قبل الاستذكرة. دلوقتي عايز أعرف، المدة الرسمية اللي بتديني الحق أرجع في كلامي عن الاستقالة هي أد إيه؟ (هذه الصيغة تؤكد على أهمية فترة التفكير وتسأل عن الحق التشريعي في الرجوع عن القرار)؟
4273	طيب، أنا ما اديتش لنفسي فرصة العشر أيام اللي المفروض أفكر فيهم قبل الاستقالة. دلوقتي عايز أعرف، المدة المعتمدة اللي بتديني الحق أرجع في كلامي عن الاستقالة هي أد ما هو؟ (هذه الصيغة تؤكد على أهمية زمن التفكير وتسأل عن الحق القانوني في الرجوع عن القرار)؟
4274	بصراحة، أنا ما اديتش لنفسي فرصة العشر أيام اللي المفروض أفكر فيهم قبل الاستقالة. دلوقتي عايز أعرف، المدة التشريعية اللي بتديني الحق أرجع في كلامي عن الاستقالة هي أد إيه؟ (هذه الصيغة تؤكد على أهمية فترة التفكير وتسأل عن الحق القانوني في الرجوع عن القرار)؟
4275	لو سمحت، أنا ما اديتش لنفسي فرصة العشر أيام اللي المفروض أفكر فيهم قبل الاستقالة. دلوقتي عايز أعرف، المدة حسب التشريع اللي بتديني الحق أرجع في كلامي عن الاستقالة هي أد إيه؟ (هذه الصيغة تؤكد على أهمية وقت التفكير وتسأل عن الحق القانوني في الرجوع عن القرار)؟
4276	ممكن أعرف أنا ما اديتش لنفسي فرصة العشر أيام اللي المفروض أفكر فيهم قبل الاستحددة. دلوقتي عايز أعرف، المدة القانونية اللي بتديني الحق أرجع في كلامي عن الاستقالة هي أد إيه؟ (هذه الصيغة تؤكد على أهمية مدة التفكير وتسأل عن الحق القانوني في الرجوع عن القرار)؟
4277	لو قدمت استقالتي، لازم أصل مكتب العمل أو الجهات الإدارية يصدقوا عليها؟
4278	يعني لو قدمت استقالتي، لازم أصل مكتب العمل أو الجهات الإدارية يصدقوا عليها؟
4279	طيب، لو قدمت استقالتي، واجب أصل مكتب العمل أو الجهات الإدارية يصدقوا عليها؟
4280	بصراحة، لو قدمت استحددتي، لازم أصل مكتب العمل أو الجهات الإدارية يصدقوا عليها؟
4281	لو سمحت، لو قدمت استقالتي، واجب أصل مكتب الوظيفة أو الجهات الإدارية يصدقوا عليها؟
4282	ممكن أعرف لو قدمت استنصتي، لازم أصل مكتب العمل أو الجهات الإدارية يصدقوا عليها؟
4283	لو سبت الشغل، لازم ختم أو موافقة من مكتب العمل عشان الاستقالة تبقى تمام؟ (تركيز على الموافقة الرسمية)
4284	يعني لو سبت الشغل، لازم ختم أو موافقة من مكتب الوظيفة عشان الاستقالة تبقى تمام؟ (تركيز على الموافقة الرسمية)؟
4285	طيب، لو سبت الشغل، لازم ختم أو موافقة من مكتب الشغل عشان الاستقالة تبقى تمام؟ (تركيز على الموافقة الرسمية)؟
4286	بصراحة، لو سبت الشغل، لازم ختم أو موافقة من مكتب العمل عشان الاستحددة تبقى تمام؟ (تركيز على الموافقة الرسمية)؟
4287	لو سمحت، لو سبت الشركة، لازم ختم أو موافقة من مكتب الشغل عشان الاستقالة تبقى تمام؟ (تركيز على الموافقة الرسمية)؟
4288	ممكن أعرف لو سبت الشغل، مطلوب ختم أو موافقة من مكتب العمل عشان الاستقالة تبقى تمام؟ (تركيز على الموافقة الرسمية)؟
4289	هل قانوناً لازم أروح مكتب العمل وأخليهم يوافقوا على الاستقالة بتاعتي بعد ما أقدمها؟ (تركيز على الجانب القانوني والإلزام)
4290	يعني هل قانوناً لازم أروح مكتب العمل وأخليهم يوافقوا على الاستنصة بتاعتي عقب ما أقدمها؟ (تركيز على الجانب الشرعي والإلزام)؟
4291	طيب، هل قانوناً لازم أروح مكتب العمل وأخليهم يوافقوا على الاستقالة بتاعتي بعد ما أقدمها؟ (تركيز على الجانب النظامي والإلزام)؟
4292	بصراحة، هل قانوناً لازم أروح مكتب العمل وأخليهم يوافقوا على الاستنصة بتاعتي عقب ما أقدمها؟ (تركيز على الجانب الشرعي والإلزام)؟
4293	لو سمحت، هل قانوناً لازم أروح مكتب العمل وأخليهم يوافقوا على الاستقالة بتاعتي بعد ما أقدمها؟ (تركيز على الجانب القانوني والإلزام)؟
4294	ممكن أعرف هل قانوناً لازم أروح مكتب العمل وأخليهم يوافقوا على الاستقالة بتاعتي بعد ما أقدمها؟ (تركيز على الجانب التشريعي والإلزام)؟
4295	بعد ما أقولهم ماشي، هل فيه أي إجراءات رسمية في مكتب العمل لازم أعملها عشان الاستقالة تمشي؟ (تركيز على الإجراءات الرسمية المطلوبة)
4296	يعني بعد ما أقولهم ماشي، هل فيه أي إجراءات رسمية في مكتب الشغل لازم أعملها عشان الاستحددة تمشي؟ (تركيز على الإجراءات الرسمية المطلوبة)؟
4297	طيب، عقب ما أقولهم ماشي، هل فيه أي إجراءات رسمية في مكتب العمل لازم أعملها عشان الاستقالة تمشي؟ (تركيز على الإجراءات الرسمية المطلوبة)؟
4298	بصراحة، بعد مرور ما أقولهم ماشي، هل فيه أي إجراءات رسمية في مكتب العمل لازم أعملها عشان الاستقالة تمشي؟ (تركيز على الإجراءات الرسمية المطلوبة)؟
4299	لو سمحت، بعد ما أقولهم ماشي، هل فيه أي إجراءات رسمية في مكتب الدوام لازم أعملها عشان الاستحددة تمشي؟ (تركيز على الإجراءات الرسمية المطلوبة)؟
4300	ممكن أعرف بعد مرور ما أقولهم ماشي، هل فيه أي إجراءات رسمية في مكتب العمل لازم أعملها عشان الاستذكرة تمشي؟ (تركيز على الإجراءات الرسمية المطلوبة)؟
4301	لو قررت امشي من الشركة، هل فيه ورق أو تصديق لازم اخده من مكتب العمل عشان اضمن حقي بعد كده؟ (تركيز على الحقوق بعد الاستقالة)
4302	يعني لو قررت امشي من الشركة، هل فيه ورق أو تصديق مطلوب اخده من مكتب العمل عشان اضمن حقي بعد كده؟ (تركيز على الحقوق بعد الاستقالة)؟
4303	طيب، لو قررت امشي من الشركة، هل فيه ورق أو تصديق لازم اخده من مكتب العمل عشان اضمن حقي بعد كده؟ (تركيز على الحقوق بعد الاستقالة)؟
4304	بصراحة، لو قررت امشي من الشركة، هل فيه ورق أو تصديق لازم اخده من مكتب الشغل عشان افي حقي بعد كده؟ (تركيز على الحقوق بعد الاستقالة)؟
4305	لو سمحت، لو قررت امشي من الشركة، هل فيه ورق أو تصديق لازم اخده من مكتب الوظيفة عشان اضمن حقي بعد كده؟ (تركيز على الحقوق بعد الاستحددة)؟
4306	ممكن أعرف لو قررت امشي من الشركة، هل فيه ورق أو تصديق واجب اخده من مكتب العمل عشان اضمن حقي بعد كده؟ (تركيز على الحقوق بعد الاستقالة)؟
4307	هل فيه أي لازمة أو ضرورة إني أعدي على مكتب العمل بعد ما أستقيل، ولا الموضوع بيخلص بيني وبين الشركة بس؟ (تركيز على المقارنة بين التعامل مع الشركة ومكتب العمل)
4308	يعني هل فيه أي واجبة أو ضرورة إني أعدي على مكتب المؤسسة عقب ما أستقيل، ولا الموضوع بيخلص بيني وبين الشركة بس؟ (تركيز على المقارنة بين التعامل مع الشركة ومكتب العمل)؟
4309	طيب، هل فيه أي ضرورية أو ضرورة إني أعدي على مكتب العمل بعد ما أستقيل، ولا الموضوع بيخلص بيني وبين الشركة بس؟ (تركيز على المقارنة بين التعامل بالشركة ومكتب العمل)؟
4310	بصراحة، هل فيه أي لازمة أو ضرورة إني أعدي على مكتب الدوام بعد ما أستقيل، ولا الموضوع بيخلص بيني وبين الشركة بس؟ (تركيز على المقارنة بين التعامل مع الشركة ومكتب العمل)؟
4311	لو سمحت، هل فيه أي مفروضة أو ضرورة إني أعدي على مكتب العمل عقب ما أستقيل، ولا الموضوع بيخلص بيني وبين الشركة بس؟ (تركيز على المقارنة بين التعامل بالشركة ومكتب العمل)؟
4312	ممكن أعرف هل فيه أي لازمة أو ضرورة إني أعدي على مكتب الشغل عقب ما أستقيل، ولا الموضوع بيخلص بيني وبين الشركة بس؟ (تركيز على المقارنة بين التعامل مع الشركة ومكتب العمل)؟
4313	لو اتفصلت من غير حق، بكسب تعويض إزاي؟ القانون ماحدش سقف التعويض؟
4314	يعني لو اتفصلت من غير حق، بكسب تعويض إزاي؟ القانون ماحدش سقف التعويض؟
4315	طيب، لو اتفصلت من غير حق، بكسب تعويض إزاي؟ التشريع ماحدش سقف التعويض؟
4316	بصراحة، لو اتفصلت من غير حق، بكسب تعويض إزاي؟ القانون ماحدش سقف التعويض؟
4317	لو سمحت، لو اتفصلت من غير حق، بكسب تعويض إزاي؟ القانون ماحدش سقف التعويض؟
4318	ممكن أعرف لو اتفصلت من غير حق، بكسب تعويض إزاي؟ القانون ماحدش سقف التعويض؟
4319	"طيب لو فصلوني ظلم، أقدر آخد تعويض قد إيه؟ مفيش حد أقصى للتعويض ده في القانون ولا إيه؟ (تغيير في ترتيب الكلمات واستخدام ""قد إيه"" بدلاً من ""إزاي"")"
4320	"يعني طيب لو فصلوني ظلم، أقدر آخد تعويض قد ما هو؟ مفيش حد أقصى للتعويض ده في القانون ولا إيه؟ (تغيير في ترتيب الكلمات واستخدام ""قد إيه"" بدلاً من ""إزاي"")؟"
4321	"طيب لو فصلوني ظلم، أقدر آخد تعويض قد أي؟ مفيش حد أقصى للتعويض ده في القانون ولا إيه؟ (تغيير في ترتيب الكلمات واستخدام ""قد إيه"" بدلاً من ""إزاي"")؟"
4322	"بصراحة، طيب لو فصلوني ظلم، أقدر آخد تعويض قد إيه؟ مفيش حد أقصى للتعويض ده في القانون ولا إيه؟ (تغيير في ترتيب الكلمات واستخدام ""قد إيه"" بدلاً من ""إزاي"")؟"
4323	"لو سمحت، طيب لو فصلوني ظلم، أقدر آخد تعويض قد إيه؟ مفيش حد أقصى للتعويض ده في القانون ولا إيه؟ (تغيير في ترتيب الكلمات واستخدام ""قد إيه"" بدلاً من ""إزاي"")؟"
4324	"ممكن أعرف طيب لو فصلوني ظلم، أقدر آخد تعويض قد إيه؟ مفيش حد أقصى للتعويض ده في الشرع ولا إيه؟ (تغيير في ترتيب الكلمات واستخدام ""قد إيه"" بدلاً من ""إزاي"")؟"
4325	"دلوقتي أنا لو اترفت من الشغل بدون وجه حق، التعويض بيتحسب ازاي؟ وهل القانون حاطط ليميت للتعويض اللي ممكن اخده؟ (استخدام كلمات بديلة مثل ""اترفت"" و ""وجه حق"" و ""ليمت"")"
4326	"يعني دلوقتي أنا لو اترفت من الشغل بدون وجه حق، التعويض بيتُعتبر ازاي؟ وهل التشريع حاطط ليميت للتعويض اللي ممكن اخده؟ (استخدام كلمات بديلة مثل ""اترفت"" و ""وجه حق"" و ""ليمت"")؟"
4327	"طيب، دلوقتي أنا لو اترفت من العمل بدون وجه حق، التعويض بيتُعتبر ازاي؟ وهل القانون حاطط ليميت للتعويض اللي يمكن اخده؟ (استخدام كلمات بديلة مثل ""اترفت"" و ""وجه حق"" و ""ليمت"")؟"
4328	"بصراحة، دلوقتي أنا لو اترفت من الشغل بدون وجه حق، التعويض بيتحسب ازاي؟ وهل الشرع حاطط ليميت للتعويض اللي يمكن اخده؟ (استخدام كلمات بديلة مثل ""اترفت"" و ""وجه حق"" و ""ليمت"")؟"
4329	"لو سمحت، دلوقتي أنا لو اترفت من الشغل بدون وجه حق، التعويض بيتُعد ازاي؟ وهل الشرع حاطط ليميت للتعويض اللي يمكن اخده؟ (استخدام كلمات بديلة مثل ""اترفت"" و ""وجه حق"" و ""ليمت"")؟"
4330	"ممكن أعرف دلوقتي أنا لو اترفت من الوظيفة بدون وجه حق، التعويض بيتُعد ازاي؟ وهل التشريع حاطط ليميت للتعويض اللي ينفع اخده؟ (استخدام كلمات بديلة مثل ""اترفت"" و ""وجه حق"" و ""ليمت"")؟"
4331	بفرض إني مشيت من الشغل بطريقة غير قانونية، إيه هي الإجراءات اللي أعملها عشان أخد حقي كتعويض؟ وهل فيه سقف معين للتعويضات دي في مصر؟ (تغيير كبير في الصياغة مع التركيز على الإجراءات)
4332	يعني بفرض إني مشيت من الشغل بطريقة غير قانونية، إيه هي الإجراءات اللي أعملها عشان أخد حقي كتعويض؟ وهل فيه سقف معين للتعويضات دي في مصر؟ (تغيير كبير في الصياغة مع التركيز على الإجراءات)؟
4333	طيب، بفرض إني مشيت من الشغل بطريقة غير قانونية، إيه هي الإجراءات اللي أعملها عشان أخد حقي كتعويض؟ وهل فيه سقف معين للتعويضات دي في مصر؟ (تغيير كبير في الصياغة مع التركيز على الإجراءات)؟
4334	بصراحة، بفرض إني مشيت من الشركة بطريقة غير قانونية، ماذا هي الإجراءات اللي أعملها عشان أخد حقي كتعويض؟ وهل فيه سقف معين للتعويضات دي في مصر؟ (تغيير كبير في الصياغة مع التركيز على الإجراءات)؟
4335	لو سمحت، بفرض إني مشيت من الوظيفة بطريقة غير قانونية، إيه هي الإجراءات اللي أعملها عشان أخد حقي كتعويض؟ وهل فيه سقف معين للتعويضات دي في مصر؟ (تغيير كبير في الصياغة مع التركيز على الإجراءات)؟
4336	ممكن أعرف بفرض إني مشيت من الشغل بطريقة غير قانونية، ماذا هي الإجراءات اللي أعملها عشان أخد حقي كتعويض؟ وهل فيه سقف معين للتعويضات دي في مصر؟ (تغيير كبير في الصياغة مع التركيز على الإجراءات)؟
4337	"يعني لو الشركة مشيتني من غير سبب مقنع، إيه الخطوات اللي لازم أتبعها علشان آخد تعويض؟ وهل فيه مبلغ محدد هو أقصى قيمة ممكن التعويض يوصلها؟ (استخدام ""خطوات لازم أتبعها"" بدلاً من ""بكسب تعويض إزاي"")"
4338	"يعني لو الشركة مشيتني من غير سبب مقنع، ما هو الخطوات اللي لازم أتبعها علشان آخد تعويض؟ وهل فيه مبلغ محدد هو أقصى قيمة ممكن التعويض يوصلها؟ (استخدام ""خطوات لازم أتبعها"" بدلاً من ""بكسب تعويض إزاي"")؟"
4339	"طيب، يعني لو الشركة مشيتني من غير سبب مقنع، إيه الخطوات اللي لازم أتبعها علشان آخد تعويض؟ وهل فيه مبلغ محدد هو أقصى قيمة مباح التعويض يوصلها؟ (استخدام ""خطوات لازم أتبعها"" بدلاً من ""بكسب تعويض إزاي"")؟"
4340	"بصراحة، يعني لو الشركة مشيتني من غير سبب مقنع، ماذا الخطوات اللي لازم أتبعها علشان آخد تعويض؟ وهل فيه مبلغ محدد هو أقصى قيمة مسموح التعويض يوصلها؟ (استخدام ""خطوات لازم أتبعها"" بدلاً من ""بكسب تعويض إزاي"")؟"
4341	"لو سمحت، يعني لو الشركة مشيتني من غير سبب مقنع، أي الخطوات اللي مفروض أتبعها علشان آخد تعويض؟ وهل فيه مبلغ محدد هو أقصى قيمة ممكن التعويض يوصلها؟ (استخدام ""خطوات لازم أتبعها"" بدلاً من ""بكسب تعويض إزاي"")؟"
4342	"ممكن أعرف يعني لو الشركة مشيتني من غير سبب مقنع، إيه الخطوات اللي لازم أتبعها علشان آخد تعويض؟ وهل فيه مبلغ محدد هو أقصى قيمة ينفع التعويض يوصلها؟ (استخدام ""خطوات لازم أتبعها"" بدلاً من ""بكسب تعويض إزاي"")؟"
4343	"في حالة لو تم إنهاء خدمتي بشكل تعسفي، إزاي ممكن أطالب بتعويض؟ وهل القانون المصري فيه حد أقصى لقيمة التعويض في حالات الفصل التعسفي؟ (استخدام مصطلحات قانونية مثل ""إنهاء خدمتي بشكل تعسفي"" لزيادة الاختلاف)"
4344	"يعني في حالة لو تم إنهاء خدمتي بشكل تعسفي، إزاي ممكن أطالب بتعويض؟ وهل القانون المصري فيه حد أقصى لقيمة التعويض في حالات الفصل التعسفي؟ (استخدام مصطلحات قانونية مثل ""إنهاء خدمتي بشكل تعسفي"" لزيادة الاختلاف)؟"
4345	"طيب، في حالة لو تم إنهاء خدمتي بشكل تعسفي، إزاي يجوز أطالب بتعويض؟ وهل القانون المصري فيه حد أقصى لقيمة التعويض في حالات الفصل التعسفي؟ (استخدام مصطلحات قانونية مثل ""إنهاء خدمتي بشكل تعسفي"" لزيادة الاختلاف)؟"
4346	"بصراحة، في حالة لو تم إنهاء خدمتي بشكل تعسفي، إزاي ممكن أطالب بتعويض؟ وهل القانون المصري فيه حد أقصى لقيمة التعويض في حالات الفصل التعسفي؟ (استخدام مصطلحات قانونية مثل ""إنهاء خدمتي بشكل تعسفي"" لزيادة الاختلاف)؟"
4347	"لو سمحت، في حالة لو تم إنهاء خدمتي بشكل تعسفي، إزاي مسموح أطالب بتعويض؟ وهل القانون المصري فيه حد أقصى لقيمة التعويض في حالات الفصل التعسفي؟ (استخدام مصطلحات قانونية مثل ""إنهاء خدمتي بشكل تعسفي"" لزيادة الاختلاف)؟"
4348	"ممكن أعرف في حالة لو تم إنهاء خدمتي بشكل تعسفي، إزاي ممكن أطالب بتعويض؟ وهل القانون المصري فيه حد أقصى لقيمة التعويض في حالات الفصل التعسفي؟ (استخدام مصطلحات قانونية مثل ""إنهاء خدمتي بشكل تعسفي"" لزيادة الاختلاف)؟"
4349	التعويض بيتحسب على كام سنين خدمة؟ ولا إيه الشروط؟
4350	يعني التعويض بيتحسب على كم عمرين خدمة؟ ولا ما هو الشروط؟
4351	طيب، التعويض بيتحسب على قد إيه سنين خدمة؟ ولا إيه الشروط؟
4352	بصراحة، التعويض بيتحسب على كام سنين خدمة؟ ولا إيه الشروط؟
4353	لو سمحت، التعويض بيتُعد على كم سنين خدمة؟ ولا ما هو الشروط؟
4354	ممكن أعرف التعويض بيتحسب على كام سنين خدمة؟ ولا ما هو الشروط؟
4355	طيب، لما الواحد ياخد تعويض، بيحسبوا عدد سنين خدمته من أول كام سنة اشتغلها؟ وإيه هي بقى الضوابط اللي لازم تكون موجودة؟
4356	يعني طيب، لما الواحد يأخذ تعويض، بيحسبوا مقدار سنين خدمته من أول كام سنة اشتغلها؟ وإيه هي بقى الضوابط اللي مطلوب تكون موجودة؟
4357	طيب، لما الواحد ياخد تعويض، بيحسبوا عدد سنين خدمته من أول كام سنة اشتغلها؟ وإيه هي بقى الضوابط اللي واجب تكون موجودة؟
4358	بصراحة، طيب، لما الواحد يأخذ تعويض، بيحسبوا كمية سنين خدمته من أول كام سنة اشتغلها؟ وماذا هي بقى الضوابط اللي لازم تكون موجودة؟
4359	لو سمحت، طيب، لما الواحد ياخد تعويض، بيحسبوا كم سنين خدمته من أول كم سنة اشتغلها؟ وإيه هي بقى الضوابط اللي لازم تكون موجودة؟
4360	ممكن أعرف طيب، لما الواحد يستحق تعويض، بيحسبوا كمية سنهين خدمته من أول كام سنة اشتغلها؟ وإيه هي بقى الضوابط اللي لازم تكون موجودة؟
4361	يعني عشان الواحد يستحق التعويض، لازم يكون اشتغل كام سنة بالظبط؟ وإيه هي المحددات اللي بيحطوها في الاعتبار؟
4362	يعني عشان الواحد يستحق التعويض، لازم يكون اشتغل أد ماذا سنة بالظبط؟ وإيه هي المحددات اللي بيحطوها في الاعتبار؟
4363	طيب، يعني عشان الواحد يستحق التعويض، لازم يكون اشتغل كام عمرة بالظبط؟ وماذا هي المحددات اللي بيحطوها في الاعتبار؟
4364	بصراحة، يعني عشان الواحد يستحق التعويض، لازم يكون اشتغل كام سنة بالظبط؟ وإيه هي المحددات اللي بيحطوها في الاعتبار؟
4365	لو سمحت، يعني عشان الواحد يستحق التعويض، ضروري يكون اشتغل كام سنهة بالظبط؟ وأي هي المحددات اللي بيحطوها في الاعتبار؟
4366	ممكن أعرف يعني عشان الواحد يستحق التعويض، واجب يكون اشتغل كام سنهة بالظبط؟ وماذا هي المحددات اللي بيحطوها في الاعتبار؟
4367	معلش، عاوز أعرف التعويض بيتحسب بناءً على كام سنة شغل؟ ويا ترى فيه أي حاجة تانية لازم الواحد يكون عارفها؟
4368	يعني معلش، عاوز أعرف التعويض بيتُعتبر بناءً على كام سنة شغل؟ ويا ترى فيه أي حاجة تانية لازم الواحد يكون عارفها؟
4369	طيب، معلش، عاوز أعرف التعويض بيتحسب بناءً على كام سنة شغل؟ ويا ترى فيه أي حاجة تانية لازم الواحد يكون عارفها؟
4370	بصراحة، معلش، عاوز أعرف التعويض بيتُعد بناءً على ماذا عدد سنة شغل؟ ويا ترى فيه أي حاجة تانية لازم الواحد يكون عارفها؟
4371	لو سمحت، معلش، عاوز أعرف التعويض بيتُحسب بناءً على كام سنة شغل؟ ويا ترى فيه أي حاجة تانية واجب الواحد يكون عارفها؟
4372	ممكن أعرف معلش، عاوز أعرف التعويض بيتحسب بناءً على ماذا كم سنة شغل؟ ويا ترى فيه أي حاجة تانية لازم الواحد يكون عارفها؟
4373	السؤال بالصراحة: التعويض ده بيحسبوه على أساس خدمة كام سنة بالظبط؟ وإيه هي الاشتراطات الأساسية عشان الواحد ياخده؟
4374	يعني السؤال بالصاستراحة: التعويض ده بيحسبوه على أساس خدمة كام عمرة بالظبط؟ وماذا هي الاشتراطات الأساسية عشان الواحد يحصل علىه؟
4375	طيب، السؤال بالصبريك: التعويض ده بيحسبوه على أساس خدمة كام سنة بالظبط؟ وماذا هي الاشتراطات الأساسية عشان الواحد ياخده؟
4376	بصراحة، السؤال بالصراحة: التعويض ده بيحسبوه على أساس خدمة قد إيه عمرة بالظبط؟ وإيه هي الاشتراطات الأساسية عشان الواحد ياخده؟
4377	لو سمحت، السؤال بالصراحة: التعويض ده بيحسبوه على أساس خدمة كام سنة بالظبط؟ وماذا هي الاشتراطات الأساسية عشان الواحد ياخده؟
4378	ممكن أعرف السؤال بالصاستراحة: التعويض ده بيحسبوه على أساس خدمة كام عمرة بالظبط؟ وماذا هي الاشتراطات الأساسية عشان الواحد ياخده؟
4379	ممكن تفهموني، التعويض ده بيعتمد على كام سنة الواحد قضاها في شغله؟ وإيه هي الشروط اللي بيحطوها عشان الواحد يستفيد بيه؟
4380	يعني ممكن تفهموني، التعويض ده بيعتمد على كام سنهة الواحد قضاها في شغله؟ وإيه هي الشروط اللي بيحطوها عشان الواحد يستفيد بيه؟
4381	طيب، يجوز تفهموني، التعويض ده بيعتمد على كام سنهة الواحد قضاها في شغله؟ وإيه هي الشروط اللي بيحطوها عشان الواحد يستفيد بيه؟
4382	بصراحة، ممكن تفهموني، التعويض ده بيعتمد على كام سنة الواحد قضاها في شغله؟ وإيه هي الشروط اللي بيحطوها عشان الواحد يستفيد بيه؟
4383	لو سمحت، ممكن تفهموني، التعويض ده بيعتمد على قد إيه سنة الواحد قضاها في شغله؟ وإيه هي الشروط اللي بيحطوها عشان الواحد يستفيد بيه؟
4384	ممكن أعرف مسموح تفهموني، التعويض ده بيعتمد على كم سنهة الواحد قضاها في شغله؟ وما هو هي الشروط اللي بيحطوها عشان الواحد يستفيد بيه؟
4385	لو مشيت الشركة بالتراضى (استقالة), ليه مكافأة نهاية خدمة؟ القانون إزاي بيتعامل مع الاستقالة؟
4386	يعني لو مشيت الشركة بالتراضى (استقالة), ليه مكافأة نهاية خدمة؟ الشرع إزاي بيتعامل مع الاستقالة؟
4387	طيب، لو مشيت الشركة بالتراضى (استحددة), ليه مكافأة نهاية خدمة؟ القانون إزاي بيتعامل مع الاستقالة؟
4388	بصراحة، لو مشيت الشركة بالتراضى (استحددة), ليه مكافأة نهاية خدمة؟ القانون إزاي بيتعامل مع الاستقالة؟
4389	لو سمحت، لو مشيت الشركة بالتراضى (استقالة), ليه مكافأة نهاية خدمة؟ الشرع إزاي بيتعامل مع الاستقالة؟
4390	ممكن أعرف لو مشيت الشركة بالتراضى (استذكرة), ليه مكافأة نهاية خدمة؟ القانون إزاي بيتعامل مع الاستقالة؟
4391	طيب، لو الواحد قدم استقالته ومشي بالاتفاق مع الشركة، هل يستحق مكافأة نهاية الخدمة ولا لأ؟ وإيه حقوقه القانونية في حالة الاستقالة؟ (تركز على حقوق الموظف)
4392	يعني طيب، لو الواحد قدم استحددته ومشي بالاتفاق مع الشركة، هل يستحق مكافأة نهاية الخدمة ولا لأ؟ وماذا حقوقه المشروعة في حالة الاستقالة؟ (تركز على حقوق الموظف)؟
4393	طيب، لو الواحد قدم استذكرته ومشي بالاتفاق مع الشركة، هل يستحق مكافأة نهاية الخدمة ولا لأ؟ وماذا حقوقه التشريعية في حالة الاستقالة؟ (تركز على حقوق الموظف)؟
4394	بصراحة، طيب، لو الواحد قدم استقالته ومشي بالاتفاق مع الشركة، هل يستحق مكافأة نهاية الخدمة ولا لأ؟ وما هو حقوقه القانونية في حالة الاستقالة؟ (تركز على حقوق الموظف)؟
4395	لو سمحت، طيب، لو الواحد قدم استقالته ومشي بالاتفاق مع الشركة، هل يستحق مكافأة نهاية الخدمة ولا لأ؟ وإيه حقوقه المشروعة في حالة الاستقالة؟ (تركز على حقوق الموظف)؟
4396	ممكن أعرف طيب، لو الواحد قدم استقالته ومشي بالاتفاق لدى الشركة، هل يستحق مكافأة نهاية الخدمة ولا لأ؟ وإيه حقوقه المشروعة في حالة الاستقالة؟ (تركز على حقوق الموظف)؟
4397	لو الشركة وافقت على استقالتي، يعني كله تمام بالتراضي، هل ده يغير حاجة في موضوع مكافأة نهاية الخدمة؟ القانون بيقول إيه في حالة زي دي؟ (تركز على تأثير الموافقة على الاستقالة)
4398	يعني لو الشركة وافقت على استقالتي، يعني كله تمام بالتراضي، هل ده يغير حاجة في موضوع مكافأة نهاية الخدمة؟ القانون بيقول إيه في حالة زي دي؟ (تركز على تأثير الموافقة على الاستقالة)؟
4399	طيب، لو الشركة وافقت على استنصتي، يعني كله تمام بالتراضي، هل ده يغير حاجة في موضوع مكافأة نهاية الخدمة؟ الشرع بيقول إيه في حالة زي دي؟ (تركز على تأثير الموافقة على الاستقالة)؟
4400	بصراحة، لو الشركة وافقت على استقالتي، يعني كله تمام بالتراضي، هل ده يغير حاجة في موضوع مكافأة نهاية الخدمة؟ التشريع بيقول إيه في حالة زي دي؟ (تركز على تأثير الموافقة على الاستقالة)؟
4401	لو سمحت، لو الشركة وافقت على استقالتي، يعني كله تمام بالتراضي، هل ده يغير حاجة في موضوع مكافأة نهاية الخدمة؟ الشرع بيقول أي في حالة زي دي؟ (تركز على تأثير الموافقة على الاستقالة)؟
4402	ممكن أعرف لو الشركة وافقت على استقالتي، يعني كله تمام بالتراضي، هل ده يغير حاجة في موضوع مكافأة نهاية الخدمة؟ الشرع بيقول إيه في حالة زي دي؟ (تركز على تأثير الموافقة على الاستقالة)؟
4403	أنا استقلت من شغلي بالاتفاق مع الشركة، بس عايز أفهم: هل ليا أي مستحقات قانونية أو مكافأة نهاية خدمة ولا خلاص كده؟ القانون بيحمي حقوقي إزاي في الحالة دي؟ (تعبير عن القلق بشأن الحقوق)
4404	يعني أنا استقلت من شغلي بالاتفاق مع الشركة، بس عايز أفهم: هل ليا أي مستحقات قانونية أو مكافأة نهاية خدمة ولا خلاص كده؟ القانون بيحمي حقوقي إزاي في الحالة دي؟ (تعبير عن القلق بشأن الحقوق)؟
4405	طيب، أنا استقلت من شغلي بالاتفاق مع الشركة، بس عايز أفهم: هل ليا أي مستحقات قانونية أو مكافأة نهاية خدمة ولا خلاص كده؟ القانون بيحمي حقوقي إزاي في الحالة دي؟ (تعبير عن القلق بشأن الحقوق)؟
4406	بصراحة، أنا استقلت من شغلي بالاتفاق مع الشركة، بس عايز أفهم: هل ليا أي مستحقات قانونية أو مكافأة نهاية خدمة ولا خلاص كده؟ النظام بيحمي حقوقي إزاي في الحالة دي؟ (تعبير عن القلق بشأن الحقوق)؟
4407	لو سمحت، أنا استقلت من شغلي بالاتفاق مع الشركة، بس عايز أفهم: هل ليا أي مستحقات قانونية أو مكافأة نهاية خدمة ولا خلاص كده؟ النظام بيحمي حقوقي إزاي في الحالة دي؟ (تعبير عن القلق بشأن الحقوق)؟
4408	ممكن أعرف أنا استقلت من شغلي بالاتفاق مع الشركة، بس عايز أفهم: هل ليا أي مستحقات قانونية أو مكافأة نهاية خدمة ولا خلاص كده؟ القانون بيحمي حقوقي إزاي في الحالة دي؟ (تعبير عن القلق بشأن الحقوق)؟
4409	يعني لو أنا والشركة اتفقنا على إنهاء الخدمة عن طريق الاستقالة، المكافأة بتاعة نهاية الخدمة دي بتروح عليا ولا إيه؟ وإيه موقف القانون بالظبط من الموضوع ده؟ (تركز على ضياع المكافأة المحتمل)
4410	يعني لو أنا والشركة اتفقنا على إنهاء الخدمة عن طريق الاستقالة، المكافأة بتاعة نهاية الخدمة دي بتروح عليا ولا أي؟ وإيه موقف القانون بالظبط من الموضوع ده؟ (تركز على ضياع المكافأة المحتمل)؟
4411	طيب، يعني لو أنا والشركة اتفقنا على إنهاء الخدمة عن طريق الاستذكرة، المكافأة بتاعة نهاية الخدمة دي بتروح عليا ولا أي؟ وإيه موقف القانون بالظبط من الموضوع ده؟ (تركز على ضياع المكافأة المحتمل)؟
4412	بصراحة، يعني لو أنا والشركة اتفقنا على إنهاء الخدمة عن طريق الاستذكرة، المكافأة بتاعة نهاية الخدمة دي بتروح عليا ولا إيه؟ وإيه موقف القانون بالظبط من الموضوع ده؟ (تركز على ضياع المكافأة المحتمل)؟
4413	لو سمحت، يعني لو أنا والشركة اتفقنا على إنهاء الخدمة عن طريق الاستقالة، المكافأة بتاعة نهاية الخدمة دي بتروح عليا ولا ما هو؟ وإيه موقف التشريع بالظبط من الموضوع ده؟ (تركز على ضياع المكافأة المحتمل)؟
4414	ممكن أعرف يعني لو أنا والشركة اتفقنا على إنهاء الخدمة عن طريق الاستذكرة، المكافأة بتاعة نهاية الخدمة دي بتروح عليا ولا ما هو؟ وإيه موقف النظام بالظبط من الموضوع ده؟ (تركز على ضياع المكافأة المحتمل)؟
4415	إيه اللي بيحصل بالنسبة لمكافأة نهاية الخدمة لما الواحد يستقيل بمزاجه، والشركة توافق؟ القانون بيحكم الموضوع ده إزاي؟ يعني أستحقها ولا مش من حقي؟ (تركز على آلية عمل القانون في حالة الاستقالة)
4416	يعني إيه اللي بيحصل بالنسبة لمكافأة نهاية الخدمة لما الواحد يستقيل بمزاجه، والشركة توافق؟ القانون بيحكم الموضوع ده إزاي؟ يعني أستحقها ولا مش من حقي؟ (تركز على آلية عمل القانون في حالة الاستقالة)؟
4417	طيب، أي اللي بيحصل بالنسبة لمكافأة نهاية الخدمة لما الواحد يستقيل بمزاجه، والشركة توافق؟ التشريع بيحكم الموضوع ده إزاي؟ يعني أستحقها ولا مش من حقي؟ (تركز على آلية عمل القانون في حالة الاستقالة)؟
4418	بصراحة، إيه اللي بيحصل بالنسبة لمكافأة نهاية الخدمة لما الواحد يستقيل بمزاجه، والشركة توافق؟ القانون بيحكم الموضوع ده إزاي؟ يعني أستحقها ولا مش من حقي؟ (تركز على آلية عمل القانون في حالة الاستقالة)؟
4419	لو سمحت، إيه اللي بيحصل بالنسبة لمكافأة نهاية الخدمة لما الواحد يستقيل بمزاجه، والشركة توافق؟ القانون بيحكم الموضوع ده إزاي؟ يعني أستحقها ولا مش من حقي؟ (تركز على آلية عمل القانون في حالة الاستقالة)؟
4420	ممكن أعرف أي اللي بيحصل بالنسبة لمكافأة نهاية الخدمة لما الواحد يستقيل بمزاجه، والشركة توافق؟ القانون بيحكم الموضوع ده إزاي؟ يعني أستحقها ولا مش من حقي؟ (تركز على آلية عمل القانون في حالة الاستقالة)؟
4421	محكمة العمل الجديدة بتشتغل إزاي لو فرضًا اتفصلت؟ ليه حالًا حق أروح المحكمة بدون موافقة الحكومة؟
4422	يعني محكمة العمل الجديدة بتشتغل إزاي لو فرضًا اتفصلت؟ ليه حالًا حق أروح المحكمة بدون موافقة الحكومة؟
4423	طيب، محكمة العمل الجديدة بتشتغل إزاي لو فرضًا اتفصلت؟ ليه حالًا حق أروح المحكمة بدون موافقة الحكومة؟
4424	بصراحة، محكمة العمل الجديدة بتشتغل إزاي لو فرضًا اتفصلت؟ ليه حالًا حق أروح المحكمة بدون موافقة الحكومة؟
4425	لو سمحت، محكمة الوظيفة الجديدة بتشتغل إزاي لو فرضًا اتفصلت؟ ليه حالًا حق أروح المحكمة بدون موافقة الحكومة؟
4426	ممكن أعرف محكمة العمل الجديدة بتشتغل إزاي لو فرضًا اتفصلت؟ ليه حالًا حق أروح المحكمة بدون موافقة الحكومة؟
4427	طيب، الواحد لما يتفصل من شغله، إيه الإجراءات اللي المفروض يعملها في محكمة العمل الجديدة دي؟ وهل لازم يستأذن الحكومة قبل ما يرفع قضية ولاّ إيه النظام؟ (تركز على الإجراءات المطلوبة و توضح أكثر فكرة الاستئذان)
4428	يعني طيب، الواحد لما يتفصل من شغله، إيه الإجراءات اللي المفروض يعملها في محكمة الدوام الجديدة دي؟ وهل لازم يستأذن الحكومة قبل ما يرفع قضية ولاّ إيه النظام؟ (تركز على الإجراءات المطلوبة و توضح أكثر فكرة الاستئذان)؟
4429	طيب، الواحد لما يتفصل من شغله، إيه الإجراءات اللي المفروض يعملها في محكمة العمل الجديدة دي؟ وهل واجب يستأذن الحكومة قبل ما يرفع قضية ولاّ إيه النظام؟ (تركز على الإجراءات المطلوبة و توضح أكثر فكرة الاستئذان)؟
4430	بصراحة، طيب، الواحد لما يتفصل من شغله، أي الإجراءات اللي المفروض يعملها في محكمة العمل الجديدة دي؟ وهل لازم يستأذن الحكومة قبل ما يرفع قضية ولاّ إيه النظام؟ (تركز على الإجراءات المطلوبة و توضح أكثر فكرة الاستئذان)؟
4431	لو سمحت، طيب، الواحد لما يتفصل من شغله، ما هو الإجراءات اللي المفروض يعملها في محكمة العمل الجديدة دي؟ وهل ضروري يستأذن الحكومة قبل ما يرفع قضية ولاّ إيه النظام؟ (تركز على الإجراءات المطلوبة و توضح أكثر فكرة الاستئذان)؟
4432	ممكن أعرف طيب، الواحد لما يتفصل من شغله، أي الإجراءات اللي المفروض يعملها في محكمة العمل الجديدة دي؟ وهل مفروض يستأذن الحكومة قبل ما يرفع قضية ولاّ إيه النظام؟ (تركز على الإجراءات المطلوبة و توضح أكثر فكرة الاستئذان)؟
4433	"بعد قانون العمل الجديد، لو الشركة مشيتني، أعمل إيه بالظبط؟ وهل فيه حاجة بتمنعني أروح محكمة العمل على طول ولا القانون سابها مفتوحة؟ (تستخدم كلمات أبسط مثل ""مشيتني"" و ""سابها مفتوحة""، وتركز على وجود مانع قانوني)"
4434	"يعني بعد مرور قانون الوظيفة الجديد، لو الشركة مشيتني، أعمل إيه بالظبط؟ وهل فيه حاجة بتمنعني أروح محكمة العمل على طول ولا القانون سابها مفتوحة؟ (تستخدم كلمات أبسط مثل ""مشيتني"" و ""سابها مفتوحة""، وتركز على وجود مانع قانوني)؟"
4435	"طيب، بعد قانون الوظيفة الجديد، لو الشركة مشيتني، أعمل إيه بالظبط؟ وهل فيه حاجة بتمنعني أروح محكمة العمل على طول ولا القانون سابها مفتوحة؟ (تستخدم كلمات أبسط مثل ""مشيتني"" و ""سابها مفتوحة""، وتركز على وجود مانع قانوني)؟"
4436	"بصراحة، بعد قانون العمل الجديد، لو الشركة مشيتني، أعمل ماذا بالظبط؟ وهل فيه حاجة بتمنعني أروح محكمة العمل على طول ولا القانون سابها مفتوحة؟ (تستخدم كلمات أبسط مثل ""مشيتني"" و ""سابها مفتوحة""، وتركز على وجود مانع قانوني)؟"
4437	"لو سمحت، بعد قانون الوظيفة الجديد، لو الشركة مشيتني، أعمل ما هو بالظبط؟ وهل فيه حاجة بتمنعني أروح محكمة العمل على طول ولا التشريع سابها مفتوحة؟ (تستخدم كلمات أبسط مثل ""مشيتني"" و ""سابها مفتوحة""، وتركز على وجود مانع قانوني)؟"
4438	"ممكن أعرف بعد مرور قانون العمل الجديد، لو الشركة مشيتني، أعمل إيه بالظبط؟ وهل فيه حاجة بتمنعني أروح محكمة العمل على طول ولا القانون سابها مفتوحة؟ (تستخدم كلمات أبسط مثل ""مشيتني"" و ""سابها مفتوحة""، وتركز على وجود مانع قانوني)؟"
4439	"لو حصل فصل تعسفي، إزاي الواحد يقدر يستفيد من محكمة العمل الجديدة دي؟ وهل ممكن أقدم شكوى على طول ولا لازم أعدّي على جهة تانية الأول؟ (تستخدم مصطلح ""فصل تعسفي"" و تركز على وجود جهة وسيطة قبل المحكمة)"
4440	"يعني لو حصل فصل تعسفي، إزاي الواحد يقدر يستفيد من محكمة العمل الجديدة دي؟ وهل ممكن أقدم شكوى على طول ولا لازم أعدّي على جهة تانية الأول؟ (تستخدم مصطلح ""فصل تعسفي"" و تركز على وجود جهة وسيطة قبل المحكمة)؟"
4441	"طيب، لو حصل فصل تعسفي، إزاي الواحد يقدر يستفيد من محكمة العمل الجديدة دي؟ وهل يمكن أقدم شكوى على طول ولا لازم أعدّي على جهة تانية الأول؟ (تستخدم مصطلح ""فصل تعسفي"" و تركز على وجود جهة وسيطة قبل المحكمة)؟"
4442	"بصراحة، لو حصل فصل تعسفي، إزاي الواحد يقدر يستفيد من محكمة العمل الجديدة دي؟ وهل ممكن أقدم شكوى على طول ولا ضروري أعدّي على جهة تانية الأول؟ (تستخدم مصطلح ""فصل تعسفي"" و تركز على وجود جهة وسيطة قبل المحكمة)؟"
4443	"لو سمحت، لو حصل فصل تعسفي، إزاي الواحد يقدر يستفيد من محكمة الوظيفة الجديدة دي؟ وهل ممكن أقدم شكوى على طول ولا لازم أعدّي على جهة تانية الأول؟ (تستخدم مصطلح ""فصل تعسفي"" و تركز على وجود جهة وسيطة قبل المحكمة)؟"
4444	"ممكن أعرف لو حصل فصل تعسفي، إزاي الواحد يقدر يستفيد من محكمة الدوام الجديدة دي؟ وهل ممكن أقدم شكوى على طول ولا ضروري أعدّي على جهة تانية الأول؟ (تستخدم مصطلح ""فصل تعسفي"" و تركز على وجود جهة وسيطة قبل المحكمة)؟"
4445	يعني لو اترفدت من الشغل، محكمة العمل دي بتفيدني في إيه تحديدًا؟ وهل القانون بيديلي الحق أرفع قضية من غير ما أرجع لأي جهة حكومية تانية؟ (توضح أكثر فائدة المحكمة و تركز على عدم الحاجة لجهات حكومية وسيطة)
4446	يعني لو اترفدت من الشغل، محكمة العمل دي بتفيدني في أي تحديدًا؟ وهل القانون بيديلي الحق أرفع قضية من غير ما أرجع لأي جهة حكومية تانية؟ (توضح أكثر فائدة المحكمة و تركز على عدم الحاجة لجهات حكومية وسيطة)؟
4447	طيب، يعني لو اترفدت من الشغل، محكمة العمل دي بتفيدني في ما هو تحديدًا؟ وهل الشرع بيديلي الحق أرفع قضية من غير ما أرجع لأي جهة حكومية تانية؟ (توضح أكثر فائدة المحكمة و تركز على عدم الحاجة لجهات حكومية وسيطة)؟
4448	بصراحة، يعني لو اترفدت من الشغل، محكمة الدوام دي بتفيدني في ماذا تحديدًا؟ وهل القانون بيديلي الحق أرفع قضية من غير ما أرجع لأي جهة حكومية تانية؟ (توضح أكثر فائدة المحكمة و تركز على عدم الحاجة لجهات حكومية وسيطة)؟
4449	لو سمحت، يعني لو اترفدت من الشغل، محكمة الوظيفة دي بتفيدني في إيه تحديدًا؟ وهل القانون بيديلي الحق أرفع قضية من غير ما أرجع لأي جهة حكومية تانية؟ (توضح أكثر فائدة المحكمة و تركز على عدم الحاجة لجهات حكومية وسيطة)؟
4450	ممكن أعرف يعني لو اترفدت من الوظيفة، محكمة الوظيفة دي بتفيدني في إيه تحديدًا؟ وهل القانون بيديلي الحق أرفع قضية من غير ما أرجع لأي جهة حكومية تانية؟ (توضح أكثر فائدة المحكمة و تركز على عدم الحاجة لجهات حكومية وسيطة)؟
4451	"إيه اللي بيحصل لما الواحد بيتطرد من شغله في ظل قانون العمل الجديد ومحكمة العمل؟ وهل فيه أي قيود بتمنعني من اللجوء للمحكمة مباشرةً ولا أقدر أروح في أي وقت؟ (تستخدم كلمة ""بيتطرد"" للتعبير عن الفصل و تركز على فكرة القيود التي تمنع اللجوء للمحكمة)"
4452	"يعني ما هو اللي بيحصل لما الواحد بيتطرد من شغله في ظل قانون الدوام الجديد ومحكمة العمل؟ وهل فيه أي قيود بتمنعني من اللجوء للمحكمة مباشرةً ولا أقدر أروح في أي وقت؟ (تستخدم كلمة ""بيتطرد"" للتعبير عن الفصل و تركز على فكرة القيود التي تمنع اللجوء للمحكمة)؟"
4453	"طيب، إيه اللي بيحصل لما الواحد بيتطرد من شغله في ظل قانون العمل الجديد ومحكمة العمل؟ وهل فيه أي قيود بتمنعني من اللجوء للمحكمة مباشرةً ولا أقدر أروح في أي وقت؟ (تستخدم كلمة ""بيتطرد"" للتعبير عن الفصل و تركز على فكرة القيود التي تمنع اللجوء للمحكمة)؟"
4454	"بصراحة، ماذا اللي بيحصل لما الواحد بيتطرد من شغله في ظل قانون العمل الجديد ومحكمة العمل؟ وهل فيه أي قيود بتمنعني من اللجوء للمحكمة مباشرةً ولا أقدر أروح في أي وقت؟ (تستخدم كلمة ""بيتطرد"" للتعبير عن الفصل و تركز على فكرة القيود التي تمنع اللجوء للمحكمة)؟"
4455	"لو سمحت، إيه اللي بيحصل لما الواحد بيتطرد من شغله في ظل قانون الدوام الجديد ومحكمة العمل؟ وهل فيه أي قيود بتمنعني من اللجوء للمحكمة مباشرةً ولا أقدر أروح في أي وقت؟ (تستخدم كلمة ""بيتطرد"" للتعبير عن الفصل و تركز على فكرة القيود التي تمنع اللجوء للمحكمة)؟"
4456	"ممكن أعرف إيه اللي بيحصل لما الواحد بيتطرد من شغله في ظل قانون العمل الجديد ومحكمة العمل؟ وهل فيه أي قيود بتمنعني من اللجوء للمحكمة مباشرةً ولا أقدر أروح في أي وقت؟ (تستخدم كلمة ""بيتطرد"" للتعبير عن الفصل و تركز على فكرة القيود التي تمنع اللجوء للمحكمة)؟"
4457	صاحب العمل عليه يوفر وسائل حماية وقاية للعاملين؟ القانون قال إيه؟
4458	يعني صاحب العمل عليه يوفر وسائل حماية وقاية للموظفين؟ التشريع حدد ماذا؟
4459	طيب، صاحب الشغل عليه يوفر وسائل حماية وقاية للعاملينين؟ القانون حدد إيه؟
4460	بصراحة، صاحب العمل عليه يوفر وسائل حماية وقاية للعاملين؟ القانون ذكر إيه؟
4461	لو سمحت، صاحب الشغل عليه يوفر وسائل حماية وقاية للعاملين؟ القانون قال إيه؟
4462	ممكن أعرف صاحب العمل عليه يوفر وسائل حماية وقاية للعاملين؟ القانون ذكر إيه؟
4463	إيه واجبات صاحب الشغل من ناحية توفير وسائل الأمان والحماية للعاملين؟ القانون بيحدد إيه بالظبط في الموضوع ده؟
4464	يعني إيه واجبات صاحب الوظيفة من ناحية توفير وسائل الأمان والحماية للعاملين؟ الشرع بيحدد إيه بالظبط في الموضوع ده؟
4465	طيب، ماذا واجبات صاحب الشغل من ناحية توفير وسائل الأمان والحماية للعاملين؟ القانون بيحدد إيه بالظبط في الموضوع ده؟
4466	بصراحة، إيه واجبات صاحب الشغل من ناحية توفير وسائل الأمان والحماية للعاملينين؟ القانون بيحدد إيه بالظبط في الموضوع ده؟
4467	لو سمحت، إيه واجبات صاحب الوظيفة من ناحية توفير وسائل الأمان والحماية للعاملين؟ القانون بيحدد إيه بالظبط في الموضوع ده؟
4468	ممكن أعرف ما هو واجبات صاحب الشغل من ناحية توفير وسائل الأمان والحماية للعاملين؟ القانون بيحدد إيه بالظبط في الموضوع ده؟
4469	يا ترى القانون بيقول إيه عن مسؤولية صاحب العمل في إنه يدي للعاملين بتوعه كل أدوات السلامة والوقاية اللازمة؟
4470	يعني يا ترى القانون بيقول أي عن مسؤولية صاحب الدوام في إنه يدي للعاملين بتوعه كل أدوات السلامة والوقاية اللازمة؟
4471	طيب، يا ترى التشريع بيقول إيه عن مسؤولية صاحب العمل في إنه يدي للموظفين بتوعه كل أدوات السلامة والوقاية اللازمة؟
4472	بصراحة، يا ترى التشريع بيقول ماذا عن مسؤولية صاحب الدوام في إنه يدي للعاملين بتوعه كل أدوات السلامة والوقاية المطلوبة؟
4473	لو سمحت، يا ترى القانون بيقول إيه عن مسؤولية صاحب العمل في إنه يدي للعاملين بتوعه كل أدوات السلامة والوقاية اللازمة؟
4474	ممكن أعرف يا ترى التشريع بيقول ماذا عن مسؤولية صاحب العمل في إنه يدي للعاملين بتوعه كل أدوات السلامة والوقاية الضرورية؟
4475	هو صاحب الشغل ملزم بتوفير إجراءات وقاية للعامل اللي عنده ولا لأ؟ ولو ملزم، القانون بينص على إيه بالظبط؟
4476	يعني هو صاحب الشغل ملزم بتوفير إجراءات وقاية للعامل اللي عنده ولا لأ؟ ولو ملزم، التشريع بينص على إيه بالظبط؟
4477	طيب، هو صاحب الشغل ملزم بتوفير إجراءات وقاية للعامل اللي عنده ولا لأ؟ ولو ملزم، القانون بينص على إيه بالظبط؟
4478	بصراحة، هو صاحب الشغل ملزم بتوفير إجراءات وقاية للعامل اللي عنده ولا لأ؟ ولو ملزم، القانون بينص على ماذا بالظبط؟
4479	لو سمحت، هو صاحب المؤسسة ملزم بتوفير إجراءات وقاية للعاملين اللي عنده ولا لأ؟ ولو ملزم، القانون بينص على ماذا بالظبط؟
4480	ممكن أعرف هو صاحب الشغل ملزم بتوفير إجراءات وقاية للعامل اللي عنده ولا لأ؟ ولو ملزم، القانون بينص على إيه بالظبط؟
4481	إيه اللي لازم صاحب الشغل يعمله عشان يحمي العاملين عنده ويأمنهم من المخاطر؟ القانون بيفرض عليه إيه في الحالة دي؟
4482	يعني إيه اللي مطلوب صاحب الشركة يعمله عشان يحمي العاملين عنده ويأمنهم من المخاطر؟ القانون بيفرض عليه إيه في الحالة دي؟
4483	طيب، إيه اللي لازم صاحب الشغل يعمله عشان يحمي العاملين عنده ويأمنهم من المخاطر؟ القانون بيفرض عليه إيه في الحالة دي؟
4484	بصراحة، أي اللي لازم صاحب الشغل يعمله عشان يحمي العاملين عنده ويأمنهم من المخاطر؟ التشريع بيفرض عليه إيه في الحالة دي؟
4485	لو سمحت، ماذا اللي مفروض صاحب الشغل يعمله عشان يحمي العاملين عنده ويأمنهم من المخاطر؟ القانون بيفرض عليه إيه في الحالة دي؟
4486	ممكن أعرف ما هو اللي لازم صاحب الوظيفة يعمله عشان يحمي العاملين عنده ويأمنهم من المخاطر؟ التشريع بيفرض عليه إيه في الحالة دي؟
4487	بصراحة كده، هل القانون بيجبر صاحب العمل إنه يوفر للعاملين عنده كل وسائل الحماية والأمان اللازمة؟ وإيه هي بنود القانون في الموضوع ده؟
4488	يعني بصبريك كده، هل التشريع بيجبر صاحب العمل إنه يوفر للعاملينين عنده كل وسائل الحماية والأمان الواجبة؟ وإيه هي بنود القانون في الموضوع ده؟
4489	طيب، بصراحة كده، هل القانون بيجبر صاحب العمل إنه يوفر للعاملين عنده كل وسائل الحماية والأمان اللازمة؟ وإيه هي بنود القانون في الموضوع ده؟
4490	بصراحة، بصفسحة كده، هل النظام بيجبر صاحب الدوام إنه يوفر للعاملينين عنده كل وسائل الحماية والأمان المفروضة؟ وإيه هي بنود القانون في الموضوع ده؟
4491	لو سمحت، بصاستراحة كده، هل القانون بيجبر صاحب الدوام إنه يوفر للعاملين عنده كل وسائل الحماية والأمان اللازمة؟ وإيه هي بنود القانون في الموضوع ده؟
4492	ممكن أعرف بصراحة كده، هل القانون بيجبر صاحب العمل إنه يوفر للعاملين عنده كل وسائل الحماية والأمان المفروضة؟ وإيه هي بنود القانون في الموضوع ده؟
4493	لازم يكون فى طبيب عمل أو مسعف بداخل المنشأة؟
4494	يعني لازم يكون فى طبيب عمل أو مسعف بداخل المنشأة؟
4495	طيب، لازم يكون فى طبيب عمل أو مسعف بداخل المنشأة؟
4496	بصراحة، لازم يكون فى طبيب عمل أو مسعف بداخل المنشأة؟
4497	لو سمحت، لازم يكون فى طبيب عمل أو مسعف بداخل المنشأة؟
4498	ممكن أعرف واجب يكون فى طبيب عمل أو مسعف بداخل المنشأة؟
4499	ضروري يبقى فيه دكتور شغل أو حد بتاع إسعافات أولية موجود جوه المكان؟
4500	يعني ضروري يبقى فيه دكتور شغل أو حد بتاع إسعافات أولية موجود جوه المكان؟
4501	طيب، ضروري يبقى فيه دكتور شغل أو حد بتاع إسعافات أولية موجود جوه المكان؟
4502	بصراحة، ضروري يبقى فيه دكتور شغل أو حد بتاع إسعافات أولية موجود جوه المكان؟
4503	لو سمحت، ضروري يبقى فيه دكتور شغل أو حد بتاع إسعافات أولية موجود جوه المكان؟
4504	ممكن أعرف ضروري يبقى فيه دكتور شغل أو حد بتاع إسعافات أولية موجود جوه المكان؟
4505	هل لازم نوفر جوه المنشأة حد متخصص زي دكتور متخصص في طب العمل أو مسعف؟
4506	يعني هل ضروري نوفر جوه المنشأة حد متخصص زي دكتور متخصص في طب العمل أو مسعف؟
4507	طيب، هل مطلوب نوفر جوه المنشأة حد متخصص زي دكتور متخصص في طب الوظيفة أو مسعف؟
4508	بصراحة، هل لازم نوفر جوه المنشأة حد متخصص زي دكتور متخصص في طب العمل أو مسعف؟
4509	لو سمحت، هل ضروري نوفر جوه المنشأة حد متخصص زي دكتور متخصص في طب العمل أو مسعف؟
4510	ممكن أعرف هل ضروري نوفر جوه المنشأة حد متخصص زي دكتور متخصص في طب العمل أو مسعف؟
4511	يعني شرط أساسي يكون في المنشأة يا إما دكتور شغل يا إما واحد بيفهم في الإسعافات الأولية؟
4512	يعني شرط أساسي يكون في المنشأة يا إما دكتور شغل يا إما واحد بيفهم في الإسعافات الأولية؟
4513	طيب، يعني شرط أساسي يكون في المنشأة يا إما دكتور شغل يا إما واحد بيفهم في الإسعافات الأولية؟
4514	بصراحة، يعني شرط أساسي يكون في المنشأة يا إما دكتور شغل يا إما واحد بيفهم في الإسعافات الأولية؟
4515	لو سمحت، يعني شرط أساسي يكون في المنشأة يا إما دكتور شغل يا إما واحد بيفهم في الإسعافات الأولية؟
4516	ممكن أعرف يعني شرط أساسي يكون في المنشأة يا إما دكتور شغل يا إما واحد بيفهم في الإسعافات الأولية؟
4517	مفروض يبقى فيه جوه المؤسسة حد متخصص في الصحة المهنية، زي دكتور شغل أو واحد مدرب على الإسعافات، ولا مش لازم؟
4518	يعني مفروض يبقى فيه جوه المؤسسة حد متخصص في الصحة المهنية، زي دكتور شغل أو واحد مدرب على الإسعافات، ولا مش لازم؟
4519	طيب، مفروض يبقى فيه جوه المؤسسة حد متخصص في الصحة المهنية، زي دكتور شغل أو واحد مدرب على الإسعافات، ولا مش لازم؟
4520	بصراحة، مفروض يبقى فيه جوه المؤسسة حد متخصص في الصحة المهنية، زي دكتور شغل أو واحد مدرب على الإسعافات، ولا مش لازم؟
4521	لو سمحت، مفروض يبقى فيه جوه المؤسسة حد متخصص في الصحة المهنية، زي دكتور شغل أو واحد مدرب على الإسعافات، ولا مش لازم؟
4522	ممكن أعرف مفروض يبقى فيه جوه المؤسسة حد متخصص في الصحة المهنية، زي دكتور شغل أو واحد مدرب على الإسعافات، ولا مش مطلوب؟
4523	فيه إلزام بوجود حد زي طبيب الشركة أو مسعف جوه المنشأة ولا لأ؟
4524	يعني فيه إلزام بوجود حد زي طبيب الشركة أو مسعف جوه المنشأة ولا لأ؟
4525	طيب، فيه إلزام بوجود حد زي طبيب الشركة أو مسعف جوه المنشأة ولا لأ؟
4526	بصراحة، فيه إلزام بوجود حد زي طبيب الشركة أو مسعف جوه المنشأة ولا لأ؟
4527	لو سمحت، فيه إلزام بوجود حد زي طبيب الشركة أو مسعف جوه المنشأة ولا لأ؟
4528	ممكن أعرف فيه إلزام بوجود حد زي طبيب الشركة أو مسعف جوه المنشأة ولا لأ؟
4529	في حالة حادث أو إصابة عمل، مين بيتحمل العلاج والتعويض؟
4530	يعني في حالة حادث أو إصابة عمل، مين بيتحمل العلاج والتعويض؟
4531	طيب، في حالة حادث أو إصابة عمل، مين بيتحمل العلاج والتعويض؟
4532	بصراحة، في حالة حادث أو إصابة عمل، مين بيتحمل العلاج والتعويض؟
4533	لو سمحت، في حالة حادث أو إصابة عمل، مين بيتحمل العلاج والتعويض؟
4534	ممكن أعرف في حالة حادث أو إصابة عمل، مين بيتحمل العلاج والتعويض؟
4535	مين المسؤول عن تكاليف العلاج والتعويضات لو حصل حادثة شغل أو إصابة أثناء الشغل؟
4536	يعني مين المسؤول عن تكاليف العلاج والتعويضات لو حصل حادثة شغل أو إصابة أثناء المؤسسة؟
4537	طيب، مين المسؤول عن تكاليف العلاج والتعويضات لو حصل حادثة شغل أو إصابة أثناء الشغل؟
4538	بصراحة، مين المسؤول عن تكاليف العلاج والتعويضات لو حصل حادثة شغل أو إصابة أثناء المؤسسة؟
4539	لو سمحت، مين المسؤول عن تكاليف العلاج والتعويضات لو حصل حادثة شغل أو إصابة أثناء المؤسسة؟
4540	ممكن أعرف مين المسؤول عن تكاليف العلاج والتعويضات لو حصل حادثة شغل أو إصابة أثناء الوظيفة؟
4541	لو الواحد اتصاب أو حصل له حادثة وهو شغال، مين اللي المفروض يدفع مصاريف العلاج ويعوضه؟
4542	يعني لو الواحد اتصاب أو حصل له حادثة وهو شغال، مين اللي المفروض يدفع مصاريف العلاج ويعوضه؟
4543	طيب، لو الواحد اتصاب أو حصل له حادثة وهو شغال، مين اللي المفروض يدفع مصاريف العلاج ويعوضه؟
4544	بصراحة، لو الواحد اتصاب أو حصل له حادثة وهو شغال، مين اللي المفروض يدفع مصاريف العلاج ويعوضه؟
4545	لو سمحت، لو الواحد اتصاب أو حصل له حادثة وهو شغال، مين اللي المفروض يدفع مصاريف العلاج ويعوضه؟
4546	ممكن أعرف لو الواحد اتصاب أو حصل له حادثة وهو شغال، مين اللي المفروض يدفع مصاريف العلاج ويعوضه؟
4547	مين الجهة اللي بتتكفل بمصاريف علاج العامل وبتعوضه لو اتعرض لإصابة أو حادثة في الشغل؟
4548	يعني مين الجهة اللي بتتكفل بمصاريف علاج العامل وبتعوضه لو اتعرض لإصابة أو حادثة في الشغل؟
4549	طيب، مين الجهة اللي بتتكفل بمصاريف علاج العامل وبتعوضه لو اتعرض لإصابة أو حادثة في المؤسسة؟
4550	بصراحة، مين الجهة اللي بتتكفل بمصاريف علاج العامل وبتعوضه لو اتعرض لإصابة أو حادثة في الشغل؟
4551	لو سمحت، مين الجهة اللي بتتكفل بمصاريف علاج العامل وبتعوضه لو اتعرض لإصابة أو حادثة في الشغل؟
4552	ممكن أعرف مين الجهة اللي بتتكفل بمصاريف علاج العامل وبتعوضه لو اتعرض لإصابة أو حادثة في الشغل؟
4553	في حالة وقوع حادث أو إصابة أثناء العمل، على مين تقع مسؤولية تغطية العلاج والتعويضات المستحقة؟
4554	يعني في حالة وقوع حادث أو إصابة أثناء الدوام، على مين تقع مسؤولية تغطية العلاج والتعويضات المستحقة؟
4555	طيب، في حالة وقوع حادث أو إصابة أثناء الدوام، على مين تقع مسؤولية تغطية العلاج والتعويضات المستحقة؟
4556	بصراحة، في حالة وقوع حادث أو إصابة أثناء الشغل، على مين تقع مسؤولية تغطية العلاج والتعويضات المستحقة؟
4557	لو سمحت، في حالة وقوع حادث أو إصابة أثناء الوظيفة، على مين تقع مسؤولية تغطية العلاج والتعويضات المستحقة؟
4558	ممكن أعرف في حالة وقوع حادث أو إصابة أثناء العمل، على مين تقع مسؤولية تغطية العلاج والتعويضات المستحقة؟
4559	مين الطرف اللي بيتحمل قيمة العلاج والتعويضات للعامل لو حصل له أي مكروه أو إصابة وهو بيشتغل؟
4560	يعني مين الطرف اللي بيتحمل قيمة العلاج والتعويضات للعامل لو حصل له أي مكروه أو إصابة وهو بيشتغل؟
4561	طيب، مين الطرف اللي بيتحمل قيمة العلاج والتعويضات للموظف لو حصل له أي مكروه أو إصابة وهو بيشتغل؟
4562	بصراحة، مين الطرف اللي بيتحمل قيمة العلاج والتعويضات للعامل لو حصل له أي مكروه أو إصابة وهو بيشتغل؟
4563	لو سمحت، مين الطرف اللي بيتحمل قيمة العلاج والتعويضات للعامل لو حصل له أي مكروه أو إصابة وهو بيشتغل؟
4564	ممكن أعرف مين الطرف اللي بيتحمل قيمة العلاج والتعويضات للعامل لو حصل له أي مكروه أو إصابة وهو بيشتغل؟
4565	هل من حق العامل يرفض ينفذ شغل يشكل خطورة عليه؟ مثلاً ملوش أدوات حماية؟
4566	يعني هل من حق العامل يرفض ينفذ شغل يشكل خطورة عليه؟ مثلاً ملوش أدوات حماية؟
4567	طيب، هل من حق العامل يرفض ينفذ شغل يشكل خطورة عليه؟ مثلاً ملوش أدوات حماية؟
4568	بصراحة، هل من حق العامل يرفض ينفذ شغل يشكل خطورة عليه؟ مثلاً ملوش أدوات حماية؟
4569	لو سمحت، هل من حق العامل يرفض ينفذ شغل يشكل خطورة عليه؟ مثلاً ملوش أدوات حماية؟
4570	ممكن أعرف هل من حق العامل يرفض ينفذ شغل يشكل خطورة عليه؟ مثلاً ملوش أدوات حماية؟
4571	لو العامل شغله خطر عليه ومفيش وسائل أمان، هل القانون بيسمح له إنه ميعملش الشغل ده؟
4572	يعني لو العامل شغله خطر عليه ومفيش وسائل أمان، هل التشريع بيسمح له إنه ميعملش الشغل ده؟
4573	طيب، لو العامل شغله خطر عليه ومفيش وسائل أمان، هل الشرع بيسمح له إنه ميعملش العمل ده؟
4574	بصراحة، لو العامل شغله خطر عليه ومفيش وسائل أمان، هل القانون بيسمح له إنه ميعملش الشركة ده؟
4575	لو سمحت، لو العامل شغله خطر عليه ومفيش وسائل أمان، هل القانون بيسمح له إنه ميعملش الشغل ده؟
4576	ممكن أعرف لو العامل شغله خطر عليه ومفيش وسائل أمان، هل القانون بيسمح له إنه ميعملش الشغل ده؟
4577	يعني لو الشغل فيه تهديد لسلامة العامل ومعهوش اللي يحميه، ده يدي له الحق إنه يعترض وميشتغلش؟
4578	يعني لو الشغل فيه تهديد لسلامة العامل ومعهوش اللي يحميه، ده يدي له الحق إنه يعترض وميشتغلش؟
4579	طيب، يعني لو الشغل فيه تهديد لسلامة العامل ومعهوش اللي يحميه، ده يدي له الحق إنه يعترض وميشتغلش؟
4580	بصراحة، يعني لو الشغل فيه تهديد لسلامة العامل ومعهوش اللي يحميه، ده يدي له الحق إنه يعترض وميشتغلش؟
4581	لو سمحت، يعني لو الشغل فيه تهديد لسلامة العامل ومعهوش اللي يحميه، ده يدي له الحق إنه يعترض وميشتغلش؟
4582	ممكن أعرف يعني لو الشغل فيه تهديد لسلامة العامل ومعهوش اللي يحميه، ده يدي له الحق إنه يعترض وميشتغلش؟
4583	هل العامل من حقه يقول لأ للشغلانة لو كانت هتعرضه للخطر عشان مفيش إجراءات وقاية أو أدوات سلامة؟
4584	يعني هل العامل من حقه يقول لأ للشغلانة لو كانت هتعرضه للخطر عشان مفيش إجراءات وقاية أو أدوات سلامة؟
4585	طيب، هل العامل من حقه يقول لأ للشغلانة لو كانت هتعرضه للخطر عشان مفيش إجراءات وقاية أو أدوات سلامة؟
4586	بصراحة، هل العامل من حقه يقول لأ للشغلانة لو كانت هتعرضه للخطر عشان مفيش إجراءات وقاية أو أدوات سلامة؟
4587	لو سمحت، هل العامل من حقه يقول لأ للشغلانة لو كانت هتعرضه للخطر عشان مفيش إجراءات وقاية أو أدوات سلامة؟
4588	ممكن أعرف هل العامل من حقه يقول لأ للشغلانة لو كانت هتعرضه للخطر عشان مفيش إجراءات وقاية أو أدوات سلامة؟
4589	لو العامل شايف إن الشغل خطر على صحته أو حياته عشان مش متوفر له الحماية اللازمة، هل ده يعتبر سبب مشروع لرفضه الشغل؟
4590	يعني لو العامل شايف إن الشركة خطر على صحته أو حياته عشان مش متوفر له الحماية اللازمة، هل ده يعتبر سبب مشروع لرفضه الشغل؟
4591	طيب، لو العامل شايف إن الشغل خطر على صحته أو حياته عشان مش متوفر له الحماية الواجبة، هل ده يعتبر سبب مشروع لرفضه الشغل؟
4592	بصراحة، لو العامل شايف إن الشغل خطر على صحته أو حياته عشان مش متوفر له الحماية الواجبة، هل ده يعتبر سبب مشروع لرفضه الشغل؟
4593	لو سمحت، لو العامل شايف إن الشغل خطر على صحته أو حياته عشان مش متوفر له الحماية الضرورية، هل ده يعتبر سبب مشروع لرفضه الشغل؟
4594	ممكن أعرف لو العامل شايف إن الشركة خطر على صحته أو حياته عشان مش متوفر له الحماية اللازمة، هل ده يعتبر سبب مشروع لرفضه الشغل؟
4595	طب فرضاً العامل مطلوب منه شغل ممكن يضره عشان مفيش أدوات أمان، هل ده يخليه مش ملزم يشتغل الشغل ده؟
4596	يعني طب فرضاً العامل مطلوب منه شغل ممكن يضره عشان مفيش أدوات أمان، هل ده يخليه مش ملزم يشتغل الوظيفة ده؟
4597	طيب، طب فرضاً العامل مطلوب منه شغل ممكن يضره عشان مفيش أدوات أمان، هل ده يخليه مش ملزم يشتغل الشغل ده؟
4598	بصراحة، طب فرضاً العامل مطلوب منه شغل يجوز يضره عشان مفيش أدوات أمان، هل ده يخليه مش ملزم يشتغل الوظيفة ده؟
4599	لو سمحت، طب فرضاً العامل مطلوب منه شغل ممكن يضره عشان مفيش أدوات أمان، هل ده يخليه مش ملزم يشتغل المؤسسة ده؟
4600	ممكن أعرف طب فرضاً العامل مطلوب منه شغل يجوز يضره عشان مفيش أدوات أمان، هل ده يخليه مش ملزم يشتغل المؤسسة ده؟
4601	القانون بيجرم التنمر والسلوكيات المسيئة في مكان العمل؟
4602	يعني التشريع بيجرم التنمر والسلوكيات المسيئة في مكان العمل؟
4603	طيب، القانون بيجرم التنمر والسلوكيات المسيئة في مكان العمل؟
4604	بصراحة، الشرع بيجرم التنمر والسلوكيات المسيئة في مكان العمل؟
4605	لو سمحت، التشريع بيجرم التنمر والسلوكيات المسيئة في مكان العمل؟
4606	ممكن أعرف التشريع بيجرم التنمر والسلوكيات المسيئة في مكان العمل؟
4607	يا ترى فيه قانون بيحمي الموظفين من البلطجة والمعاملة الوحشة في الشغل؟ (تركز على حماية الموظفين)
4608	يعني يا ترى فيه قانون بيحمي الموظفين من البلطجة والمعاملة الوحشة في الشغل؟ (تركز على حماية الموظفين)؟
4609	طيب، يا ترى فيه قانون بيحمي الموظفين من البلطجة والمعاملة الوحشة في الوظيفة؟ (تركز على حماية الموظفين)؟
4610	بصراحة، يا ترى فيه قانون بيحمي الموظفين من البلطجة والمعاملة الوحشة في الشغل؟ (تركز على حماية الموظفين)؟
4611	لو سمحت، يا ترى فيه قانون بيحمي الموظفين من البلطجة والمعاملة الوحشة في الشغل؟ (تركز على حماية الموظفين)؟
4612	ممكن أعرف يا ترى فيه قانون بيحمي الموظفين من البلطجة والمعاملة الوحشة في المؤسسة؟ (تركز على حماية الموظفين)؟
4613	هل فيه مواد في القانون بتعاقب اللي بيتنمر أو بيهين زمايله في الشغل؟ (تركز على العقوبات القانونية)
4614	يعني هل فيه مواد في القانون بتعاقب اللي بيتنمر أو بيهين زمايله في الشغل؟ (تركز على العقوبات القانونية)؟
4615	طيب، هل فيه مواد في النظام بتعاقب اللي بيتنمر أو بيهين زمايله في المؤسسة؟ (تركز على العقوبات الرسمية)؟
4616	بصراحة، هل فيه مواد في القانون بتعاقب اللي بيتنمر أو بيهين زمايله في الشغل؟ (تركز على العقوبات المشروعة)؟
4617	لو سمحت، هل فيه مواد في الشرع بتعاقب اللي بيتنمر أو بيهين زمايله في الشغل؟ (تركز على العقوبات المشروعة)؟
4618	ممكن أعرف هل فيه مواد في القانون بتعاقب اللي بيتنمر أو بيهين زمايله في الشغل؟ (تركز على العقوبات القانونية)؟
4619	هو القانون المصري بيعتبر التحرش والإهانة في بيئة العمل جريمة ولا لأ؟ (تركز على اعتبار السلوك جريمة)
4620	يعني هو القانون المصري بيعتبر التحرش والإهانة في بيئة الدوام جريمة ولا لأ؟ (تركز على اعتبار السلوك جريمة)؟
4621	طيب، هو القانون المصري بيعتبر التحرش والإهانة في بيئة العمل جريمة ولا لأ؟ (تركز على اعتبار السلوك جريمة)؟
4622	بصراحة، هو القانون المصري بيعتبر التحرش والإهانة في بيئة الوظيفة جريمة ولا لأ؟ (تركز على اعتبار السلوك جريمة)؟
4623	لو سمحت، هو القانون المصري بيعتبر التحرش والإهانة في بيئة الدوام جريمة ولا لأ؟ (تركز على اعتبار السلوك جريمة)؟
4624	ممكن أعرف هو القانون المصري بيعتبر التحرش والإهانة في بيئة الوظيفة جريمة ولا لأ؟ (تركز على اعتبار السلوك جريمة)؟
4625	في مصر، هل فيه قوانين بتمنع وتجرم أي تصرفات مؤذية أو مهينة بتحصل بين الزملا في الشغل؟ (تركز على منع التجريم)
4626	يعني في مصر، هل فيه قوانين بتمنع وتجرم أي تصرفات مؤذية أو مهينة بتحصل بين الزملا في المؤسسة؟ (تركز على منع التجريم)؟
4627	طيب، في مصر، هل فيه قوانين بتمنع وتجرم أي تصرفات مؤذية أو مهينة بتحصل بين الزملا في الشغل؟ (تركز على منع التجريم)؟
4628	بصراحة، في مصر، هل فيه قوانين بتمنع وتجرم أي تصرفات مؤذية أو مهينة بتحصل بين الزملا في الوظيفة؟ (تركز على منع التجريم)؟
4629	لو سمحت، في مصر، هل فيه قوانين بتمنع وتجرم أي تصرفات مؤذية أو مهينة بتحصل بين الزملا في المؤسسة؟ (تركز على منع التجريم)؟
4630	ممكن أعرف في مصر، هل فيه قوانين بتمنع وتجرم أي تصرفات مؤذية أو مهينة بتحصل بين الزملا في الشغل؟ (تركز على منع التجريم)؟
4631	يعني لو واحد اتعرض لإساءة أو تنمر في شغله، القانون بيقف جنبه ويحميه؟ (تركز على حماية القانون للضحية)
4632	يعني لو واحد اتعرض لإساءة أو تنمر في شغله، النظام بيقف جنبه ويحميه؟ (تركز على حماية القانون للضحية)؟
4633	طيب، يعني لو واحد اتعرض لإساءة أو تنمر في شغله، القانون بيقف جنبه ويحميه؟ (تركز على حماية القانون للضحية)؟
4634	بصراحة، يعني لو واحد اتعرض لإساءة أو تنمر في شغله، التشريع بيقف جنبه ويحميه؟ (تركز على حماية القانون للضحية)؟
4635	لو سمحت، يعني لو واحد اتعرض لإساءة أو تنمر في شغله، القانون بيقف جنبه ويحميه؟ (تركز على حماية القانون للضحية)؟
4636	ممكن أعرف يعني لو واحد اتعرض لإساءة أو تنمر في شغله، القانون بيقف جنبه ويحميه؟ (تركز على حماية القانون للضحية)؟
4637	صاحب العمل ملزم يعمل إجراءات لمنع التحرش الجنسي في الشغل؟
4638	يعني صاحب العمل ملزم يعمل إجراءات لمنع التحرش الجنسي في المؤسسة؟
4639	طيب، صاحب العمل ملزم يعمل إجراءات لمنع التحرش الجنسي في العمل؟
4640	بصراحة، صاحب العمل ملزم يعمل إجراءات لمنع التحرش الجنسي في الشغل؟
4641	لو سمحت، صاحب العمل ملزم يعمل إجراءات لمنع التحرش الجنسي في الشركة؟
4642	ممكن أعرف صاحب العمل ملزم يعمل إجراءات لمنع التحرش الجنسي في العمل؟
4643	يعني القانون بيُلزم أصحاب الشركات والمصانع إنهم ياخدوا خطوات عشان يحموا الموظفين من أي تحرش في مكان الشغل؟ (هذا السؤال يركز على إلزام القانون)
4644	يعني النظام بيُلزم أصحاب الشركات والمصانع إنهم يأخذوا خطوات عشان يحموا الموظفين من أي تحرش في مكان الشركة؟ (هذا السؤال يركز على إلزام القانون)؟
4645	طيب، يعني القانون بيُلزم أصحاب الشركات والمصانع إنهم يستحقوا خطوات عشان يحموا الموظفين من أي تحرش في مكان الشغل؟ (هذا السؤال يركز على إلزام القانون)؟
4646	بصراحة، يعني القانون بيُلزم أصحاب الشركات والمصانع إنهم ياخدوا خطوات عشان يحموا الموظفين من أي تحرش في مكان المؤسسة؟ (هذا السؤال يركز على إلزام القانون)؟
4647	لو سمحت، يعني التشريع بيُلزم أصحاب الشركات والمصانع إنهم يأخذوا خطوات عشان يحموا الموظفين من أي تحرش في مكان الشغل؟ (هذا السؤال يركز على إلزام القانون)؟
4648	ممكن أعرف يعني القانون بيُلزم أصحاب الشركات والمصانع إنهم ياخدوا خطوات عشان يحموا الموظفين من أي تحرش في مكان الشغل؟ (هذا السؤال يركز على إلزام القانون)؟
4649	هو لازم على أي شركة أو مؤسسة تحط نظام أو سياسة تمنع أي حد يتحرش بحد تاني في الشغل؟ (هذا السؤال يسأل عن إلزامية وضع نظام أو سياسة)
4650	يعني هو لازم على أي شركة أو مؤسسة تحط نظام أو سياسة تمنع أي حد يتحرش بحد تاني في الوظيفة؟ (هذا السؤال يسأل عن إلزامية وضع نظام أو سياسة)؟
4651	طيب، هو لازم على أي شركة أو مؤسسة تحط نظام أو سياسة تمنع أي حد يتحرش بحد تاني في الشغل؟ (هذا السؤال يسأل عن إلزامية وضع نظام أو سياسة)؟
4652	بصراحة، هو لازم على أي شركة أو مؤسسة تحط نظام أو سياسة تمنع أي حد يتحرش بحد تاني في الشغل؟ (هذا السؤال يسأل عن إلزامية وضع نظام أو سياسة)؟
4653	لو سمحت، هو مفروض على أي شركة أو مؤسسة تحط نظام أو سياسة تمنع أي حد يتحرش بحد تاني في الوظيفة؟ (هذا السؤال يسأل عن إلزامية وضع نظام أو سياسة)؟
4654	ممكن أعرف هو مفروض على أي شركة أو مؤسسة تحط نظام أو سياسة تمنع أي حد يتحرش بحد تاني في الشركة؟ (هذا السؤال يسأل عن إلزامية وضع نظام أو سياسة)؟
4655	مش المفروض صاحب الشغل يعمل اللي عليه ويحمي الموظفين بتوعه من أي مضايقات جنسية ممكن تحصل في الشغل؟ (هذا السؤال يستخدم صيغة أقرب للاستنكار والتأكيد على واجب صاحب العمل)
4656	يعني مش المفروض صاحب الشغل يعمل اللي عليه ويحمي الموظفين بتوعه من أي مضايقات جنسية ممكن تحصل في الشغل؟ (هذا السؤال يستخدم صيغة أقرب للاستنكار والتأكيد على واجب صاحب الوظيفة)؟
4657	طيب، مش المفروض صاحب الشغل يعمل اللي عليه ويحمي الموظفين بتوعه من أي مضايقات جنسية يمكن تحصل في الشغل؟ (هذا السؤال يستخدم صيغة أقرب للاستنكار والتأكيد على واجب صاحب الوظيفة)؟
4658	بصراحة، مش المفروض صاحب الشغل يعمل اللي عليه ويحمي الموظفين بتوعه من أي مضايقات جنسية ممكن تحصل في الشغل؟ (هذا السؤال يستخدم صيغة أقرب للاستنكار والتأكيد على واجب صاحب الدوام)؟
4659	لو سمحت، مش المفروض صاحب الوظيفة يعمل اللي عليه ويحمي الموظفين بتوعه من أي مضايقات جنسية ممكن تحصل في الشغل؟ (هذا السؤال يستخدم صيغة أقرب للاستنكار والتأكيد على واجب صاحب العمل)؟
4660	ممكن أعرف مش المفروض صاحب الشغل يعمل اللي عليه ويحمي الموظفين بتوعه من أي مضايقات جنسية ممكن تحصل في الشغل؟ (هذا السؤال يستخدم صيغة أقرب للاستنكار والتأكيد على واجب صاحب الدوام)؟
4661	يا ترى القانون المصري بيفرض على أصحاب الشغل يعملوا إيه بالظبط عشان يواجهوا مشكلة التحرش الجنسي في أماكن العمل؟ (هذا السؤال يركز على تفاصيل الإجراءات المطلوبة من صاحب العمل)
4662	يعني يا ترى النظام المصري بيفرض على أصحاب العمل يعملوا ماذا بالظبط عشان يواجهوا مشكلة التحرش الجنسي في أماكن العمل؟ (هذا السؤال يركز على تفاصيل الإجراءات المطلوبة من صاحب العمل)؟
4663	طيب، يا ترى القانون المصري بيفرض على أصحاب الشغل يعملوا إيه بالظبط عشان يواجهوا مشكلة التحرش الجنسي في أماكن العمل؟ (هذا السؤال يركز على تفاصيل الإجراءات المطلوبة من صاحب العمل)؟
4664	بصراحة، يا ترى القانون المصري بيفرض على أصحاب الشغل يعملوا ماذا بالظبط عشان يواجهوا مشكلة التحرش الجنسي في أماكن الدوام؟ (هذا السؤال يركز على تفاصيل الإجراءات المطلوبة من صاحب العمل)؟
4665	لو سمحت، يا ترى القانون المصري بيفرض على أصحاب العمل يعملوا إيه بالظبط عشان يواجهوا مشكلة التحرش الجنسي في أماكن العمل؟ (هذا السؤال يركز على تفاصيل الإجراءات المطلوبة من صاحب العمل)؟
4666	ممكن أعرف يا ترى القانون المصري بيفرض على أصحاب الشغل يعملوا ما هو بالظبط عشان يواجهوا مشكلة التحرش الجنسي في أماكن الوظيفة؟ (هذا السؤال يركز على تفاصيل الإجراءات المطلوبة من صاحب العمل)؟
4667	هل فيه مسؤولية قانونية على صاحب الشغل إنه يضمن بيئة عمل آمنة وخالية من التحرش لكل العاملين عنده؟ (هذا السؤال يركز على المسؤولية القانونية لصاحب العمل وتوفير بيئة عمل آمنة)
4668	يعني هل فيه مسؤولية قانونية على صاحب الشغل إنه يجزء من بيئة عمل آمنة وخالية من التحرش لكل العاملين عنده؟ (هذا السؤال يركز على المسؤولية التشريعية لصاحب الوظيفة وتوفير بيئة عمل آمنة)؟
4669	طيب، هل فيه مسؤولية قانونية على صاحب الشركة إنه يضمن بيئة عمل آمنة وخالية من التحرش لكل العاملين عنده؟ (هذا السؤال يركز على المسؤولية الشرعية لصاحب العمل وتوفير بيئة عمل آمنة)؟
4670	بصراحة، هل فيه مسؤولية قانونية على صاحب المؤسسة إنه يضمن بيئة عمل آمنة وخالية من التحرش لكل العاملين عنده؟ (هذا السؤال يركز على المسؤولية القانونية لصاحب الشغل وتوفير بيئة عمل آمنة)؟
4671	لو سمحت، هل فيه مسؤولية قانونية على صاحب الشغل إنه يمن ضمن بيئة عمل آمنة وخالية من التحرش لكل العاملين عنده؟ (هذا السؤال يركز على المسؤولية حسب النظام لصاحب العمل وتوفير بيئة عمل آمنة)؟
4672	ممكن أعرف هل فيه مسؤولية قانونية على صاحب المؤسسة إنه يضمن بيئة عمل آمنة وخالية من التحرش لكل العاملين عنده؟ (هذا السؤال يركز على المسؤولية القانونية لصاحب الدوام وتوفير بيئة عمل آمنة)؟
4673	هل القانون ذكر أي ضوابط للسلامة المهنيّة أو الفحص الدوري للصحة للعاملين؟
4674	يعني هل التشريع ذكر أي ضوابط للسلامة المهنيّة أو الفحص الدوري للصحة للموظفين؟
4675	طيب، هل النظام ذكر أي ضوابط للسلامة المهنيّة أو الفحص الدوري للصحة للعاملين؟
4676	بصراحة، هل التشريع ذكر أي ضوابط للسلامة المهنيّة أو الفحص الدوري للصحة للموظفين؟
4677	لو سمحت، هل النظام ذكر أي ضوابط للسلامة المهنيّة أو الفحص الدوري للصحة للموظفين؟
4678	ممكن أعرف هل الشرع ذكر أي ضوابط للسلامة المهنيّة أو الفحص الدوري للصحة للعاملينين؟
4679	القانون فيه بنود بتنص على إيه بالظبط بخصوص أمان الشغل وكشف الصحة المنتظم على الناس اللي شغالة؟
4680	يعني الشرع فيه بنود بتنص على إيه بالظبط بخصوص أمان الشغل وكشف الصحة المنتظم على الناس اللي شغالة؟
4681	طيب، الشرع فيه بنود بتنص على إيه بالظبط بخصوص أمان الشغل وكشف الصحة المنتظم على الناس اللي شغالة؟
4682	بصراحة، التشريع فيه بنود بتنص على إيه بالظبط بخصوص أمان الشغل وكشف الصحة المنتظم على الناس اللي شغالة؟
4683	لو سمحت، القانون فيه بنود بتنص على إيه بالظبط بخصوص أمان الشركة وكشف الصحة المنتظم على الناس اللي شغالة؟
4684	ممكن أعرف القانون فيه بنود بتنص على ما هو بالظبط بخصوص أمان الشغل وكشف الصحة المنتظم على الناس اللي شغالة؟
4685	هو القانون محدد إزاي إجراءات السلامة في الشغل والكشف الدوري على صحة العمال ولا سايبها كده؟
4686	يعني هو القانون محدد إزاي إجراءات السلامة في الشغل والكشف الدوري على صحة العمال ولا سايبها كده؟
4687	طيب، هو التشريع محدد إزاي إجراءات السلامة في الشغل والكشف الدوري على صحة العمال ولا سايبها كده؟
4688	بصراحة، هو القانون محدد إزاي إجراءات السلامة في الشركة والكشف الدوري على صحة العمال ولا سايبها كده؟
4689	لو سمحت، هو النظام محدد إزاي إجراءات السلامة في الشغل والكشف الدوري على صحة العمال ولا سايبها كده؟
4690	ممكن أعرف هو القانون محدد إزاي إجراءات السلامة في الشغل والكشف الدوري على صحة العمال ولا سايبها كده؟
4691	طبقا للقانون، إيه التعليمات اللي لازم تتنفذ عشان نحافظ على سلامة العمال وصحتهم بشكل دوري في الشغل؟
4692	يعني طبقا للقانون، ما هو التعليمات اللي مطلوب تتنفذ عشان نحافظ على سلامة العمال وصحتهم بشكل دوري في الشركة؟
4693	طيب، طبقا للقانون، إيه التعليمات اللي لازم تتنفذ عشان نحافظ على سلامة العمال وصحتهم بشكل دوري في الشغل؟
4694	بصراحة، طبقا للقانون، إيه التعليمات اللي واجب تتنفذ عشان نحافظ على سلامة العمال وصحتهم بشكل دوري في الشغل؟
4695	لو سمحت، طبقا للقانون، أي التعليمات اللي لازم تتنفذ عشان نحافظ على سلامة العمال وصحتهم بشكل دوري في المؤسسة؟
4696	ممكن أعرف طبقا للقانون، إيه التعليمات اللي واجب تتنفذ عشان نحافظ على سلامة العمال وصحتهم بشكل دوري في العمل؟
4697	هل القانون فيه أي كلام عن قواعد للأمان في مكان الشغل، وهل فيه إلزام بالكشف الطبي المنتظم على العاملين ولا لأ؟
4698	يعني هل التشريع فيه أي كلام عن قواعد للأمان في مكان الشغل، وهل فيه إلزام بالكشف الطبي المنتظم على العاملين ولا لأ؟
4699	طيب، هل القانون فيه أي كلام عن قواعد للأمان في مكان الشغل، وهل فيه إلزام بالكشف الطبي المنتظم على العاملين ولا لأ؟
4700	بصراحة، هل القانون فيه أي كلام عن قواعد للأمان في مكان الشغل، وهل فيه إلزام بالكشف الطبي المنتظم على العاملين ولا لأ؟
4701	لو سمحت، هل القانون فيه أي كلام عن قواعد للأمان في مكان الوظيفة، وهل فيه إلزام بالكشف الطبي المنتظم على العاملين ولا لأ؟
4702	ممكن أعرف هل القانون فيه أي كلام عن قواعد للأمان في مكان الشغل، وهل فيه إلزام بالكشف الطبي المنتظم على العاملين ولا لأ؟
4703	يعني القانون بيوضح إيه بالظبط عن تأمين الناس في الشغل، وهل لازم نعملهم فحص طبي كل فترة ولا دي حاجة اختيارية؟
4704	يعني القانون بيوضح ما هو بالظبط عن تأمين الناس في المؤسسة، وهل لازم نعملهم فحص طبي كل وقت ولا دي حاجة اختيارية؟
4705	طيب، يعني التشريع بيوضح إيه بالظبط عن تأمين الناس في الشغل، وهل لازم نعملهم فحص طبي كل فترة ولا دي حاجة اختيارية؟
4706	بصراحة، يعني النظام بيوضح إيه بالظبط عن تأمين الناس في العمل، وهل لازم نعملهم فحص طبي كل فترة ولا دي حاجة اختيارية؟
4707	لو سمحت، يعني القانون بيوضح أي بالظبط عن تأمين الناس في الشغل، وهل لازم نعملهم فحص طبي كل فترة ولا دي حاجة اختيارية؟
4708	ممكن أعرف يعني التشريع بيوضح ما هو بالظبط عن تأمين الناس في العمل، وهل ضروري نعملهم فحص طبي كل فترة ولا دي حاجة اختيارية؟
4709	لو لقيت مخالفات سلامة في المصنع أو الشركة، أقدر أتظلم لمين؟
4710	يعني لو لقيت مخالفات سلامة في المصنع أو الشركة، أقدر أتظلم لمين؟
4711	طيب، لو لقيت مخالفات سلامة في المصنع أو الشركة، أقدر أتظلم لمين؟
4712	بصراحة، لو لقيت مخالفات سلامة في المصنع أو الشركة، أقدر أتظلم لمين؟
4713	لو سمحت، لو لقيت مخالفات سلامة في المصنع أو الشركة، أقدر أتظلم لمين؟
4714	ممكن أعرف لو لقيت مخالفات سلامة في المصنع أو الشركة، أقدر أتظلم لمين؟
4715	لو فيه مشاكل في الأمان اكتشفتها في الشغل، أروح أشتكي لمين عشان الموضوع يتصلح؟ (تركيز على الشكوى والتصليح)
4716	يعني لو فيه مشاكل في الأمان اكتشفتها في الشغل، أروح أشتكي لمين عشان الموضوع يتصلح؟ (تركيز على الشكوى والتصليح)؟
4717	طيب، لو فيه مشاكل في الأمان اكتشفتها في الشغل، أروح أشتكي لمين عشان الموضوع يتصلح؟ (تركيز على الشكوى والتصليح)؟
4718	بصراحة، لو فيه مشاكل في الأمان اكتشفتها في المؤسسة، أروح أشتكي لمين عشان الموضوع يتصلح؟ (تركيز على الشكوى والتصليح)؟
4719	لو سمحت، لو فيه مشاكل في الأمان اكتشفتها في الشغل، أروح أشتكي لمين عشان الموضوع يتصلح؟ (تركيز على الشكوى والتصليح)؟
4720	ممكن أعرف لو فيه مشاكل في الأمان اكتشفتها في الشركة، أروح أشتكي لمين عشان الموضوع يتصلح؟ (تركيز على الشكوى والتصليح)؟
4721	مين الجهة اللي ممكن أقدم فيها تظلم أو شكوى لو شوفت حاجات غلط في إجراءات السلامة في المصنع؟ (استخدام مصطلحات رسمية أكثر قليلاً)
4722	يعني مين الجهة اللي يمكن أقدم فيها تظلم أو شكوى لو شوفت حاجات غلط في إجراءات السلامة في المصنع؟ (استخدام مصطلحات رسمية أكثر قليلاً)؟
4723	طيب، مين الجهة اللي يمكن أقدم فيها تظلم أو شكوى لو شوفت حاجات غلط في إجراءات السلامة في المصنع؟ (استخدام مصطلحات رسمية أكثر قليلاً)؟
4724	بصراحة، مين الجهة اللي ممكن أقدم فيها تظلم أو شكوى لو شوفت حاجات غلط في إجراءات السلامة في المصنع؟ (استخدام مصطلحات رسمية أكثر قليلاً)؟
4725	لو سمحت، مين الجهة اللي ينفع أقدم فيها تظلم أو شكوى لو شوفت حاجات غلط في إجراءات السلامة في المصنع؟ (استخدام مصطلحات رسمية أكثر قليلاً)؟
4726	ممكن أعرف مين الجهة اللي ممكن أقدم فيها تظلم أو شكوى لو شوفت حاجات غلط في إجراءات السلامة في المصنع؟ (استخدام مصطلحات رسمية أكثر قليلاً)؟
4727	يعني لو حسيت إن فيه حاجة مش تمام في إجراءات الأمن والسلامة هنا، المفروض أبلغ بيها مين بالظبط؟ (تعبير أكثر تحفظًا وتحديدًا)
4728	يعني لو حسيت إن فيه حاجة مش تمام في إجراءات الأمن والسلامة هنا، المفروض أبلغ بيها مين بالظبط؟ (تعبير أكثر تحفظًا وتحديدًا)؟
4729	طيب، يعني لو حسيت إن فيه حاجة مش تمام في إجراءات الأمن والسلامة هنا، المفروض أبلغ بيها مين بالظبط؟ (تعبير أكثر تحفظًا وتحديدًا)؟
4730	بصراحة، يعني لو حسيت إن فيه حاجة مش تمام في إجراءات الأمن والسلامة هنا، المفروض أبلغ بيها مين بالظبط؟ (تعبير أكثر تحفظًا وتحديدًا)؟
4731	لو سمحت، يعني لو حسيت إن فيه حاجة مش تمام في إجراءات الأمن والسلامة هنا، المفروض أبلغ بيها مين بالظبط؟ (تعبير أكثر تحفظًا وتحديدًا)؟
4732	ممكن أعرف يعني لو حسيت إن فيه حاجة مش تمام في إجراءات الأمن والسلامة هنا، المفروض أبلغ بيها مين بالظبط؟ (تعبير أكثر تحفظًا وتحديدًا)؟
4733	لو لاحظت أي حاجة خطر أو مخالفة لقواعد السلامة في مكان الشغل، مين المسؤول اللي المفروض أوصل له المعلومة دي؟ (تركيز على المسؤولية وتوصيل المعلومة)
4734	يعني لو لاحظت أي حاجة خطر أو مخالفة لقواعد السلامة في مكان المؤسسة، مين المسؤول اللي المفروض أوصل له المعلومة دي؟ (تركيز على المسؤولية وتوصيل المعلومة)؟
4735	طيب، لو لاحظت أي حاجة خطر أو مخالفة لقواعد السلامة في مكان الشغل، مين المسؤول اللي المفروض أوصل له المعلومة دي؟ (تركيز على المسؤولية وتوصيل المعلومة)؟
4736	بصراحة، لو لاحظت أي حاجة خطر أو مخالفة لقواعد السلامة في مكان الشغل، مين المسؤول اللي المفروض أوصل له المعلومة دي؟ (تركيز على المسؤولية وتوصيل المعلومة)؟
4737	لو سمحت، لو لاحظت أي حاجة خطر أو مخالفة لقواعد السلامة في مكان الشغل، مين المسؤول اللي المفروض أوصل له المعلومة دي؟ (تركيز على المسؤولية وتوصيل المعلومة)؟
4738	ممكن أعرف لو لاحظت أي حاجة خطر أو مخالفة لقواعد السلامة في مكان الشركة، مين المسؤول اللي المفروض أوصل له المعلومة دي؟ (تركيز على المسؤولية وتوصيل المعلومة)؟
4739	في حالة وجود أي تقصير أو إهمال في إجراءات السلامة شايفه بيحصل قدامي، مين الشخص أو الجهة اللي أقدر أرفع لها الموضوع ده؟ (تركيز على التقصير والإهمال ورفع الموضوع)
4740	يعني في حالة وجود أي تقصير أو إهمال في إجراءات السلامة شايفه بيحصل قدامي، مين الشخص أو الجهة اللي أقدر أرفع لها الموضوع ده؟ (تركيز على التقصير والإهمال ورفع الموضوع)؟
4741	طيب، في حالة وجود أي تقصير أو إهمال في إجراءات السلامة شايفه بيحصل قدامي، مين الشخص أو الجهة اللي أقدر أرفع لها الموضوع ده؟ (تركيز على التقصير والإهمال ورفع الموضوع)؟
4742	بصراحة، في حالة وجود أي تقصير أو إهمال في إجراءات السلامة شايفه بيحصل قدامي، مين الشخص أو الجهة اللي أقدر أرفع لها الموضوع ده؟ (تركيز على التقصير والإهمال ورفع الموضوع)؟
4743	لو سمحت، في حالة وجود أي تقصير أو إهمال في إجراءات السلامة شايفه بيحصل قدامي، مين الشخص أو الجهة اللي أقدر أرفع لها الموضوع ده؟ (تركيز على التقصير والإهمال ورفع الموضوع)؟
4744	ممكن أعرف في حالة وجود أي تقصير أو إهمال في إجراءات السلامة شايفه بيحصل قدامي، مين الشخص أو الجهة اللي أقدر أرفع لها الموضوع ده؟ (تركيز على التقصير والإهمال ورفع الموضوع)؟
4745	هل في لجنة سلامة في كل منشأة كبيرة؟ القانون طلب دا؟
4746	يعني هل في لجنة سلامة في كل منشأة كبيرة؟ القانون طلب دا؟
4747	طيب، هل في لجنة سلامة في كل منشأة كبيرة؟ الشرع طلب دا؟
4748	بصراحة، هل في لجنة سلامة في كل منشأة كبيرة؟ الشرع طلب دا؟
4749	لو سمحت، هل في لجنة سلامة في كل منشأة كبيرة؟ النظام طلب دا؟
4750	ممكن أعرف هل في لجنة سلامة في كل منشأة كبيرة؟ القانون طلب دا؟
4751	يا ترى كل منشأة كبيرة لازم يكون فيها لجنة مختصة بالسلامة؟ هو فيه قانون بيلزم بكده ولا إيه؟
4752	يعني يا ترى كل منشأة كبيرة لازم يكون فيها لجنة مختصة بالسلامة؟ هو فيه قانون بيلزم بكده ولا إيه؟
4753	طيب، يا ترى كل منشأة كبيرة لازم يكون فيها لجنة مختصة بالسلامة؟ هو فيه قانون بيلزم بكده ولا ما هو؟
4754	بصراحة، يا ترى كل منشأة كبيرة مفروض يكون فيها لجنة مختصة بالسلامة؟ هو فيه قانون بيلزم بكده ولا أي؟
4755	لو سمحت، يا ترى كل منشأة كبيرة لازم يكون فيها لجنة مختصة بالسلامة؟ هو فيه قانون بيلزم بكده ولا إيه؟
4756	ممكن أعرف يا ترى كل منشأة كبيرة مطلوب يكون فيها لجنة مختصة بالسلامة؟ هو فيه قانون بيلزم بكده ولا ماذا؟
4757	هو شرط أساسي وجود لجنة سلامة في كل مكان شغل كبير؟ القانون قال لازم نعمل كده يعني؟
4758	يعني هو شرط أساسي وجود لجنة سلامة في كل مكان شغل كبير؟ القانون ذكر لازم نعمل كده يعني؟
4759	طيب، هو شرط أساسي وجود لجنة سلامة في كل مكان شغل كبير؟ القانون قال لازم نعمل كده يعني؟
4760	بصراحة، هو شرط أساسي وجود لجنة سلامة في كل مكان شغل كبير؟ القانون نص لازم نعمل كده يعني؟
4761	لو سمحت، هو شرط أساسي وجود لجنة سلامة في كل مكان شغل كبير؟ القانون قال لازم نعمل كده يعني؟
4762	ممكن أعرف هو شرط أساسي وجود لجنة سلامة في كل مكان شغل كبير؟ القانون نص واجب نعمل كده يعني؟
4763	هو كل مصنع أو شركة كبيرة لازم يكون عندها لجنة مسئولة عن الأمان؟ ده بناءً على قانون ولا حاجة تانية؟
4764	يعني هو كل مصنع أو شركة كبيرة واجب يكون عندها لجنة مسئولة عن الأمان؟ ده بناءً على قانون ولا حاجة تانية؟
4765	طيب، هو كل مصنع أو شركة كبيرة واجب يكون عندها لجنة مسئولة عن الأمان؟ ده بناءً على قانون ولا حاجة تانية؟
4766	بصراحة، هو كل مصنع أو شركة كبيرة لازم يكون عندها لجنة مسئولة عن الأمان؟ ده بناءً على قانون ولا حاجة تانية؟
4767	لو سمحت، هو كل مصنع أو شركة كبيرة لازم يكون عندها لجنة مسئولة عن الأمان؟ ده بناءً على قانون ولا حاجة تانية؟
4768	ممكن أعرف هو كل مصنع أو شركة كبيرة لازم يكون عندها لجنة مسئولة عن الأمان؟ ده بناءً على قانون ولا حاجة تانية؟
4769	بالذمة، أي مكان كبير بيشتغل فيه ناس كتير لازم يكون عامل لجنة علشان تحافظ على السلامة؟ ده إجباري ولا اختياري؟
4770	يعني بالذمة، أي مكان كبير بيشتغل فيه ناس كتير واجب يكون عامل لجنة علشان تحافظ على السلامة؟ ده إجباري ولا اختياري؟
4771	طيب، بالذمة، أي مكان كبير بيشتغل فيه ناس كتير لازم يكون عامل لجنة علشان تحافظ على السلامة؟ ده إجباري ولا اختياري؟
4772	بصراحة، بالذمة، أي مكان كبير بيشتغل فيه ناس كتير لازم يكون عامل لجنة علشان تحافظ على السلامة؟ ده إجباري ولا اختياري؟
4773	لو سمحت، بالذمة، أي مكان كبير بيشتغل فيه ناس كتير مفروض يكون عامل لجنة علشان تحافظ على السلامة؟ ده إجباري ولا اختياري؟
4774	ممكن أعرف بالذمة، أي مكان كبير بيشتغل فيه ناس كتير مفروض يكون عامل لجنة علشان تحافظ على السلامة؟ ده إجباري ولا اختياري؟
4775	بصراحة، كل منشأة كبيرة مفروض يكون فيها لجنة سلامة؟ الكلام ده في القانون ولا دي مجرد توصيات؟
4776	يعني بصاستراحة، كل منشأة كبيرة مفروض يكون فيها لجنة سلامة؟ الكلام ده في القانون ولا دي مجرد توصيات؟
4777	طيب، بصبريك، كل منشأة كبيرة مفروض يكون فيها لجنة سلامة؟ الكلام ده في القانون ولا دي مجرد توصيات؟
4778	بصراحة، كل منشأة كبيرة مفروض يكون فيها لجنة سلامة؟ الكلام ده في النظام ولا دي مجرد توصيات؟
4779	لو سمحت، بصفسحة، كل منشأة كبيرة مفروض يكون فيها لجنة سلامة؟ الكلام ده في التشريع ولا دي مجرد توصيات؟
4780	ممكن أعرف بصبريك، كل منشأة كبيرة مفروض يكون فيها لجنة سلامة؟ الكلام ده في القانون ولا دي مجرد توصيات؟
4781	موظف صحي بيفحص مستشفى العمل؟
4782	يعني موظف صحي بيفحص مستشفى العمل؟
4783	طيب، موظف صحي بيفحص مستشفى العمل؟
4784	بصراحة، موظف صحي بيفحص مستشفى الوظيفة؟
4785	لو سمحت، موظف صحي بيفحص مستشفى الوظيفة؟
4786	ممكن أعرف موظف صحي بيفحص مستشفى العمل؟
4787	هل فيه كشف دوري من جهة طبية على مستشفى الشغل؟ (هذا السؤال يركز على وجود فحص دوري بشكل عام)
4788	يعني هل فيه كشف دوري من جهة طبية على مستشفى العمل؟ (هذا السؤال يركز على وجود فحص دوري بشكل عام)؟
4789	طيب، هل فيه كشف دوري من جهة طبية على مستشفى الشركة؟ (هذا السؤال يركز على وجود فحص دوري بشكل عام)؟
4790	بصراحة، هل فيه كشف دوري من جهة طبية على مستشفى الشغل؟ (هذا السؤال يركز على وجود فحص دوري بشكل عام)؟
4791	لو سمحت، هل فيه كشف دوري من جهة طبية على مستشفى الشغل؟ (هذا السؤال يركز على وجود فحص دوري بشكل عام)؟
4792	ممكن أعرف هل فيه كشف دوري من جهة طبية على مستشفى الشركة؟ (هذا السؤال يركز على وجود فحص دوري بشكل عام)؟
4793	"حد من الصحة بييجي يتأكد من سلامة المستشفى اللي بنشتغل فيها؟ (يستخدم كلمة ""سلامة"" للتعبير عن الجودة)"
4794	"يعني حد من الصحة بييجي يتأكد من سلامة المستشفى اللي بنشتغل فيها؟ (يستخدم كلمة ""سلامة"" للتعبير عن الجودة)؟"
4795	"طيب، حد من الصحة بييجي يتأكد من سلامة المستشفى اللي بنشتغل فيها؟ (يستخدم كلمة ""سلامة"" للتعبير عن الجودة)؟"
4796	"بصراحة، حد من الصحة بييجي يتأكد من سلامة المستشفى اللي بنشتغل فيها؟ (يستخدم كلمة ""سلامة"" للتعبير عن الجودة)؟"
4797	"لو سمحت، حد من الصحة بييجي يتأكد من سلامة المستشفى اللي بنشتغل فيها؟ (يستخدم كلمة ""سلامة"" للتعبير عن الجودة)؟"
4798	"ممكن أعرف حد من الصحة بييجي يتأكد من سلامة المستشفى اللي بنشتغل فيها؟ (يستخدم كلمة ""سلامة"" للتعبير عن الجودة)؟"
4799	"يا ترى في حد متخصص في الصحة بيراقب أوضاع المستشفى بتاعتنا؟ (كلمة ""يراقب"" تعطي معنى أوسع من الفحص)"
4800	"يعني يا ترى في حد متخصص في الصحة بيراقب أوضاع المستشفى بتاعتنا؟ (كلمة ""يراقب"" تعطي معنى أوسع من الفحص)؟"
4801	"طيب، يا ترى في حد متخصص في الصحة بيراقب أوضاع المستشفى بتاعتنا؟ (كلمة ""يراقب"" تعطي معنى أوسع من الفحص)؟"
4802	"بصراحة، يا ترى في حد متخصص في الصحة بيراقب أوضاع المستشفى بتاعتنا؟ (كلمة ""يراقب"" تعطي معنى أوسع من الفحص)؟"
4803	"لو سمحت، يا ترى في حد متخصص في الصحة بيراقب أوضاع المستشفى بتاعتنا؟ (كلمة ""يراقب"" تعطي معنى أوسع من الفحص)؟"
4804	"ممكن أعرف يا ترى في حد متخصص في الصحة بيراقب أوضاع المستشفى بتاعتنا؟ (كلمة ""يراقب"" تعطي معنى أوسع من الفحص)؟"
4805	فيه فريق طبي تابع لجهة حكومية بيفتش على المستشفى عشان يطمنوا على صحة المكان؟ (يضيف تفصيلاً عن الفريق الطبي وجهة التفتيش)
4806	يعني فيه فريق طبي تابع لجهة حكومية بيفتش على المستشفى عشان يطمنوا على صحة المكان؟ (يضيف تفصيلاً عن الفريق الطبي وجهة التفتيش)؟
4807	طيب، فيه فريق طبي تابع لجهة حكومية بيفتش على المستشفى عشان يطمنوا على صحة المكان؟ (يضيف تفصيلاً عن الفريق الطبي وجهة التفتيش)؟
4808	بصراحة، فيه فريق طبي تابع لجهة حكومية بيفتش على المستشفى عشان يطمنوا على صحة المكان؟ (يضيف تفصيلاً عن الفريق الطبي وجهة التفتيش)؟
4809	لو سمحت، فيه فريق طبي تابع لجهة حكومية بيفتش على المستشفى عشان يطمنوا على صحة المكان؟ (يضيف تفصيلاً عن الفريق الطبي وجهة التفتيش)؟
4810	ممكن أعرف فيه فريق طبي تابع لجهة حكومية بيفتش على المستشفى عشان يطمنوا على صحة المكان؟ (يضيف تفصيلاً عن الفريق الطبي وجهة التفتيش)؟
4811	حد تبع وزارة الصحة بينزل يعمل تفتيش مفاجئ على المستشفى اللي بنشتغل فيها، ولا لأ؟ (يضيف عنصر المفاجأة في التفتيش)
4812	يعني حد تبع وزارة الصحة بينزل يعمل تفتيش مفاجئ على المستشفى اللي بنشتغل فيها، ولا لأ؟ (يضيف عنصر المفاجأة في التفتيش)؟
4813	طيب، حد تبع وزارة الصحة بينزل يعمل تفتيش مفاجئ على المستشفى اللي بنشتغل فيها، ولا لأ؟ (يضيف عنصر المفاجأة في التفتيش)؟
4814	بصراحة، حد تبع وزارة الصحة بينزل يعمل تفتيش مفاجئ على المستشفى اللي بنشتغل فيها، ولا لأ؟ (يضيف عنصر المفاجأة في التفتيش)؟
4815	لو سمحت، حد تبع وزارة الصحة بينزل يعمل تفتيش مفاجئ على المستشفى اللي بنشتغل فيها، ولا لأ؟ (يضيف عنصر المفاجأة في التفتيش)؟
4816	ممكن أعرف حد تبع وزارة الصحة بينزل يعمل تفتيش مفاجئ على المستشفى اللي بنشتغل فيها، ولا لأ؟ (يضيف عنصر المفاجأة في التفتيش)؟
4817	الحد الأدنى لسن العمل كام سنة في مصر؟
4818	يعني الحد الأدنى لسن العمل قد إيه سنة في مصر؟
4819	طيب، الحد الأدنى لسن العمل كام سنة في مصر؟
4820	بصراحة، الحد الأدنى لسنه الوظيفة كام سنة في مصر؟
4821	لو سمحت، الحد الأدنى لسن العمل كام سنة في مصر؟
4822	ممكن أعرف الحد الأدنى لسن الدوام ما هو عدد سنة في مصر؟
4823	"يا ترى أصغر سن ممكن الواحد يشتغل بيه قانوني في مصر كام؟ (تستخدم كلمة ""يا ترى"" للتقديم و ""قانوني"" للتأكيد على الجانب الرسمي)"
4824	"يعني يا ترى أصغر سن ممكن الواحد يشتغل بيه قانوني في مصر كام؟ (تستخدم كلمة ""يا ترى"" للتقديم و ""قانوني"" للتأكيد على الجانب الرسمي)؟"
4825	"طيب، يا ترى أصغر سنه ممكن الواحد يشتغل بيه قانوني في مصر قد إيه؟ (تستخدم كلمة ""يا ترى"" للتقديم و ""قانوني"" للتأكيد على الجانب الرسمي)؟"
4826	"بصراحة، يا ترى أصغر سنه ممكن الواحد يشتغل بيه قانوني في مصر كام؟ (تستخدم كلمة ""يا ترى"" للتقديم و ""قانوني"" للتأكيد على الجانب الرسمي)؟"
4827	"لو سمحت، يا ترى أصغر سنه ممكن الواحد يشتغل بيه قانوني في مصر كام؟ (تستخدم كلمة ""يا ترى"" للتقديم و ""قانوني"" للتأكيد على الجانب الرسمي)؟"
4828	"ممكن أعرف يا ترى أصغر عمر ممكن الواحد يشتغل بيه قانوني في مصر كام؟ (تستخدم كلمة ""يا ترى"" للتقديم و ""قانوني"" للتأكيد على الجانب الرسمي)؟"
4829	"القانون المصري بيسمح للعيال تشتغل من سن كام بالظبط؟ (تستخدم كلمة ""العيال"" و ""بالظبط"" للتعبير عن الاستفسار بطريقة عامية وأكثر مباشرة)"
4830	"يعني القانون المصري بيسمح للعيال تشتغل من عمر كام بالظبط؟ (تستخدم كلمة ""العيال"" و ""بالظبط"" للتعبير عن الاستفسار بطريقة عامية وأكثر مباشرة)؟"
4831	"طيب، القانون المصري بيسمح للعيال تشتغل من سنه قد إيه بالظبط؟ (تستخدم كلمة ""العيال"" و ""بالظبط"" للتعبير عن الاستفسار بطريقة عامية وأكثر مباشرة)؟"
4832	"بصراحة، القانون المصري بيسمح للعيال تشتغل من سن كام بالظبط؟ (تستخدم كلمة ""العيال"" و ""بالظبط"" للتعبير عن الاستفسار بطريقة عامية وأكثر مباشرة)؟"
4833	"لو سمحت، الشرع المصري بيسمح للعيال تشتغل من سن كم بالظبط؟ (تستخدم كلمة ""العيال"" و ""بالظبط"" للتعبير عن الاستفسار بطريقة عامية وأكثر مباشرة)؟"
4834	"ممكن أعرف القانون المصري بيسمح للعيال تشتغل من سنه كام بالظبط؟ (تستخدم كلمة ""العيال"" و ""بالظبط"" للتعبير عن الاستفسار بطريقة عامية وأكثر مباشرة)؟"
4835	"علشان الواحد يشتغل شغلانة في مصر، لازم يكون عنده كام سنة على الأقل؟ (تستخدم عبارة ""علشان الواحد يشتغل شغلانة"" للتوضيح و ""على الأقل"" للتأكيد على الحد الأدنى)"
4836	"يعني علشان الواحد يشتغل شغلانة في مصر، لازم يكون عنده كام سنة على الأقل؟ (تستخدم عبارة ""علشان الواحد يشتغل شغلانة"" للتوضيح و ""على الأقل"" للتأكيد على الحد الأدنى)؟"
4837	"طيب، علشان الواحد يشتغل شغلانة في مصر، لازم يكون عنده قد إيه سنة على الأقل؟ (تستخدم عبارة ""علشان الواحد يشتغل شغلانة"" للتوضيح و ""على الأقل"" للتأكيد على الحد الأدنى)؟"
4838	"بصراحة، علشان الواحد يشتغل شغلانة في مصر، لازم يكون عنده كام سنة على الأقل؟ (تستخدم عبارة ""علشان الواحد يشتغل شغلانة"" للتوضيح و ""على الأقل"" للتأكيد على الحد الأدنى)؟"
4839	"لو سمحت، علشان الواحد يشتغل شغلانة في مصر، لازم يكون عنده كم عمرة على الأقل؟ (تستخدم عبارة ""علشان الواحد يشتغل شغلانة"" للتوضيح و ""على الأقل"" للتأكيد على الحد الأدنى)؟"
4840	"ممكن أعرف علشان الواحد يشتغل شغلانة في مصر، مفروض يكون عنده كام عمرة على الأقل؟ (تستخدم عبارة ""علشان الواحد يشتغل شغلانة"" للتوضيح و ""على الأقل"" للتأكيد على الحد الأدنى)؟"
4841	"ايه هو أقل عمر مسموح بيه للشغل في مصر حسب القانون؟ (تستخدم كلمة ""مسموح"" و ""حسب القانون"" للتعبير عن الجانب القانوني بشكل أكثر رسمية)"
4842	"يعني ايه هو أقل عمر ممكن بيه للشغل في مصر حسب القانون؟ (تستخدم كلمة ""مسموح"" و ""حسب القانون"" للتعبير عن الجانب القانوني بشكل أكثر رسمية)؟"
4843	"طيب، ايه هو أقل عمر مسموح بيه للشغل في مصر حسب القانون؟ (تستخدم كلمة ""مسموح"" و ""حسب القانون"" للتعبير عن الجانب القانوني بشكل أكثر رسمية)؟"
4844	"بصراحة، ايه هو أقل عمر مسموح بيه للشغل في مصر حسب النظام؟ (تستخدم كلمة ""مسموح"" و ""حسب القانون"" للتعبير عن الجانب القانوني بشكل أكثر رسمية)؟"
4845	"لو سمحت، ايه هو أقل عمر مسموح بيه للشغل في مصر حسب القانون؟ (تستخدم كلمة ""مسموح"" و ""حسب القانون"" للتعبير عن الجانب القانوني بشكل أكثر رسمية)؟"
4846	"ممكن أعرف ايه هو أقل عمر مسموح بيه للشغل في مصر حسب القانون؟ (تستخدم كلمة ""مسموح"" و ""حسب القانون"" للتعبير عن الجانب القانوني بشكل أكثر رسمية)؟"
4847	"مينفعش تشتغل قبل سن كام في مصر؟ ده قانون ولا ايه؟ (تستخدم عبارة ""مينفعش"" للتعبير عن المنع و ""ده قانون ولا ايه؟"" للتأكد من أن الأمر يتعلق بقانون)"
4848	"يعني مينفعش تشتغل قبل سن كام في مصر؟ ده قانون ولا ايه؟ (تستخدم عبارة ""مينفعش"" للتعبير عن المنع و ""ده قانون ولا ايه؟"" للتأكد من أن الأمر يتعلق بقانون)؟"
4849	"طيب، مينفعش تشتغل قبل سنه كام في مصر؟ ده قانون ولا ايه؟ (تستخدم عبارة ""مينفعش"" للتعبير عن المنع و ""ده قانون ولا ايه؟"" للتأكد من أن الأمر يتعلق بقانون)؟"
4850	"بصراحة، مينفعش تشتغل قبل سنه كام في مصر؟ ده قانون ولا ايه؟ (تستخدم عبارة ""مينفعش"" للتعبير عن المنع و ""ده قانون ولا ايه؟"" للتأكد من أن الأمر يتعلق بقانون)؟"
4851	"لو سمحت، مينفعش تشتغل قبل سنه كام في مصر؟ ده قانون ولا ايه؟ (تستخدم عبارة ""مينفعش"" للتعبير عن المنع و ""ده قانون ولا ايه؟"" للتأكد من أن الأمر يتعلق بقانون)؟"
4852	"ممكن أعرف مينفعش تشتغل قبل سنه كام في مصر؟ ده قانون ولا ايه؟ (تستخدم عبارة ""مينفعش"" للتعبير عن المنع و ""ده قانون ولا ايه؟"" للتأكد من أن الأمر يتعلق بقانون)؟"
4853	هل 14 سنة ممكن يشتغل؟ القانون قالت للتدريب من 14 والتوظيف من 15؟
4854	يعني هل 14 سنة ممكن يشتغل؟ القانون قالت للتدريب من 14 والتوظيف من 15؟
4855	طيب، هل 14 سنة ممكن يشتغل؟ القانون قالت للتدريب من 14 والتوظيف من 15؟
4856	بصراحة، هل 14 سنة مباح يشتغل؟ الشرع قالت للتدريب من 14 والتوظيف من 15؟
4857	لو سمحت، هل 14 عمرة يمكن يشتغل؟ القانون قالت للتدريب من 14 والتوظيف من 15؟
4858	ممكن أعرف هل 14 سنهة ينفع يشتغل؟ النظام نصت للتدريب من 14 والتوظيف من 15؟
4859	بالنسبة لواحد عنده 14 سنة، ينفع يشتغل ولا لأ؟ أصل أنا سمعت إن القانون بيسمح بالتدريب من السن ده، بس الشغل الرسمي بعد كده بسنة.
4860	يعني بالنسبة لواحد عنده 14 سنة، ينفع يشتغل ولا لأ؟ أصل أنا سمعت إن القانون بيسمح بالتدريب من السن ده، بس الشغل الرسمي عقب كده بسنة.؟
4861	طيب، بالنسبة لواحد عنده 14 سنة، ينفع يشتغل ولا لأ؟ أصل أنا سمعت إن القانون بيسمح بالتدريب من السن ده، بس الشغل الرسمي عقب كده بسنة.؟
4862	بصراحة، بالنسبة لواحد عنده 14 سنة، ينفع يشتغل ولا لأ؟ أصل أنا سمعت إن القانون بيسمح بالتدريب من السن ده، بس المؤسسة الرسمي عقب كده بسنة.؟
4863	لو سمحت، بالنسبة لواحد عنده 14 سنة، ينفع يشتغل ولا لأ؟ أصل أنا سمعت إن القانون بيسمح بالتدريب من السن ده، بس الشغل الرسمي بعد مرور كده بسنة.؟
4864	ممكن أعرف بالنسبة لواحد عنده 14 سنة، ينفع يشتغل ولا لأ؟ أصل أنا سمعت إن القانون بيسمح بالتدريب من السن ده، بس الشغل الرسمي عقب كده بسنة.؟
4865	يعني اللي عنده 14 سنة، ممكن يشتغل شغلانة بفلوس ولا لازم يكون أكبر من كده؟ القانون بيقول إيه بالظبط عن الموضوع ده؟
4866	يعني اللي عنده 14 سنة، مسموح يشتغل شغلانة بفلوس ولا لازم يكون أكبر من كده؟ التشريع بيقول إيه بالظبط عن الموضوع ده؟
4867	طيب، يعني اللي عنده 14 سنة، ممكن يشتغل شغلانة بفلوس ولا لازم يكون أكبر من كده؟ القانون بيقول أي بالظبط عن الموضوع ده؟
4868	بصراحة، يعني اللي عنده 14 سنة، ممكن يشتغل شغلانة بفلوس ولا لازم يكون أكبر من كده؟ القانون بيقول إيه بالظبط عن الموضوع ده؟
4869	لو سمحت، يعني اللي عنده 14 سنة، ممكن يشتغل شغلانة بفلوس ولا لازم يكون أكبر من كده؟ القانون بيقول ماذا بالظبط عن الموضوع ده؟
4870	ممكن أعرف يعني اللي عنده 14 سنهة، يجوز يشتغل شغلانة بفلوس ولا مفروض يكون أكبر من كده؟ النظام بيقول إيه بالظبط عن الموضوع ده؟
4871	واحد عنده أربعتاشر سنة، ممكن يلاقي شغل؟ ولا السن ده صغير قوي؟ سمعت إن فيه حاجة اسمها تدريب بيبدأ من السن ده، بس مش عارف التفاصيل.
4872	يعني واحد عنده أربعتاشر سنة، ممكن يلاقي شغل؟ ولا السن ده صغير قوي؟ سمعت إن فيه حاجة اسمها تدريب بيبدأ من السن ده، بس مش عارف التفاصيل.؟
4873	طيب، واحد عنده أربعتاشر سنة، مسموح يلاقي شغل؟ ولا السن ده صغير قوي؟ سمعت إن فيه حاجة اسمها تدريب بيبدأ من السن ده، بس مش عارف التفاصيل.؟
4874	بصراحة، واحد عنده أربعتاشر سنهة، ممكن يلاقي شغل؟ ولا السن ده صغير قوي؟ سمعت إن فيه حاجة اسمها تدريب بيبدأ من السن ده، بس مش عارف التفاصيل.؟
4875	لو سمحت، واحد عنده أربعتاشر سنة، ممكن يلاقي شغل؟ ولا السن ده صغير قوي؟ سمعت إن فيه حاجة اسمها تدريب بيبدأ من السن ده، بس مش عارف التفاصيل.؟
4876	ممكن أعرف واحد عنده أربعتاشر سنة، ممكن يلاقي شغل؟ ولا السن ده صغير قوي؟ سمعت إن فيه حاجة اسمها تدريب بيبدأ من السن ده، بس مش عارف التفاصيل.؟
4877	لو طفل عنده 14 سنة، ممكن نعتبره مؤهل للشغل؟ ولا لسه صغير على إنه يشتغل وياخد مرتب؟ يا ترى فيه قوانين خاصة بالسن ده؟
4878	يعني لو طفل عنده 14 عمرة، ممكن نعتبره مؤهل للشغل؟ ولا لسه صغير على إنه يشتغل وياخد مرتب؟ يا ترى فيه قوانين خاصة بالسن ده؟
4879	طيب، لو طفل عنده 14 سنهة، ممكن نعتبره مؤهل للشغل؟ ولا لسه صغير على إنه يشتغل ويستحق مرتب؟ يا ترى فيه قوانين خاصة بالسن ده؟
4880	بصراحة، لو طفل عنده 14 سنهة، ممكن نعتبره مؤهل للشغل؟ ولا لسه صغير على إنه يشتغل ويأخذ مرتب؟ يا ترى فيه قوانين خاصة بالسن ده؟
4881	لو سمحت، لو طفل عنده 14 سنة، ينفع نعتبره مؤهل للشغل؟ ولا لسه صغير على إنه يشتغل ويأخذ مرتب؟ يا ترى فيه قوانين خاصة بالسن ده؟
4882	ممكن أعرف لو طفل عنده 14 سنة، ممكن نعتبره مؤهل للشغل؟ ولا لسه صغير على إنه يشتغل وياخد مرتب؟ يا ترى فيه قوانين خاصة بالسن ده؟
4883	في سن 14 سنة، الواحد ممكن يشتغل قانوني؟ ولا لازم يستنى لما يبقى عنده 15 سنة عشان يقدر يشتغل بشكل رسمي؟
4884	يعني في سنه 14 سنة، الواحد ممكن يشتغل قانوني؟ ولا واجب يستنى لما يبقى عنده 15 سنة عشان يقدر يشتغل بشكل رسمي؟
4885	طيب، في سنه 14 سنة، الواحد ممكن يشتغل قانوني؟ ولا لازم يستنى لما يبقى عنده 15 سنة عشان يقدر يشتغل بشكل رسمي؟
4886	بصراحة، في سن 14 سنة، الواحد ممكن يشتغل قانوني؟ ولا ضروري يستنى لما يبقى عنده 15 سنة عشان يقدر يشتغل بشكل رسمي؟
4887	لو سمحت، في سنه 14 سنة، الواحد ممكن يشتغل قانوني؟ ولا ضروري يستنى لما يبقى عنده 15 سنة عشان يقدر يشتغل بشكل رسمي؟
4888	ممكن أعرف في سن 14 سنة، الواحد مسموح يشتغل قانوني؟ ولا ضروري يستنى لما يبقى عنده 15 سنة عشان يقدر يشتغل بشكل رسمي؟
4889	تحت سن 18، فيه قيود على ساعات العمل النهارية؟
4890	يعني تحت سن 18، فيه قيود على ساعات الوظيفة النهارية؟
4891	طيب، تحت سن 18، فيه قيود على ساعات الشغل النهارية؟
4892	بصراحة، تحت سنه 18، فيه قيود على وقت العمل النهارية؟
4893	لو سمحت، تحت سن 18، فيه قيود على ساعات العمل النهارية؟
4894	ممكن أعرف تحت سن 18، فيه قيود على ساعات العمل النهارية؟
4895	بالنسبة للي لسه ما بلغوش الـ 18 سنة، هل فيه أي قوانين بتحدد مواعيد شغلهم في النهار؟ (تغيير في المفردات والتركيب)
4896	يعني بالنسبة للي لسه ما بلغوش الـ 18 عمرة، هل فيه أي قوانين بتحدد مواعيد شغلهم في النهار؟ (تغيير في المفردات والتركيب)؟
4897	طيب، بالنسبة للي لسه ما بلغوش الـ 18 سنة، هل فيه أي قوانين بتحدد مواعيد شغلهم في النهار؟ (تغيير في المفردات والتركيب)؟
4898	بصراحة، بالنسبة للي لسه ما بلغوش الـ 18 سنهة، هل فيه أي قوانين بتحدد مواعيد شغلهم في النهار؟ (تغيير في المفردات والتركيب)؟
4899	لو سمحت، بالنسبة للي لسه ما بلغوش الـ 18 سنة، هل فيه أي قوانين بتحدد مواعيد شغلهم في النهار؟ (تغيير في المفردات والتركيب)؟
4900	ممكن أعرف بالنسبة للي لسه ما بلغوش الـ 18 سنة، هل فيه أي قوانين بتحدد مواعيد شغلهم في النهار؟ (تغيير في المفردات والتركيب)؟
4901	"اللي عمرهم أقل من 18 سنة، مسموح يشتغلوا أي عدد ساعات في النهار ولا فيه ضوابط؟ (إضافة خيار ""أي عدد ساعات"" وتغيير في الصياغة)"
4902	"يعني اللي عمرهم أقل من 18 سنة، ممكن يشتغلوا أي عدد ساعات في النهار ولا فيه ضوابط؟ (إضافة خيار ""أي عدد ساعات"" وتغيير في الصياغة)؟"
4903	"طيب، اللي عمرهم أقل من 18 سنة، مسموح يشتغلوا أي عدد ساعة في النهار ولا فيه ضوابط؟ (إضافة خيار ""أي عدد ساعات"" وتغيير في الصياغة)؟"
4904	"بصراحة، اللي عمرهم أقل من 18 عمرة، مسموح يشتغلوا أي عدد وقت في النهار ولا فيه ضوابط؟ (إضافة خيار ""أي عدد ساعات"" وتغيير في الصياغة)؟"
4905	"لو سمحت، اللي عمرهم أقل من 18 سنة، مسموح يشتغلوا أي عدد وقت في النهار ولا فيه ضوابط؟ (إضافة خيار ""أي عدد ساعات"" وتغيير في الصياغة)؟"
4906	"ممكن أعرف اللي عمرهم أقل من 18 سنة، ممكن يشتغلوا أي كم ساعات في النهار ولا فيه ضوابط؟ (إضافة خيار ""أي عدد ساعات"" وتغيير في الصياغة)؟"
4907	"القانون بيقول إيه بالنسبة لعدد ساعات شغل الشباب اللي تحت الـ 18 في النهار؟ فيه تحديد معين؟ (استخدام كلمة ""القانون"" والتأكيد على وجود ""تحديد معين"")"
4908	"يعني القانون بيقول إيه بالنسبة لكم ساعات شغل الشباب اللي تحت الـ 18 في النهار؟ فيه تحديد معين؟ (استخدام كلمة ""القانون"" والتأكيد على وجود ""تحديد معين"")؟"
4909	"طيب، القانون بيقول إيه بالنسبة لعدد ساعة شغل الشباب اللي تحت الـ 18 في النهار؟ فيه تحديد معين؟ (استخدام كلمة ""القانون"" والتأكيد على وجود ""تحديد معين"")؟"
4910	"بصراحة، النظام بيقول إيه بالنسبة لكم ساعات شغل الشباب اللي تحت الـ 18 في النهار؟ فيه تحديد معين؟ (استخدام كلمة ""القانون"" والتأكيد على وجود ""تحديد معين"")؟"
4911	"لو سمحت، القانون بيقول أي بالنسبة لكمية ساعات شغل الشباب اللي تحت الـ 18 في النهار؟ فيه تحديد معين؟ (استخدام كلمة ""القانون"" والتأكيد على وجود ""تحديد معين"")؟"
4912	"ممكن أعرف القانون بيقول إيه بالنسبة لكمية ساعات شغل الشباب اللي تحت الـ 18 في النهار؟ فيه تحديد معين؟ (استخدام كلمة ""القانون"" والتأكيد على وجود ""تحديد معين"")؟"
4913	"لو واحد أو واحدة عمرهم أقل من 18، هل يقدروا يشتغلوا أي وقت في النهار ولا فيه شروط معينة على مواعيد شغلهم؟ (استخدام ""واحد أو واحدة"" و ""شروط معينة"" للتوضيح)"
4914	"يعني لو واحد أو واحدة عمرهم أقل من 18، هل يقدروا يشتغلوا أي وقت في النهار ولا فيه شروط معينة على مواعيد شغلهم؟ (استخدام ""واحد أو واحدة"" و ""شروط معينة"" للتوضيح)؟"
4915	"طيب، لو واحد أو واحدة عمرهم أقل من 18، هل يقدروا يشتغلوا أي وقت في النهار ولا فيه شروط معينة على مواعيد شغلهم؟ (استخدام ""واحد أو واحدة"" و ""شروط معينة"" للتوضيح)؟"
4916	"بصراحة، لو واحد أو واحدة عمرهم أقل من 18، هل يقدروا يشتغلوا أي وقت في النهار ولا فيه شروط معينة على مواعيد شغلهم؟ (استخدام ""واحد أو واحدة"" و ""شروط معينة"" للتوضيح)؟"
4917	"لو سمحت، لو واحد أو واحدة عمرهم أقل من 18، هل يقدروا يشتغلوا أي وقت في النهار ولا فيه شروط معينة على مواعيد شغلهم؟ (استخدام ""واحد أو واحدة"" و ""شروط معينة"" للتوضيح)؟"
4918	"ممكن أعرف لو واحد أو واحدة عمرهم أقل من 18، هل يقدروا يشتغلوا أي وقت في النهار ولا فيه شروط معينة على مواعيد شغلهم؟ (استخدام ""واحد أو واحدة"" و ""شروط معينة"" للتوضيح)؟"
4919	"بالنسبة للعيال اللي لسه صغيرين ومكملوش 18 سنة، هل فيه قيود على الوقت اللي ممكن يشتغلوه بالنهار؟ (استخدام كلمة ""عيال"" و""الوقت اللي ممكن يشتغلوه"" للتعبير عن ساعات العمل)"
4920	"يعني بالنسبة للعيال اللي لسه صغيرين ومكملوش 18 سنة، هل فيه قيود على الوقت اللي ممكن يشتغلوه بالنهار؟ (استخدام كلمة ""عيال"" و""الوقت اللي ممكن يشتغلوه"" للتعبير عن وقت العمل)؟"
4921	"طيب، بالنسبة للعيال اللي لسه صغيرين ومكملوش 18 سنة، هل فيه قيود على الوقت اللي جائز يشتغلوه بالنهار؟ (استخدام كلمة ""عيال"" و""الوقت اللي ممكن يشتغلوه"" للتعبير عن ساعة العمل)؟"
4922	"بصراحة، بالنسبة للعيال اللي لسه صغيرين ومكملوش 18 عمرة، هل فيه قيود على الوقت اللي يجوز يشتغلوه بالنهار؟ (استخدام كلمة ""عيال"" و""الوقت اللي ممكن يشتغلوه"" للتعبير عن وقت الشغل)؟"
4923	"لو سمحت، بالنسبة للعيال اللي لسه صغيرين ومكملوش 18 سنة، هل فيه قيود على الوقت اللي ممكن يشتغلوه بالنهار؟ (استخدام كلمة ""عيال"" و""الوقت اللي ممكن يشتغلوه"" للتعبير عن وقت العمل)؟"
4924	"ممكن أعرف بالنسبة للعيال اللي لسه صغيرين ومكملوش 18 سنة، هل فيه قيود على الوقت اللي ممكن يشتغلوه بالنهار؟ (استخدام كلمة ""عيال"" و""الوقت اللي ممكن يشتغلوه"" للتعبير عن ساعات العمل)؟"
4925	ممنوع تشغيل القصر ليلا أو في أعمال خطيرة، القانون قال إيه؟
4926	يعني ممنوع تشغيل القصر ليلا أو في أعمال خطيرة، القانون ذكر إيه؟
4927	طيب، ممنوع تشغيل القصر ليلا أو في أعمال خطيرة، القانون قال أي؟
4928	بصراحة، ممنوع تشغيل القصر ليلا أو في أعمال خطيرة، القانون قال إيه؟
4929	لو سمحت، ممنوع تشغيل القصر ليلا أو في أعمال خطيرة، النظام نص ما هو؟
4930	ممكن أعرف ممنوع تشغيل القصر ليلا أو في أعمال خطيرة، التشريع ذكر إيه؟
4931	يا ترى القانون بينص على إيه بخصوص منع شغل القصّر في الليل أو في الشغل اللي فيه خطر؟
4932	يعني يا ترى القانون بينص على إيه بخصوص منع شغل القصّر في الليل أو في الشغل اللي فيه خطر؟
4933	طيب، يا ترى الشرع بينص على إيه بخصوص منع شغل القصّر في الليل أو في الشركة اللي فيه خطر؟
4934	بصراحة، يا ترى النظام بينص على ماذا بخصوص منع شغل القصّر في الليل أو في الشغل اللي فيه خطر؟
4935	لو سمحت، يا ترى الشرع بينص على أي بخصوص منع شغل القصّر في الليل أو في الشغل اللي فيه خطر؟
4936	ممكن أعرف يا ترى الشرع بينص على إيه بخصوص منع شغل القصّر في الليل أو في الشغل اللي فيه خطر؟
4937	إيه اللي القانون قاله تحديدا عن حظر تشغيل الأطفال بالليل أو في أي شغلانة ممكن تضرهم؟
4938	يعني إيه اللي الشرع قاله تحديدا عن حظر تشغيل الأطفال بالليل أو في أي شغلانة مسموح تضرهم؟
4939	طيب، إيه اللي القانون حدده تحديدا عن حظر تشغيل الأطفال بالليل أو في أي شغلانة ممكن تضرهم؟
4940	بصراحة، ماذا اللي القانون قاله تحديدا عن حظر تشغيل الأطفال بالليل أو في أي شغلانة ممكن تضرهم؟
4941	لو سمحت، إيه اللي الشرع ذكره تحديدا عن حظر تشغيل الأطفال بالليل أو في أي شغلانة ممكن تضرهم؟
4942	ممكن أعرف إيه اللي القانون قاله تحديدا عن حظر تشغيل الأطفال بالليل أو في أي شغلانة مسموح تضرهم؟
4943	لو مينفعش نِشَغَّل الأطفال الصغيرين بالليل ولا في شغل خطر، يبقى القانون بتاع الشغل بيقول إيه بالظبط؟
4944	يعني لو مينفعش نِشَغَّل الأطفال الصغيرين بالليل ولا في شغل خطر، يبقى القانون بتاع الشغل بيقول إيه بالظبط؟
4945	طيب، لو مينفعش نِشَغَّل الأطفال الصغيرين بالليل ولا في شغل خطر، يبقى القانون بتاع العمل بيقول إيه بالظبط؟
4946	بصراحة، لو مينفعش نِشَغَّل الأطفال الصغيرين بالليل ولا في شغل خطر، يبقى الشرع بتاع الشغل بيقول إيه بالظبط؟
4947	لو سمحت، لو مينفعش نِشَغَّل الأطفال الصغيرين بالليل ولا في شغل خطر، يبقى النظام بتاع المؤسسة بيقول إيه بالظبط؟
4948	ممكن أعرف لو مينفعش نِشَغَّل الأطفال الصغيرين بالليل ولا في شغل خطر، يبقى القانون بتاع الشركة بيقول ماذا بالظبط؟
4949	القانون بيوضح إيه بخصوص منع الأطفال من الشغل بالليل أو في أعمال فيها خطورة عليهم؟ عايزين نعرف التفاصيل.
4950	يعني الشرع بيوضح إيه بخصوص منع الأطفال من الشركة بالليل أو في أعمال فيها خطورة عليهم؟ عايزين نعرف التفاصيل.؟
4951	طيب، الشرع بيوضح ما هو بخصوص منع الأطفال من الشغل بالليل أو في أعمال فيها خطورة عليهم؟ عايزين نعرف التفاصيل.؟
4952	بصراحة، القانون بيوضح إيه بخصوص منع الأطفال من الشغل بالليل أو في أعمال فيها خطورة عليهم؟ عايزين نعرف التفاصيل.؟
4953	لو سمحت، القانون بيوضح إيه بخصوص منع الأطفال من الشغل بالليل أو في أعمال فيها خطورة عليهم؟ عايزين نعرف التفاصيل.؟
4954	ممكن أعرف الشرع بيوضح إيه بخصوص منع الأطفال من الشغل بالليل أو في أعمال فيها خطورة عليهم؟ عايزين نعرف التفاصيل.؟
4955	لما القانون بيمنع تشغيل الصغيرين بالليل وفي الشغل الخطر، إيه الكلام القانوني اللي بيحكم الموضوع ده بالتحديد؟
4956	يعني لما القانون بيمنع تشغيل الصغيرين بالليل وفي الوظيفة الخطر، إيه الكلام القانوني اللي بيحكم الموضوع ده بالتحديد؟
4957	طيب، لما القانون بيمنع تشغيل الصغيرين بالليل وفي الشغل الخطر، أي الكلام القانوني اللي بيحكم الموضوع ده بالتحديد؟
4958	بصراحة، لما القانون بيمنع تشغيل الصغيرين بالليل وفي الشغل الخطر، إيه الكلام القانوني اللي بيحكم الموضوع ده بالتحديد؟
4959	لو سمحت، لما الشرع بيمنع تشغيل الصغيرين بالليل وفي الشغل الخطر، إيه الكلام القانوني اللي بيحكم الموضوع ده بالتحديد؟
4960	ممكن أعرف لما الشرع بيمنع تشغيل الصغيرين بالليل وفي الشغل الخطر، إيه الكلام القانوني اللي بيحكم الموضوع ده بالتحديد؟
4961	لو طالب في المدرسة عايز يشتغل جزئي، الشروط إيه؟
4962	يعني لو طالب في المدرسة عايز يشتغل جزئي، الشروط ماذا؟
4963	طيب، لو طالب في المدرسة عايز يشتغل جزئي، الشروط إيه؟
4964	بصراحة، لو طالب في المدرسة عايز يشتغل جزئي، الشروط ماذا؟
4965	لو سمحت، لو طالب في المدرسة عايز يشتغل جزئي، الشروط إيه؟
4966	ممكن أعرف لو طالب في المدرسة عايز يشتغل جزئي، الشروط إيه؟
4967	إيه هي الضوابط والقواعد اللي لازم يعرفها أي طالب بيدرس وعاوز يشتغل شغلانة نص دوام؟
4968	يعني إيه هي الضوابط والقواعد اللي لازم يعرفها أي طالب بيدرس وعاوز يشتغل شغلانة نص دوام؟
4969	طيب، إيه هي الضوابط والقواعد اللي واجب يعرفها أي طالب بيدرس وعاوز يشتغل شغلانة نص دوام؟
4970	بصراحة، ماذا هي الضوابط والقواعد اللي مفروض يعرفها أي طالب بيدرس وعاوز يشتغل شغلانة نص دوام؟
4971	لو سمحت، ما هو هي الضوابط والقواعد اللي لازم يعرفها أي طالب بيدرس وعاوز يشتغل شغلانة نص دوام؟
4972	ممكن أعرف أي هي الضوابط والقواعد اللي لازم يعرفها أي طالب بيدرس وعاوز يشتغل شغلانة نص دوام؟
4973	لو فيه ولد أو بنت في ثانوي أو إعدادي نفسه يشتغل شغلانة جنب الدراسة، إيه التعليمات اللي المفروض يلتزم بيها؟
4974	يعني لو فيه ولد أو بنت في ثانوي أو إعدادي نفسه يشتغل شغلانة جنب الدراسية، ماذا التعليمات اللي المفروض يلتزم بيها؟
4975	طيب، لو فيه ولد أو بنت في ثانوي أو إعدادي نفسه يشتغل شغلانة جنب المذاكرة، أي التعليمات اللي المفروض يلتزم بيها؟
4976	بصراحة، لو فيه ولد أو بنت في ثانوي أو إعدادي نفسه يشتغل شغلانة جنب الدراسة، ماذا التعليمات اللي المفروض يلتزم بيها؟
4977	لو سمحت، لو فيه ولد أو بنت في ثانوي أو إعدادي نفسه يشتغل شغلانة جنب الدراسة، أي التعليمات اللي المفروض يلتزم بيها؟
4978	ممكن أعرف لو فيه ولد أو بنت في ثانوي أو إعدادي نفسه يشتغل شغلانة جنب التحضير، إيه التعليمات اللي المفروض يلتزم بيها؟
4979	بالنسبة لواحد لسه بيدرس في مدرسة ونفسه يشتغل كام ساعة في اليوم، إيه هي الحدود المسموحة؟
4980	يعني بالنسبة لواحد لسه بيدرس في مدرسة ونفسه يشتغل كام ساعة في اليوم، أي هي الحدود المباحة؟
4981	طيب، بالنسبة لواحد لسه بيدرس في مدرسة ونفسه يشتغل كام ساعة باليوم، ما هو هي الحدود المسموحة؟
4982	بصراحة، بالنسبة لواحد لسه بيدرس في مدرسة ونفسه يشتغل قد إيه ساعة في اليوم، إيه هي الحدود المسموحة؟
4983	لو سمحت، بالنسبة لواحد لسه بيدرس في مدرسة ونفسه يشتغل كام ساعة باليوم، إيه هي الحدود المسموحة؟
4984	ممكن أعرف بالنسبة لواحد لسه بيدرس في مدرسة ونفسه يشتغل قد إيه ساعة كل يوم، إيه هي الحدود الممكنة؟
4985	أيه هي المتطلبات القانونية والإجرائية لو طالب في مراحل التعليم المختلفة حب يشتغل شغل بسيط بعد المدرسة؟
4986	يعني أيه هي المتطلبات المعتمدة والإجرائية لو طالب في مراحل التعليم المختلفة حب يشتغل شغل بسيط بعد المدرسة؟
4987	طيب، أيه هي المتطلبات المشروعة والإجرائية لو طالب في مراحل التعليم المختلفة حب يشتغل شغل بسيط بعد المدرسة؟
4988	بصراحة، أيه هي المتطلبات القانونية والإجرائية لو طالب في مراحل التعليم المختلفة حب يشتغل شغل بسيط بعد المدرسة؟
4989	لو سمحت، أيه هي المتطلبات النظامية والإجرائية لو طالب في مراحل التعليم المختلفة حب يشتغل شغل بسيط بعد المدرسة؟
4990	ممكن أعرف أيه هي المتطلبات الشرعية والإجرائية لو طالب في مراحل التعليم المختلفة حب يشتغل شغل بسيط بعد المدرسة؟
4991	أيه هي الإرشادات اللي بتنصحوا بيها أي طالب في أي مرحلة تعليمية لو قرر يشتغل شغلانة بارت تايم؟
4992	يعني أيه هي الإرشادات اللي بتنصحوا بيها أي طالب في أي مرحلة تعليمية لو قرر يشتغل شغلانة بارت تايم؟
4993	طيب، أيه هي الإرشادات اللي بتنصحوا بيها أي طالب في أي مرحلة تعليمية لو قرر يشتغل شغلانة بارت تايم؟
4994	بصراحة، أيه هي الإرشادات اللي بتنصحوا بيها أي طالب في أي مرحلة تعليمية لو قرر يشتغل شغلانة بارت تايم؟
4995	لو سمحت، أيه هي الإرشادات اللي بتنصحوا بيها أي طالب في أي مرحلة تعليمية لو قرر يشتغل شغلانة بارت تايم؟
4996	ممكن أعرف أيه هي الإرشادات اللي بتنصحوا بيها أي طالب في أي مرحلة تعليمية لو قرر يشتغل شغلانة بارت تايم؟
4997	هل من 15 ل17 سنة يُمكنهم الاشتراك في مشروع صغير أو خدمة المجتمع؟
4998	يعني هل من 15 ل17 سنة يُمكنهم الاشتراك في مشروع صغير أو خدمة المجتمع؟
4999	طيب، هل من 15 ل17 سنة يُمكنهم الاشتراك في مشروع صغير أو خدمة المجتمع؟
5000	بصراحة، هل من 15 ل17 سنة يُمكنهم الاشتراك في مشروع صغير أو خدمة المجتمع؟
5001	لو سمحت، هل من 15 ل17 سنة يُمكنهم الاشتراك في مشروع صغير أو خدمة المجتمع؟
5002	ممكن أعرف هل من 15 ل17 عمرة يُمكنهم الاشتراك في مشروع صغير أو خدمة المجتمع؟
5003	ينفع اللي عندهم من 15 لـ 17 سنة يشتركوا في مشاريع صغيرة أو يخدموا المجتمع بشكل تطوعي؟ (تركيز على الإمكانية والجهات التي تقدم الفرص)
5004	يعني ينفع اللي عندهم من 15 لـ 17 سنة يشتركوا في مشاريع صغيرة أو يخدموا المجتمع بشكل تطوعي؟ (تركيز على الإمكانية والجهات التي تقدم الفرص)؟
5005	طيب، ينفع اللي عندهم من 15 لـ 17 سنة يشتركوا في مشاريع صغيرة أو يخدموا المجتمع بشكل تطوعي؟ (تركيز على الإمكانية والجهات التي تقدم الفرص)؟
5006	بصراحة، ينفع اللي عندهم من 15 لـ 17 عمرة يشتركوا في مشاريع صغيرة أو يخدموا المجتمع بشكل تطوعي؟ (تركيز على الإمكانية والجهات التي تقدم الفرص)؟
5007	لو سمحت، ينفع اللي عندهم من 15 لـ 17 سنة يشتركوا في مشاريع صغيرة أو يخدموا المجتمع بشكل تطوعي؟ (تركيز على الإمكانية والجهات التي تقدم الفرص)؟
5008	ممكن أعرف ينفع اللي عندهم من 15 لـ 17 سنة يشتركوا في مشاريع صغيرة أو يخدموا المجتمع بشكل تطوعي؟ (تركيز على الإمكانية والجهات التي تقدم الفرص)؟
5009	بالنسبة للمرحلة العمرية من 15 لـ 17 سنة، هل مسموح ليهم يشتغلوا في مشاريع صغيرة أو يشاركوا في أعمال لخدمة المجتمع؟ (تركيز على السماح القانوني أو التنظيمي)
5010	يعني بالنسبة للمرحلة العمرية من 15 لـ 17 سنهة، هل مسموح ليهم يشتغلوا في مشاريع صغيرة أو يشاركوا في أعمال لخدمة المجتمع؟ (تركيز على السماح النظامي أو التنظيمي)؟
5011	طيب، بالنسبة للمرحلة العمرية من 15 لـ 17 سنة، هل مسموح ليهم يشتغلوا في مشاريع صغيرة أو يشاركوا في أعمال لخدمة المجتمع؟ (تركيز على السماح القانوني أو التنظيمي)؟
5012	بصراحة، بالنسبة للمرحلة العمرية من 15 لـ 17 سنة، هل مسموح ليهم يشتغلوا في مشاريع صغيرة أو يشاركوا في أعمال لخدمة المجتمع؟ (تركيز على السماح النظامي أو التنظيمي)؟
5013	لو سمحت، بالنسبة للمرحلة العمرية من 15 لـ 17 سنة، هل مسموح ليهم يشتغلوا في مشاريع صغيرة أو يشاركوا في أعمال لخدمة المجتمع؟ (تركيز على السماح القانوني أو التنظيمي)؟
5014	ممكن أعرف بالنسبة للمرحلة العمرية من 15 لـ 17 عمرة، هل مسموح ليهم يشتغلوا في مشاريع صغيرة أو يشاركوا في أعمال لخدمة المجتمع؟ (تركيز على السماح القانوني أو التنظيمي)؟
5015	اللي سنهم بيتراوح بين 15 و 17 سنة، ليهم الحق يساهموا في مشاريع شبابية أو أي عمل خيرى يفيد المجتمع؟ (تركيز على الحق والمساهمة)
5016	يعني اللي سنهم بيتراوح بين 15 و 17 سنة، ليهم الحق يساهموا في مشاريع شبابية أو أي عمل خيرى يفيد المجتمع؟ (تركيز على الحق والمساهمة)؟
5017	طيب، اللي سنهم بيتراوح بين 15 و 17 سنة، ليهم الحق يساهموا في مشاريع شبابية أو أي عمل خيرى يفيد المجتمع؟ (تركيز على الحق والمساهمة)؟
5018	بصراحة، اللي سنهم بيتراوح بين 15 و 17 سنة، ليهم الحق يساهموا في مشاريع شبابية أو أي عمل خيرى يفيد المجتمع؟ (تركيز على الحق والمساهمة)؟
5019	لو سمحت، اللي سنهم بيتراوح بين 15 و 17 سنة، ليهم الحق يساهموا في مشاريع شبابية أو أي عمل خيرى يفيد المجتمع؟ (تركيز على الحق والمساهمة)؟
5020	ممكن أعرف اللي سنهم بيتراوح بين 15 و 17 سنة، ليهم الحق يساهموا في مشاريع شبابية أو أي عمل خيرى يفيد المجتمع؟ (تركيز على الحق والمساهمة)؟
5021	ممكن الأطفال اللي داخلين في مرحلة المراهقة، يعني اللي عمرهم من 15 لـ 17، ياخدوا دور في مشاريع تنموية أو يشتغلوا شغل تطوعي يخدم الناس؟ (توضيح للمرحلة العمرية وأنواع المشاركة)
5022	يعني ممكن الأطفال اللي داخلين في مرحلة المراهقة، يعني اللي عمرهم من 15 لـ 17، يأخذوا دور في مشاريع تنموية أو يشتغلوا شغل تطوعي يخدم الناس؟ (توضيح للمرحلة العمرية وأنواع المشاركة)؟
5023	طيب، ممكن الأطفال اللي داخلين في مرحلة المراهقة، يعني اللي عمرهم من 15 لـ 17، ياخدوا دور في مشاريع تنموية أو يشتغلوا شغل تطوعي يخدم الناس؟ (توضيح للمرحلة العمرية وأنواع المشاركة)؟
5024	بصراحة، يجوز الأطفال اللي داخلين في مرحلة المراهقة، يعني اللي عمرهم من 15 لـ 17، يحصل علىوا دور في مشاريع تنموية أو يشتغلوا شغل تطوعي يخدم الناس؟ (توضيح للمرحلة العمرية وأنواع المشاركة)؟
5025	لو سمحت، ممكن الأطفال اللي داخلين في مرحلة المراهقة، يعني اللي عمرهم من 15 لـ 17، ياخدوا دور في مشاريع تنموية أو يشتغلوا شغل تطوعي يخدم الناس؟ (توضيح للمرحلة العمرية وأنواع المشاركة)؟
5026	ممكن أعرف ممكن الأطفال اللي داخلين في مرحلة المراهقة، يعني اللي عمرهم من 15 لـ 17، ياخدوا دور في مشاريع تنموية أو يشتغلوا شغل تطوعي يخدم الناس؟ (توضيح للمرحلة العمرية وأنواع المشاركة)؟
5027	هل فيه أي مانع إن الشباب الصغير اللي أعمارهم بين 15 و 17 سنة، يشاركوا في مبادرات مجتمعية أو مشاريع ناشئة؟ (تركيز على وجود موانع والمبادرات)
5028	يعني هل فيه أي مانع إن الشباب الصغير اللي أعمارهم بين 15 و 17 عمرة، يشاركوا في مبادرات مجتمعية أو مشاريع ناشئة؟ (تركيز على وجود موانع والمبادرات)؟
5029	طيب، هل فيه أي مانع إن الشباب الصغير اللي أعمارهم بين 15 و 17 سنة، يشاركوا في مبادرات مجتمعية أو مشاريع ناشئة؟ (تركيز على وجود موانع والمبادرات)؟
5030	بصراحة، هل فيه أي مانع إن الشباب الصغير اللي أعمارهم بين 15 و 17 عمرة، يشاركوا في مبادرات مجتمعية أو مشاريع ناشئة؟ (تركيز على وجود موانع والمبادرات)؟
5031	لو سمحت، هل فيه أي مانع إن الشباب الصغير اللي أعمارهم بين 15 و 17 سنهة، يشاركوا في مبادرات مجتمعية أو مشاريع ناشئة؟ (تركيز على وجود موانع والمبادرات)؟
5032	ممكن أعرف هل فيه أي مانع إن الشباب الصغير اللي أعمارهم بين 15 و 17 سنة، يشاركوا في مبادرات مجتمعية أو مشاريع ناشئة؟ (تركيز على وجود موانع والمبادرات)؟
5033	هل شهادة دراسية لازمة قبل سن 15؟
5034	يعني هل شهادة دراسية ضرورية قبل سنه 15؟
5035	طيب، هل شهادة دراسية مفروضة قبل سن 15؟
5036	بصراحة، هل شهادة دراسية مفروضة قبل سن 15؟
5037	لو سمحت، هل شهادة دراسية لازمة قبل سن 15؟
5038	ممكن أعرف هل شهادة دراسية مفروضة قبل سنه 15؟
5039	ضروري يكون معاك مؤهل تعليمي قبل ما تكمل 15 سنة؟ (تركز على فكرة المؤهل التعليمي كشرط ضروري)
5040	يعني ضروري يكون معاك مؤهل تعليمي قبل ما تكمل 15 سنة؟ (تركز على فكرة المؤهل التعليمي كشرط ضروري)؟
5041	طيب، ضروري يكون معاك مؤهل تعليمي قبل ما تكمل 15 سنة؟ (تركز على فكرة المؤهل التعليمي كشرط ضروري)؟
5042	بصراحة، ضروري يكون معاك مؤهل تعليمي قبل ما تكمل 15 سنهة؟ (تركز على فكرة المؤهل التعليمي كشرط ضروري)؟
5043	لو سمحت، ضروري يكون معاك مؤهل تعليمي قبل ما تكمل 15 سنة؟ (تركز على فكرة المؤهل التعليمي كشرط ضروري)؟
5044	ممكن أعرف ضروري يكون معاك مؤهل تعليمي قبل ما تكمل 15 سنهة؟ (تركز على فكرة المؤهل التعليمي كشرط ضروري)؟
5045	ينفع الواحد يشتغل أو يدخل شغل من غير شهادة وهو عنده أقل من 15 سنة؟ (تركز على علاقة الشهادة بسوق العمل أو فرص الشغل لمن هم دون الـ 15)
5046	يعني ينفع الواحد يشتغل أو يدخل شغل من غير شهادة وهو عنده أقل من 15 سنة؟ (تركز على علاقة الشهادة بسوق العمل أو فرص الشغل لمن هم دون الـ 15)؟
5047	طيب، ينفع الواحد يشتغل أو يدخل شغل من غير شهادة وهو عنده أقل من 15 سنة؟ (تركز على علاقة الشهادة بسوق العمل أو فرص الشغل لمن هم دون الـ 15)؟
5048	بصراحة، ينفع الواحد يشتغل أو يدخل شغل من غير شهادة وهو عنده أقل من 15 سنة؟ (تركز على علاقة الشهادة بسوق العمل أو فرص الشغل لمن هم دون الـ 15)؟
5049	لو سمحت، ينفع الواحد يشتغل أو يدخل شغل من غير شهادة وهو عنده أقل من 15 سنة؟ (تركز على علاقة الشهادة بسوق العمل أو فرص العمل لمن هم دون الـ 15)؟
5050	ممكن أعرف ينفع الواحد يشتغل أو يدخل شغل من غير شهادة وهو عنده أقل من 15 سنة؟ (تركز على علاقة الشهادة بسوق الوظيفة أو فرص الشغل لمن هم دون الـ 15)؟
5051	القانون بيسمح لحد عنده أقل من 15 سنة يشتغل أو يمارس أي نشاط من غير شهادة تعليمية؟ (تركز على الجانب القانوني وإمكانية ممارسة أنشطة معينة بدون شهادة لمن هم دون الـ 15)
5052	يعني القانون بيسمح لحد عنده أقل من 15 سنة يشتغل أو يمارس أي نشاط من غير شهادة تعليمية؟ (تركز على الجانب القانوني وإمكانية ممارسة أنشطة معينة بدون شهادة لمن هم دون الـ 15)؟
5053	طيب، القانون بيسمح لحد عنده أقل من 15 سنة يشتغل أو يمارس أي نشاط من غير شهادة تعليمية؟ (تركز على الجانب القانوني وإمكانية ممارسة أنشطة معينة بدون شهادة لمن هم دون الـ 15)؟
5054	بصراحة، النظام بيسمح لحد عنده أقل من 15 سنهة يشتغل أو يمارس أي نشاط من غير شهادة تعليمية؟ (تركز على الجانب القانوني وإمكانية ممارسة أنشطة معينة بدون شهادة لمن هم دون الـ 15)؟
5055	لو سمحت، القانون بيسمح لحد عنده أقل من 15 سنهة يشتغل أو يمارس أي نشاط من غير شهادة تعليمية؟ (تركز على الجانب القانوني وإمكانية ممارسة أنشطة معينة بدون شهادة لمن هم دون الـ 15)؟
5056	ممكن أعرف القانون بيسمح لحد عنده أقل من 15 سنة يشتغل أو يمارس أي نشاط من غير شهادة تعليمية؟ (تركز على الجانب القانوني وإمكانية ممارسة أنشطة معينة بدون شهادة لمن هم دون الـ 15)؟
5057	ممكن طفل عنده أقل من 15 سنة يلاقي فرصة كويسة من غير ما يكون معاه شهادة تثبت تعليمه؟ (تركز على فكرة الفرص المتاحة لمن هم دون الـ 15 بغض النظر عن الشهادة)
5058	يعني يجوز طفل عنده أقل من 15 سنة يلاقي فرصة كويسة من غير ما يكون معاه شهادة تثبت تعليمه؟ (تركز على فكرة الفرص المتاحة لمن هم دون الـ 15 بغض النظر عن الشهادة)؟
5059	طيب، ينفع طفل عنده أقل من 15 سنة يلاقي فرصة كويسة من غير ما يكون معاه شهادة تثبت تعليمه؟ (تركز على فكرة الفرص المتاحة لمن هم دون الـ 15 بغض النظر عن الشهادة)؟
5060	بصراحة، ممكن طفل عنده أقل من 15 سنة يلاقي فرصة كويسة من غير ما يكون معاه شهادة تثبت تعليمه؟ (تركز على فكرة الفرص المتاحة لمن هم دون الـ 15 بغض النظر عن الشهادة)؟
5061	لو سمحت، ممكن طفل عنده أقل من 15 سنة يلاقي فرصة كويسة من غير ما يكون معاه شهادة تثبت تعليمه؟ (تركز على فكرة الفرص المتاحة لمن هم دون الـ 15 بغض النظر عن الشهادة)؟
5062	ممكن أعرف ينفع طفل عنده أقل من 15 سنة يلاقي فرصة كويسة من غير ما يكون معاه شهادة تثبت تعليمه؟ (تركز على فكرة الفرص المتاحة لمن هم دون الـ 15 بغض النظر عن الشهادة)؟
5063	لو حد عنده أقل من 15 سنة، لازم يكون معاه ورقة تثبت إنه متعلم أو واخد شهادة عشان يعرف يعمل حاجات معينة؟ (تركز على فكرة وجود ورقة رسمية تثبت التعليم كشرط للقيام بأشياء معينة لمن هم دون الـ 15)
5064	يعني لو حد عنده أقل من 15 عمرة، مطلوب يكون معاه ورقة تثبت إنه متعلم أو واخد شهادة عشان يعرف يعمل حاجات معينة؟ (تركز على فكرة وجود ورقة رسمية تثبت التعليم كشرط للقيام بأشياء معينة لمن هم دون الـ 15)؟
5065	طيب، لو حد عنده أقل من 15 سنهة، ضروري يكون معاه ورقة تثبت إنه متعلم أو واخد شهادة عشان يعرف يعمل حاجات معينة؟ (تركز على فكرة وجود ورقة رسمية تثبت التعليم كشرط للقيام بأشياء معينة لمن هم دون الـ 15)؟
5066	بصراحة، لو حد عنده أقل من 15 سنهة، لازم يكون معاه ورقة تثبت إنه متعلم أو واخد شهادة عشان يعرف يعمل حاجات معينة؟ (تركز على فكرة وجود ورقة رسمية تثبت التعليم كشرط للقيام بأشياء معينة لمن هم دون الـ 15)؟
5067	لو سمحت، لو حد عنده أقل من 15 عمرة، لازم يكون معاه ورقة تثبت إنه متعلم أو واخد شهادة عشان يعرف يعمل حاجات معينة؟ (تركز على فكرة وجود ورقة رسمية تثبت التعليم كشرط للقيام بأشياء معينة لمن هم دون الـ 15)؟
5068	ممكن أعرف لو حد عنده أقل من 15 سنة، لازم يكون معاه ورقة تثبت إنه متعلم أو واخد شهادة عشان يعرف يعمل حاجات معينة؟ (تركز على فكرة وجود ورقة رسمية تثبت التعليم كشرط للقيام بأشياء معينة لمن هم دون الـ 15)؟
5069	القانون قال إن لازم كل سنة مرتبك يزود كام؟
5070	يعني التشريع قال إن لازم كل عمرة مرتبك يزود كام؟
5071	طيب، القانون قال إن لازم كل سنة مرتبك يزود كام؟
5072	بصراحة، الشرع قال إن لازم كل سنة مرتبك يزود أي عدد؟
5073	لو سمحت، النظام قال إن لازم كل سنهة مرتبك يزود كام؟
5074	ممكن أعرف النظام قال إن ضروري كل سنة مرتبك يزود كام؟
5075	يا ترى القانون بيحدد زيادة سنوية للمرتبات بنسبة قد إيه؟
5076	يعني يا ترى الشرع بيحدد زيادة سنوية للمرتبات بنسبة قد إيه؟
5077	طيب، يا ترى القانون بيحدد زيادة سنوية للمرتبات بنسبة قد ما هو؟
5078	بصراحة، يا ترى النظام بيحدد زيادة سنوية للمرتبات بنسبة قد إيه؟
5079	لو سمحت، يا ترى التشريع بيحدد زيادة سنوية للمرتبات بنسبة قد ما هو؟
5080	ممكن أعرف يا ترى القانون بيحدد زيادة سنوية للمرتبات بنسبة قد ماذا؟
5081	طبقا للقانون، المفروض المرتب بتاعي يزيد كل سنة بمقدار قد إيه؟
5082	يعني طبقا للقانون، المفروض المرتب بتاعي يزيد كل سنهة بمقدار قد ماذا؟
5083	طيب، طبقا للقانون، المفروض المرتب بتاعي يزيد كل سنهة بمقدار قد ما هو؟
5084	بصراحة، طبقا للقانون، المفروض المرتب بتاعي يزيد كل سنة بمقدار قد إيه؟
5085	لو سمحت، طبقا للقانون، المفروض المرتب بتاعي يزيد كل سنهة بمقدار قد إيه؟
5086	ممكن أعرف طبقا للقانون، المفروض المرتب بتاعي يزيد كل سنة بمقدار قد إيه؟
5087	القانون بيقول إيه بخصوص الزيادة السنوية في المرتب؟ نسبة الزيادة كام في المية؟
5088	يعني القانون بيقول إيه بخصوص الزيادة السنهوية في المرتب؟ نسبة الزيادة كام في المية؟
5089	طيب، القانون بيقول إيه بخصوص الزيادة السنهوية في المرتب؟ نسبة الزيادة قد إيه في المية؟
5090	بصراحة، النظام بيقول إيه بخصوص الزيادة السنوية في المرتب؟ نسبة الزيادة كام في المية؟
5091	لو سمحت، القانون بيقول أي بخصوص الزيادة السنوية في المرتب؟ نسبة الزيادة قد إيه في المية؟
5092	ممكن أعرف القانون بيقول ما هو بخصوص الزيادة السنوية في المرتب؟ نسبة الزيادة كم في المية؟
5093	إيه النسبة اللي القانون فرضها كزيادة سنوية إجبارية على المرتبات؟
5094	يعني إيه النسبة اللي القانون فرضها كزيادة عمروية إجبارية على المرتبات؟
5095	طيب، أي النسبة اللي القانون فرضها كزيادة سنهوية إجبارية على المرتبات؟
5096	بصراحة، ماذا النسبة اللي القانون فرضها كزيادة عمروية إجبارية على المرتبات؟
5097	لو سمحت، أي النسبة اللي القانون فرضها كزيادة سنوية إجبارية على المرتبات؟
5098	ممكن أعرف إيه النسبة اللي الشرع فرضها كزيادة سنهوية إجبارية على المرتبات؟
5099	يعني القانون بيوجب على الشركات تزود المرتبات كل سنة بحد أدنى كام؟
5100	يعني الشرع بيوجب على الشركات تزود المرتبات كل سنهة بحد أدنى كام؟
5101	طيب، يعني النظام بيوجب على الشركات تزود المرتبات كل سنة بحد أدنى كام؟
5102	بصراحة، يعني القانون بيوجب على الشركات تزود المرتبات كل سنة بحد أدنى كام؟
5103	لو سمحت، يعني القانون بيوجب على الشركات تزود المرتبات كل سنة بحد أدنى كام؟
5104	ممكن أعرف يعني التشريع بيوجب على الشركات تزود المرتبات كل عمرة بحد أدنى كام؟
5105	زيادة سنوية %3 ده على المرتب الأساسي ولا الأجر التأميني؟
5106	يعني زيادة سنوية %3 ده على المرتب الأساسي ولا الأجر التأميني؟
5107	طيب، زيادة عمروية %3 ده على المرتب الأساسي ولا الأجر التأميني؟
5108	بصراحة، زيادة سنوية %3 ده على المرتب الأساسي ولا الأجر التأميني؟
5109	لو سمحت، زيادة سنوية %3 ده على المرتب الأساسي ولا الأجر التأميني؟
5110	ممكن أعرف زيادة سنهوية %3 ده على المرتب الأساسي ولا الأجر التأميني؟
5111	الـ 3% الزيادة السنوية دي بتتحسب على المرتب اللي باخده صافي، ولا المرتب اللي بيتسجل في التأمينات؟
5112	يعني الـ 3% الزيادة السنوية دي بتتحسب على المرتب اللي باخده صافي، ولا المرتب اللي بيتسجل في التأمينات؟
5113	طيب، الـ 3% الزيادة السنوية دي بتتُعتبر على المرتب اللي باخده صافي، ولا المرتب اللي بيتسجل في التأمينات؟
5114	بصراحة، الـ 3% الزيادة السنوية دي بتتُحسب على المرتب اللي باخده صافي، ولا المرتب اللي بيتسجل في التأمينات؟
5115	لو سمحت، الـ 3% الزيادة السنوية دي بتتحسب على المرتب اللي باخده صافي، ولا المرتب اللي بيتسجل في التأمينات؟
5116	ممكن أعرف الـ 3% الزيادة العمروية دي بتعتبر على المرتب اللي باخده صافي، ولا المرتب اللي بيتسجل في التأمينات؟
5117	لما بيقولوا فيه زيادة 3% في السنة، الزيادة دي بتكون محسوبة على أساس الراتب الفعلي اللي بقبضه، ولا الراتب اللي بيتعمل عليه التأمين؟
5118	يعني لما بيقولوا فيه زيادة 3% في السنهة، الزيادة دي بتكون محسوبة على أساس الراتب الفعلي اللي بقبضه، ولا الراتب اللي بيتعمل عليه التأمين؟
5119	طيب، لما بيقولوا فيه زيادة 3% في السنة، الزيادة دي بتكون محسوبة على أساس الراتب الفعلي اللي بقبضه، ولا الراتب اللي بيتعمل عليه التأمين؟
5120	بصراحة، لما بيقولوا فيه زيادة 3% في السنهة، الزيادة دي بتكون محسوبة على أساس الراتب الفعلي اللي بقبضه، ولا الراتب اللي بيتعمل عليه التأمين؟
5121	لو سمحت، لما بيقولوا فيه زيادة 3% في السنة، الزيادة دي بتكون محسوبة على أساس الراتب الفعلي اللي بقبضه، ولا الراتب اللي بيتعمل عليه التأمين؟
5122	ممكن أعرف لما بيقولوا فيه زيادة 3% في السنة، الزيادة دي بتكون محسوبة على أساس الراتب الفعلي اللي بقبضه، ولا الراتب اللي بيتعمل عليه التأمين؟
5123	الـ 3% زيادة اللي بتيجي كل سنة، دي بتضاف على قيمة المرتب الأصلي اللي بآخده في إيدي، ولا قيمة المرتب اللي بتدخل في حسابات التأمينات؟
5124	يعني الـ 3% زيادة اللي بتيجي كل عمرة، دي بتضاف على قيمة المرتب الأصلي اللي بآخده في إيدي، ولا قيمة المرتب اللي بتدخل في حسابات التأمينات؟
5125	طيب، الـ 3% زيادة اللي بتيجي كل سنهة، دي بتضاف على قيمة المرتب الأصلي اللي بآخده في إيدي، ولا قيمة المرتب اللي بتدخل في حسابات التأمينات؟
5126	بصراحة، الـ 3% زيادة اللي بتيجي كل سنة، دي بتضاف على قيمة المرتب الأصلي اللي بآخده في إيدي، ولا قيمة المرتب اللي بتدخل في حسابات التأمينات؟
5127	لو سمحت، الـ 3% زيادة اللي بتيجي كل عمرة، دي بتضاف على قيمة المرتب الأصلي اللي بآخده في إيدي، ولا قيمة المرتب اللي بتدخل في حسابات التأمينات؟
5128	ممكن أعرف الـ 3% زيادة اللي بتيجي كل سنة، دي بتضاف على قيمة المرتب الأصلي اللي بآخده في إيدي، ولا قيمة المرتب اللي بتدخل في حسابات التأمينات؟
5129	بالنسبة للزيادة السنوية اللي هي 3%، دي بتتحط على المرتب الأساسي بتاعي اللي مكتوب في العقد، ولا على المرتب اللي بيحسبوا عليه اشتراكات التأمين؟
5130	يعني بالنسبة للزيادة السنوية اللي هي 3%، دي بتتحط على المرتب الأساسي بتاعي اللي مكتوب في العقد، ولا على المرتب اللي بيحسبوا عليه اشتراكات التأمين؟
5131	طيب، بالنسبة للزيادة العمروية اللي هي 3%، دي بتتحط على المرتب الأساسي بتاعي اللي مكتوب في العقد، ولا على المرتب اللي بيحسبوا عليه اشتراكات التأمين؟
5132	بصراحة، بالنسبة للزيادة السنوية اللي هي 3%، دي بتتحط على المرتب الأساسي بتاعي اللي مكتوب في العقد، ولا على المرتب اللي بيحسبوا عليه اشتراكات التأمين؟
5133	لو سمحت، بالنسبة للزيادة العمروية اللي هي 3%، دي بتتحط على المرتب الأساسي بتاعي اللي مكتوب في العقد، ولا على المرتب اللي بيحسبوا عليه اشتراكات التأمين؟
5134	ممكن أعرف بالنسبة للزيادة السنهوية اللي هي 3%، دي بتتحط على المرتب الأساسي بتاعي اللي مكتوب في العقد، ولا على المرتب اللي بيحسبوا عليه اشتراكات التأمين؟
5135	لما يقولوا زيادة المرتب 3% كل سنة، هل الزيادة دي بتنزل على المرتب اللي بستلمه شهرياً، ولا المرتب اللي بيعتبروه أساس لحساب التأمينات الاجتماعية؟
5136	يعني لما يقولوا زيادة المرتب 3% كل سنة، هل الزيادة دي بتنزل على المرتب اللي بستلمه شهرياً، ولا المرتب اللي بيعتبروه أساس لحساب التأمينات الاجتماعية؟
5137	طيب، لما يقولوا زيادة المرتب 3% كل سنة، هل الزيادة دي بتنزل على المرتب اللي بستلمه شهرياً، ولا المرتب اللي بيعتبروه أساس لحساب التأمينات الاجتماعية؟
5138	بصراحة، لما يقولوا زيادة المرتب 3% كل سنة، هل الزيادة دي بتنزل على المرتب اللي بستلمه شهرياً، ولا المرتب اللي بيعتبروه أساس لحساب التأمينات الاجتماعية؟
5139	لو سمحت، لما يقولوا زيادة المرتب 3% كل سنة، هل الزيادة دي بتنزل على المرتب اللي بستلمه شهرياً، ولا المرتب اللي بيعتبروه أساس لحساب التأمينات الاجتماعية؟
5140	ممكن أعرف لما يقولوا زيادة المرتب 3% كل عمرة، هل الزيادة دي بتنزل على المرتب اللي بستلمه شهرياً، ولا المرتب اللي بيعتبروه أساس لحساب التأمينات الاجتماعية؟
5141	لو عرف الحد الأدنى يزيد 6000 و7000 من ورا، ليه الشركات دي نفس الكلام؟
5142	يعني لو عرف الحد الأدنى يزيد 6000 و7000 من ورا، ليه الشركات دي نفس الكلام؟
5143	طيب، لو عرف الحد الأدنى يزيد 6000 و7000 من ورا، ليه الشركات دي نفس الكلام؟
5144	بصراحة، لو عرف الحد الأدنى يزيد 6000 و7000 من ورا، ليه الشركات دي نفس الكلام؟
5145	لو سمحت، لو عرف الحد الأدنى يزيد 6000 و7000 من ورا، ليه الشركات دي نفس الكلام؟
5146	ممكن أعرف لو عرف الحد الأدنى يزيد 6000 و7000 من ورا، ليه الشركات دي نفس الكلام؟
5147	"طب لو الحد الأدنى للأجور زاد ست تلاف وسبع تلاف جنيه، إشمعنى الشركات دي لسه ماشية على نفس النظام؟ (تركيز على ""إشمعنى"" لإبراز الاستغراب)"
5148	"يعني طب لو الحد الأدنى للأجور زاد ست تلاف وسبع تلاف جنيه، إشمعنى الشركات دي لسه ماشية على نفس النظام؟ (تركيز على ""إشمعنى"" لإبراز الاستغراب)؟"
5149	"طيب، طب لو الحد الأدنى للأجور زاد ست تلاف وسبع تلاف جنيه، إشمعنى الشركات دي لسه ماشية على نفس النظام؟ (تركيز على ""إشمعنى"" لإبراز الاستغراب)؟"
5150	"بصراحة، طب لو الحد الأدنى للأجور زاد ست تلاف وسبع تلاف جنيه، إشمعنى الشركات دي لسه ماشية على نفس النظام؟ (تركيز على ""إشمعنى"" لإبراز الاستغراب)؟"
5151	"لو سمحت، طب لو الحد الأدنى للأجور زاد ست تلاف وسبع تلاف جنيه، إشمعنى الشركات دي لسه ماشية على نفس النظام؟ (تركيز على ""إشمعنى"" لإبراز الاستغراب)؟"
5152	"ممكن أعرف طب لو الحد الأدنى للأجور زاد ست تلاف وسبع تلاف جنيه، إشمعنى الشركات دي لسه ماشية على نفس النظام؟ (تركيز على ""إشمعنى"" لإبراز الاستغراب)؟"
5153	"معنى إن الحد الأدنى بقى أعلى بست آلاف وسبع آلاف جنيه، إن المفروض المرتبات تزيد، فليه الشركات دي لسه مدبسة الدنيا زي ما هي؟ (استخدام ""مدبسة الدنيا"" لوصف عدم التغيير بشكل ساخر)"
5154	"يعني معنى إن الحد الأدنى بقى أعلى بست آلاف وسبع آلاف جنيه، إن المفروض المرتبات تزيد، فليه الشركات دي لسه مدبسة الدنيا زي ما هي؟ (استخدام ""مدبسة الدنيا"" لوصف عدم التغيير بشكل ساخر)؟"
5155	"طيب، معنى إن الحد الأدنى بقى أعلى بست آلاف وسبع آلاف جنيه، إن المفروض المرتبات تزيد، فليه الشركات دي لسه مدبسة الدنيا زي ما هي؟ (استخدام ""مدبسة الدنيا"" لوصف عدم التغيير بشكل ساخر)؟"
5156	"بصراحة، معنى إن الحد الأدنى بقى أعلى بست آلاف وسبع آلاف جنيه، إن المفروض المرتبات تزيد، فليه الشركات دي لسه مدبسة الدنيا زي ما هي؟ (استخدام ""مدبسة الدنيا"" لوصف عدم التغيير بشكل ساخر)؟"
5157	"لو سمحت، معنى إن الحد الأدنى بقى أعلى بست آلاف وسبع آلاف جنيه، إن المفروض المرتبات تزيد، فليه الشركات دي لسه مدبسة الدنيا زي ما هي؟ (استخدام ""مدبسة الدنيا"" لوصف عدم التغيير بشكل ساخر)؟"
5158	"ممكن أعرف معنى إن الحد الأدنى بقى أعلى بست آلاف وسبع آلاف جنيه، إن المفروض المرتبات تزيد، فليه الشركات دي لسه مدبسة الدنيا زي ما هي؟ (استخدام ""مدبسة الدنيا"" لوصف عدم التغيير بشكل ساخر)؟"
5159	مش المفروض بعد ما الحد الأدنى للأجور بقى أعلى بستة وسبعة آلاف جنيه، الشركات دي تعدل أوضاعها؟ ليه لسه مفيش أي تغيير؟ (تركيز على توقع التعديل في الأوضاع)
5160	يعني مش المفروض عقب ما الحد الأدنى للأجور بقى أعلى بستة وسبعة آلاف جنيه، الشركات دي تعدل أوضاعها؟ ليه لسه مفيش أي تغيير؟ (تركيز على توقع التعديل في الأوضاع)؟
5161	طيب، مش المفروض بعد ما الحد الأدنى للأجور بقى أعلى بستة وسبعة آلاف جنيه، الشركات دي تعدل أوضاعها؟ ليه لسه مفيش أي تغيير؟ (تركيز على توقع التعديل في الأوضاع)؟
5162	بصراحة، مش المفروض بعد ما الحد الأدنى للأجور بقى أعلى بستة وسبعة آلاف جنيه، الشركات دي تعدل أوضاعها؟ ليه لسه مفيش أي تغيير؟ (تركيز على توقع التعديل في الأوضاع)؟
5163	لو سمحت، مش المفروض بعد ما الحد الأدنى للأجور بقى أعلى بستة وسبعة آلاف جنيه، الشركات دي تعدل أوضاعها؟ ليه لسه مفيش أي تغيير؟ (تركيز على توقع التعديل في الأوضاع)؟
5164	ممكن أعرف مش المفروض بعد ما الحد الأدنى للأجور بقى أعلى بستة وسبعة آلاف جنيه، الشركات دي تعدل أوضاعها؟ ليه لسه مفيش أي تغيير؟ (تركيز على توقع التعديل في الأوضاع)؟
5165	"دلوقتي الحد الأدنى زاد ست تلاف وسبع تلاف جنيه، ليه بقى الشركات دي مش راضية تدفع زياده؟ إيه اللي بيحصل بالظبط؟ (تركيز على عدم الرغبة في الدفع واستخدام ""إيه اللي بيحصل بالظبط؟"" للاستفسار بشكل أعمق)"
5166	"يعني دلوقتي الحد الأدنى زاد ست تلاف وسبع تلاف جنيه، ليه بقى الشركات دي مش راضية تدفع زياده؟ إيه اللي بيحصل بالظبط؟ (تركيز على عدم الرغبة في الدفع واستخدام ""إيه اللي بيحصل بالظبط؟"" للاستفسار بشكل أعمق)؟"
5167	"طيب، دلوقتي الحد الأدنى زاد ست تلاف وسبع تلاف جنيه، ليه بقى الشركات دي مش راضية تدفع زياده؟ ماذا اللي بيحصل بالظبط؟ (تركيز على عدم الرغبة في الدفع واستخدام ""إيه اللي بيحصل بالظبط؟"" للاستفسار بشكل أعمق)؟"
5168	"بصراحة، دلوقتي الحد الأدنى زاد ست تلاف وسبع تلاف جنيه، ليه بقى الشركات دي مش راضية تدفع زياده؟ إيه اللي بيحصل بالظبط؟ (تركيز على عدم الرغبة في الدفع واستخدام ""إيه اللي بيحصل بالظبط؟"" للاستفسار بشكل أعمق)؟"
5169	"لو سمحت، دلوقتي الحد الأدنى زاد ست تلاف وسبع تلاف جنيه، ليه بقى الشركات دي مش راضية تدفع زياده؟ إيه اللي بيحصل بالظبط؟ (تركيز على عدم الرغبة في الدفع واستخدام ""إيه اللي بيحصل بالظبط؟"" للاستفسار بشكل أعمق)؟"
5170	"ممكن أعرف دلوقتي الحد الأدنى زاد ست تلاف وسبع تلاف جنيه، ليه بقى الشركات دي مش راضية تدفع زياده؟ إيه اللي بيحصل بالظبط؟ (تركيز على عدم الرغبة في الدفع واستخدام ""إيه اللي بيحصل بالظبط؟"" للاستفسار بشكل أعمق)؟"
5171	بعد الزيادة اللي حصلت في الحد الأدنى للأجور، اللي وصلت لستة وسبعة آلاف جنيه، ليه مفيش أي استجابة من الشركات دي؟ ليه مفيش أي تغيير في المرتبات؟ (تركيز على غياب الاستجابة والتغيير في المرتبات)
5172	يعني عقب الزيادة اللي حصلت في الحد الأدنى للأجور، اللي وصلت لستة وسبعة آلاف جنيه، ليه مفيش أي استجابة من الشركات دي؟ ليه مفيش أي تغيير في المرتبات؟ (تركيز على غياب الاستجابة والتغيير في المرتبات)؟
5173	طيب، بعد الزيادة اللي حصلت في الحد الأدنى للأجور، اللي وصلت لستة وسبعة آلاف جنيه، ليه مفيش أي استجابة من الشركات دي؟ ليه مفيش أي تغيير في المرتبات؟ (تركيز على غياب الاستجابة والتغيير في المرتبات)؟
5174	بصراحة، عقب الزيادة اللي حصلت في الحد الأدنى للأجور، اللي وصلت لستة وسبعة آلاف جنيه، ليه مفيش أي استجابة من الشركات دي؟ ليه مفيش أي تغيير في المرتبات؟ (تركيز على غياب الاستجابة والتغيير في المرتبات)؟
5175	لو سمحت، بعد الزيادة اللي حصلت في الحد الأدنى للأجور، اللي وصلت لستة وسبعة آلاف جنيه، ليه مفيش أي استجابة من الشركات دي؟ ليه مفيش أي تغيير في المرتبات؟ (تركيز على غياب الاستجابة والتغيير في المرتبات)؟
5176	ممكن أعرف بعد الزيادة اللي حصلت في الحد الأدنى للأجور، اللي وصلت لستة وسبعة آلاف جنيه، ليه مفيش أي استجابة من الشركات دي؟ ليه مفيش أي تغيير في المرتبات؟ (تركيز على غياب الاستجابة والتغيير في المرتبات)؟
5177	هل في فرضية قانونية لضمان زيادات سنوية (زي ما حصل حكم 3%)؟
5178	يعني هل في فرضية قانونية لضمان زيادات سنهوية (زي ما حصل حكم 3%)؟
5179	طيب، هل في فرضية قانونية لضمان زيادات سنوية (زي ما حصل حكم 3%)؟
5180	بصراحة، هل في فرضية قانونية لضمان زيادات سنوية (زي ما حصل حكم 3%)؟
5181	لو سمحت، هل في فرضية قانونية لضمان زيادات سنوية (زي ما حصل حكم 3%)؟
5182	ممكن أعرف هل في فرضية قانونية لضمان زيادات سنهوية (زي ما حصل حكم 3%)؟
5183	"""هل فيه أساس قانوني يلزم بزيادات المرتبات كل سنة، زي النسبة اللي اتحددت في الحكم بتاع الـ 3% ده؟"" (هذا السؤال يركز على الإلزام القانوني وعلى أساس تحديد النسبة)."
5184	"يعني ""هل فيه أساس قانوني يلزم بزيادات المرتبات كل سنة، زي النسبة اللي اتحددت في الحكم بتاع الـ 3% ده؟"" (هذا السؤال يركز على الإلزام القانوني وعلى أساس تحديد النسبة).؟"
5185	"طيب، ""هل فيه أساس قانوني يلزم بزيادات المرتبات كل سنة، زي النسبة اللي اتحددت في الحكم بتاع الـ 3% ده؟"" (هذا السؤال يركز على الإلزام النظامي وعلى أساس تحديد النسبة).؟"
5186	"بصراحة، ""هل فيه أساس قانوني يلزم بزيادات المرتبات كل سنة، زي النسبة اللي اتحددت في الحكم بتاع الـ 3% ده؟"" (هذا السؤال يركز على الإلزام القانوني وعلى أساس تحديد النسبة).؟"
5187	"لو سمحت، ""هل فيه أساس قانوني يلزم بزيادات المرتبات كل عمرة، زي النسبة اللي اتحددت في الحكم بتاع الـ 3% ده؟"" (هذا السؤال يركز على الإلزام القانوني وعلى أساس تحديد النسبة).؟"
5188	"ممكن أعرف ""هل فيه أساس قانوني يلزم بزيادات المرتبات كل سنهة، زي النسبة اللي اتحددت في الحكم بتاع الـ 3% ده؟"" (هذا السؤال يركز على الإلزام النظامي وعلى أساس تحديد النسبة).؟"
5189	"""طيب، هو القانون بيسمح أو بيوجب إن المرتبات تزيد بنسبة ثابتة كل سنة، زي ما شفنا في قضية الـ 3% دي ولا لأ؟"" (هذا السؤال يسأل عما إذا كان القانون يسمح أو يوجب الزيادة)."
5190	"يعني ""طيب، هو القانون بيسمح أو بيوجب إن المرتبات تزيد بنسبة ثابتة كل عمرة، زي ما شفنا في قضية الـ 3% دي ولا لأ؟"" (هذا السؤال يسأل عما إذا كان القانون يسمح أو يوجب الزيادة).؟"
5191	"طيب، ""طيب، هو القانون بيسمح أو بيوجب إن المرتبات تزيد بنسبة ثابتة كل سنهة، زي ما شفنا في قضية الـ 3% دي ولا لأ؟"" (هذا السؤال يسأل عما إذا كان القانون يسمح أو يوجب الزيادة).؟"
5192	"بصراحة، ""طيب، هو التشريع بيسمح أو بيوجب إن المرتبات تزيد بنسبة ثابتة كل سنة، زي ما شفنا في قضية الـ 3% دي ولا لأ؟"" (هذا السؤال يسأل عما إذا كان القانون يسمح أو يوجب الزيادة).؟"
5193	"لو سمحت، ""طيب، هو النظام بيسمح أو بيوجب إن المرتبات تزيد بنسبة ثابتة كل عمرة، زي ما شفنا في قضية الـ 3% دي ولا لأ؟"" (هذا السؤال يسأل عما إذا كان القانون يسمح أو يوجب الزيادة).؟"
5194	"ممكن أعرف ""طيب، هو القانون بيسمح أو بيوجب إن المرتبات تزيد بنسبة ثابتة كل سنة، زي ما شفنا في قضية الـ 3% دي ولا لأ؟"" (هذا السؤال يسأل عما إذا كان القانون يسمح أو يوجب الزيادة).؟"
5195	"""هل فيه مادة في القانون أو نص قانوني بيأكد حق الموظفين في زيادة سنوية للمرتبات، زي ما حصل في الحكم بتاع الـ 3%؟"" (هذا السؤال يبحث تحديدًا عن مادة أو نص قانوني)."
5196	"يعني ""هل فيه مادة في القانون أو نص قانوني بيأكد حق الموظفين في زيادة سنوية للمرتبات، زي ما حصل في الحكم بتاع الـ 3%؟"" (هذا السؤال يبحث تحديدًا عن مادة أو نص قانوني).؟"
5197	"طيب، ""هل فيه مادة في القانون أو نص قانوني بيأكد حق الموظفين في زيادة سنوية للمرتبات، زي ما حصل في الحكم بتاع الـ 3%؟"" (هذا السؤال يبحث تحديدًا عن مادة أو نص قانوني).؟"
5198	"بصراحة، ""هل فيه مادة في القانون أو نص قانوني بيأكد حق الموظفين في زيادة سنوية للمرتبات، زي ما حصل في الحكم بتاع الـ 3%؟"" (هذا السؤال يبحث تحديدًا عن مادة أو نص قانوني).؟"
5199	"لو سمحت، ""هل فيه مادة في القانون أو نص قانوني بيأكد حق الموظفين في زيادة سنوية للمرتبات، زي ما حصل في الحكم بتاع الـ 3%؟"" (هذا السؤال يبحث تحديدًا عن مادة أو نص قانوني).؟"
5200	"ممكن أعرف ""هل فيه مادة في القانون أو نص قانوني بيأكد حق الموظفين في زيادة سنهوية للمرتبات، زي ما حصل في الحكم بتاع الـ 3%؟"" (هذا السؤال يبحث تحديدًا عن مادة أو نص قانوني).؟"
5201	"""بصراحة، هل فيه أي سند قانوني يخلينا متأكدين إننا هناخد زيادة في المرتب كل سنة، بنفس الطريقة اللي حكمت بيها المحكمة بنسبة الـ 3%؟"" (هذا السؤال يركز على التأكيد القانوني على الزيادة)."
5202	"يعني ""بصراحة، هل فيه أي سنهد قانوني يخلينا متأكدين إننا هناخد زيادة في المرتب كل سنة، بنفس الطريقة اللي حكمت بيها المحكمة بنسبة الـ 3%؟"" (هذا السؤال يركز على التأكيد القانوني على الزيادة).؟"
5203	"طيب، ""بصراحة، هل فيه أي سند قانوني يخلينا متأكدين إننا هناخد زيادة في المرتب كل سنة، بنفس الطريقة اللي حكمت بيها المحكمة بنسبة الـ 3%؟"" (هذا السؤال يركز على التأكيد القانوني على الزيادة).؟"
5204	"بصراحة، ""بصفسحة، هل فيه أي سند قانوني يخلينا متأكدين إننا هناخد زيادة في المرتب كل سنة، بنفس الطريقة اللي حكمت بيها المحكمة بنسبة الـ 3%؟"" (هذا السؤال يركز على التأكيد النظامي على الزيادة).؟"
5205	"لو سمحت، ""بصراحة، هل فيه أي سند قانوني يخلينا متأكدين إننا هناخد زيادة في المرتب كل سنة، بنفس الطريقة اللي حكمت بيها المحكمة بنسبة الـ 3%؟"" (هذا السؤال يركز على التأكيد القانوني على الزيادة).؟"
5206	"ممكن أعرف ""بصبريك، هل فيه أي سند قانوني يخلينا متأكدين إننا هناخد زيادة في المرتب كل سنة، بنفس الطريقة اللي حكمت بيها المحكمة بنسبة الـ 3%؟"" (هذا السؤال يركز على التأكيد التشريعي على الزيادة).؟"
5207	"""يعني، هل فيه حاجة في القانون تدينا الحق في زيادة المرتب بشكل دوري، وتقريبا تكون بنفس قيمة الـ 3% اللي اتقررت قبل كده؟"" (هذا السؤال يسأل عن الحق القانوني في الزيادة الدورية وبقيمة مماثلة)."
5208	"يعني ""يعني، هل فيه حاجة في القانون تدينا الحق في زيادة المرتب بشكل دوري، وتقريبا تكون بنفس قيمة الـ 3% اللي اتقررت قبل كده؟"" (هذا السؤال يسأل عن الحق القانوني في الزيادة الدورية وبقيمة مماثلة).؟"
5209	"طيب، ""يعني، هل فيه حاجة في النظام تدينا الحق في زيادة المرتب بشكل دوري، وتقريبا تكون بنفس قيمة الـ 3% اللي اتقررت قبل كده؟"" (هذا السؤال يسأل عن الحق القانوني في الزيادة الدورية وبقيمة مماثلة).؟"
5210	"بصراحة، ""يعني، هل فيه حاجة في التشريع تدينا الحق في زيادة المرتب بشكل دوري، وتقريبا تكون بنفس قيمة الـ 3% اللي اتقررت قبل كده؟"" (هذا السؤال يسأل عن الحق القانوني في الزيادة الدورية وبقيمة مماثلة).؟"
5211	"لو سمحت، ""يعني، هل فيه حاجة في التشريع تدينا الحق في زيادة المرتب بشكل دوري، وتقريبا تكون بنفس قيمة الـ 3% اللي اتقررت قبل كده؟"" (هذا السؤال يسأل عن الحق القانوني في الزيادة الدورية وبقيمة مماثلة).؟"
5212	"ممكن أعرف ""يعني، هل فيه حاجة في القانون تدينا الحق في زيادة المرتب بشكل دوري، وتقريبا تكون بنفس قيمة الـ 3% اللي اتقررت قبل كده؟"" (هذا السؤال يسأل عن الحق القانوني في الزيادة الدورية وبقيمة مماثلة).؟"
5213	لو الإدارة ما زودتش المرتب، ده خرق للقانون ولا قرار إداري؟
5214	يعني لو الإدارة ما زودتش المرتب، ده خرق للقانون ولا قرار إداري؟
5215	طيب، لو الإدارة ما زودتش المرتب، ده خرق للقانون ولا قرار إداري؟
5216	بصراحة، لو الإدارة ما زودتش المرتب، ده خرق للقانون ولا قرار إداري؟
5217	لو سمحت، لو الإدارة ما زودتش المرتب، ده خرق للقانون ولا قرار إداري؟
5218	ممكن أعرف لو الإدارة ما زودتش المرتب، ده خرق للقانون ولا قرار إداري؟
5219	يعني لو الإدارة مصممة متديش علاوة، كده يبقى الموضوع مخالفة قانونية ولا مجرد قرار من عندهم؟
5220	يعني لو الإدارة مصممة متديش علاوة، كده يبقى الموضوع مخالفة قانونية ولا مجرد قرار من عندهم؟
5221	طيب، يعني لو الإدارة مصممة متديش علاوة، كده يبقى الموضوع مخالفة قانونية ولا مجرد قرار من عندهم؟
5222	بصراحة، يعني لو الإدارة مصممة متديش علاوة، كده يبقى الموضوع مخالفة قانونية ولا مجرد قرار من عندهم؟
5223	لو سمحت، يعني لو الإدارة مصممة متديش علاوة، كده يبقى الموضوع مخالفة قانونية ولا مجرد قرار من عندهم؟
5224	ممكن أعرف يعني لو الإدارة مصممة متديش علاوة، كده يبقى الموضوع مخالفة قانونية ولا مجرد قرار من عندهم؟
5225	طب لو الإدارة قررت متنزلش زيادة في المرتبات، ده يعتبر تجاوز للقانون ولا حقهم في اتخاذ القرارات؟
5226	يعني طب لو الإدارة قررت متنزلش زيادة في المرتبات، ده يعتبر تجاوز للقانون ولا حقهم في اتخاذ القرارات؟
5227	طيب، طب لو الإدارة قررت متنزلش زيادة في المرتبات، ده يعتبر تجاوز للقانون ولا حقهم في اتخاذ القرارات؟
5228	بصراحة، طب لو الإدارة قررت متنزلش زيادة في المرتبات، ده يعتبر تجاوز للقانون ولا حقهم في اتخاذ القرارات؟
5229	لو سمحت، طب لو الإدارة قررت متنزلش زيادة في المرتبات، ده يعتبر تجاوز للقانون ولا حقهم في اتخاذ القرارات؟
5230	ممكن أعرف طب لو الإدارة قررت متنزلش زيادة في المرتبات، ده يعتبر تجاوز للقانون ولا حقهم في اتخاذ القرارات؟
5231	لو الإدارة مقرتش زيادة الأجور، التصرف ده قانوني ولا قرار إداري من حقهم؟
5232	يعني لو الإدارة مقرتش زيادة الأجور، التصرف ده قانوني ولا قرار إداري من حقهم؟
5233	طيب، لو الإدارة مقرتش زيادة الأجور، التصرف ده قانوني ولا قرار إداري من حقهم؟
5234	بصراحة، لو الإدارة مقرتش زيادة الأجور، التصرف ده قانوني ولا قرار إداري من حقهم؟
5235	لو سمحت، لو الإدارة مقرتش زيادة الأجور، التصرف ده قانوني ولا قرار إداري من حقهم؟
5236	ممكن أعرف لو الإدارة مقرتش زيادة الأجور، التصرف ده قانوني ولا قرار إداري من حقهم؟
5237	لو الإدارة ثبتت المرتبات ومزودتش، ده كده بيخالفوا القانون ولا ده نظام شغلهم عادي؟
5238	يعني لو الإدارة ثبتت المرتبات ومزودتش، ده كده بيخالفوا النظام ولا ده نظام شغلهم عادي؟
5239	طيب، لو الإدارة ثبتت المرتبات ومزودتش، ده كده بيخالفوا التشريع ولا ده نظام شغلهم عادي؟
5240	بصراحة، لو الإدارة ثبتت المرتبات ومزودتش، ده كده بيخالفوا النظام ولا ده نظام شغلهم عادي؟
5241	لو سمحت، لو الإدارة ثبتت المرتبات ومزودتش، ده كده بيخالفوا التشريع ولا ده نظام شغلهم عادي؟
5242	ممكن أعرف لو الإدارة ثبتت المرتبات ومزودتش، ده كده بيخالفوا القانون ولا ده نظام شغلهم عادي؟
5243	لو الإدارة فضلت على المرتب القديم ومغيرتش، يبقى كده عملوا حاجة غلط قانونًا ولا هما أحرار في قراراتهم دي؟
5244	يعني لو الإدارة فضلت على المرتب القديم ومغيرتش، يبقى كده عملوا حاجة غلط قانونًا ولا هما أحرار في قراراتهم دي؟
5245	طيب، لو الإدارة فضلت على المرتب القديم ومغيرتش، يبقى كده عملوا حاجة غلط قانونًا ولا هما أحرار في قراراتهم دي؟
5246	بصراحة، لو الإدارة فضلت على المرتب القديم ومغيرتش، يبقى كده عملوا حاجة غلط قانونًا ولا هما أحرار في قراراتهم دي؟
5247	لو سمحت، لو الإدارة فضلت على المرتب القديم ومغيرتش، يبقى كده عملوا حاجة غلط قانونًا ولا هما أحرار في قراراتهم دي؟
5248	ممكن أعرف لو الإدارة فضلت على المرتب القديم ومغيرتش، يبقى كده عملوا حاجة غلط قانونًا ولا هما أحرار في قراراتهم دي؟
5249	قانون العمل الجديد بيمنع التمييز والمضايقات في الشغل، إزاي؟
5250	يعني قانون العمل الجديد بيمنع التمييز والمضايقات في الشغل، إزاي؟
5251	طيب، قانون العمل الجديد بيمنع التمييز والمضايقات في الشغل، إزاي؟
5252	بصراحة، قانون الوظيفة الجديد بيمنع التمييز والمضايقات في المؤسسة، إزاي؟
5253	لو سمحت، قانون العمل الجديد بيمنع التمييز والمضايقات في الشغل، إزاي؟
5254	ممكن أعرف قانون العمل الجديد بيمنع التمييز والمضايقات في الشغل، إزاي؟
5255	يعني إيه بالظبط الإجراءات اللي بيفرضها قانون العمل الجديد عشان يمنع العنصرية والتحرش في مكان الشغل؟
5256	يعني إيه بالظبط الإجراءات اللي بيفرضها قانون الدوام الجديد عشان يمنع العنصرية والتحرش في مكان الشغل؟
5257	طيب، يعني إيه بالظبط الإجراءات اللي بيفرضها قانون العمل الجديد عشان يمنع العنصرية والتحرش في مكان الشركة؟
5258	بصراحة، يعني إيه بالظبط الإجراءات اللي بيفرضها قانون العمل الجديد عشان يمنع العنصرية والتحرش في مكان الشغل؟
5259	لو سمحت، يعني إيه بالظبط الإجراءات اللي بيفرضها قانون العمل الجديد عشان يمنع العنصرية والتحرش في مكان الشغل؟
5260	ممكن أعرف يعني إيه بالظبط الإجراءات اللي بيفرضها قانون العمل الجديد عشان يمنع العنصرية والتحرش في مكان الشغل؟
5261	إيه الآليات اللي حطها قانون الشغل الجديد عشان يحمي الموظفين من أي تفرقة أو معاملة وحشة في الشغل؟
5262	يعني ما هو الآليات اللي حطها قانون الشغل الجديد عشان يحمي الموظفين من أي تفرقة أو معاملة وحشة في الشغل؟
5263	طيب، إيه الآليات اللي حطها قانون الشغل الجديد عشان يحمي الموظفين من أي تفرقة أو معاملة وحشة في الشغل؟
5264	بصراحة، إيه الآليات اللي حطها قانون العمل الجديد عشان يحمي الموظفين من أي تفرقة أو معاملة وحشة في الشغل؟
5265	لو سمحت، إيه الآليات اللي حطها قانون الشغل الجديد عشان يحمي الموظفين من أي تفرقة أو معاملة وحشة في الشغل؟
5266	ممكن أعرف إيه الآليات اللي حطها قانون المؤسسة الجديد عشان يحمي الموظفين من أي تفرقة أو معاملة وحشة في الشغل؟
5267	إزاي قانون العمل الجديد بيضمن إن مفيش حد يتظلم أو يتعرض لمضايقات بسبب جنسه أو دينه أو أي سبب تاني في الشغل؟ إيه اللي بيعمله بالتحديد؟
5268	يعني إزاي قانون الدوام الجديد بيضمن إن مفيش حد يتظلم أو يتعرض لمضايقات بسبب جنسه أو دينه أو أي سبب تاني في الشركة؟ إيه اللي بيعمله بالتحديد؟
5269	طيب، إزاي قانون الدوام الجديد بيمن ضمن إن مفيش حد يتظلم أو يتعرض لمضايقات بسبب جنسه أو دينه أو أي سبب تاني في الشغل؟ إيه اللي بيعمله بالتحديد؟
5270	بصراحة، إزاي قانون العمل الجديد بيضمن إن مفيش حد يتظلم أو يتعرض لمضايقات بسبب جنسه أو دينه أو أي سبب تاني في الشركة؟ إيه اللي بيعمله بالتحديد؟
5271	لو سمحت، إزاي قانون العمل الجديد بيجزء من إن مفيش حد يتظلم أو يتعرض لمضايقات بسبب جنسه أو دينه أو أي سبب تاني في الشغل؟ إيه اللي بيعمله بالتحديد؟
5272	ممكن أعرف إزاي قانون الوظيفة الجديد بيضمن إن مفيش حد يتظلم أو يتعرض لمضايقات بسبب جنسه أو دينه أو أي سبب تاني في الشغل؟ أي اللي بيعمله بالتحديد؟
5273	إيه هي بنود قانون العمل الجديد اللي بتتكلم عن منع التمييز والإهانة في الشغل؟ ممكن تشرحها بشكل مبسط؟
5274	يعني أي هي بنود قانون الوظيفة الجديد اللي بتتكلم عن منع التمييز والإهانة في المؤسسة؟ جائز تشرحها بشكل مبسط؟
5275	طيب، أي هي بنود قانون الشغل الجديد اللي بتتكلم عن منع التمييز والإهانة في الشغل؟ يمكن تشرحها بشكل مبسط؟
5276	بصراحة، أي هي بنود قانون العمل الجديد اللي بتتكلم عن منع التمييز والإهانة في الشغل؟ ممكن تشرحها بشكل مبسط؟
5277	لو سمحت، إيه هي بنود قانون العمل الجديد اللي بتتكلم عن منع التمييز والإهانة في الشغل؟ ممكن تشرحها بشكل مبسط؟
5278	ممكن أعرف ما هو هي بنود قانون الشغل الجديد اللي بتتكلم عن منع التمييز والإهانة في الشغل؟ ممكن تشرحها بشكل مبسط؟
5279	طبقا لقانون العمل الجديد، إزاي بيتم مكافحة التمييز والمضايقات في بيئة العمل؟ إيه هي الخطوات اللي اتخذوها؟
5280	يعني طبقا لقانون الوظيفة الجديد، إزاي بيتم مكافحة التمييز والمضايقات في بيئة العمل؟ إيه هي الخطوات اللي اتخذوها؟
5281	طيب، طبقا لقانون العمل الجديد، إزاي بيتم مكافحة التمييز والمضايقات في بيئة العمل؟ إيه هي الخطوات اللي اتخذوها؟
5282	بصراحة، طبقا لقانون الوظيفة الجديد، إزاي بيتم مكافحة التمييز والمضايقات في بيئة العمل؟ إيه هي الخطوات اللي اتخذوها؟
5283	لو سمحت، طبقا لقانون العمل الجديد، إزاي بيتم مكافحة التمييز والمضايقات في بيئة العمل؟ أي هي الخطوات اللي اتخذوها؟
5284	ممكن أعرف طبقا لقانون العمل الجديد، إزاي بيتم مكافحة التمييز والمضايقات في بيئة العمل؟ إيه هي الخطوات اللي اتخذوها؟
5285	القانون نص على حق العمال في تكوين نقابات والانضمام ليها بحرية؟
5286	يعني النظام نص على حق العمال في تكوين نقابات والانضمام ليها بحرية؟
5287	طيب، الشرع نص على حق العمال في تكوين نقابات والانضمام ليها بحرية؟
5288	بصراحة، القانون نص على حق العمال في تكوين نقابات والانضمام ليها بحرية؟
5289	لو سمحت، القانون نص على حق العمال في تكوين نقابات والانضمام ليها بحرية؟
5290	ممكن أعرف التشريع نص على حق العمال في تكوين نقابات والانضمام ليها بحرية؟
5291	يعني القانون بيدي العمال الحق يعملوا نقابات وينضموا لها من غير قيود؟ (تعبير أبسط وأكثر مباشرة)
5292	يعني التشريع بيدي العمال الحق يعملوا نقابات وينضموا لها من غير قيود؟ (تعبير أبسط وأكثر مباشرة)؟
5293	طيب، يعني القانون بيدي العمال الحق يعملوا نقابات وينضموا لها من غير قيود؟ (تعبير أبسط وأكثر مباشرة)؟
5294	بصراحة، يعني الشرع بيدي العمال الحق يعملوا نقابات وينضموا لها من غير قيود؟ (تعبير أبسط وأكثر مباشرة)؟
5295	لو سمحت، يعني القانون بيدي العمال الحق يعملوا نقابات وينضموا لها من غير قيود؟ (تعبير أبسط وأكثر مباشرة)؟
5296	ممكن أعرف يعني التشريع بيدي العمال الحق يعملوا نقابات وينضموا لها من غير قيود؟ (تعبير أبسط وأكثر مباشرة)؟
5297	هو القانون المصري بيضمن للعامل حرية تأسيس والانتماء لأي نقابة عمالية هو عاوزها؟ (استخدام كلمات أكثر رسمية مع الحفاظ على اللهجة)
5298	يعني هو الشرع المصري بيمن ضمن للعامل حرية تأسيس والانتماء لأي نقابة عمالية هو عاوزها؟ (استخدام كلمات أكثر رسمية مع الحفاظ على اللهجة)؟
5299	طيب، هو القانون المصري بيضمن للعامل حرية تأسيس والانتماء لأي نقابة عمالية هو عاوزها؟ (استخدام كلمات أكثر رسمية مع الحفاظ على اللهجة)؟
5300	بصراحة، هو القانون المصري بيضمن للعاملين حرية تأسيس والانتماء لأي نقابة عمالية هو عاوزها؟ (استخدام كلمات أكثر رسمية مع الحفاظ على اللهجة)؟
5301	لو سمحت، هو القانون المصري بيجزء من للعامل حرية تأسيس والانتماء لأي نقابة عمالية هو عاوزها؟ (استخدام كلمات أكثر رسمية مع الحفاظ على اللهجة)؟
5302	ممكن أعرف هو القانون المصري بيجزء من للعامل حرية تأسيس والانتماء لأي نقابة عمالية هو عاوزها؟ (استخدام كلمات أكثر رسمية مع الحفاظ على اللهجة)؟
5303	القانون بيقول إن العمال ليهم مطلق الحرية في تشكيل نقابات والانضمام ليها، صح كده؟ (تأكيد أكثر مع طلب الموافقة)
5304	يعني الشرع بيقول إن العمال ليهم مطلق الحرية في تشكيل نقابات والانضمام ليها، صح كده؟ (تأكيد أكثر مع طلب الموافقة)؟
5305	طيب، القانون بيقول إن العمال ليهم مطلق الحرية في تشكيل نقابات والانضمام ليها، صح كده؟ (تأكيد أكثر مع طلب الموافقة)؟
5306	بصراحة، القانون بيقول إن العمال ليهم مطلق الحرية في تشكيل نقابات والانضمام ليها، صح كده؟ (تأكيد أكثر مع طلب الموافقة)؟
5307	لو سمحت، القانون بيقول إن العمال ليهم مطلق الحرية في تشكيل نقابات والانضمام ليها، صح كده؟ (تأكيد أكثر مع طلب الموافقة)؟
5308	ممكن أعرف القانون بيقول إن العمال ليهم مطلق الحرية في تشكيل نقابات والانضمام ليها، صح كده؟ (تأكيد أكثر مع طلب الموافقة)؟
5309	مش المفروض القانون بيأكد حق كل عامل في إنه يكون عضو في أي نقابة تعجبه أو حتى يعمل نقابة جديدة بنفسه؟ (تركيز على الحق الفردي ووجود بدائل)
5310	يعني مش المفروض القانون بيأكد حق كل عامل في إنه يكون عضو في أي نقابة تعجبه أو حتى يعمل نقابة جديدة بنفسه؟ (تركيز على الحق الفردي ووجود بدائل)؟
5311	طيب، مش المفروض الشرع بيأكد حق كل عامل في إنه يكون عضو في أي نقابة تعجبه أو حتى يعمل نقابة جديدة بنفسه؟ (تركيز على الحق الفردي ووجود بدائل)؟
5312	بصراحة، مش المفروض القانون بيأكد حق كل عامل في إنه يكون عضو في أي نقابة تعجبه أو حتى يعمل نقابة جديدة بنفسه؟ (تركيز على الحق الفردي ووجود بدائل)؟
5313	لو سمحت، مش المفروض النظام بيأكد حق كل عامل في إنه يكون عضو في أي نقابة تعجبه أو حتى يعمل نقابة جديدة بنفسه؟ (تركيز على الحق الفردي ووجود بدائل)؟
5314	ممكن أعرف مش المفروض القانون بيأكد حق كل عامل في إنه يكون عضو في أي نقابة تعجبه أو حتى يعمل نقابة جديدة بنفسه؟ (تركيز على الحق الفردي ووجود بدائل)؟
5315	طبقا للقانون، هل العمال يقدروا يعملوا نقابات وينضموا ليها بمزاجهم من غير ما حد يتدخل؟ (تركيز على عدم التدخل والحرية الشخصية)
5316	يعني طبقا للقانون، هل العمال يقدروا يعملوا نقابات وينضموا ليها بمزاجهم من غير ما حد يتدخل؟ (تركيز على عدم التدخل والحرية الشخصية)؟
5317	طيب، طبقا للقانون، هل العمال يقدروا يعملوا نقابات وينضموا ليها بمزاجهم من غير ما حد يتدخل؟ (تركيز على عدم التدخل والحرية الشخصية)؟
5318	بصراحة، طبقا للقانون، هل العمال يقدروا يعملوا نقابات وينضموا ليها بمزاجهم من غير ما حد يتدخل؟ (تركيز على عدم التدخل والحرية الشخصية)؟
5319	لو سمحت، طبقا للقانون، هل العمال يقدروا يعملوا نقابات وينضموا ليها بمزاجهم من غير ما حد يتدخل؟ (تركيز على عدم التدخل والحرية الشخصية)؟
5320	ممكن أعرف طبقا للقانون، هل العمال يقدروا يعملوا نقابات وينضموا ليها بمزاجهم من غير ما حد يتدخل؟ (تركيز على عدم التدخل والحرية الشخصية)؟
5321	لو في خلاف وظيفي أو تأخر مرتب، ممكن نشتغل إضراب؟ القانون قال إيه عن الإضراب؟
5322	يعني لو في خلاف وظيفي أو تأخر مرتب، يمكن نشتغل إضراب؟ القانون ذكر ما هو عن الإضراب؟
5323	طيب، لو في خلاف وظيفي أو تأخر مرتب، ممكن نشتغل إضراب؟ القانون قال إيه عن الإضراب؟
5324	بصراحة، لو في خلاف وظيفي أو تأخر مرتب، يجوز نشتغل إضراب؟ القانون قال أي عن الإضراب؟
5325	لو سمحت، لو في خلاف وظيفي أو تأخر مرتب، ممكن نشتغل إضراب؟ الشرع ذكر إيه عن الإضراب؟
5326	ممكن أعرف لو في خلاف وظيفي أو تأخر مرتب، مسموح نشتغل إضراب؟ القانون ذكر ماذا عن الإضراب؟
5327	طيب، لو حصلت مشكلة في الشغل زي عدم اتفاق مع الإدارة أو المرتب اتأخر، ينفع نعمل إضراب؟ إيه رأي القانون في موضوع الإضرابات ده؟ (تركيز على المشكلة والحل مع سؤال عن موقف القانون)
5328	يعني طيب، لو حصلت مشكلة في الشغل زي عدم اتفاق مع الإدارة أو المرتب اتأخر، ينفع نعمل إضراب؟ إيه رأي القانون في موضوع الإضرابات ده؟ (تركيز على المشكلة والحل مع سؤال عن موقف القانون)؟
5329	طيب، لو حصلت مشكلة في الشركة زي عدم اتفاق مع الإدارة أو المرتب اتأخر، ينفع نعمل إضراب؟ أي رأي الشرع في موضوع الإضرابات ده؟ (تركيز على المشكلة والحل مع سؤال عن موقف القانون)؟
5330	بصراحة، طيب، لو حصلت مشكلة في العمل زي عدم اتفاق مع الإدارة أو المرتب اتأخر، ينفع نعمل إضراب؟ أي رأي القانون في موضوع الإضرابات ده؟ (تركيز على المشكلة والحل مع سؤال عن موقف القانون)؟
5331	لو سمحت، طيب، لو حصلت مشكلة في الوظيفة زي عدم اتفاق مع الإدارة أو المرتب اتأخر، ينفع نعمل إضراب؟ أي رأي القانون في موضوع الإضرابات ده؟ (تركيز على المشكلة والحل مع سؤال عن موقف القانون)؟
5332	ممكن أعرف طيب، لو حصلت مشكلة في الشغل زي عدم اتفاق مع الإدارة أو المرتب اتأخر، ينفع نعمل إضراب؟ إيه رأي القانون في موضوع الإضرابات ده؟ (تركيز على المشكلة والحل مع سؤال عن موقف القانون)؟
5333	بص، لو الواحد عنده مشكلة في وظيفته زي خناقة مع مدير أو فلوسه متأخرة، هل مسموح قانونًا إنه يشارك في إضراب؟ إيه اللي بيقوله القانون في الحالة دي؟ (استخدام لغة أكثر عامية وتركيز على حق الفرد في المشاركة)
5334	يعني بص، لو الواحد عنده مشكلة في وظيفته زي خناقة مع مدير أو فلوسه متأخرة، هل جائز قانونًا إنه يشارك في إضراب؟ إيه اللي بيقوله الشرع في الحالة دي؟ (استخدام لغة أكثر عامية وتركيز على حق الفرد في المشاركة)؟
5335	طيب، بص، لو الواحد عنده مشكلة في وظيفته زي خناقة مع مدير أو فلوسه متأخرة، هل مسموح قانونًا إنه يشارك في إضراب؟ إيه اللي بيقوله الشرع في الحالة دي؟ (استخدام لغة أكثر عامية وتركيز على حق الفرد في المشاركة)؟
5336	بصراحة، بص، لو الواحد عنده مشكلة في وظيفته زي خناقة مع مدير أو فلوسه متأخرة، هل مباح قانونًا إنه يشارك في إضراب؟ ماذا اللي بيقوله القانون في الحالة دي؟ (استخدام لغة أكثر عامية وتركيز على حق الفرد في المشاركة)؟
5337	لو سمحت، بص، لو الواحد عنده مشكلة في وظيفته زي خناقة مع مدير أو فلوسه متأخرة، هل مسموح قانونًا إنه يشارك في إضراب؟ إيه اللي بيقوله القانون في الحالة دي؟ (استخدام لغة أكثر عامية وتركيز على حق الفرد في المشاركة)؟
5338	ممكن أعرف بص، لو الواحد عنده مشكلة في وظيفته زي خناقة مع مدير أو فلوسه متأخرة، هل مسموح قانونًا إنه يشارك في إضراب؟ ما هو اللي بيقوله القانون في الحالة دي؟ (استخدام لغة أكثر عامية وتركيز على حق الفرد في المشاركة)؟
5339	يعني لو فيه مشاكل في الشغل، زي مشاكل بين الموظفين والإدارة، أو المرتبات مش بتيجي في ميعادها، هل الإضراب يعتبر حل قانوني؟ القانون المصري بيسمح بالإضراب في ظروف زي دي ولا لأ؟ (تركيز على الإضراب كحل قانوني واستفسار مباشر عن سماح القانون المصري)
5340	يعني لو فيه مشاكل في الشغل، زي مشاكل بين الموظفين والإدارة، أو المرتبات مش بتيجي في ميعادها، هل الإضراب يعتبر حل قانوني؟ القانون المصري بيسمح بالإضراب في ظروف زي دي ولا لأ؟ (تركيز على الإضراب كحل قانوني واستفسار مباشر عن سماح القانون المصري)؟
5341	طيب، يعني لو فيه مشاكل في الوظيفة، زي مشاكل بين الموظفين والإدارة، أو المرتبات مش بتيجي في ميعادها، هل الإضراب يعتبر حل قانوني؟ القانون المصري بيسمح بالإضراب في ظروف زي دي ولا لأ؟ (تركيز على الإضراب كحل قانوني واستفسار مباشر عن سماح القانون المصري)؟
5342	بصراحة، يعني لو فيه مشاكل في المؤسسة، زي مشاكل بين الموظفين والإدارة، أو المرتبات مش بتيجي في ميعادها، هل الإضراب يعتبر حل قانوني؟ القانون المصري بيسمح بالإضراب في ظروف زي دي ولا لأ؟ (تركيز على الإضراب كحل قانوني واستفسار مباشر عن سماح القانون المصري)؟
5343	لو سمحت، يعني لو فيه مشاكل في الشركة، زي مشاكل بين الموظفين والإدارة، أو المرتبات مش بتيجي في ميعادها، هل الإضراب يعتبر حل قانوني؟ القانون المصري بيسمح بالإضراب في ظروف زي دي ولا لأ؟ (تركيز على الإضراب كحل قانوني واستفسار مباشر عن سماح القانون المصري)؟
5344	ممكن أعرف يعني لو فيه مشاكل في الشركة، زي مشاكل بين الموظفين والإدارة، أو المرتبات مش بتيجي في ميعادها، هل الإضراب يعتبر حل قانوني؟ الشرع المصري بيسمح بالإضراب في ظروف زي دي ولا لأ؟ (تركيز على الإضراب كحل قانوني واستفسار مباشر عن سماح القانون المصري)؟
5345	أفهم من كده، لو فيه نزاعات في الشغل أو المرتبات اتأخرت، هل ده سبب كافي إننا نعمل إضراب من وجهة نظر القانون؟ القانون بينظم الإضرابات دي إزاي؟ (تركيز على النزاعات كسبب للإضراب وكيفية تنظيم القانون للإضرابات)
5346	يعني أفهم من كده، لو فيه نزاعات في الشغل أو المرتبات اتأخرت، هل ده سبب كافي إننا نعمل إضراب من وجهة نظر التشريع؟ القانون بينظم الإضرابات دي إزاي؟ (تركيز على النزاعات كسبب للإضراب وكيفية تنظيم القانون للإضرابات)؟
5347	طيب، أفهم من كده، لو فيه نزاعات في الشغل أو المرتبات اتأخرت، هل ده سبب كافي إننا نعمل إضراب من وجهة نظر التشريع؟ القانون بينظم الإضرابات دي إزاي؟ (تركيز على النزاعات كسبب للإضراب وكيفية تنظيم القانون للإضرابات)؟
5348	بصراحة، أفهم من كده، لو فيه نزاعات في الشغل أو المرتبات اتأخرت، هل ده سبب كافي إننا نعمل إضراب من وجهة نظر القانون؟ القانون بينظم الإضرابات دي إزاي؟ (تركيز على النزاعات كسبب للإضراب وكيفية تنظيم القانون للإضرابات)؟
5349	لو سمحت، أفهم من كده، لو فيه نزاعات في الشغل أو المرتبات اتأخرت، هل ده سبب كافي إننا نعمل إضراب من وجهة نظر الشرع؟ القانون بينظم الإضرابات دي إزاي؟ (تركيز على النزاعات كسبب للإضراب وكيفية تنظيم القانون للإضرابات)؟
5350	ممكن أعرف أفهم من كده، لو فيه نزاعات في الشغل أو المرتبات اتأخرت، هل ده سبب كافي إننا نعمل إضراب من وجهة نظر القانون؟ القانون بينظم الإضرابات دي إزاي؟ (تركيز على النزاعات كسبب للإضراب وكيفية تنظيم القانون للإضرابات)؟
5351	"سؤال، لو حصلت أي خلافات في الشغل، زي مثلاً تأخير في صرف الرواتب، هل ممكن نلجأ للإضراب كوسيلة احتجاج؟ وإيه موقف القانون من التصعيد ده؟ (استخدام كلمة ""تصعيد"" للإشارة إلى الإضراب وسؤال عن موقف القانون من هذا التصعيد)"
5352	"يعني سؤال، لو حصلت أي خلافات في الشركة، زي مثلاً تأخير في صرف الرواتب، هل ممكن نلجأ للإضراب كوسيلة احتجاج؟ وإيه موقف التشريع من التصعيد ده؟ (استخدام كلمة ""تصعيد"" للإشارة إلى الإضراب وسؤال عن موقف القانون من هذا التصعيد)؟"
5353	"طيب، سؤال، لو حصلت أي خلافات في الشغل، زي مثلاً تأخير في صرف الرواتب، هل ممكن نلجأ للإضراب كوسيلة احتجاج؟ وأي موقف القانون من التصعيد ده؟ (استخدام كلمة ""تصعيد"" للإشارة إلى الإضراب وسؤال عن موقف القانون من هذا التصعيد)؟"
5354	"بصراحة، سؤال، لو حصلت أي خلافات في العمل، زي مثلاً تأخير في صرف الرواتب، هل ممكن نلجأ للإضراب كوسيلة احتجاج؟ وإيه موقف التشريع من التصعيد ده؟ (استخدام كلمة ""تصعيد"" للإشارة إلى الإضراب وسؤال عن موقف القانون من هذا التصعيد)؟"
5355	"لو سمحت، سؤال، لو حصلت أي خلافات في الشغل، زي مثلاً تأخير في صرف الرواتب، هل يمكن نلجأ للإضراب كوسيلة احتجاج؟ وأي موقف النظام من التصعيد ده؟ (استخدام كلمة ""تصعيد"" للإشارة إلى الإضراب وسؤال عن موقف القانون من هذا التصعيد)؟"
5356	"ممكن أعرف سؤال، لو حصلت أي خلافات في الشغل، زي مثلاً تأخير في صرف الرواتب، هل ممكن نلجأ للإضراب كوسيلة احتجاج؟ وإيه موقف القانون من التصعيد ده؟ (استخدام كلمة ""تصعيد"" للإشارة إلى الإضراب وسؤال عن موقف القانون من هذا التصعيد)؟"
5357	قانون العمل بيجبر الشركات على الالتزام ببيئة عمل نظيفة وآمنة؟ مثلاً إضاءة وتهوية؟
5358	يعني قانون الشغل بيجبر الشركات على الالتزام ببيئة عمل نظيفة وآمنة؟ مثلاً إضاءة وتهوية؟
5359	طيب، قانون الشغل بيجبر الشركات على الالتزام ببيئة عمل نظيفة وآمنة؟ مثلاً إضاءة وتهوية؟
5360	بصراحة، قانون العمل بيجبر الشركات على الالتزام ببيئة عمل نظيفة وآمنة؟ مثلاً إضاءة وتهوية؟
5361	لو سمحت، قانون الوظيفة بيجبر الشركات على الالتزام ببيئة عمل نظيفة وآمنة؟ مثلاً إضاءة وتهوية؟
5362	ممكن أعرف قانون العمل بيجبر الشركات على الالتزام ببيئة عمل نظيفة وآمنة؟ مثلاً إضاءة وتهوية؟
5363	هل قانون الشغل بينص صراحة على إن الشركات لازم توفر بيئة شغل نضيفة وأمان، زي يعني الإضاءة والتهوية الكويسة؟ (تركيز على النص الصريح للقانون)
5364	يعني هل قانون الشغل بينص صاستراحة على إن الشركات لازم توفر بيئة شغل نضيفة وأمان، زي يعني الإضاءة والتهوية الكويسة؟ (تركيز على النص الصريح للقانون)؟
5365	طيب، هل قانون الشغل بينص صبريك على إن الشركات لازم توفر بيئة شغل نضيفة وأمان، زي يعني الإضاءة والتهوية الكويسة؟ (تركيز على النص الصريح للقانون)؟
5366	بصراحة، هل قانون الوظيفة بينص صفسحة على إن الشركات ضروري توفر بيئة شغل نضيفة وأمان، زي يعني الإضاءة والتهوية الكويسة؟ (تركيز على النص الصريح للقانون)؟
5367	لو سمحت، هل قانون الشغل بينص صبريك على إن الشركات مفروض توفر بيئة شغل نضيفة وأمان، زي يعني الإضاءة والتهوية الكويسة؟ (تركيز على النص الصريح للقانون)؟
5368	ممكن أعرف هل قانون الشغل بينص صبريك على إن الشركات مفروض توفر بيئة شغل نضيفة وأمان، زي يعني الإضاءة والتهوية الكويسة؟ (تركيز على النص الصريح للقانون)؟
5369	"هو القانون بتاع العمل بيخلي الشركات ملزمة إنها تعمل بيئة شغل صحية وسليمة، من ناحية حاجات زي الإضاءة والتهوية، ولا لأ؟ (تغيير في التركيب اللغوي واستخدام ""ولا لأ"" للتأكيد)"
5370	"يعني هو القانون بتاع الشركة بيخلي الشركات ملزمة إنها تعمل بيئة شغل صحية وسليمة، من ناحية حاجات زي الإضاءة والتهوية، ولا لأ؟ (تغيير في التركيب اللغوي واستخدام ""ولا لأ"" للتأكيد)؟"
5371	"طيب، هو القانون بتاع الدوام بيخلي الشركات ملزمة إنها تعمل بيئة شغل صحية وسليمة، من ناحية حاجات زي الإضاءة والتهوية، ولا لأ؟ (تغيير في التركيب اللغوي واستخدام ""ولا لأ"" للتأكيد)؟"
5372	"بصراحة، هو النظام بتاع العمل بيخلي الشركات ملزمة إنها تعمل بيئة شغل صحية وسليمة، من ناحية حاجات زي الإضاءة والتهوية، ولا لأ؟ (تغيير في التركيب اللغوي واستخدام ""ولا لأ"" للتأكيد)؟"
5373	"لو سمحت، هو التشريع بتاع الدوام بيخلي الشركات ملزمة إنها تعمل بيئة شغل صحية وسليمة، من ناحية حاجات زي الإضاءة والتهوية، ولا لأ؟ (تغيير في التركيب اللغوي واستخدام ""ولا لأ"" للتأكيد)؟"
5374	"ممكن أعرف هو القانون بتاع الوظيفة بيخلي الشركات ملزمة إنها تعمل بيئة شغل صحية وسليمة، من ناحية حاجات زي الإضاءة والتهوية، ولا لأ؟ (تغيير في التركيب اللغوي واستخدام ""ولا لأ"" للتأكيد)؟"
5375	"طبقا لقانون العمل، هل الشركات مجبرة إنها تلتزم بمعايير معينة للنضافة والأمان في مكان الشغل، زي مثلاً وجود إضاءة كافية وتهوية مناسبة؟ (استخدام مصطلحات أكثر رسمية مثل ""معايير"" و""مكان الشغل"")"
5376	"يعني طبقا لقانون العمل، هل الشركات مجبرة إنها تلتزم بمعايير معينة للنضافة والأمان في مكان المؤسسة، زي مثلاً وجود إضاءة كافية وتهوية مناسبة؟ (استخدام مصطلحات أكثر رسمية مثل ""معايير"" و""مكان الشغل"")؟"
5377	"طيب، طبقا لقانون العمل، هل الشركات مجبرة إنها تلتزم بمعايير معينة للنضافة والأمان في مكان الشغل، زي مثلاً وجود إضاءة كافية وتهوية مناسبة؟ (استخدام مصطلحات أكثر رسمية مثل ""معايير"" و""مكان الشغل"")؟"
5378	"بصراحة، طبقا لقانون الوظيفة، هل الشركات مجبرة إنها تلتزم بمعايير معينة للنضافة والأمان في مكان الشغل، زي مثلاً وجود إضاءة كافية وتهوية مناسبة؟ (استخدام مصطلحات أكثر رسمية مثل ""معايير"" و""مكان الشغل"")؟"
5379	"لو سمحت، طبقا لقانون الدوام، هل الشركات مجبرة إنها تلتزم بمعايير معينة للنضافة والأمان في مكان المؤسسة، زي مثلاً وجود إضاءة كافية وتهوية مناسبة؟ (استخدام مصطلحات أكثر رسمية مثل ""معايير"" و""مكان الشغل"")؟"
5380	"ممكن أعرف طبقا لقانون العمل، هل الشركات مجبرة إنها تلتزم بمعايير معينة للنضافة والأمان في مكان الشغل، زي مثلاً وجود إضاءة كافية وتهوية مناسبة؟ (استخدام مصطلحات أكثر رسمية مثل ""معايير"" و""مكان الشغل"")؟"
5381	"هو القانون بيأمر الشركات بتوفير بيئة عمل كويسة للعاملين، فيها إضاءة كافية وتهوية سليمة، ولا الموضوع ده مش إجباري في القانون؟ (تبسيط اللغة والتركيز على ""إجباري"" أو ""غير إجباري"")"
5382	"يعني هو القانون بيأمر الشركات بتوفير بيئة عمل كويسة للعاملين، فيها إضاءة كافية وتهوية سليمة، ولا الموضوع ده مش إجباري في القانون؟ (تبسيط اللغة والتركيز على ""إجباري"" أو ""غير إجباري"")؟"
5383	"طيب، هو القانون بيأمر الشركات بتوفير بيئة عمل كويسة للعاملين، فيها إضاءة كافية وتهوية سليمة، ولا الموضوع ده مش إجباري في القانون؟ (تبسيط اللغة والتركيز على ""إجباري"" أو ""غير إجباري"")؟"
5384	"بصراحة، هو القانون بيأمر الشركات بتوفير بيئة عمل كويسة للعاملين، فيها إضاءة كافية وتهوية سليمة، ولا الموضوع ده مش إجباري في القانون؟ (تبسيط اللغة والتركيز على ""إجباري"" أو ""غير إجباري"")؟"
5385	"لو سمحت، هو القانون بيأمر الشركات بتوفير بيئة عمل كويسة للعاملين، فيها إضاءة كافية وتهوية سليمة، ولا الموضوع ده مش إجباري في القانون؟ (تبسيط اللغة والتركيز على ""إجباري"" أو ""غير إجباري"")؟"
5386	"ممكن أعرف هو القانون بيأمر الشركات بتوفير بيئة عمل كويسة للعاملينين، فيها إضاءة كافية وتهوية سليمة، ولا الموضوع ده مش إجباري في القانون؟ (تبسيط اللغة والتركيز على ""إجباري"" أو ""غير إجباري"")؟"
5387	"يعني قانون العمل بيلزم أصحاب الشركات إنهم يوفروا أماكن شغل نضيفة وآمنة للعمال، فيها إضاءة كافية وتهوية مظبوطة، ولا ده مش شرط أساسي في القانون؟ (تغيير في الفاعل من ""الشركات"" إلى ""أصحاب الشركات""، والتركيز على ""شرط أساسي"")"
5388	"يعني قانون الوظيفة بيلزم أصحاب الشركات إنهم يوفروا أماكن شغل نضيفة وآمنة للعمال، فيها إضاءة كافية وتهوية مظبوطة، ولا ده مش شرط أساسي في التشريع؟ (تغيير في الفاعل من ""الشركات"" إلى ""أصحاب الشركات""، والتركيز على ""شرط أساسي"")؟"
5389	"طيب، يعني قانون الوظيفة بيلزم أصحاب الشركات إنهم يوفروا أماكن شغل نضيفة وآمنة للعمال، فيها إضاءة كافية وتهوية مظبوطة، ولا ده مش شرط أساسي في القانون؟ (تغيير في الفاعل من ""الشركات"" إلى ""أصحاب الشركات""، والتركيز على ""شرط أساسي"")؟"
5390	"بصراحة، يعني قانون العمل بيلزم أصحاب الشركات إنهم يوفروا أماكن شغل نضيفة وآمنة للعمال، فيها إضاءة كافية وتهوية مظبوطة، ولا ده مش شرط أساسي في القانون؟ (تغيير في الفاعل من ""الشركات"" إلى ""أصحاب الشركات""، والتركيز على ""شرط أساسي"")؟"
5391	"لو سمحت، يعني قانون العمل بيلزم أصحاب الشركات إنهم يوفروا أماكن شغل نضيفة وآمنة للعمال، فيها إضاءة كافية وتهوية مظبوطة، ولا ده مش شرط أساسي في القانون؟ (تغيير في الفاعل من ""الشركات"" إلى ""أصحاب الشركات""، والتركيز على ""شرط أساسي"")؟"
5392	"ممكن أعرف يعني قانون الوظيفة بيلزم أصحاب الشركات إنهم يوفروا أماكن شغل نضيفة وآمنة للعمال، فيها إضاءة كافية وتهوية مظبوطة، ولا ده مش شرط أساسي في القانون؟ (تغيير في الفاعل من ""الشركات"" إلى ""أصحاب الشركات""، والتركيز على ""شرط أساسي"")؟"
5393	فيه نص في القانون بيجرم التنمر أو التحرش داخل العمل؟
5394	يعني فيه نص في القانون بيجرم التنمر أو التحرش داخل الوظيفة؟
5395	طيب، فيه نص في القانون بيجرم التنمر أو التحرش داخل الدوام؟
5396	بصراحة، فيه نص في القانون بيجرم التنمر أو التحرش داخل الدوام؟
5397	لو سمحت، فيه نص في القانون بيجرم التنمر أو التحرش داخل الوظيفة؟
5398	ممكن أعرف فيه نص في القانون بيجرم التنمر أو التحرش داخل العمل؟
5399	هل القانون المصري بيعتبر التنمر أو التحرش في الشغل جريمة يعاقب عليها؟ (هذه الصياغة تركز على القانون المصري بشكل عام والعقوبة).
5400	يعني هل القانون المصري بيعتبر التنمر أو التحرش في الشركة جريمة يعاقب عليها؟ (هذه الصياغة تركز على القانون المصري بشكل عام والعقوبة).؟
5401	طيب، هل القانون المصري بيعتبر التنمر أو التحرش في الشركة جريمة يعاقب عليها؟ (هذه الصياغة تركز على القانون المصري بشكل عام والعقوبة).؟
5402	بصراحة، هل القانون المصري بيعتبر التنمر أو التحرش في الشغل جريمة يعاقب عليها؟ (هذه الصياغة تركز على القانون المصري بشكل عام والعقوبة).؟
5403	لو سمحت، هل القانون المصري بيعتبر التنمر أو التحرش في الشغل جريمة يعاقب عليها؟ (هذه الصياغة تركز على القانون المصري بشكل عام والعقوبة).؟
5404	ممكن أعرف هل النظام المصري بيعتبر التنمر أو التحرش في المؤسسة جريمة يعاقب عليها؟ (هذه الصياغة تركز على القانون المصري بشكل عام والعقوبة).؟
5405	"هل توجد مادة قانونية بتجرم أي نوع من أنواع التنمر أو التحرش اللي بيحصل في محيط العمل؟ (هذه الصياغة تستخدم مصطلحات قانونية أكثر مثل ""مادة قانونية"" و ""محيط العمل"")."
5406	"يعني هل توجد مادة قانونية بتجرم أي نوع من أنواع التنمر أو التحرش اللي بيحصل في محيط العمل؟ (هذه الصياغة تستخدم مصطلحات قانونية أكثر مثل ""مادة قانونية"" و ""محيط العمل"").؟"
5407	"طيب، هل توجد مادة قانونية بتجرم أي نوع من أنواع التنمر أو التحرش اللي بيحصل في محيط الدوام؟ (هذه الصياغة تستخدم مصطلحات قانونية أكثر مثل ""مادة قانونية"" و ""محيط العمل"").؟"
5408	"بصراحة، هل توجد مادة قانونية بتجرم أي نوع من أنواع التنمر أو التحرش اللي بيحصل في محيط الشركة؟ (هذه الصياغة تستخدم مصطلحات قانونية أكثر مثل ""مادة قانونية"" و ""محيط العمل"").؟"
5409	"لو سمحت، هل توجد مادة قانونية بتجرم أي نوع من أنواع التنمر أو التحرش اللي بيحصل في محيط الوظيفة؟ (هذه الصياغة تستخدم مصطلحات قانونية أكثر مثل ""مادة قانونية"" و ""محيط العمل"").؟"
5410	"ممكن أعرف هل توجد مادة قانونية بتجرم أي نوع من أنواع التنمر أو التحرش اللي بيحصل في محيط الوظيفة؟ (هذه الصياغة تستخدم مصطلحات قانونية أكثر مثل ""مادة قانونية"" و ""محيط العمل"").؟"
5411	يا ترى فيه أي قوانين أو تشريعات بتحمي الموظفين من التنمر أو التحرش اللي ممكن يتعرضوا له أثناء شغلهم؟ (هذه الصياغة أكثر عمومية وتتحدث عن الحماية بشكل أوسع).
5412	يعني يا ترى فيه أي قوانين أو تشريعات بتحمي الموظفين من التنمر أو التحرش اللي مسموح يتعرضوا له أثناء شغلهم؟ (هذه الصياغة أكثر عمومية وتتحدث عن الحماية بشكل أوسع).؟
5413	طيب، يا ترى فيه أي قوانين أو تشريعات بتحمي الموظفين من التنمر أو التحرش اللي يجوز يتعرضوا له أثناء شغلهم؟ (هذه الصياغة أكثر عمومية وتتحدث عن الحماية بشكل أوسع).؟
5414	بصراحة، يا ترى فيه أي قوانين أو تشريعات بتحمي الموظفين من التنمر أو التحرش اللي ينفع يتعرضوا له أثناء شغلهم؟ (هذه الصياغة أكثر عمومية وتتحدث عن الحماية بشكل أوسع).؟
5415	لو سمحت، يا ترى فيه أي قوانين أو تشريعات بتحمي الموظفين من التنمر أو التحرش اللي مباح يتعرضوا له أثناء شغلهم؟ (هذه الصياغة أكثر عمومية وتتحدث عن الحماية بشكل أوسع).؟
5416	ممكن أعرف يا ترى فيه أي قوانين أو تشريعات بتحمي الموظفين من التنمر أو التحرش اللي ممكن يتعرضوا له أثناء شغلهم؟ (هذه الصياغة أكثر عمومية وتتحدث عن الحماية بشكل أوسع).؟
5417	"بصراحة كده، هل قانون العمل المصري فيه بند واضح وصريح بيجرم ويعاقب على التنمر والتحرش في أماكن الشغل؟ (هذه الصياغة أكثر مباشرة وتستخدم تعبيرات مثل ""بصراحة كده"")."
5418	"يعني بصراحة كده، هل قانون العمل المصري فيه بند واضح وصريح بيجرم ويعاقب على التنمر والتحرش في أماكن الشغل؟ (هذه الصياغة أكثر مباشرة وتستخدم تعبيرات مثل ""بصراحة كده"").؟"
5419	"طيب، بصفسحة كده، هل قانون العمل المصري فيه بند واضح وصريح بيجرم ويعاقب على التنمر والتحرش في أماكن الشغل؟ (هذه الصياغة أكثر مباشرة وتستخدم تعبيرات مثل ""بصراحة كده"").؟"
5420	"بصراحة، بصاستراحة كده، هل قانون الوظيفة المصري فيه بند واضح وصريح بيجرم ويعاقب على التنمر والتحرش في أماكن المؤسسة؟ (هذه الصياغة أكثر مباشرة وتستخدم تعبيرات مثل ""بصراحة كده"").؟"
5421	"لو سمحت، بصفسحة كده، هل قانون العمل المصري فيه بند واضح وصريح بيجرم ويعاقب على التنمر والتحرش في أماكن المؤسسة؟ (هذه الصياغة أكثر مباشرة وتستخدم تعبيرات مثل ""بصراحة كده"").؟"
5422	"ممكن أعرف بصاستراحة كده، هل قانون العمل المصري فيه بند واضح وصريح بيجرم ويعاقب على التنمر والتحرش في أماكن الشغل؟ (هذه الصياغة أكثر مباشرة وتستخدم تعبيرات مثل ""بصراحة كده"").؟"
5423	هل فيه أي مواد في القانون بتنص على تجريم أفعال زي التنمر أو التحرش اللي ممكن تحصل بين الزملاء أو من الرؤساء في الشغل؟ (هذه الصياغة تحدد أكثر من قد يكون المتنمر أو المتحرش - الزملاء أو الرؤساء).
5424	يعني هل فيه أي مواد في النظام بتنص على تجريم أفعال زي التنمر أو التحرش اللي ممكن تحصل بين الزملاء أو من الرؤساء في المؤسسة؟ (هذه الصياغة تحدد أكثر من قد يكون المتنمر أو المتحرش - الزملاء أو الرؤساء).؟
5425	طيب، هل فيه أي مواد في القانون بتنص على تجريم أفعال زي التنمر أو التحرش اللي يجوز تحصل بين الزملاء أو من الرؤساء في المؤسسة؟ (هذه الصياغة تحدد أكثر من قد يكون المتنمر أو المتحرش - الزملاء أو الرؤساء).؟
5426	بصراحة، هل فيه أي مواد في القانون بتنص على تجريم أفعال زي التنمر أو التحرش اللي ممكن تحصل بين الزملاء أو من الرؤساء في الشغل؟ (هذه الصياغة تحدد أكثر من قد يكون المتنمر أو المتحرش - الزملاء أو الرؤساء).؟
5427	لو سمحت، هل فيه أي مواد في القانون بتنص على تجريم أفعال زي التنمر أو التحرش اللي ممكن تحصل بين الزملاء أو من الرؤساء في الشغل؟ (هذه الصياغة تحدد أكثر من قد يكون المتنمر أو المتحرش - الزملاء أو الرؤساء).؟
5428	ممكن أعرف هل فيه أي مواد في القانون بتنص على تجريم أفعال زي التنمر أو التحرش اللي ممكن تحصل بين الزملاء أو من الرؤساء في الشغل؟ (هذه الصياغة تحدد أكثر من قد يكون المتنمر أو المتحرش - الزملاء أو الرؤساء).؟
5429	صاحب العمل ملزم يأخذ إجراءات لمنع التحرش وضمان سرية الشكوى؟
5430	يعني صاحب العمل ملزم يأخذ إجراءات لمنع التحرش وضمان سرية الشكوى؟
5431	طيب، صاحب العمل ملزم يأخذ إجراءات لمنع التحرش وضمان سرية الشكوى؟
5432	بصراحة، صاحب العمل ملزم يأخذ إجراءات لمنع التحرش وضمان سرية الشكوى؟
5433	لو سمحت، صاحب الشغل ملزم يأخذ إجراءات لمنع التحرش وضمان سرية الشكوى؟
5434	ممكن أعرف صاحب الشغل ملزم يأخذ إجراءات لمنع التحرش وضمان سرية الشكوى؟
5435	مين اللي مسؤول عن إنه يوفر بيئة شغل آمنة من التحرش ويحمي سرية أي حد يشتكي؟ قصدي، صاحب الشغل عليه واجب يعمل كده؟
5436	يعني مين اللي مسؤول عن إنه يوفر بيئة شغل آمنة من التحرش ويحمي سرية أي حد يشتكي؟ قصدي، صاحب الشركة عليه واجب يعمل كده؟
5437	طيب، مين اللي مسؤول عن إنه يوفر بيئة شغل آمنة من التحرش ويحمي سرية أي حد يشتكي؟ قصدي، صاحب الشغل عليه واجب يعمل كده؟
5438	بصراحة، مين اللي مسؤول عن إنه يوفر بيئة شغل آمنة من التحرش ويحمي سرية أي حد يشتكي؟ قصدي، صاحب الشغل عليه واجب يعمل كده؟
5439	لو سمحت، مين اللي مسؤول عن إنه يوفر بيئة شغل آمنة من التحرش ويحمي سرية أي حد يشتكي؟ قصدي، صاحب الشغل عليه واجب يعمل كده؟
5440	ممكن أعرف مين اللي مسؤول عن إنه يوفر بيئة شغل آمنة من التحرش ويحمي سرية أي حد يشتكي؟ قصدي، صاحب الشغل عليه واجب يعمل كده؟
5441	هل قانونًا صاحب الشغل مجبر إنه يعمل حاجات عشان التحرش ما يحصلش، ولو حصل، يضمن إن اللي اشتكى محدش يعرف مين هو؟
5442	يعني هل قانونًا صاحب الوظيفة مجبر إنه يعمل حاجات عشان التحرش ما يحصلش، ولو حصل، يضمن إن اللي اشتكى محدش يعرف مين هو؟
5443	طيب، هل قانونًا صاحب الشغل مجبر إنه يعمل حاجات عشان التحرش ما يحصلش، ولو حصل، يضمن إن اللي اشتكى محدش يعرف مين هو؟
5444	بصراحة، هل قانونًا صاحب الشغل مجبر إنه يعمل حاجات عشان التحرش ما يحصلش، ولو حصل، يجزء من إن اللي اشتكى محدش يعرف مين هو؟
5445	لو سمحت، هل قانونًا صاحب الشغل مجبر إنه يعمل حاجات عشان التحرش ما يحصلش، ولو حصل، يمن ضمن إن اللي اشتكى محدش يعرف مين هو؟
5446	ممكن أعرف هل قانونًا صاحب الشغل مجبر إنه يعمل حاجات عشان التحرش ما يحصلش، ولو حصل، يضمن إن اللي اشتكى محدش يعرف مين هو؟
5447	يعني قانون الشغل بيقول إيه؟ هل بيقول إن صاحب الشغل لازم يتصرف ويتخذ خطوات عشان يحمي الموظفين من التحرش ويحافظ على سرية اللي بيقدم بلاغ؟
5448	يعني قانون الشغل بيقول إيه؟ هل بيقول إن صاحب الشغل واجب يتصرف ويتخذ خطوات عشان يحمي الموظفين من التحرش ويحافظ على سرية اللي بيقدم بلاغ؟
5449	طيب، يعني قانون الوظيفة بيقول أي؟ هل بيقول إن صاحب الشغل ضروري يتصرف ويتخذ خطوات عشان يحمي الموظفين من التحرش ويحافظ على سرية اللي بيقدم بلاغ؟
5450	بصراحة، يعني قانون الشغل بيقول أي؟ هل بيقول إن صاحب الشغل لازم يتصرف ويتخذ خطوات عشان يحمي الموظفين من التحرش ويحافظ على سرية اللي بيقدم بلاغ؟
5451	لو سمحت، يعني قانون الشغل بيقول إيه؟ هل بيقول إن صاحب الشغل لازم يتصرف ويتخذ خطوات عشان يحمي الموظفين من التحرش ويحافظ على سرية اللي بيقدم بلاغ؟
5452	ممكن أعرف يعني قانون العمل بيقول ما هو؟ هل بيقول إن صاحب الشغل مفروض يتصرف ويتخذ خطوات عشان يحمي الموظفين من التحرش ويحافظ على سرية اللي بيقدم بلاغ؟
5453	بصراحة، صاحب الشغل ملزوم ولا لأ يعمل كل اللي يقدر عليه عشان يمنع التحرش في الشغل، ولو حد اشتكى ماحدش يعرف عنه حاجة؟
5454	يعني بصراحة، صاحب المؤسسة ملزوم ولا لأ يعمل كل اللي يقدر عليه عشان يمنع التحرش في الشغل، ولو حد اشتكى ماحدش يعرف عنه حاجة؟
5455	طيب، بصراحة، صاحب المؤسسة ملزوم ولا لأ يعمل كل اللي يقدر عليه عشان يمنع التحرش في الشغل، ولو حد اشتكى ماحدش يعرف عنه حاجة؟
5456	بصراحة، صاحب الشركة ملزوم ولا لأ يعمل كل اللي يقدر عليه عشان يمنع التحرش في الشغل، ولو حد اشتكى ماحدش يعرف عنه حاجة؟
5457	لو سمحت، بصراحة، صاحب الشغل ملزوم ولا لأ يعمل كل اللي يقدر عليه عشان يمنع التحرش في الشغل، ولو حد اشتكى ماحدش يعرف عنه حاجة؟
5458	ممكن أعرف بصراحة، صاحب الشغل ملزوم ولا لأ يعمل كل اللي يقدر عليه عشان يمنع التحرش في الشغل، ولو حد اشتكى ماحدش يعرف عنه حاجة؟
5459	هل صاحب الشغل في مصر عليه أي مسؤولية قانونية إنه يواجه التحرش في مكان الشغل، ويضمن إن اللي بيبلغ عن التحرش اسمه ما يظهرش؟
5460	يعني هل صاحب الشغل في مصر عليه أي مسؤولية قانونية إنه يواجه التحرش في مكان الشغل، ويضمن إن اللي بيبلغ عن التحرش اسمه ما يظهرش؟
5461	طيب، هل صاحب المؤسسة في مصر عليه أي مسؤولية قانونية إنه يواجه التحرش في مكان الشغل، ويضمن إن اللي بيبلغ عن التحرش اسمه ما يظهرش؟
5462	بصراحة، هل صاحب الشغل في مصر عليه أي مسؤولية قانونية إنه يواجه التحرش في مكان الشغل، ويجزء من إن اللي بيبلغ عن التحرش اسمه ما يظهرش؟
5463	لو سمحت، هل صاحب الشغل في مصر عليه أي مسؤولية قانونية إنه يواجه التحرش في مكان الشغل، ويضمن إن اللي بيبلغ عن التحرش اسمه ما يظهرش؟
5464	ممكن أعرف هل صاحب الشغل في مصر عليه أي مسؤولية قانونية إنه يواجه التحرش في مكان الشغل، ويضمن إن اللي بيبلغ عن التحرش اسمه ما يظهرش؟
5465	القانون الجديد يضمن المساواة في الأجر بين الموظفين نفس العمل (رجالة وستات)؟
5466	يعني القانون الجديد يضمن المساواة في الأجر بين الموظفين نفس الشغل (رجالة وستات)؟
5467	طيب، القانون الجديد يفي المساواة في الأجر بين الموظفين نفس الوظيفة (رجالة وستات)؟
5468	بصراحة، النظام الجديد يضمن المساواة في الأجر بين الموظفين نفس الوظيفة (رجالة وستات)؟
5469	لو سمحت، التشريع الجديد يضمن المساواة في الأجر بين الموظفين نفس المؤسسة (رجالة وستات)؟
5470	ممكن أعرف الشرع الجديد يضمن المساواة في الأجر بين الموظفين نفس العمل (رجالة وستات)؟
5471	يعني القانون الجديد بيقول إن الراجل والست اللي بيشتغلوا نفس الشغلانة هياخدوا نفس المرتب بالظبط؟ (تغيير كبير في التركيب واستخدام كلمات عامية أكثر)
5472	يعني القانون الجديد بيقول إن الراجل والست اللي بيشتغلوا نفس الشغلانة هياخدوا نفس المرتب بالظبط؟ (تغيير كبير في التركيب واستخدام كلمات عامية أكثر)؟
5473	طيب، يعني القانون الجديد بيقول إن الراجل والست اللي بيشتغلوا نفس الشغلانة هياخدوا نفس المرتب بالظبط؟ (تغيير كبير في التركيب واستخدام كلمات عامية أكثر)؟
5474	بصراحة، يعني القانون الجديد بيقول إن الراجل والست اللي بيشتغلوا نفس الوظيفةانة هيستحقوا نفس المرتب بالظبط؟ (تغيير كبير في التركيب واستخدام كلمات عامية أكثر)؟
5475	لو سمحت، يعني القانون الجديد بيقول إن الراجل والست اللي بيشتغلوا نفس الوظيفةانة هيحصل علىوا نفس المرتب بالظبط؟ (تغيير كبير في التركيب واستخدام كلمات عامية أكثر)؟
5476	ممكن أعرف يعني القانون الجديد بيقول إن الراجل والست اللي بيشتغلوا نفس المؤسسةانة هياخدوا نفس المرتب بالظبط؟ (تغيير كبير في التركيب واستخدام كلمات عامية أكثر)؟
5477	"القانون الجديد ده بيأكد إن مفيش فرق في المرتب بين الرجالة والستات لو بيعملوا نفس الوظيفة؟ (تأكيد على نفي التفرقة واستخدام كلمة ""وظيفة"" بدل ""عمل"")"
5478	"يعني القانون الجديد ده بيأكد إن مفيش فرق في المرتب بين الرجالة والستات لو بيعملوا نفس الوظيفة؟ (تأكيد على نفي التفرقة واستخدام كلمة ""وظيفة"" بدل ""عمل"")؟"
5479	"طيب، النظام الجديد ده بيأكد إن مفيش فرق في المرتب بين الرجالة والستات لو بيعملوا نفس الوظيفة؟ (تأكيد على نفي التفرقة واستخدام كلمة ""وظيفة"" بدل ""عمل"")؟"
5480	"بصراحة، القانون الجديد ده بيأكد إن مفيش فرق في المرتب بين الرجالة والستات لو بيعملوا نفس الوظيفة؟ (تأكيد على نفي التفرقة واستخدام كلمة ""وظيفة"" بدل ""عمل"")؟"
5481	"لو سمحت، النظام الجديد ده بيأكد إن مفيش فرق في المرتب بين الرجالة والستات لو بيعملوا نفس الوظيفة؟ (تأكيد على نفي التفرقة واستخدام كلمة ""وظيفة"" بدل ""عمل"")؟"
5482	"ممكن أعرف القانون الجديد ده بيأكد إن مفيش فرق في المرتب بين الرجالة والستات لو بيعملوا نفس الوظيفة؟ (تأكيد على نفي التفرقة واستخدام كلمة ""وظيفة"" بدل ""عمل"")؟"
5483	"هو القانون الجديد بيضمن إن الست تاخد زي الراجل بالملي لو بيشتغلوا نفس الشغل؟ ولا فيه لسه لعب؟ (إضافة عنصر الشك والتحقق وكلمة ""بالملي"" للتأكيد)"
5484	"يعني هو النظام الجديد بيفي إن الست تاخد زي الراجل بالملي لو بيشتغلوا نفس الشركة؟ ولا فيه لسه لعب؟ (إضافة عنصر الشك والتحقق وكلمة ""بالملي"" للتأكيد)؟"
5485	"طيب، هو الشرع الجديد بيضمن إن الست تاخد زي الراجل بالملي لو بيشتغلوا نفس الشغل؟ ولا فيه لسه لعب؟ (إضافة عنصر الشك والتحقق وكلمة ""بالملي"" للتأكيد)؟"
5486	"بصراحة، هو التشريع الجديد بيضمن إن الست تاخد زي الراجل بالملي لو بيشتغلوا نفس الشغل؟ ولا فيه لسه لعب؟ (إضافة عنصر الشك والتحقق وكلمة ""بالملي"" للتأكيد)؟"
5487	"لو سمحت، هو القانون الجديد بيضمن إن الست تاخد زي الراجل بالملي لو بيشتغلوا نفس الشغل؟ ولا فيه لسه لعب؟ (إضافة عنصر الشك والتحقق وكلمة ""بالملي"" للتأكيد)؟"
5488	"ممكن أعرف هو القانون الجديد بيضمن إن الست تاخد زي الراجل بالملي لو بيشتغلوا نفس الشغل؟ ولا فيه لسه لعب؟ (إضافة عنصر الشك والتحقق وكلمة ""بالملي"" للتأكيد)؟"
5489	"بالبلدي كده، القانون الجديد هيخلي مرتبات الرجالة والستات تبقى زي بعض بالظبط طالما بيشتغلوا نفس الشغلانة؟ (استخدام تعبير ""بالبلدي كده"" لتوضيح الرغبة في فهم مبسط)"
5490	"يعني بالبلدي كده، القانون الجديد هيخلي مرتبات الرجالة والستات تبقى زي بعض بالظبط طالما بيشتغلوا نفس الشغلانة؟ (استخدام تعبير ""بالبلدي كده"" لتوضيح الرغبة في فهم مبسط)؟"
5491	"طيب، بالبلدي كده، القانون الجديد هيخلي مرتبات الرجالة والستات تبقى زي بعض بالظبط طالما بيشتغلوا نفس العملانة؟ (استخدام تعبير ""بالبلدي كده"" لتوضيح الرغبة في فهم مبسط)؟"
5492	"بصراحة، بالبلدي كده، القانون الجديد هيخلي مرتبات الرجالة والستات تبقى زي بعض بالظبط طالما بيشتغلوا نفس الشغلانة؟ (استخدام تعبير ""بالبلدي كده"" لتوضيح الرغبة في فهم مبسط)؟"
5493	"لو سمحت، بالبلدي كده، القانون الجديد هيخلي مرتبات الرجالة والستات تبقى زي بعض بالظبط طالما بيشتغلوا نفس الشغلانة؟ (استخدام تعبير ""بالبلدي كده"" لتوضيح الرغبة في فهم مبسط)؟"
5494	"ممكن أعرف بالبلدي كده، النظام الجديد هيخلي مرتبات الرجالة والستات تبقى زي بعض بالظبط طالما بيشتغلوا نفس الشغلانة؟ (استخدام تعبير ""بالبلدي كده"" لتوضيح الرغبة في فهم مبسط)؟"
5495	هو القانون الجديد ده هيقضي على التمييز في المرتبات بين الرجالة والستات اللي بيشتغلوا نفس الشغل؟ (التركيز على القضاء على التمييز كهدف للقانون)
5496	يعني هو الشرع الجديد ده هيقضي على التمييز في المرتبات بين الرجالة والستات اللي بيشتغلوا نفس الشغل؟ (التركيز على القضاء على التمييز كهدف للقانون)؟
5497	طيب، هو القانون الجديد ده هيقضي على التمييز في المرتبات بين الرجالة والستات اللي بيشتغلوا نفس الشغل؟ (التركيز على القضاء على التمييز كهدف للقانون)؟
5498	بصراحة، هو النظام الجديد ده هيقضي على التمييز في المرتبات بين الرجالة والستات اللي بيشتغلوا نفس الشغل؟ (التركيز على القضاء على التمييز كهدف للقانون)؟
5499	لو سمحت، هو القانون الجديد ده هيقضي على التمييز في المرتبات بين الرجالة والستات اللي بيشتغلوا نفس الشغل؟ (التركيز على القضاء على التمييز كهدف للقانون)؟
5500	ممكن أعرف هو القانون الجديد ده هيقضي على التمييز في المرتبات بين الرجالة والستات اللي بيشتغلوا نفس الشغل؟ (التركيز على القضاء على التمييز كهدف للقانون)؟
5501	إذا حصل انتهاك للحقوق في مكان الشغل، نقدر نشتكي فين؟ (وزارة القوى العاملة أو المحكمة)
5502	يعني إذا حصل انتهاك للحقوق في مكان الشغل، نقدر نشتكي فين؟ (وزارة القوى العاملة أو المحكمة)؟
5503	طيب، إذا حصل انتهاك للحقوق في مكان الشغل، نقدر نشتكي فين؟ (وزارة القوى العاملة أو المحكمة)؟
5504	بصراحة، إذا حصل انتهاك للحقوق في مكان الشغل، نقدر نشتكي فين؟ (وزارة القوى العاملة أو المحكمة)؟
5505	لو سمحت، إذا حصل انتهاك للحقوق في مكان الشغل، نقدر نشتكي فين؟ (وزارة القوى العاملة أو المحكمة)؟
5506	ممكن أعرف إذا حصل انتهاك للحقوق في مكان الشغل، نقدر نشتكي فين؟ (وزارة القوى العاملة أو المحكمة)؟
5507	لو الواحد اتظلم في شغله، يروح يرفع شكواه لمين؟ لوزارة القوى العاملة ولا المحكمة؟
5508	يعني لو الواحد اتظلم في شغله، يروح يرفع شكواه لمين؟ لوزارة القوى العاملة ولا المحكمة؟
5509	طيب، لو الواحد اتظلم في شغله، يروح يرفع شكواه لمين؟ لوزارة القوى العاملة ولا المحكمة؟
5510	بصراحة، لو الواحد اتظلم في شغله، يروح يرفع شكواه لمين؟ لوزارة القوى العاملة ولا المحكمة؟
5511	لو سمحت، لو الواحد اتظلم في شغله، يروح يرفع شكواه لمين؟ لوزارة القوى العاملة ولا المحكمة؟
5512	ممكن أعرف لو الواحد اتظلم في شغله، يروح يرفع شكواه لمين؟ لوزارة القوى العاملة ولا المحكمة؟
5513	في حالة حقوقك مضاعت في الشغل، إيه الجهة اللي ممكن الواحد يلجأ ليها؟ وزارة العمل ولا القضاء؟
5514	يعني في حالة حقوقك مضاعت في الشغل، أي الجهة اللي يمكن الواحد يلجأ ليها؟ وزارة الدوام ولا القضاء؟
5515	طيب، في حالة حقوقك مضاعت في الشغل، ما هو الجهة اللي ممكن الواحد يلجأ ليها؟ وزارة العمل ولا القضاء؟
5516	بصراحة، في حالة حقوقك مضاعت في الشغل، إيه الجهة اللي ممكن الواحد يلجأ ليها؟ وزارة العمل ولا القضاء؟
5517	لو سمحت، في حالة حقوقك مضاعت في الشغل، إيه الجهة اللي ممكن الواحد يلجأ ليها؟ وزارة العمل ولا القضاء؟
5518	ممكن أعرف في حالة حقوقك مضاعت في الشغل، إيه الجهة اللي مسموح الواحد يلجأ ليها؟ وزارة الشغل ولا القضاء؟
5519	لو صاحب الشغل داس على حقوقك، فين المكان الصح اللي تقدم فيه تظلمك؟ القوى العاملة ولا المحكمة؟
5520	يعني لو صاحب الشغل داس على حقوقك، فين المكان الصح اللي تقدم فيه تظلمك؟ القوى العاملة ولا المحكمة؟
5521	طيب، لو صاحب الوظيفة داس على حقوقك، فين المكان الصح اللي تقدم فيه تظلمك؟ القوى العاملة ولا المحكمة؟
5522	بصراحة، لو صاحب الشغل داس على حقوقك، فين المكان الصح اللي تقدم فيه تظلمك؟ القوى العاملة ولا المحكمة؟
5523	لو سمحت، لو صاحب الوظيفة داس على حقوقك، فين المكان الصح اللي تقدم فيه تظلمك؟ القوى العاملة ولا المحكمة؟
5524	ممكن أعرف لو صاحب الشغل داس على حقوقك، فين المكان الصح اللي تقدم فيه تظلمك؟ القوى العاملة ولا المحكمة؟
5525	لو حصلت مشكلة في الشغل ومحقوقك اتاكلت، تروح تشتكي فين؟ وزارة القوى العاملة ولا المحاكم؟
5526	يعني لو حصلت مشكلة في الشغل ومحقوقك اتاكلت، تروح تشتكي فين؟ وزارة القوى العاملة ولا المحاكم؟
5527	طيب، لو حصلت مشكلة في الشركة ومحقوقك اتاكلت، تروح تشتكي فين؟ وزارة القوى العاملة ولا المحاكم؟
5528	بصراحة، لو حصلت مشكلة في الشغل ومحقوقك اتاكلت، تروح تشتكي فين؟ وزارة القوى العاملة ولا المحاكم؟
5529	لو سمحت، لو حصلت مشكلة في الشغل ومحقوقك اتاكلت، تروح تشتكي فين؟ وزارة القوى العاملة ولا المحاكم؟
5530	ممكن أعرف لو حصلت مشكلة في الشغل ومحقوقك اتاكلت، تروح تشتكي فين؟ وزارة القوى العاملة ولا المحاكم؟
5531	لما حقوق العامل تتهدر في مكان شغله، المفروض يتوجه بشكواه فين؟ لوزارة العمل ولا المحكمة المختصة؟
5532	يعني لما حقوق العامل تتهدر في مكان شغله، المفروض يتوجه بشكواه فين؟ لوزارة الشركة ولا المحكمة المختصة؟
5533	طيب، لما حقوق العامل تتهدر في مكان شغله، المفروض يتوجه بشكواه فين؟ لوزارة العمل ولا المحكمة المختصة؟
5534	بصراحة، لما حقوق العامل تتهدر في مكان شغله، المفروض يتوجه بشكواه فين؟ لوزارة العمل ولا المحكمة المختصة؟
5535	لو سمحت، لما حقوق العامل تتهدر في مكان شغله، المفروض يتوجه بشكواه فين؟ لوزارة العمل ولا المحكمة المختصة؟
5536	ممكن أعرف لما حقوق العامل تتهدر في مكان شغله، المفروض يتوجه بشكواه فين؟ لوزارة الشغل ولا المحكمة المختصة؟
